{"parent":"block/block","elements":[{"from":[0.0,0.0,0.0],"to":[16.0,16.0,16.0],"faces":{"down":{"texture":"#bottom","cullface":"down"},"up":{"texture":"#top","cullface":"up"},"north":{"texture":"#side","cullface":"north"},"south":{"texture":"#side","cullface":"south"},"west":{"texture":"#side","cullface":"west"},"east":{"texture":"#side","cullface":"east"}}},{"from":[0.0,0.0,0.0],"to":[16.0,16.0,16.0],"faces":{"north":{"texture":"#overlay","cullface":"north","tintindex":0},"south":{"texture":"#overlay","cullface":"south","tintindex":0},"west":{"texture":"#overlay","cullface":"west","tintindex":0},"east":{"texture":"#overlay","cullface":"east","tintindex":0}}}],"textures":{"particle":"block/dirt","bottom":"block/dirt","top":"block/grass_block/grass_block_top_4b","side":"block/grass_block/grass_block_side","overlay":"block/grass_block/grass_block_side_overlay"}}