{"parent":"block/block","elements":[{"from":[0.0,0.0,0.0],"to":[16.0,16.0,16.0],"faces":{"north":{"texture":"#side","cullface":"north"},"east":{"texture":"#side","cullface":"east"},"south":{"texture":"#side","cullface":"south"},"west":{"texture":"#side","cullface":"west"},"up":{"texture":"#top","cullface":"up"},"down":{"texture":"#bottom","cullface":"down"}}},{"from":[0.0,0.0,0.0],"to":[16.0,16.0,16.0],"faces":{"north":{"texture":"#overlay","cullface":"north","tintindex":0},"east":{"texture":"#overlay","cullface":"east","tintindex":0},"south":{"texture":"#overlay","cullface":"south","tintindex":0},"west":{"texture":"#overlay","cullface":"west","tintindex":0}}},{"from":[3.0,16.0,4.0],"to":[8.0,18.0,9.0],"rotation":{"origin":[3.5,17.5,4.5],"axis":"y","angle":22.5},"shade":false,"faces":{"north":{"uv":[6.0,1.0,11.0,3.0],"texture":"#4"},"east":{"uv":[5.0,9.0,10.0,11.0],"texture":"#4","rotation":180},"south":{"uv":[5.0,3.0,10.0,5.0],"texture":"#4"},"west":{"uv":[2.0,8.0,7.0,10.0],"texture":"#4"},"up":{"uv":[9.0,7.0,14.0,12.0],"texture":"#4","rotation":90},"down":{"uv":[2.0,9.0,7.0,14.0],"texture":"#4"}}},{"from":[8.0,16.0,9.0],"to":[11.0,17.0,12.0],"rotation":{"origin":[11.5,16.5,11.5],"axis":"y","angle":45.0},"shade":false,"faces":{"north":{"uv":[8.0,7.0,11.0,8.0],"texture":"#4"},"east":{"uv":[4.0,2.0,7.0,3.0],"texture":"#4"},"south":{"uv":[11.0,8.0,14.0,9.0],"texture":"#4"},"west":{"uv":[7.0,10.0,10.0,11.0],"texture":"#4"},"up":{"uv":[2.0,1.0,5.0,4.0],"texture":"#4"},"down":{"uv":[10.0,6.0,13.0,9.0],"texture":"#4"}}}],"textures":{"particle":"block/dirt","4":"block/packed_ice","bottom":"block/dirt","top":"block/grass_block/grass_block_top_1","side":"block/grass_block/grass_block_side","overlay":"block/grass_block/grass_block_side_overlay"}}