{"parent":"block/block","display":{"thirdperson_righthand":{"rotation":[75.0,45.0,0.0],"translation":[0.0,2.5,0.0],"scale":[0.375,0.375,0.375]},"thirdperson_lefthand":{"rotation":[75.0,45.0,0.0],"translation":[0.0,2.5,0.0],"scale":[0.375,0.375,0.375]},"firstperson_righthand":{"rotation":[0.0,45.0,0.0],"scale":[0.4,0.4,0.4]},"firstperson_lefthand":{"rotation":[0.0,225.0,0.0],"scale":[0.4,0.4,0.4]},"ground":{"translation":[0.0,3.0,0.0],"scale":[0.25,0.25,0.25]},"gui":{"rotation":[30.0,225.0,0.0],"scale":[0.625,0.625,0.625]},"fixed":{"scale":[0.5,0.5,0.5]}},"elements":[{"from":[0.0,0.0,0.0],"to":[16.0,16.0,16.0],"faces":{"north":{"texture":"#1","cullface":"north","tintindex":0},"east":{"texture":"#1","cullface":"east","tintindex":0},"south":{"texture":"#1","cullface":"south","tintindex":0},"west":{"texture":"#1","cullface":"west","tintindex":0},"up":{"texture":"#1","cullface":"up","tintindex":0},"down":{"texture":"#1","cullface":"down","tintindex":0}}},{"from":[7.92929,-8.0,0.07071],"to":[7.92929,0.0,16.07071],"rotation":{"origin":[8.0,8.0,8.0],"axis":"y","angle":45.0,"rescale":true},"shade":false,"faces":{"east":{"uv":[0.0,0.0,16.0,8.0],"texture":"#3","cullface":"down","tintindex":1},"west":{"uv":[0.0,0.0,16.0,8.0],"texture":"#3","cullface":"down","tintindex":1}}},{"from":[8.0,0.0,-8.0],"to":[8.0,16.0,0.0],"rotation":{"origin":[8.0,8.0,8.0],"axis":"z","angle":45.0,"rescale":true},"shade":false,"faces":{"east":{"uv":[0.0,0.0,16.0,8.0],"texture":"#0","cullface":"north","rotation":270,"tintindex":1},"west":{"uv":[0.0,0.0,16.0,8.0],"texture":"#0","cullface":"north","rotation":90,"tintindex":1}}},{"from":[16.0,0.0,8.0],"to":[24.0,16.0,8.0],"rotation":{"origin":[8.0,8.0,8.0],"axis":"x","angle":-45.0,"rescale":true},"shade":false,"faces":{"north":{"uv":[0.0,0.0,16.0,8.0],"texture":"#3","cullface":"east","rotation":90,"tintindex":1},"south":{"uv":[0.0,0.0,16.0,8.0],"texture":"#3","cullface":"east","rotation":270,"tintindex":1}}},{"from":[7.92929,16.0,0.07071],"to":[7.92929,24.0,16.07071],"rotation":{"origin":[8.0,8.0,8.0],"axis":"y","angle":45.0,"rescale":true},"shade":false,"faces":{"east":{"uv":[0.0,0.0,16.0,8.0],"texture":"#0","cullface":"up","rotation":180,"tintindex":1},"west":{"uv":[0.0,0.0,16.0,8.0],"texture":"#0","cullface":"up","rotation":180,"tintindex":1}}},{"from":[8.0,0.0,16.0],"to":[8.0,16.0,24.0],"rotation":{"origin":[8.0,8.0,8.0],"axis":"z","angle":45.0,"rescale":true},"shade":false,"faces":{"east":{"uv":[0.0,0.0,16.0,8.0],"texture":"#0","cullface":"south","rotation":90,"tintindex":1},"west":{"uv":[0.0,0.0,16.0,8.0],"texture":"#0","cullface":"south","rotation":270,"tintindex":1}}},{"from":[-8.0,0.0,8.0],"to":[0.0,16.0,8.0],"rotation":{"origin":[8.0,8.0,8.0],"axis":"x","angle":-45.0,"rescale":true},"shade":false,"faces":{"north":{"uv":[0.0,0.0,16.0,8.0],"texture":"#3","cullface":"west","rotation":270,"tintindex":1},"south":{"uv":[0.0,0.0,16.0,8.0],"texture":"#3","cullface":"west","rotation":90,"tintindex":1}}},{"from":[8.07071,-8.0,0.07071],"to":[8.07071,0.0,16.07071],"rotation":{"origin":[8.0,8.0,8.0],"axis":"y","angle":-45.0,"rescale":true},"shade":false,"faces":{"east":{"uv":[0.0,0.0,16.0,8.0],"texture":"#3","cullface":"down","tintindex":1},"west":{"uv":[0.0,0.0,16.0,8.0],"texture":"#3","cullface":"down","tintindex":1}}},{"from":[8.0,0.0,-8.0],"to":[8.0,16.0,0.0],"rotation":{"origin":[8.0,8.0,8.0],"axis":"z","angle":-45.0,"rescale":true},"shade":false,"faces":{"east":{"uv":[0.0,0.0,16.0,8.0],"texture":"#0","cullface":"north","rotation":270,"tintindex":1},"west":{"uv":[0.0,0.0,16.0,8.0],"texture":"#0","cullface":"north","rotation":90,"tintindex":1}}},{"from":[16.0,0.0,8.0],"to":[24.0,16.0,8.0],"rotation":{"origin":[8.0,8.0,8.0],"axis":"x","angle":45.0,"rescale":true},"shade":false,"faces":{"north":{"uv":[0.0,0.0,16.0,8.0],"texture":"#3","cullface":"east","rotation":90,"tintindex":1},"south":{"uv":[0.0,0.0,16.0,8.0],"texture":"#3","cullface":"east","rotation":270,"tintindex":1}}},{"from":[8.07071,16.0,0.07071],"to":[8.07071,24.0,16.07071],"rotation":{"origin":[8.0,8.0,8.0],"axis":"y","angle":-45.0,"rescale":true},"shade":false,"faces":{"east":{"uv":[0.0,0.0,16.0,8.0],"texture":"#0","cullface":"up","rotation":180,"tintindex":1},"west":{"uv":[0.0,0.0,16.0,8.0],"texture":"#0","cullface":"up","rotation":180,"tintindex":1}}},{"from":[8.0,0.0,16.0],"to":[8.0,16.0,24.0],"rotation":{"origin":[8.0,8.0,8.0],"axis":"z","angle":-45.0,"rescale":true},"shade":false,"faces":{"east":{"uv":[0.0,0.0,16.0,8.0],"texture":"#0","cullface":"south","rotation":90,"tintindex":1},"west":{"uv":[0.0,0.0,16.0,8.0],"texture":"#0","cullface":"south","rotation":270,"tintindex":1}}},{"from":[-8.0,0.0,8.0],"to":[0.0,16.0,8.0],"rotation":{"origin":[8.0,8.0,8.0],"axis":"x","angle":45.0,"rescale":true},"shade":false,"faces":{"north":{"uv":[0.0,0.0,16.0,8.0],"texture":"#3","cullface":"west","rotation":270,"tintindex":1},"south":{"uv":[0.0,0.0,16.0,8.0],"texture":"#3","cullface":"west","rotation":90,"tintindex":1}}}],"textures":{"0":"block/jungle_leaves_bush1","1":"block/jungle_leaves","3":"block/jungle_leaves_bush1_dark"}}