{"parent":"item/player_head","display":{"thirdperson_righthand":{"rotation":[45.0,45.0,0.0],"translation":[0.0,3.0,0.0],"scale":[0.5,0.5,0.5]},"thirdperson_lefthand":{"rotation":[45.0,45.0,0.0],"translation":[0.0,3.0,0.0],"scale":[0.5,0.5,0.5]},"firstperson_lefthand":{"rotation":[70.0,180.0,0.0],"translation":[-6.0,3.0,29.5],"scale":[0.0,0.0,0.0]},"ground":{"translation":[0.0,3.0,0.0],"scale":[0.5,0.5,0.5]},"gui":{"translation":[17.0,3.0,0.0],"scale":[4.0,4.0,4.0]},"fixed":{"rotation":[0.0,180.0,0.0],"translation":[0.0,4.0,0.0]}}}