{
	"credit": "Made by PolygonMC",
	"textures": {
		"1": "merry_christmasset/crossbow_2",
		"2": "merry_christmasset/detail"
	},
	"elements": [
		{
			"from": [7.5, 6.8, 9.3],
			"to": [8.5, 7.8, 13.3],
			"rotation": {"angle": 22.5, "axis": "x", "origin": [8, 7.3, 11.75]},
			"faces": {
				"east": {"uv": [10, 2.5, 12, 3], "texture": "#1"},
				"west": {"uv": [10, 3, 12, 3.5], "texture": "#1"},
				"up": {"uv": [4, 7, 3.5, 5], "texture": "#1"},
				"down": {"uv": [4, 10, 3.5, 12], "texture": "#1"}
			}
		},
		{
			"from": [7.25, 4.64081, 12.90919],
			"to": [8.75, 6.14081, 14.40919],
			"rotation": {"angle": -22.5, "axis": "x", "origin": [8, 7.3, 11.75]},
			"faces": {
				"north": {"uv": [7, 11, 7.75, 11.75], "texture": "#1"},
				"east": {"uv": [8, 11, 8.75, 11.75], "texture": "#1"},
				"south": {"uv": [11, 8.5, 11.75, 9.25], "texture": "#1"},
				"west": {"uv": [11, 9.5, 11.75, 10.25], "texture": "#1"},
				"up": {"uv": [11.25, 11.75, 10.5, 11], "texture": "#1"},
				"down": {"uv": [2.25, 11.5, 1.5, 12.25], "texture": "#1"}
			}
		},
		{
			"from": [7.3, 6.6, 13.3],
			"to": [8.7, 8, 13.8],
			"rotation": {"angle": 22.5, "axis": "x", "origin": [8, 7.3, 11.75]},
			"faces": {
				"north": {"uv": [2.5, 11.5, 3.25, 12.25], "texture": "#1"},
				"east": {"uv": [12, 12, 12.25, 12.75], "texture": "#1"},
				"south": {"uv": [4, 11.5, 4.75, 12.25], "texture": "#1"},
				"west": {"uv": [1, 12.5, 1.25, 13.25], "texture": "#1"},
				"up": {"uv": [2.25, 12.75, 1.5, 12.5], "texture": "#1"},
				"down": {"uv": [3.25, 12.5, 2.5, 12.75], "texture": "#1"}
			}
		},
		{
			"from": [7.3, 6.6, 8.8],
			"to": [8.7, 8, 9.3],
			"rotation": {"angle": 22.5, "axis": "x", "origin": [8, 7.3, 11.75]},
			"faces": {
				"north": {"uv": [11.5, 11, 12.25, 11.75], "texture": "#1"},
				"east": {"uv": [5.5, 12.5, 5.75, 13.25], "texture": "#1"},
				"south": {"uv": [0, 12, 0.75, 12.75], "texture": "#1"},
				"west": {"uv": [12.5, 5.5, 12.75, 6.25], "texture": "#1"},
				"up": {"uv": [6.75, 12.75, 6, 12.5], "texture": "#1"},
				"down": {"uv": [13.25, 6.5, 12.5, 6.75], "texture": "#1"}
			}
		},
		{
			"from": [6.5, 7.25, 10.75],
			"to": [9.5, 9.75, 13.75],
			"rotation": {"angle": 22.5, "axis": "x", "origin": [8, 10.75, 12.25]},
			"faces": {
				"north": {"uv": [6.5, 7, 8, 8.25], "texture": "#1"},
				"east": {"uv": [7.5, 1.5, 9, 2.75], "texture": "#1"},
				"south": {"uv": [7.5, 5.5, 9, 6.75], "texture": "#1"},
				"west": {"uv": [8, 7, 9.5, 8.25], "texture": "#1"},
				"down": {"uv": [3, 7, 1.5, 8.5], "texture": "#1"}
			}
		},
		{
			"from": [6.25, 9.75, 10.5],
			"to": [9.75, 10.75, 14],
			"rotation": {"angle": 22.5, "axis": "x", "origin": [8, 10.75, 12.25]},
			"faces": {
				"north": {"uv": [10.5, 10.5, 12.25, 11], "texture": "#1"},
				"east": {"uv": [11, 0, 12.75, 0.5], "texture": "#1"},
				"south": {"uv": [11, 0.5, 12.75, 1], "texture": "#1"},
				"west": {"uv": [11, 1, 12.75, 1.5], "texture": "#1"},
				"up": {"uv": [3.25, 6.75, 1.5, 5], "texture": "#1"},
				"down": {"uv": [7.25, 1.5, 5.5, 3.25], "texture": "#1"}
			}
		},
		{
			"from": [11.05, 10.65, 2.875],
			"to": [12.05, 11.65, 3.875],
			"rotation": {"angle": -45, "axis": "y", "origin": [12.175, 10.975, 4]},
			"faces": {
				"north": {"uv": [6, 11.5, 5.5, 11], "rotation": 90, "texture": "#1"},
				"east": {"uv": [6, 9.5, 6.5, 9], "rotation": 90, "texture": "#1"},
				"south": {"uv": [10.5, 5.5, 10, 6], "rotation": 90, "texture": "#1"},
				"west": {"uv": [2.5, 9, 3, 8.5], "rotation": 270, "texture": "#1"},
				"up": {"uv": [10, 1, 9.5, 1.5], "rotation": 180, "texture": "#1"},
				"down": {"uv": [9, 3, 8.5, 3.5], "texture": "#1"}
			}
		},
		{
			"from": [11.44268, 10.55, 3.23232],
			"to": [12.94268, 11.05, 4.73232],
			"rotation": {"angle": 0, "axis": "y", "origin": [12.175, 10.975, 4]},
			"faces": {
				"north": {"uv": [5.25, 13.25, 5, 12.5], "rotation": 90, "texture": "#1"},
				"east": {"uv": [4.5, 13.25, 4.75, 12.5], "rotation": 90, "texture": "#1"},
				"south": {"uv": [12.75, 4.5, 12.5, 5.25], "rotation": 90, "texture": "#1"},
				"west": {"uv": [4, 13.25, 4.25, 12.5], "rotation": 270, "texture": "#1"},
				"up": {"uv": [12.25, 5.5, 11.5, 6.25], "rotation": 180, "texture": "#1"},
				"down": {"uv": [6.25, 11.5, 5.5, 12.25], "texture": "#1"}
			}
		},
		{
			"from": [12.3, 10.65, 2.875],
			"to": [13.3, 11.65, 3.875],
			"rotation": {"angle": -45, "axis": "y", "origin": [12.175, 10.975, 4]},
			"faces": {
				"north": {"uv": [9, 12.5, 8.5, 12], "rotation": 90, "texture": "#1"},
				"east": {"uv": [12, 8, 12.5, 7.5], "rotation": 90, "texture": "#1"},
				"south": {"uv": [12.5, 8, 12, 8.5], "rotation": 90, "texture": "#1"},
				"west": {"uv": [7, 12.5, 7.5, 12], "rotation": 270, "texture": "#1"},
				"up": {"uv": [8.5, 12, 8, 12.5], "rotation": 180, "texture": "#1"},
				"down": {"uv": [8, 12, 7.5, 12.5], "texture": "#1"}
			}
		},
		{
			"from": [11.675, 10.65, 4.125],
			"to": [12.675, 11.65, 5.125],
			"rotation": {"angle": -45, "axis": "y", "origin": [12.175, 10.975, 4]},
			"faces": {
				"north": {"uv": [11.5, 12.5, 11, 12], "rotation": 90, "texture": "#1"},
				"east": {"uv": [12, 10, 12.5, 9.5], "rotation": 90, "texture": "#1"},
				"south": {"uv": [11, 12, 10.5, 12.5], "rotation": 90, "texture": "#1"},
				"west": {"uv": [12, 9, 12.5, 8.5], "rotation": 270, "texture": "#1"},
				"up": {"uv": [12.5, 10, 12, 10.5], "rotation": 180, "texture": "#1"},
				"down": {"uv": [12.5, 9, 12, 9.5], "texture": "#1"}
			}
		},
		{
			"from": [10.75082, 10.98256, -0.04905],
			"to": [13.25082, 11.01256, 3.95095],
			"rotation": {"angle": 22.5, "axis": "y", "origin": [11.85178, 10.99756, 4.35]},
			"faces": {
				"up": {"uv": [5.5, 6.75, 7.5, 5.5], "rotation": 90, "texture": "#1"},
				"down": {"uv": [7.5, 6.75, 5.5, 5.5], "rotation": 90, "texture": "#1"}
			}
		},
		{
			"from": [12.25083, 10.98256, 2.95095],
			"to": [16.25083, 11.01256, 5.45095],
			"rotation": {"angle": 22.5, "axis": "y", "origin": [11.85178, 10.99756, 4.35]},
			"faces": {
				"up": {"uv": [5.5, 5.5, 7.5, 6.75], "rotation": 180, "texture": "#1"},
				"down": {"uv": [7.5, 5.5, 5.5, 6.75], "texture": "#1"}
			}
		},
		{
			"from": [10.77856, 10.98256, 4.15178],
			"to": [13.27856, 11.01256, 8.15178],
			"rotation": {"angle": -22.5, "axis": "y", "origin": [11.85178, 10.99756, 4.35]},
			"faces": {
				"up": {"uv": [7.5, 6.75, 5.5, 5.5], "rotation": 90, "texture": "#1"},
				"down": {"uv": [5.5, 6.75, 7.5, 5.5], "rotation": 90, "texture": "#1"}
			}
		},
		{
			"from": [3.95, 10.65, 2.875],
			"to": [4.95, 11.65, 3.875],
			"rotation": {"angle": 45, "axis": "y", "origin": [3.825, 10.975, 4]},
			"faces": {
				"north": {"uv": [6, 11, 5.5, 11.5], "rotation": 90, "texture": "#1"},
				"east": {"uv": [2.5, 8.5, 3, 9], "rotation": 270, "texture": "#1"},
				"south": {"uv": [10.5, 6, 10, 5.5], "rotation": 90, "texture": "#1"},
				"west": {"uv": [6, 9, 6.5, 9.5], "rotation": 90, "texture": "#1"},
				"up": {"uv": [9.5, 1, 10, 1.5], "rotation": 180, "texture": "#1"},
				"down": {"uv": [8.5, 3, 9, 3.5], "texture": "#1"}
			}
		},
		{
			"from": [3.05732, 10.55, 3.23232],
			"to": [4.55732, 11.05, 4.73232],
			"rotation": {"angle": 0, "axis": "y", "origin": [3.825, 10.975, 4]},
			"faces": {
				"north": {"uv": [5.25, 12.5, 5, 13.25], "rotation": 90, "texture": "#1"},
				"east": {"uv": [4, 12.5, 4.25, 13.25], "rotation": 270, "texture": "#1"},
				"south": {"uv": [12.75, 5.25, 12.5, 4.5], "rotation": 90, "texture": "#1"},
				"west": {"uv": [4.5, 12.5, 4.75, 13.25], "rotation": 90, "texture": "#1"},
				"up": {"uv": [11.5, 5.5, 12.25, 6.25], "rotation": 180, "texture": "#1"},
				"down": {"uv": [5.5, 11.5, 6.25, 12.25], "texture": "#1"}
			}
		},
		{
			"from": [2.7, 10.65, 2.875],
			"to": [3.7, 11.65, 3.875],
			"rotation": {"angle": 45, "axis": "y", "origin": [3.825, 10.975, 4]},
			"faces": {
				"north": {"uv": [9, 12, 8.5, 12.5], "rotation": 90, "texture": "#1"},
				"east": {"uv": [7, 12, 7.5, 12.5], "rotation": 270, "texture": "#1"},
				"south": {"uv": [12.5, 8.5, 12, 8], "rotation": 90, "texture": "#1"},
				"west": {"uv": [12, 7.5, 12.5, 8], "rotation": 90, "texture": "#1"},
				"up": {"uv": [8, 12, 8.5, 12.5], "rotation": 180, "texture": "#1"},
				"down": {"uv": [7.5, 12, 8, 12.5], "texture": "#1"}
			}
		},
		{
			"from": [3.325, 10.65, 4.125],
			"to": [4.325, 11.65, 5.125],
			"rotation": {"angle": 45, "axis": "y", "origin": [3.825, 10.975, 4]},
			"faces": {
				"north": {"uv": [11.5, 12, 11, 12.5], "rotation": 90, "texture": "#1"},
				"east": {"uv": [12, 8.5, 12.5, 9], "rotation": 270, "texture": "#1"},
				"south": {"uv": [11, 12.5, 10.5, 12], "rotation": 90, "texture": "#1"},
				"west": {"uv": [12, 9.5, 12.5, 10], "rotation": 90, "texture": "#1"},
				"up": {"uv": [12, 10, 12.5, 10.5], "rotation": 180, "texture": "#1"},
				"down": {"uv": [12, 9, 12.5, 9.5], "texture": "#1"}
			}
		},
		{
			"from": [2.74918, 10.98256, -0.04905],
			"to": [5.24918, 11.01256, 3.95095],
			"rotation": {"angle": -22.5, "axis": "y", "origin": [4.14822, 10.99756, 4.35]},
			"faces": {
				"up": {"uv": [5.5, 5.5, 7.5, 6.75], "rotation": 90, "texture": "#1"},
				"down": {"uv": [7.5, 5.5, 5.5, 6.75], "rotation": 90, "texture": "#1"}
			}
		},
		{
			"from": [-0.25083, 10.98256, 2.95095],
			"to": [3.74917, 11.01256, 5.45095],
			"rotation": {"angle": -22.5, "axis": "y", "origin": [4.14822, 10.99756, 4.35]},
			"faces": {
				"up": {"uv": [7.5, 5.5, 5.5, 6.75], "rotation": 180, "texture": "#1"},
				"down": {"uv": [5.5, 5.5, 7.5, 6.75], "texture": "#1"}
			}
		},
		{
			"from": [2.72144, 10.98256, 4.15178],
			"to": [5.22144, 11.01256, 8.15178],
			"rotation": {"angle": 22.5, "axis": "y", "origin": [4.14822, 10.99756, 4.35]},
			"faces": {
				"up": {"uv": [7.5, 5.5, 5.5, 6.75], "rotation": 90, "texture": "#1"},
				"down": {"uv": [5.5, 5.5, 7.5, 6.75], "rotation": 90, "texture": "#1"}
			}
		},
		{
			"from": [7.25, 8.5, 5.5],
			"to": [8.75, 10, 10.5],
			"rotation": {"angle": 0, "axis": "y", "origin": [8, 9.25, 8]},
			"faces": {
				"north": {"uv": [11.5, 6.5, 12.25, 7.25], "texture": "#1"},
				"east": {"uv": [6.5, 8.5, 9, 9.25], "texture": "#1"},
				"south": {"uv": [9, 11.5, 9.75, 12.25], "texture": "#1"},
				"west": {"uv": [1.5, 9, 4, 9.75], "texture": "#1"},
				"up": {"uv": [9.75, 4, 9, 1.5], "texture": "#1"},
				"down": {"uv": [4.75, 9, 4, 11.5], "texture": "#1"}
			}
		},
		{
			"from": [7.5, 10.75, 11],
			"to": [8.5, 12.25, 13.5],
			"rotation": {"angle": 22.5, "axis": "x", "origin": [8, 10.75, 12.25]},
			"faces": {
				"north": {"uv": [6.5, 11.5, 7, 12.25], "texture": "#1"},
				"east": {"uv": [10.5, 7.5, 11.75, 8.25], "texture": "#1"},
				"south": {"uv": [10, 11.5, 10.5, 12.25], "texture": "#1"},
				"west": {"uv": [9, 10.5, 10.25, 11.25], "texture": "#1"},
				"up": {"uv": [1.5, 12.25, 1, 11], "texture": "#1"},
				"down": {"uv": [5.5, 11, 5, 12.25], "texture": "#1"}
			}
		},
		{
			"from": [7, 8, 1.5],
			"to": [9, 10, 5.5],
			"rotation": {"angle": 0, "axis": "y", "origin": [7.5, 9, 4.5]},
			"faces": {
				"north": {"uv": [10, 3.5, 11, 4.5], "texture": "#1"},
				"east": {"uv": [7, 3.5, 9, 4.5], "texture": "#1"},
				"south": {"uv": [10, 4.5, 11, 5.5], "texture": "#1"},
				"west": {"uv": [7, 4.5, 9, 5.5], "texture": "#1"},
				"up": {"uv": [4, 9, 3, 7], "texture": "#1"},
				"down": {"uv": [6.5, 7, 5.5, 9], "texture": "#1"}
			}
		},
		{
			"from": [8.35326, 9.5, 3.35803],
			"to": [10.35326, 11, 4.85803],
			"rotation": {"angle": -45, "axis": "y", "origin": [11.23014, 10.25, 3.66681]},
			"faces": {
				"north": {"uv": [0, 11, 0.75, 12], "rotation": 270, "texture": "#1"},
				"east": {"uv": [12.75, 3.25, 12, 2.5], "rotation": 90, "texture": "#1"},
				"south": {"uv": [11, 3.5, 11.75, 4.5], "rotation": 90, "texture": "#1"},
				"west": {"uv": [12.75, 3.5, 12, 4.25], "rotation": 90, "texture": "#1"},
				"up": {"uv": [11, 4.5, 11.75, 5.5], "rotation": 90, "texture": "#1"},
				"down": {"uv": [11, 1.5, 11.75, 2.5], "rotation": 90, "texture": "#1"}
			}
		},
		{
			"from": [9.92086, 9.625, 3.12889],
			"to": [12.92086, 10.875, 4.37889],
			"rotation": {"angle": -22.5, "axis": "y", "origin": [11.23014, 10.25, 3.66681]},
			"faces": {
				"north": {"uv": [8, 9.5, 8.75, 11], "rotation": 270, "texture": "#1"},
				"east": {"uv": [12.75, 2.25, 12, 1.5], "rotation": 90, "texture": "#1"},
				"south": {"uv": [1.5, 10, 2.25, 11.5], "rotation": 90, "texture": "#1"},
				"up": {"uv": [2.5, 10, 3.25, 11.5], "rotation": 90, "texture": "#1"},
				"down": {"uv": [10, 1, 10.75, 2.5], "rotation": 90, "texture": "#1"}
			}
		},
		{
			"from": [-1.04271, 10.15, 0.57846],
			"to": [6.95729, 10.18, 3.82846],
			"rotation": {"angle": 22.5, "axis": "y", "origin": [3.45729, 10.15, 2.20346]},
			"faces": {
				"up": {"uv": [5.5, 1.5, 9.5, 0], "texture": "#1"},
				"down": {"uv": [5.5, 0, 9.5, 1.5], "texture": "#1"}
			}
		},
		{
			"from": [9.04271, 10.15, 0.57846],
			"to": [17.04271, 10.18, 3.82846],
			"rotation": {"angle": -22.5, "axis": "y", "origin": [12.54271, 10.15, 2.20346]},
			"faces": {
				"up": {"uv": [9.5, 1.5, 5.5, 0], "texture": "#1"},
				"down": {"uv": [9.5, 0, 5.5, 1.5], "texture": "#1"}
			}
		},
		{
			"from": [11.90602, 9.6275, 4.48197],
			"to": [12.80602, 10.8725, 5.98197],
			"rotation": {"angle": 22.5, "axis": "y", "origin": [11.23014, 10.25, 3.66681]},
			"faces": {
				"east": {"uv": [4, 12.75, 3.5, 12], "rotation": 90, "texture": "#1"},
				"south": {"uv": [11.5, 12, 12, 12.5], "rotation": 90, "texture": "#1"},
				"west": {"uv": [12.5, 4.5, 12, 5.25], "rotation": 90, "texture": "#1"},
				"up": {"uv": [1.5, 8.5, 2.25, 9], "rotation": 90, "texture": "#1"},
				"down": {"uv": [7.5, 3, 8.25, 3.5], "rotation": 90, "texture": "#1"}
			}
		},
		{
			"from": [5.64674, 9.5, 3.35803],
			"to": [7.64674, 11, 4.85803],
			"rotation": {"angle": 45, "axis": "y", "origin": [4.76986, 10.25, 3.66681]},
			"faces": {
				"north": {"uv": [0, 12, 0.75, 11], "rotation": 270, "texture": "#1"},
				"east": {"uv": [12.75, 4.25, 12, 3.5], "rotation": 90, "texture": "#1"},
				"south": {"uv": [11, 4.5, 11.75, 3.5], "rotation": 90, "texture": "#1"},
				"west": {"uv": [12.75, 2.5, 12, 3.25], "rotation": 90, "texture": "#1"},
				"up": {"uv": [11, 5.5, 11.75, 4.5], "rotation": 90, "texture": "#1"},
				"down": {"uv": [11, 2.5, 11.75, 1.5], "rotation": 90, "texture": "#1"}
			}
		},
		{
			"from": [3.07914, 9.625, 3.12889],
			"to": [6.07914, 10.875, 4.37889],
			"rotation": {"angle": 22.5, "axis": "y", "origin": [4.76986, 10.25, 3.66681]},
			"faces": {
				"north": {"uv": [8, 11, 8.75, 9.5], "rotation": 270, "texture": "#1"},
				"south": {"uv": [1.5, 11.5, 2.25, 10], "rotation": 90, "texture": "#1"},
				"west": {"uv": [12.75, 1.5, 12, 2.25], "rotation": 90, "texture": "#1"},
				"up": {"uv": [2.5, 11.5, 3.25, 10], "rotation": 90, "texture": "#1"},
				"down": {"uv": [10, 2.5, 10.75, 1], "rotation": 90, "texture": "#1"}
			}
		},
		{
			"from": [3.19398, 9.6275, 4.48197],
			"to": [4.09398, 10.8725, 5.98197],
			"rotation": {"angle": -22.5, "axis": "y", "origin": [4.76986, 10.25, 3.66681]},
			"faces": {
				"east": {"uv": [12.5, 5.25, 12, 4.5], "rotation": 90, "texture": "#1"},
				"south": {"uv": [11.5, 12.5, 12, 12], "rotation": 90, "texture": "#1"},
				"west": {"uv": [4, 12, 3.5, 12.75], "rotation": 90, "texture": "#1"},
				"up": {"uv": [1.5, 9, 2.25, 8.5], "rotation": 90, "texture": "#1"},
				"down": {"uv": [7.5, 3.5, 8.25, 3], "rotation": 90, "texture": "#1"}
			}
		},
		{
			"from": [8, 7.75, 0],
			"to": [10, 11, 2],
			"rotation": {"angle": -45, "axis": "y", "origin": [8, 8, 0]},
			"faces": {
				"north": {"uv": [7, 9.5, 6, 11.25], "texture": "#1"},
				"east": {"uv": [10, 8.5, 9, 10.25], "texture": "#1"},
				"south": {"uv": [9, 8.5, 10, 10.25], "texture": "#1"},
				"west": {"uv": [6, 9.5, 7, 11.25], "texture": "#1"},
				"up": {"uv": [11, 9.5, 10, 8.5], "texture": "#1"},
				"down": {"uv": [11, 9.5, 10, 10.5], "texture": "#1"}
			}
		},
		{
			"from": [2.75, 10.71496, 4.89956],
			"to": [13.25, 10.74496, 10.64956],
			"rotation": {"angle": 0, "axis": "y", "origin": [4, 10.21496, 4.89956]},
			"faces": {
				"up": {"uv": [5.25, 3, 0, 0], "texture": "#1"},
				"down": {"uv": [5.25, 0, 0, 3], "texture": "#1"}
			}
		},
		{
			"from": [8, 9.58579, -0.08579],
			"to": [10, 11.58579, 2.91421],
			"rotation": {"angle": 45, "axis": "z", "origin": [8, 9.58579, -0.08579]},
			"faces": {
				"north": {"uv": [10.5, 5.5, 11.5, 6.5], "texture": "#1"},
				"east": {"uv": [9, 6, 10.5, 7], "texture": "#1"},
				"south": {"uv": [10.5, 6.5, 11.5, 7.5], "texture": "#1"},
				"west": {"uv": [9.5, 0, 11, 1], "texture": "#1"},
				"up": {"uv": [8, 11, 7, 9.5], "texture": "#1"},
				"down": {"uv": [10.5, 7, 9.5, 8.5], "texture": "#1"}
			}
		},
		{
			"from": [7.985, 9.75, -1.5],
			"to": [8.015, 12.25, 10.5],
			"rotation": {"angle": 45, "axis": "z", "origin": [8, 11, 4.5]},
			"faces": {
				"east": {"uv": [14.25, 13.25, 13, 7.25], "rotation": 90, "texture": "#1"},
				"west": {"uv": [14.25, 7.25, 13, 13.25], "rotation": 90, "texture": "#1"}
			}
		},
		{
			"from": [6.75, 10.985, -1.5],
			"to": [9.25, 11.015, 10.5],
			"rotation": {"angle": 45, "axis": "z", "origin": [8, 11, 4.5]},
			"faces": {
				"up": {"uv": [14.25, 13.25, 13, 7.25], "texture": "#1"},
				"down": {"uv": [14.25, 7.25, 13, 13.25], "texture": "#1"}
			}
		},
		{
			"from": [9.07154, 7.97989, 0.6125],
			"to": [10.34654, 9.25489, 1.8875],
			"rotation": {"angle": 22.5, "axis": "z", "origin": [8.5, 8.58694, 1.25]},
			"faces": {
				"north": {"uv": [5, 6, 6.5, 7.5], "texture": "#2"},
				"east": {"uv": [5, 4, 6.5, 5.5], "texture": "#2"},
				"south": {"uv": [6, 0, 7.5, 1.5], "texture": "#2"},
				"west": {"uv": [6, 2, 7.5, 3.5], "texture": "#2"},
				"up": {"uv": [1.5, 8.5, 0, 7], "rotation": 90, "texture": "#2"}
			}
		},
		{
			"from": [8.85904, 7.12989, 0.4],
			"to": [10.55904, 7.97989, 2.1],
			"rotation": {"angle": 22.5, "axis": "z", "origin": [8.5, 8.58694, 1.25]},
			"faces": {
				"north": {"uv": [0, 9, 1.5, 10], "texture": "#2"},
				"east": {"uv": [4, 8, 5.5, 9], "texture": "#2"},
				"south": {"uv": [6, 8, 7.5, 9], "texture": "#2"},
				"west": {"uv": [8, 8, 9.5, 9], "texture": "#2"},
				"up": {"uv": [8.5, 5.5, 7, 4], "rotation": 90, "texture": "#2"},
				"down": {"uv": [8.5, 6, 7, 7.5], "rotation": 270, "texture": "#2"}
			}
		},
		{
			"from": [5.65346, 7.97989, 0.6125],
			"to": [6.92846, 9.25489, 1.8875],
			"rotation": {"angle": -22.5, "axis": "z", "origin": [7.5, 8.58694, 1.25]},
			"faces": {
				"north": {"uv": [6.5, 6, 5, 7.5], "texture": "#2"},
				"east": {"uv": [7.5, 2, 6, 3.5], "texture": "#2"},
				"south": {"uv": [7.5, 0, 6, 1.5], "texture": "#2"},
				"west": {"uv": [6.5, 4, 5, 5.5], "texture": "#2"},
				"up": {"uv": [1.5, 7, 0, 8.5], "rotation": 90, "texture": "#2"}
			}
		},
		{
			"from": [5.44096, 7.12989, 0.4],
			"to": [7.14096, 7.97989, 2.1],
			"rotation": {"angle": -22.5, "axis": "z", "origin": [7.5, 8.58694, 1.25]},
			"faces": {
				"north": {"uv": [1.5, 9, 0, 10], "texture": "#2"},
				"east": {"uv": [9.5, 8, 8, 9], "texture": "#2"},
				"south": {"uv": [7.5, 8, 6, 9], "texture": "#2"},
				"west": {"uv": [5.5, 8, 4, 9], "texture": "#2"},
				"up": {"uv": [8.5, 4, 7, 5.5], "rotation": 90, "texture": "#2"},
				"down": {"uv": [8.5, 7.5, 7, 6], "rotation": 270, "texture": "#2"}
			}
		},
		{
			"from": [7.48807, 11.94303, -2.08579],
			"to": [8.43807, 12.89303, 1.71421],
			"rotation": {"angle": 45, "axis": "z", "origin": [9.17557, 12.91803, 1.10171]},
			"faces": {
				"north": {"uv": [10, 1, 9, 0], "rotation": 270, "texture": "#2"},
				"east": {"uv": [4, 0, 5, 4], "rotation": 90, "texture": "#2"},
				"south": {"uv": [10, 1, 9, 2], "rotation": 270, "texture": "#2"},
				"west": {"uv": [4, 4, 5, 8], "rotation": 270, "texture": "#2"},
				"up": {"uv": [3, 4, 4, 8], "texture": "#2"},
				"down": {"uv": [5, 0, 6, 4], "rotation": 180, "texture": "#2"}
			}
		},
		{
			"from": [8.43807, 11.94303, -2.08579],
			"to": [8.91307, 12.89303, -1.13579],
			"rotation": {"angle": 45, "axis": "z", "origin": [9.17557, 12.91803, 1.10171]},
			"faces": {
				"north": {"uv": [10, 4.5, 9, 4], "rotation": 270, "texture": "#2"},
				"south": {"uv": [6, 9, 5, 9.5], "rotation": 270, "texture": "#2"},
				"up": {"uv": [9, 3, 9.5, 4], "texture": "#2"},
				"down": {"uv": [4, 9, 4.5, 10], "rotation": 180, "texture": "#2"}
			}
		},
		{
			"from": [8.91307, 11.94303, -2.08579],
			"to": [9.86307, 12.89303, -0.18579],
			"rotation": {"angle": 45, "axis": "z", "origin": [9.17557, 12.91803, 1.10171]},
			"faces": {
				"north": {"uv": [3, 10, 2, 9], "rotation": 270, "texture": "#2"},
				"east": {"uv": [2, 7, 3, 9], "rotation": 90, "texture": "#2"},
				"south": {"uv": [10, 2, 9, 3], "rotation": 270, "texture": "#2"},
				"west": {"uv": [8, 2, 9, 4], "rotation": 270, "texture": "#2"},
				"up": {"uv": [8, 0, 9, 2], "texture": "#2"},
				"down": {"uv": [3, 8, 4, 10], "rotation": 180, "texture": "#2"}
			}
		},
		{
			"from": [7.56193, 11.94303, -2.08579],
			"to": [8.51193, 12.89303, 1.71421],
			"rotation": {"angle": -45, "axis": "z", "origin": [6.82443, 12.91803, 1.10171]},
			"faces": {
				"north": {"uv": [10, 0, 9, 1], "rotation": 270, "texture": "#2"},
				"east": {"uv": [4, 8, 5, 4], "rotation": 270, "texture": "#2"},
				"south": {"uv": [10, 2, 9, 1], "rotation": 270, "texture": "#2"},
				"west": {"uv": [4, 4, 5, 0], "rotation": 90, "texture": "#2"},
				"up": {"uv": [4, 4, 3, 8], "texture": "#2"},
				"down": {"uv": [6, 0, 5, 4], "rotation": 180, "texture": "#2"}
			}
		},
		{
			"from": [7.08693, 11.94303, -2.08579],
			"to": [7.56193, 12.89303, -1.13579],
			"rotation": {"angle": -45, "axis": "z", "origin": [6.82443, 12.91803, 1.10171]},
			"faces": {
				"north": {"uv": [10, 4, 9, 4.5], "rotation": 270, "texture": "#2"},
				"south": {"uv": [6, 9.5, 5, 9], "rotation": 270, "texture": "#2"},
				"up": {"uv": [9.5, 3, 9, 4], "texture": "#2"},
				"down": {"uv": [4.5, 9, 4, 10], "rotation": 180, "texture": "#2"}
			}
		},
		{
			"from": [6.13693, 11.94303, -2.08579],
			"to": [7.08693, 12.89303, -0.18579],
			"rotation": {"angle": -45, "axis": "z", "origin": [6.82443, 12.91803, 1.10171]},
			"faces": {
				"north": {"uv": [3, 9, 2, 10], "rotation": 270, "texture": "#2"},
				"east": {"uv": [8, 4, 9, 2], "rotation": 270, "texture": "#2"},
				"south": {"uv": [10, 3, 9, 2], "rotation": 270, "texture": "#2"},
				"west": {"uv": [2, 9, 3, 7], "rotation": 90, "texture": "#2"},
				"up": {"uv": [9, 0, 8, 2], "texture": "#2"},
				"down": {"uv": [4, 8, 3, 10], "rotation": 180, "texture": "#2"}
			}
		}
	],
	"gui_light": "front",
	"display": {
		"thirdperson_righthand": {
			"translation": [-1.5, -0.5, -0.5]
		},
		"thirdperson_lefthand": {
			"translation": [-1.5, -0.5, -0.5]
		},
		"firstperson_righthand": {
			"rotation": [0, -10, 0],
			"translation": [1.2, -0.5, 0.25]
		},
		"firstperson_lefthand": {
			"rotation": [0, -10, 0],
			"translation": [1.2, -0.5, 0.25]
		},
		"ground": {
			"rotation": [45, 0, 0],
			"translation": [0, 3, 0],
			"scale": [0.7, 0.7, 0.7]
		},
		"gui": {
			"rotation": [90, 45, 0],
			"translation": [1.75, -1.75, 0],
			"scale": [0.9, 0.9, 0.9]
		},
		"head": {
			"rotation": [-20, 180, 0]
		},
		"fixed": {
			"rotation": [-90, 0, 0],
			"translation": [0, 1, -2.25],
			"scale": [2, 2, 2]
		}
	},
	"groups": [
		0,
		1,
		2,
		3,
		4,
		5,
		{
			"name": "group",
			"origin": [7.1, 11.51256, 8.17678],
			"color": 0,
			"boneType": "",
			"children": [6, 7, 8, 9, 10, 11, 12]
		},
		{
			"name": "group",
			"origin": [7.1, 11.51256, 8.17678],
			"color": 0,
			"boneType": "",
			"children": [13, 14, 15, 16, 17, 18, 19]
		},
		20,
		21,
		22,
		23,
		24,
		25,
		26,
		27,
		28,
		29,
		30,
		31,
		32,
		33,
		34,
		35,
		{
			"name": "group",
			"origin": [7.1, 11.51256, 8.17678],
			"color": 0,
			"boneType": "",
			"children": []
		},
		{
			"name": "group2",
			"origin": [7.1, 11.51256, 8.17678],
			"color": 0,
			"boneType": "",
			"children": []
		},
		36,
		37,
		38,
		39,
		40,
		41,
		42,
		43,
		44,
		45
	]
}