{"display":{"thirdperson_righthand":{"rotation":[77.5,0.0,0.0],"translation":[0.0,0.25,0.75],"scale":[0.6,0.6,0.6]},"thirdperson_lefthand":{"rotation":[67.0,0.0,0.0],"translation":[-5.5,-4.75,3.25]},"firstperson_righthand":{"rotation":[134.5,0.0,-180.0],"translation":[2.5,-0.5,-1.75],"scale":[0.7,0.7,0.7]},"firstperson_lefthand":{"rotation":[134.5,0.0,-180.0],"translation":[2.5,-0.5,-1.75],"scale":[0.0,0.0,0.0]},"ground":{"translation":[0.0,5.0,0.0],"scale":[0.7,0.7,0.7]},"gui":{"rotation":[35.0,135.0,0.0],"translation":[0.0,1.25,0.0],"scale":[0.81,0.81,0.81]},"head":{"translation":[0.0,-57.5,-1.0],"scale":[1.6,1.6,1.6]},"fixed":{"rotation":[-90.0,0.0,0.0],"translation":[0.0,0.0,-7.0],"scale":[2.0,2.0,2.0]}},"elements":[{"from":[0.0,4.875,0.0],"to":[16.0,7.875,3.0],"rotation":{"origin":[0.0,4.875,0.0],"axis":"y","angle":0.0},"faces":{"north":{"uv":[0.0,0.0,5.33333,1.0],"texture":"#1"},"east":{"uv":[11.33333,0.0,12.33333,1.0],"texture":"#1"},"south":{"uv":[0.0,1.33333,5.33333,2.33333],"texture":"#1"},"west":{"uv":[11.33333,1.33333,12.33333,2.33333],"texture":"#1"},"up":{"uv":[5.33333,3.66667,0.0,2.66667],"texture":"#1"},"down":{"uv":[5.33333,4.0,0.0,5.0],"texture":"#1"}}},{"from":[0.0,4.875,13.0],"to":[16.0,7.875,16.0],"rotation":{"origin":[0.0,4.875,0.0],"axis":"y","angle":0.0},"faces":{"north":{"uv":[0.0,5.33333,5.33333,6.33333],"texture":"#1"},"east":{"uv":[2.66667,11.33333,3.66667,12.33333],"texture":"#1"},"south":{"uv":[5.66667,0.0,11.0,1.0],"texture":"#1"},"west":{"uv":[11.33333,2.66667,12.33333,3.66667],"texture":"#1"},"up":{"uv":[11.0,2.33333,5.66667,1.33333],"texture":"#1"},"down":{"uv":[11.0,2.66667,5.66667,3.66667],"texture":"#1"}}},{"from":[13.0,4.875,3.0],"to":[16.0,7.875,13.0],"rotation":{"origin":[0.0,4.875,0.0],"axis":"y","angle":0.0},"faces":{"north":{"uv":[4.0,11.33333,5.0,12.33333],"texture":"#1"},"east":{"uv":[4.66667,8.66667,8.0,9.66667],"texture":"#1"},"south":{"uv":[5.33333,11.33333,6.33333,12.33333],"texture":"#1"},"west":{"uv":[8.33333,8.66667,11.66667,9.66667],"texture":"#1"},"up":{"uv":[1.0,12.33333,0.0,9.0],"texture":"#1"},"down":{"uv":[2.33333,9.0,1.33333,12.33333],"texture":"#1"}}},{"from":[0.0,4.875,3.0],"to":[3.0,7.875,13.0],"rotation":{"origin":[0.0,4.875,0.0],"axis":"y","angle":0.0},"faces":{"north":{"uv":[6.66667,11.33333,7.66667,12.33333],"texture":"#1"},"east":{"uv":[2.66667,10.0,6.0,11.0],"texture":"#1"},"south":{"uv":[8.0,11.33333,9.0,12.33333],"texture":"#1"},"west":{"uv":[6.33333,10.0,9.66667,11.0],"texture":"#1"},"up":{"uv":[11.0,13.33333,10.0,10.0],"texture":"#1"},"down":{"uv":[11.33333,4.0,10.33333,7.33333],"texture":"#1"}}},{"from":[5.0,6.75,-2.44194],"to":[11.0,12.75,3.55806],"rotation":{"origin":[6.0,15.75,3.55806],"axis":"y","angle":0.0},"faces":{"north":{"uv":[5.66667,4.0,7.66667,6.0],"texture":"#1"},"east":{"uv":[5.66667,6.33333,7.66667,8.33333],"texture":"#1"},"south":{"uv":[0.0,6.66667,2.0,8.66667],"texture":"#1"},"west":{"uv":[2.33333,6.66667,4.33333,8.66667],"texture":"#1"},"up":{"uv":[10.0,6.0,8.0,4.0],"texture":"#1"},"down":{"uv":[10.0,6.33333,8.0,8.33333],"texture":"#1"}}},{"from":[-1.6,4.75,6.30806],"to":[-0.6,7.75,9.30806],"rotation":{"origin":[-1.1,6.25,9.30806],"axis":"y","angle":-22.5},"faces":{"north":{"uv":[9.33333,11.33333,9.66667,12.33333],"texture":"#1"},"east":{"uv":[11.33333,10.0,12.33333,11.0],"texture":"#1"},"south":{"uv":[0.0,12.66667,0.33333,13.66667],"texture":"#1"},"west":{"uv":[11.33333,11.33333,12.33333,12.33333],"texture":"#1"},"up":{"uv":[13.0,1.0,12.66667,0.0],"texture":"#1"},"down":{"uv":[1.0,12.66667,0.66667,13.66667],"texture":"#1"}}},{"from":[6.0,8.75,-4.44194],"to":[10.0,9.75,-2.44194],"rotation":{"origin":[6.0,17.75,-2.44194],"axis":"y","angle":0.0},"faces":{"north":{"uv":[11.66667,6.33333,13.0,6.66667],"texture":"#1"},"east":{"uv":[4.66667,8.0,5.33333,8.33333],"texture":"#1"},"west":{"uv":[12.0,9.0,12.66667,9.33333],"texture":"#1"},"up":{"uv":[4.0,9.66667,2.66667,9.0],"texture":"#1"},"down":{"uv":[11.66667,7.66667,10.33333,8.33333],"texture":"#1"}}},{"from":[5.9975,8.41421,14.51517],"to":[10.0025,9.41421,15.51517],"rotation":{"origin":[7.9975,9.41421,16.76517],"axis":"x","angle":-45.0},"faces":{"east":{"uv":[3.0,12.66667,3.33333,13.0],"texture":"#1"},"south":{"uv":[11.66667,7.0,13.0,7.33333],"texture":"#1"},"west":{"uv":[12.66667,3.0,13.0,3.33333],"texture":"#1"},"up":{"uv":[13.33333,8.0,12.0,7.66667],"texture":"#1"},"down":{"uv":[13.33333,8.33333,12.0,8.66667],"texture":"#1"}}},{"from":[5.9975,8.41421,15.51517],"to":[10.0025,9.41421,17.51517],"rotation":{"origin":[7.9975,9.41421,16.76517],"axis":"x","angle":-45.0},"faces":{"east":{"uv":[1.33333,12.66667,2.0,13.0],"texture":"#1"},"west":{"uv":[12.66667,1.33333,13.33333,1.66667],"texture":"#1"},"up":{"uv":[13.0,4.66667,11.66667,4.0],"texture":"#1"}}},{"from":[-1.6,4.75,9.30806],"to":[-0.6,7.75,11.30806],"rotation":{"origin":[-1.1,6.25,9.30806],"axis":"y","angle":-22.5},"faces":{"east":{"uv":[4.66667,6.66667,5.33333,7.66667],"texture":"#1"},"west":{"uv":[11.66667,5.0,12.33333,6.0],"texture":"#1"},"up":{"uv":[13.0,2.66667,12.66667,2.0],"texture":"#1"},"down":{"uv":[2.66667,12.66667,2.33333,13.33333],"texture":"#1"}}},{"from":[10.0025,9.41421,17.51517],"to":[5.9975,8.41421,15.51517],"rotation":{"origin":[7.9975,9.41421,16.76517],"axis":"x","angle":-45.0},"faces":{"east":{"uv":[12.66667,1.66667,13.33333,1.33333],"texture":"#1"},"west":{"uv":[1.33333,13.0,2.0,12.66667],"texture":"#1"},"down":{"uv":[11.66667,4.66667,13.0,4.0],"texture":"#1"}}},{"from":[-0.6,7.75,11.30806],"to":[-1.6,4.75,9.30806],"rotation":{"origin":[-1.1,6.25,9.30806],"axis":"y","angle":-22.5},"faces":{"east":{"uv":[11.66667,6.0,12.33333,5.0],"texture":"#1"},"west":{"uv":[4.66667,7.66667,5.33333,6.66667],"texture":"#1"},"up":{"uv":[2.33333,12.66667,2.66667,13.33333],"texture":"#1"},"down":{"uv":[12.66667,2.66667,13.0,2.0],"texture":"#1"}}},{"from":[16.6,4.75,6.30806],"to":[17.6,7.75,9.30806],"rotation":{"origin":[17.1,6.25,9.30806],"axis":"y","angle":22.5},"faces":{"north":{"uv":[9.66667,11.33333,9.33333,12.33333],"texture":"#1"},"east":{"uv":[12.33333,11.33333,11.33333,12.33333],"texture":"#1"},"south":{"uv":[0.33333,12.66667,0.0,13.66667],"texture":"#1"},"west":{"uv":[12.33333,10.0,11.33333,11.0],"texture":"#1"},"up":{"uv":[12.66667,1.0,13.0,0.0],"texture":"#1"},"down":{"uv":[0.66667,12.66667,1.0,13.66667],"texture":"#1"}}},{"from":[16.6,4.75,9.30806],"to":[17.6,7.75,11.30806],"rotation":{"origin":[17.1,6.25,9.30806],"axis":"y","angle":22.5},"faces":{"east":{"uv":[12.33333,5.0,11.66667,6.0],"texture":"#1"},"west":{"uv":[5.33333,6.66667,4.66667,7.66667],"texture":"#1"},"up":{"uv":[12.66667,2.66667,13.0,2.0],"texture":"#1"},"down":{"uv":[2.33333,12.66667,2.66667,13.33333],"texture":"#1"}}},{"from":[17.6,7.75,11.30806],"to":[16.6,4.75,9.30806],"rotation":{"origin":[17.1,6.25,9.30806],"axis":"y","angle":22.5},"faces":{"east":{"uv":[5.33333,7.66667,4.66667,6.66667],"texture":"#1"},"west":{"uv":[12.33333,6.0,11.66667,5.0],"texture":"#1"},"up":{"uv":[2.66667,12.66667,2.33333,13.33333],"texture":"#1"},"down":{"uv":[13.0,2.66667,12.66667,2.0],"texture":"#1"}}}],"textures":{"1":"plny_summer2025cosmeticsset/duck_floatie"},"gui_light":"front"}