{"display":{"thirdperson_righthand":{"translation":[0.0,3.0,1.0]},"thirdperson_lefthand":{"translation":[0.0,3.0,1.0]},"firstperson_righthand":{"rotation":[-15.0,0.0,0.0],"translation":[0.75,2.75,0.0]},"firstperson_lefthand":{"rotation":[-15.0,0.0,0.0],"translation":[0.75,2.75,0.0]},"ground":{"rotation":[45.0,0.0,0.0],"translation":[0.0,5.0,0.0],"scale":[0.7,0.7,0.7]},"gui":{"rotation":[35.0,-35.0,0.0],"translation":[0.0,0.5,0.0],"scale":[1.38,1.38,1.38]},"fixed":{"rotation":[-23.5,180.0,0.0],"translation":[0.0,3.25,-6.5],"scale":[2.0,2.0,2.0]}},"elements":[{"from":[7.0,0.0,7.0],"to":[9.0,7.0,9.0],"rotation":{"origin":[7.0,0.0,7.0],"axis":"y","angle":0.0},"faces":{"north":{"uv":[9.5,0.0,10.5,3.5],"texture":"#0"},"east":{"uv":[9.5,4.0,10.5,7.5],"texture":"#0"},"south":{"uv":[6.0,9.5,7.0,13.0],"texture":"#0"},"west":{"uv":[7.5,9.5,8.5,13.0],"texture":"#0"},"up":{"uv":[12.0,7.5,11.0,6.5],"texture":"#0"},"down":{"uv":[11.0,11.5,10.0,12.5],"texture":"#0"}}},{"from":[6.0,7.0,5.0],"to":[10.0,8.0,11.0],"rotation":{"origin":[7.0,0.0,7.0],"axis":"y","angle":0.0},"faces":{"north":{"uv":[11.5,11.5,13.5,12.0],"texture":"#0"},"east":{"uv":[9.5,8.0,12.5,8.5],"texture":"#0"},"south":{"uv":[12.0,3.0,14.0,3.5],"texture":"#0"},"west":{"uv":[9.0,9.5,12.0,10.0],"texture":"#0"},"up":{"uv":[9.0,3.0,7.0,0.0],"texture":"#0"},"down":{"uv":[9.0,3.5,7.0,6.5],"texture":"#0"}}},{"from":[5.0,7.0,5.0],"to":[6.0,12.0,11.0],"rotation":{"origin":[7.0,0.0,7.0],"axis":"y","angle":0.0},"faces":{"north":{"uv":[3.0,11.5,3.5,14.0],"texture":"#0"},"east":{"uv":[3.5,0.0,6.5,2.5],"texture":"#0"},"south":{"uv":[4.0,11.5,4.5,14.0],"texture":"#0"},"west":{"uv":[3.5,3.0,6.5,5.5],"texture":"#0"},"up":{"uv":[0.5,13.0,0.0,10.0],"texture":"#0"},"down":{"uv":[1.5,10.0,1.0,13.0],"texture":"#0"}}},{"from":[5.0,12.0,5.0],"to":[11.0,13.0,11.0],"rotation":{"origin":[7.0,0.0,7.0],"axis":"y","angle":0.0},"faces":{"north":{"uv":[9.0,10.5,12.0,11.0],"texture":"#0"},"east":{"uv":[11.0,0.0,14.0,0.5],"texture":"#0"},"south":{"uv":[11.0,1.0,14.0,1.5],"texture":"#0"},"west":{"uv":[11.0,2.0,14.0,2.5],"texture":"#0"},"up":{"uv":[3.0,3.0,0.0,0.0],"texture":"#0"},"down":{"uv":[3.0,3.5,0.0,6.5],"texture":"#0"}}},{"from":[10.0,7.0,5.0],"to":[11.0,12.0,11.0],"rotation":{"origin":[7.0,0.0,7.0],"axis":"y","angle":0.0},"faces":{"north":{"uv":[5.0,11.5,5.5,14.0],"texture":"#0"},"east":{"uv":[3.5,6.0,6.5,8.5],"texture":"#0"},"south":{"uv":[9.0,11.5,9.5,14.0],"texture":"#0"},"west":{"uv":[0.0,7.0,3.0,9.5],"texture":"#0"},"up":{"uv":[2.5,13.0,2.0,10.0],"texture":"#0"},"down":{"uv":[11.5,3.0,11.0,6.0],"texture":"#0"}}},{"from":[6.0,8.0,5.5],"to":[10.0,12.0,10.5],"rotation":{"origin":[7.0,0.0,6.5],"axis":"y","angle":0.0},"faces":{"north":{"uv":[7.0,7.0,9.0,9.0],"texture":"#0"},"south":{"uv":[3.5,9.0,5.5,11.0],"texture":"#0"}}},{"from":[7.5,5.0,9.0],"to":[8.5,7.0,9.5],"rotation":{"origin":[7.5,5.0,9.0],"axis":"y","angle":0.0},"faces":{"north":{"uv":[12.0,4.0,12.5,5.0],"texture":"#0"},"east":{"uv":[12.5,5.5,13.0,6.5],"texture":"#0"},"south":{"uv":[12.5,9.0,13.0,10.0],"texture":"#0"},"west":{"uv":[11.5,12.5,12.0,13.5],"texture":"#0"},"up":{"uv":[13.0,7.5,12.5,7.0],"texture":"#0"},"down":{"uv":[13.0,10.5,12.5,11.0],"texture":"#0"}}},{"from":[5.0,7.0,13.0],"to":[11.0,13.0,17.0],"rotation":{"origin":[5.0,7.0,14.0],"axis":"y","angle":0.0},"faces":{"east":{"uv":[13.0,0.0,9.0,6.0],"texture":"#1"},"west":{"uv":[9.0,0.0,13.0,6.0],"texture":"#1"},"up":{"uv":[9.0,0.0,13.0,6.0],"texture":"#1","rotation":90},"down":{"uv":[13.0,0.0,9.0,6.0],"texture":"#1","rotation":90}}},{"from":[6.0,8.0,0.0],"to":[10.0,12.0,5.0],"rotation":{"origin":[5.0,7.0,3.0],"axis":"y","angle":0.0},"faces":{"east":{"uv":[5.0,1.0,0.0,5.0],"texture":"#1"},"west":{"uv":[0.0,1.0,5.0,5.0],"texture":"#1"},"up":{"uv":[0.0,5.0,5.0,1.0],"texture":"#1","rotation":90},"down":{"uv":[5.0,5.0,0.0,1.0],"texture":"#1","rotation":90}}},{"from":[6.0,8.0,11.0],"to":[10.0,12.0,13.0],"rotation":{"origin":[5.0,7.0,11.0],"axis":"y","angle":0.0},"faces":{"east":{"uv":[9.0,5.0,7.0,1.0],"texture":"#1"},"west":{"uv":[7.0,1.0,9.0,5.0],"texture":"#1"},"up":{"uv":[7.0,1.0,9.0,4.0],"texture":"#1","rotation":90},"down":{"uv":[9.0,1.0,7.0,5.0],"texture":"#1","rotation":90}}}],"textures":{"particle":"plny_summer2025cosmeticsset/mini_fan","0":"plny_summer2025cosmeticsset/mini_fan","1":"plny_summer2025cosmeticsset/mini_fan_animated"},"gui_light":"front"}