{"display":{"thirdperson_righthand":{"translation":[0.25,3.0,1.0]},"thirdperson_lefthand":{"translation":[0.25,3.0,1.0]},"firstperson_righthand":{"rotation":[10.0,0.0,0.0],"translation":[1.5,1.5,0.0],"scale":[0.7,0.7,0.7]},"firstperson_lefthand":{"rotation":[10.0,0.0,0.0],"translation":[1.5,1.5,0.0],"scale":[0.7,0.7,0.7]},"ground":{"rotation":[45.0,0.0,0.0],"translation":[0.0,5.0,0.0],"scale":[0.7,0.7,0.7]},"gui":{"rotation":[90.0,-135.0,90.0],"translation":[-2.25,-2.25,0.0]},"head":{"rotation":[0.0,90.0,0.0]},"fixed":{"rotation":[0.0,-90.0,0.0],"translation":[0.0,0.0,-1.75],"scale":[2.0,2.0,2.0]}},"elements":[{"from":[7.0,5.0,5.0],"to":[9.0,21.0,11.0],"rotation":{"origin":[7.0,5.0,5.0],"axis":"y","angle":0.0},"faces":{"north":{"uv":[4.66667,0.0,5.33333,5.33333],"texture":"#0"},"east":{"uv":[0.0,0.0,2.0,5.33333],"texture":"#0"},"south":{"uv":[0.0,5.66667,0.66667,11.0],"texture":"#0"},"west":{"uv":[2.33333,0.0,4.33333,5.33333],"texture":"#0"},"up":{"uv":[6.33333,2.0,5.66667,0.0],"texture":"#0"},"down":{"uv":[1.66667,5.66667,1.0,7.66667],"texture":"#0"}}},{"from":[7.5,-1.0,7.0],"to":[8.5,5.0,9.0],"rotation":{"origin":[7.5,4.0,6.5],"axis":"y","angle":0.0},"faces":{"north":{"uv":[4.0,5.66667,4.33333,7.66667],"texture":"#0"},"east":{"uv":[2.0,5.66667,2.66667,7.66667],"texture":"#0"},"south":{"uv":[4.66667,5.66667,5.0,7.66667],"texture":"#0"},"west":{"uv":[5.66667,2.33333,6.33333,4.33333],"texture":"#0"},"down":{"uv":[5.66667,6.33333,5.33333,7.0],"texture":"#0"}}},{"from":[7.0,21.0,6.0],"to":[9.0,22.0,10.0],"rotation":{"origin":[7.0,6.0,5.0],"axis":"y","angle":0.0},"faces":{"north":{"uv":[6.0,6.33333,6.66667,6.66667],"texture":"#0"},"east":{"uv":[5.66667,4.66667,7.0,5.0],"texture":"#0"},"south":{"uv":[6.66667,0.0,7.33333,0.33333],"texture":"#0"},"west":{"uv":[5.33333,5.66667,6.66667,6.0],"texture":"#0"},"up":{"uv":[3.66667,7.0,3.0,5.66667],"texture":"#0"}}},{"from":[7.025,2.0,5.025],"to":[8.975,5.0,10.975],"rotation":{"origin":[7.0,2.0,5.0],"axis":"y","angle":0.0},"faces":{"north":{"uv":[3.0,4.0,5.0,7.0],"texture":"#1"},"west":{"uv":[0.0,0.0,6.0,3.0],"texture":"#1"},"up":{"uv":[2.0,10.0,0.0,4.0],"texture":"#1"}}},{"from":[9.0,5.0,11.0],"to":[7.0,2.0,5.0],"rotation":{"origin":[7.0,2.0,5.0],"axis":"y","angle":0.0},"faces":{"east":{"uv":[0.0,3.0,6.0,0.0],"texture":"#1"},"south":{"uv":[3.0,7.0,5.0,4.0],"texture":"#1"},"down":{"uv":[0.0,10.0,2.0,4.0],"texture":"#1"}}}],"textures":{"particle":"plny_summer2025cosmeticsset/popsicle_sword","0":"plny_summer2025cosmeticsset/popsicle_sword","1":"plny_summer2025cosmeticsset/popsicle_sword_animated"},"gui_light":"front"}