{"display":{"thirdperson_righthand":{"rotation":[90.25,0.0,0.0],"translation":[0.0,4.5,1.25],"scale":[0.7,0.7,0.7]},"thirdperson_lefthand":{"rotation":[90.25,0.0,0.0],"translation":[0.0,4.5,1.25],"scale":[0.7,0.7,0.7]},"firstperson_righthand":{"rotation":[44.25,0.0,0.0],"translation":[0.25,4.75,2.0],"scale":[0.5,0.5,0.5]},"firstperson_lefthand":{"rotation":[44.25,0.0,0.0],"translation":[0.25,4.75,2.0],"scale":[0.5,0.5,0.5]},"ground":{"translation":[0.0,5.0,0.0],"scale":[0.7,0.7,0.7]},"gui":{"rotation":[35.0,45.0,0.0],"scale":[0.83,0.83,0.83]},"head":{"rotation":[12.0,0.0,0.0],"translation":[0.0,3.0,0.25],"scale":[1.6,1.6,1.6]},"fixed":{"rotation":[-90.0,0.0,0.0],"translation":[0.0,0.0,-2.25],"scale":[2.0,2.0,2.0]}},"elements":[{"from":[0.0,7.0,0.0],"to":[16.0,7.01,16.0],"rotation":{"origin":[8.0,8.0025,8.0],"axis":"y","angle":0.0},"faces":{"up":{"uv":[5.33333,5.33333,0.0,0.0],"texture":"#1"},"down":{"uv":[5.33333,0.0,0.0,5.33333],"texture":"#1"}}},{"from":[3.0,7.0,3.0],"to":[13.0,11.0,13.0],"rotation":{"origin":[8.0,8.0025,8.0],"axis":"y","angle":0.0},"faces":{"north":{"uv":[5.66667,0.0,9.0,1.33333],"texture":"#1"},"east":{"uv":[5.66667,1.66667,9.0,3.0],"texture":"#1"},"south":{"uv":[5.66667,3.33333,9.0,4.66667],"texture":"#1"},"west":{"uv":[3.66667,5.66667,7.0,7.0],"texture":"#1"},"up":{"uv":[3.33333,9.0,0.0,5.66667],"texture":"#1"}}},{"from":[0.0,1.63677,2.05202],"to":[16.0,1.64677,3.05202],"rotation":{"origin":[8.0,8.0025,8.0],"axis":"x","angle":45.0},"faces":{"up":{"uv":[11.0,5.33333,5.66667,5.0],"texture":"#1"},"down":{"uv":[11.0,5.0,5.66667,5.33333],"texture":"#1"}}},{"from":[0.0,1.63677,12.94798],"to":[16.0,1.64677,13.94798],"rotation":{"origin":[8.0,8.0025,8.0],"axis":"x","angle":-45.0},"faces":{"up":{"uv":[5.66667,5.0,11.0,5.33333],"texture":"#1"},"down":{"uv":[5.66667,5.33333,11.0,5.0],"texture":"#1"}}},{"from":[2.05202,1.63677,0.0],"to":[3.05202,1.64677,16.0],"rotation":{"origin":[8.0,8.0025,8.0],"axis":"z","angle":-45.0},"faces":{"up":{"uv":[11.0,5.33333,5.66667,5.0],"texture":"#1","rotation":270},"down":{"uv":[11.0,5.0,5.66667,5.33333],"texture":"#1","rotation":90}}},{"from":[12.94798,1.63677,0.0],"to":[13.94798,1.64677,16.0],"rotation":{"origin":[8.0,8.0025,8.0],"axis":"z","angle":45.0},"faces":{"up":{"uv":[5.66667,5.0,11.0,5.33333],"texture":"#1","rotation":270},"down":{"uv":[5.66667,5.33333,11.0,5.0],"texture":"#1","rotation":90}}}],"textures":{"1":"plny_summer2025cosmeticsset/sun_hat"},"gui_light":"front"}