{"display":{"thirdperson_righthand":{"rotation":[0.0,-90.0,0.0],"translation":[-1.5,-3.0,1.75]},"thirdperson_lefthand":{"rotation":[0.0,-90.0,0.0],"translation":[-1.5,-3.0,1.75]},"firstperson_righthand":{"rotation":[-12.0,0.0,0.0],"translation":[3.0,-0.25,1.5],"scale":[0.7,0.7,0.7]},"firstperson_lefthand":{"rotation":[-12.0,0.0,0.0],"translation":[3.0,-0.25,1.5],"scale":[0.7,0.7,0.7]},"ground":{"rotation":[-45.0,0.0,0.0],"translation":[0.0,5.0,0.0],"scale":[0.7,0.7,0.7]},"gui":{"rotation":[0.0,0.0,-45.0],"translation":[-2.25,-2.25,0.0],"scale":[0.75,0.75,0.75]},"head":{"rotation":[0.0,180.0,50.0],"translation":[-1.75,-67.0,5.5],"scale":[1.6,1.6,1.6]},"fixed":{"rotation":[0.0,180.0,0.0],"translation":[0.0,0.0,-2.25],"scale":[2.0,2.0,2.0]}},"elements":[{"from":[3.0,0.0,7.5],"to":[13.0,23.0,8.5],"rotation":{"origin":[2.0,0.0,7.5],"axis":"y","angle":0.0},"faces":{"north":{"uv":[0.0,0.0,3.33333,7.66667],"texture":"#0"},"east":{"uv":[7.33333,0.0,7.66667,7.66667],"texture":"#0"},"south":{"uv":[3.66667,0.0,7.0,7.66667],"texture":"#0"},"west":{"uv":[0.0,8.0,0.33333,15.66667],"texture":"#0"},"up":{"uv":[7.0,8.33333,3.66667,8.0],"texture":"#0"},"down":{"uv":[11.33333,4.33333,8.0,4.66667],"texture":"#0"}}},{"from":[4.0,23.0,7.5],"to":[12.0,25.0,8.5],"rotation":{"origin":[2.0,0.0,7.5],"axis":"y","angle":0.0},"faces":{"north":{"uv":[8.0,0.0,10.66667,0.66667],"texture":"#0"},"east":{"uv":[9.33333,2.33333,9.66667,3.0],"texture":"#0"},"south":{"uv":[0.66667,8.0,3.33333,8.66667],"texture":"#0"},"west":{"uv":[9.33333,3.33333,9.66667,4.0],"texture":"#0"},"up":{"uv":[10.66667,5.33333,8.0,5.0],"texture":"#0"}}},{"from":[6.0,25.0,7.5],"to":[10.0,27.0,8.5],"rotation":{"origin":[2.0,0.0,7.5],"axis":"y","angle":0.0},"faces":{"north":{"uv":[8.0,5.66667,9.33333,6.33333],"texture":"#0"},"east":{"uv":[3.66667,9.33333,4.0,10.0],"texture":"#0"},"south":{"uv":[8.0,6.66667,9.33333,7.33333],"texture":"#0"},"west":{"uv":[4.33333,9.33333,4.66667,10.0],"texture":"#0"},"up":{"uv":[2.0,9.33333,0.66667,9.0],"texture":"#0"}}},{"from":[4.0,-1.0,7.5],"to":[12.0,0.0,8.5],"rotation":{"origin":[2.0,0.0,7.5],"axis":"y","angle":0.0},"faces":{"north":{"uv":[7.33333,8.0,10.0,8.33333],"texture":"#0"},"east":{"uv":[5.0,9.33333,5.33333,9.66667],"texture":"#0"},"south":{"uv":[3.66667,8.66667,6.33333,9.0],"texture":"#0"},"west":{"uv":[5.66667,9.33333,6.0,9.66667],"texture":"#0"},"down":{"uv":[9.33333,8.66667,6.66667,9.0],"texture":"#0"}}},{"from":[7.5,5.25,5.2],"to":[8.5,9.25,8.2],"rotation":{"origin":[7.5,6.25,6.2],"axis":"x","angle":22.5},"faces":{"north":{"uv":[2.33333,9.0,2.66667,10.33333],"texture":"#0"},"east":{"uv":[8.0,1.0,9.0,2.33333],"texture":"#0"},"west":{"uv":[8.0,2.66667,9.0,4.0],"texture":"#0"},"up":{"uv":[3.33333,10.0,3.0,9.0],"texture":"#0"},"down":{"uv":[9.66667,1.0,9.33333,2.0],"texture":"#0"}}}],"textures":{"particle":"plny_summer2025cosmeticsset/surfboard","0":"plny_summer2025cosmeticsset/surfboard"},"gui_light":"front"}