{
	"credit": "Made by PolygonMC",
	"texture_size": [24, 24],
	"textures": {
		"0": "summerset/backpack",
		"1": "summerset/animations/spin_animations",
		"2": "summerset/animations/bubble_1",
		"3": "summerset/weapons_theme_2",
		"particle": "summerset/animations/bubble_1"
	},
	"elements": [
		{
			"from": [5, 0, 6],
			"to": [11, 5, 10],
			"rotation": {"angle": 0, "axis": "y", "origin": [5, 0, 0]},
			"faces": {
				"north": {"uv": [0, 0, 4, 3.33333], "texture": "#0"},
				"east": {"uv": [4, 5.33333, 6.66667, 8.66667], "texture": "#0"},
				"south": {"uv": [0, 3.33333, 4, 6.66667], "texture": "#0"},
				"west": {"uv": [0, 6.66667, 2.66667, 10], "texture": "#0"},
				"up": {"uv": [8, 2.66667, 4, 0], "texture": "#0"},
				"down": {"uv": [8, 2.66667, 4, 5.33333], "texture": "#0"}
			}
		},
		{
			"from": [5, 5, 6],
			"to": [11, 8, 9],
			"rotation": {"angle": 0, "axis": "y", "origin": [5, 0, 0]},
			"faces": {
				"north": {"uv": [6.66667, 5.33333, 10.66667, 7.33333], "texture": "#0"},
				"east": {"uv": [4, 10.66667, 6, 12.66667], "texture": "#0"},
				"south": {"uv": [6.66667, 7.33333, 10.66667, 9.33333], "texture": "#0"},
				"west": {"uv": [10.66667, 4.66667, 12.66667, 6.66667], "texture": "#0"},
				"up": {"uv": [12, 2, 8, 0], "texture": "#0"}
			}
		},
		{
			"from": [5, 5.75, 9],
			"to": [11, 8, 9.25],
			"rotation": {"angle": 0, "axis": "y", "origin": [5, 0, 0]},
			"faces": {
				"east": {"uv": [9.33333, 12.66667, 9.5, 14.16667], "texture": "#0"},
				"south": {"uv": [0, 10.66667, 4, 12.16667], "texture": "#0"},
				"west": {"uv": [10, 12.66667, 10.16667, 14.16667], "texture": "#0"},
				"up": {"uv": [6.66667, 8.83333, 2.66667, 8.66667], "texture": "#0"},
				"down": {"uv": [16, 1.33333, 12, 1.5], "texture": "#0"}
			}
		},
		{
			"from": [4, 1, 7],
			"to": [5, 3, 9],
			"rotation": {"angle": 0, "axis": "y", "origin": [4, 0, 8]},
			"faces": {
				"north": {"uv": [1.33333, 12.66667, 2, 14], "texture": "#0"},
				"south": {"uv": [2, 12.66667, 2.66667, 14], "texture": "#0"},
				"west": {"uv": [10.66667, 8, 12, 9.33333], "texture": "#0"},
				"up": {"uv": [3.33333, 14, 2.66667, 12.66667], "texture": "#0"},
				"down": {"uv": [4, 12.66667, 3.33333, 14], "texture": "#0"}
			}
		},
		{
			"from": [5.5, 8.999, 3],
			"to": [6.5, 8.999, 6],
			"rotation": {"angle": 0, "axis": "x", "origin": [6, 8.999, 5]},
			"faces": {
				"up": {"uv": [8.66667, 14, 8, 12], "texture": "#0"},
				"down": {"uv": [8.66667, 12, 8, 14], "texture": "#0"}
			}
		},
		{
			"from": [5.5, 1.999, 3],
			"to": [6.5, 1.999, 6],
			"rotation": {"angle": 0, "axis": "x", "origin": [6, 1.999, 5]},
			"faces": {
				"up": {"uv": [8.66667, 14, 8, 12], "texture": "#0"},
				"down": {"uv": [8.66667, 12, 8, 14], "texture": "#0"}
			}
		},
		{
			"from": [5.5, 2, 3],
			"to": [6.5, 9, 3],
			"rotation": {"angle": 0, "axis": "y", "origin": [6.5, 7, 3]},
			"faces": {
				"north": {"uv": [6, 10.66667, 6.66667, 15.33333], "texture": "#0"},
				"south": {"uv": [6.66667, 10.66667, 6, 15.33333], "texture": "#0"}
			}
		},
		{
			"from": [5.5, 8, 6],
			"to": [6.5, 9, 6],
			"rotation": {"angle": 0, "axis": "y", "origin": [6.5, 8, 6]},
			"faces": {
				"north": {"uv": [8.66667, 4.66667, 8, 5.33333], "texture": "#0"},
				"south": {"uv": [8, 4.66667, 8.66667, 5.33333], "texture": "#0"}
			}
		},
		{
			"from": [9.5, 8, 6],
			"to": [10.5, 9, 6],
			"rotation": {"angle": 0, "axis": "y", "origin": [9.5, 8, 6]},
			"faces": {
				"north": {"uv": [8, 4.66667, 8.66667, 5.33333], "texture": "#0"},
				"south": {"uv": [8.66667, 4.66667, 8, 5.33333], "texture": "#0"}
			}
		},
		{
			"from": [9.5, 8.999, 3],
			"to": [10.5, 8.999, 6],
			"rotation": {"angle": 0, "axis": "x", "origin": [10, 8.999, 5]},
			"faces": {
				"up": {"uv": [8, 14, 8.66667, 12], "texture": "#0"},
				"down": {"uv": [8, 12, 8.66667, 14], "texture": "#0"}
			}
		},
		{
			"from": [9.5, 2, 3],
			"to": [10.5, 9, 3],
			"rotation": {"angle": 0, "axis": "y", "origin": [9.5, 7, 3]},
			"faces": {
				"north": {"uv": [6.66667, 10.66667, 6, 15.33333], "texture": "#0"},
				"south": {"uv": [6, 10.66667, 6.66667, 15.33333], "texture": "#0"}
			}
		},
		{
			"from": [9.5, 1.999, 3],
			"to": [10.5, 1.999, 6],
			"rotation": {"angle": 0, "axis": "x", "origin": [10, 1.999, 5]},
			"faces": {
				"up": {"uv": [8, 14, 8.66667, 12], "texture": "#0"},
				"down": {"uv": [8, 12, 8.66667, 14], "texture": "#0"}
			}
		},
		{
			"from": [7.5, 5.5, 9],
			"to": [8.5, 6.5, 9.5],
			"rotation": {"angle": 45, "axis": "z", "origin": [8, 6, 9.5]},
			"faces": {
				"north": {"uv": [8.66667, 4.66667, 9.33333, 5.33333], "texture": "#0"},
				"east": {"uv": [10, 4.66667, 10.33333, 5.33333], "texture": "#0"},
				"south": {"uv": [9.33333, 4.66667, 10, 5.33333], "texture": "#0"},
				"west": {"uv": [12.66667, 7.33333, 13, 8], "texture": "#0"},
				"up": {"uv": [13.33333, 13, 12.66667, 12.66667], "texture": "#0"},
				"down": {"uv": [14, 0, 13.33333, 0.33333], "texture": "#0"}
			}
		},
		{
			"from": [5.5, -2, 9.999],
			"to": [6.5, 0, 9.999],
			"rotation": {"angle": 0, "axis": "y", "origin": [5.5, -2, 9.999]},
			"faces": {
				"north": {"uv": [4.66667, 12.66667, 4, 14], "texture": "#0"},
				"south": {"uv": [4, 12.66667, 4.66667, 14], "texture": "#0"}
			}
		},
		{
			"from": [9.5, -2, 9.999],
			"to": [10.5, 0, 9.999],
			"rotation": {"angle": 0, "axis": "y", "origin": [10.5, -2, 9.999]},
			"faces": {
				"north": {"uv": [4, 12.66667, 4.66667, 14], "texture": "#0"},
				"south": {"uv": [4.66667, 12.66667, 4, 14], "texture": "#0"}
			}
		},
		{
			"from": [9.5, 5, 9.249],
			"to": [10.5, 5.75, 9.249],
			"rotation": {"angle": 0, "axis": "y", "origin": [10.5, 3.75, 9.249]},
			"faces": {
				"north": {"uv": [0, 10, 0.66667, 10.5], "texture": "#0"},
				"south": {"uv": [0.66667, 10, 0, 10.5], "texture": "#0"}
			}
		},
		{
			"from": [5.5, -2, 9.999],
			"to": [6.5, 0, 9.999],
			"rotation": {"angle": 0, "axis": "y", "origin": [5.5, -2, 9.999]},
			"faces": {
				"north": {"uv": [4.66667, 12.66667, 4, 14], "texture": "#0"},
				"south": {"uv": [4, 12.66667, 4.66667, 14], "texture": "#0"}
			}
		},
		{
			"from": [5.5, 5, 9.249],
			"to": [6.5, 5.75, 9.249],
			"rotation": {"angle": 0, "axis": "y", "origin": [5.5, 3.75, 9.249]},
			"faces": {
				"north": {"uv": [0.66667, 10, 0, 10.5], "texture": "#0"},
				"south": {"uv": [0, 10, 0.66667, 10.5], "texture": "#0"}
			}
		},
		{
			"from": [3.5, 8, 6.5],
			"to": [12.5, 10, 8.5],
			"rotation": {"angle": 0, "axis": "y", "origin": [4.5, 0, 0]},
			"faces": {
				"north": {"uv": [8, 2, 14, 3.33333], "texture": "#0"},
				"east": {"uv": [12, 0, 13.33333, 1.33333], "texture": "#0"},
				"south": {"uv": [8, 3.33333, 14, 4.66667], "texture": "#0"},
				"west": {"uv": [6.66667, 12, 8, 13.33333], "texture": "#0"},
				"up": {"uv": [8.66667, 10.66667, 2.66667, 9.33333], "texture": "#0"},
				"down": {"uv": [14.66667, 9.33333, 8.66667, 10.66667], "texture": "#0"}
			}
		},
		{
			"from": [11.15, 0.5, 6.5],
			"to": [13.15, 2.5, 9.5],
			"rotation": {"angle": -22.5, "axis": "z", "origin": [12.4, 2, 8]},
			"faces": {
				"north": {"uv": [12, 8, 13.33333, 9.33333], "texture": "#0"},
				"east": {"uv": [6.66667, 10.66667, 8.66667, 12], "texture": "#0"},
				"south": {"uv": [0, 12.66667, 1.33333, 14], "texture": "#0"},
				"west": {"uv": [10.66667, 6.66667, 12.66667, 8], "texture": "#0"},
				"up": {"uv": [4, 8.66667, 2.66667, 6.66667], "texture": "#0"},
				"down": {"uv": [10, 10.66667, 8.66667, 12.66667], "texture": "#0"}
			}
		},
		{
			"from": [11.31254, 3.31346, 6.5],
			"to": [13.31254, 3.56346, 9.5],
			"rotation": {"angle": 22.5, "axis": "z", "origin": [12.31254, 3.43846, 8]},
			"faces": {
				"north": {"uv": [13.33333, 0.66667, 14.66667, 0.83333], "texture": "#0"},
				"east": {"uv": [0.66667, 10, 2.66667, 10.16667], "texture": "#0"},
				"south": {"uv": [13.33333, 4.66667, 14.66667, 4.83333], "texture": "#0"},
				"west": {"uv": [12.66667, 6.66667, 14.66667, 6.83333], "texture": "#0"},
				"up": {"uv": [11.33333, 12.66667, 10, 10.66667], "texture": "#0"},
				"down": {"uv": [12.66667, 10.66667, 11.33333, 12.66667], "texture": "#0"}
			}
		},
		{
			"from": [11.45925, 2.62493, 9.5],
			"to": [11.95925, 4.87493, 9.75],
			"rotation": {"angle": 45, "axis": "z", "origin": [12.78425, 3.17493, 9.75]},
			"faces": {
				"north": {"uv": [4.66667, 12.66667, 5, 14.16667], "texture": "#0"},
				"east": {"uv": [10.66667, 12.66667, 10.83333, 14.16667], "texture": "#0"},
				"south": {"uv": [12.66667, 4.66667, 13, 6.16667], "texture": "#0"},
				"west": {"uv": [12.66667, 10.66667, 12.83333, 12.16667], "texture": "#0"},
				"up": {"uv": [13.66667, 5.5, 13.33333, 5.33333], "texture": "#0"},
				"down": {"uv": [13.66667, 6, 13.33333, 6.16667], "texture": "#0"}
			}
		},
		{
			"from": [11.45925, 2.62493, 6.25],
			"to": [11.95925, 4.87493, 6.5],
			"rotation": {"angle": 45, "axis": "z", "origin": [12.78425, 3.17493, 6.25]},
			"faces": {
				"north": {"uv": [5.33333, 12.66667, 5.66667, 14.16667], "texture": "#0"},
				"east": {"uv": [11.33333, 12.66667, 11.5, 14.16667], "texture": "#0"},
				"south": {"uv": [8.66667, 12.66667, 9, 14.16667], "texture": "#0"},
				"west": {"uv": [12, 12.66667, 12.16667, 14.16667], "texture": "#0"},
				"up": {"uv": [7, 13.5, 6.66667, 13.33333], "texture": "#0"},
				"down": {"uv": [7.66667, 13.33333, 7.33333, 13.5], "texture": "#0"}
			}
		},
		{
			"from": [11.85, 2, 9.7],
			"to": [12.35, 5, 10.2],
			"rotation": {"angle": -22.5, "axis": "z", "origin": [12.1, 4.25, 10.1575]},
			"faces": {
				"north": {"uv": [14.16667, 11, 14.5, 13], "texture": "#0"},
				"east": {"uv": [15.16667, 11, 15.5, 13], "texture": "#0"},
				"south": {"uv": [14.5, 11, 14.83333, 13], "texture": "#0"},
				"west": {"uv": [14.83333, 11, 15.16667, 13], "texture": "#0"},
				"up": {"uv": [13.66667, 11, 14, 11.33333], "texture": "#0"},
				"down": {"uv": [13.66667, 11.33333, 14, 11.66667], "texture": "#0"}
			}
		},
		{
			"from": [12.38033, 4.53033, 9.675],
			"to": [12.88033, 5.03033, 10.675],
			"rotation": {"angle": 22.5, "axis": "z", "origin": [12.1, 4.25, 10.1575]},
			"faces": {
				"north": {"uv": [13.5, 13.33333, 13.83333, 13.66667], "texture": "#0"},
				"east": {"uv": [14.66667, 13.66667, 15.33333, 14], "texture": "#0"},
				"south": {"uv": [13.5, 13.66667, 13.83333, 14], "texture": "#0"},
				"west": {"uv": [14.66667, 13.33333, 15.33333, 13.66667], "texture": "#0"},
				"up": {"uv": [14, 13.33333, 14.33333, 14], "texture": "#0"},
				"down": {"uv": [14.33333, 13.33333, 14.66667, 14], "texture": "#0"}
			}
		},
		{
			"from": [10.6, 3.45, 10.35],
			"to": [13.6, 6.45, 10.38],
			"rotation": {"angle": -22.5, "axis": "z", "origin": [12.1, 4.25, 10.1575]},
			"faces": {
				"north": {"uv": [13, 0, 0, 13], "texture": "#1"},
				"south": {"uv": [0, 0, 13, 13], "texture": "#1"}
			}
		},
		{
			"from": [4.48001, -0.53062, 7.38268],
			"to": [4.51001, 1.46938, 9.38268],
			"rotation": {"angle": 45, "axis": "x", "origin": [4.49501, 0.85, 7.99501]},
			"faces": {
				"east": {"uv": [2.66667, 0, 4, 1.33333], "texture": "#3"},
				"west": {"uv": [4, 0, 2.66667, 1.33333], "texture": "#3"}
			}
		},
		{
			"from": [2.435, 2.875, 7.86],
			"to": [4.435, 4.875, 7.89],
			"rotation": {"angle": 22.5, "axis": "z", "origin": [4.435, 2.875, 7.76]},
			"faces": {
				"north": {"uv": [2.66667, 1.33333, 4, 2.66667], "texture": "#3"},
				"south": {"uv": [4, 1.33333, 2.66667, 2.66667], "texture": "#3"}
			}
		},
		{
			"from": [2.435, 2.875, 8.11],
			"to": [4.435, 4.875, 8.14],
			"rotation": {"angle": 0, "axis": "z", "origin": [4.435, 2.875, 8.01]},
			"faces": {
				"north": {"uv": [2.66667, 1.33333, 4, 2.66667], "texture": "#3"},
				"south": {"uv": [4, 1.33333, 2.66667, 2.66667], "texture": "#3"}
			}
		},
		{
			"from": [3.9, 5.25, 9.5],
			"to": [5.9, 8.25, 9.53],
			"rotation": {"angle": 0, "axis": "y", "origin": [3.9, 5.25, 9.5]},
			"faces": {
				"north": {"uv": [8, 0, 0, 12], "texture": "#2"},
				"south": {"uv": [0, 0, 8, 12], "texture": "#2"},
				"down": {"uv": [0, 8, 0, 0], "rotation": 270, "texture": "#2"}
			}
		},
		{
			"from": [10.85, 9.5, 8.75],
			"to": [12.85, 12.5, 8.78],
			"rotation": {"angle": 0, "axis": "y", "origin": [12.85, 9.5, 8.75]},
			"faces": {
				"north": {"uv": [0, 0, 8, 12], "texture": "#2"},
				"south": {"uv": [8, 0, 0, 12], "texture": "#2"},
				"down": {"uv": [0, 0, 0, 8], "rotation": 270, "texture": "#2"}
			}
		},
		{
			"from": [4.51935, 5.3741, 7.0125],
			"to": [5.11935, 6.3741, 8.0125],
			"rotation": {"angle": -22.5, "axis": "x", "origin": [4.83185, 6.00945, 7.5125]},
			"faces": {
				"north": {"uv": [12.66667, 12, 13.33333, 12.33333], "rotation": 90, "texture": "#3"},
				"east": {"uv": [5.33333, 12, 4.66667, 12.66667], "rotation": 270, "texture": "#3"},
				"south": {"uv": [0, 13.33333, 0.66667, 13.66667], "rotation": 270, "texture": "#3"},
				"west": {"uv": [4.66667, 12.66667, 4, 12], "rotation": 270, "texture": "#3"},
				"up": {"uv": [12.66667, 12.66667, 13.33333, 13], "rotation": 270, "texture": "#3"},
				"down": {"uv": [0.66667, 13.33333, 1.33333, 13.66667], "rotation": 270, "texture": "#3"}
			}
		},
		{
			"from": [4.56935, 6.32104, 7.2625],
			"to": [5.06935, 7.32104, 7.7625],
			"rotation": {"angle": -22.5, "axis": "x", "origin": [4.80685, 6.00945, 7.5125]},
			"faces": {
				"north": {"uv": [1.33333, 13.33333, 2, 13.66667], "rotation": 90, "texture": "#3"},
				"east": {"uv": [14, 2.66667, 13.33333, 3], "rotation": 270, "texture": "#3"},
				"south": {"uv": [2, 13.33333, 2.66667, 13.66667], "rotation": 270, "texture": "#3"},
				"west": {"uv": [3.33333, 13.66667, 2.66667, 13.33333], "rotation": 270, "texture": "#3"},
				"up": {"uv": [12.66667, 13.33333, 13, 13.66667], "rotation": 270, "texture": "#3"},
				"down": {"uv": [13.33333, 12.66667, 13.66667, 13], "rotation": 270, "texture": "#3"}
			}
		},
		{
			"from": [4.56935, 6.42546, 7.40494],
			"to": [5.06935, 7.42546, 7.90494],
			"rotation": {"angle": 45, "axis": "x", "origin": [4.80685, 6.10945, 7.4875]},
			"faces": {
				"north": {"uv": [1.33333, 13.33333, 2, 13.66667], "rotation": 90, "texture": "#3"},
				"east": {"uv": [14, 2.66667, 13.33333, 3], "rotation": 270, "texture": "#3"},
				"south": {"uv": [2, 13.33333, 2.66667, 13.66667], "rotation": 270, "texture": "#3"},
				"west": {"uv": [3.33333, 13.66667, 2.66667, 13.33333], "rotation": 270, "texture": "#3"},
				"up": {"uv": [12.66667, 13.33333, 13, 13.66667], "rotation": 270, "texture": "#3"},
				"down": {"uv": [13.33333, 12.66667, 13.66667, 13], "rotation": 270, "texture": "#3"}
			}
		},
		{
			"from": [4.56935, 5.74201, 6.09649],
			"to": [5.06935, 6.24201, 7.09649],
			"rotation": {"angle": 0, "axis": "y", "origin": [4.41935, 5.99201, 6.69649]},
			"faces": {
				"north": {"uv": [13, 13.33333, 12.66667, 13.66667], "rotation": 90, "texture": "#3"},
				"east": {"uv": [13.33333, 2.66667, 14, 3], "rotation": 180, "texture": "#3"},
				"south": {"uv": [13.66667, 12.66667, 13.33333, 13], "rotation": 270, "texture": "#3"},
				"west": {"uv": [2.66667, 13.66667, 3.33333, 13.33333], "texture": "#3"},
				"up": {"uv": [2, 13.33333, 1.33333, 13.66667], "rotation": 270, "texture": "#3"},
				"down": {"uv": [2.66667, 13.33333, 2, 13.66667], "rotation": 270, "texture": "#3"}
			}
		},
		{
			"from": [4.56935, 4.96429, 7.97136],
			"to": [5.06935, 5.96429, 8.47136],
			"rotation": {"angle": -45, "axis": "x", "origin": [4.81935, 5.46429, 8.42136]},
			"faces": {
				"north": {"uv": [2, 13.33333, 1.33333, 13.66667], "rotation": 90, "texture": "#3"},
				"east": {"uv": [14, 3, 13.33333, 2.66667], "rotation": 90, "texture": "#3"},
				"south": {"uv": [2.66667, 13.33333, 2, 13.66667], "rotation": 270, "texture": "#3"},
				"west": {"uv": [3.33333, 13.33333, 2.66667, 13.66667], "rotation": 90, "texture": "#3"},
				"up": {"uv": [13.66667, 12.66667, 13.33333, 13], "rotation": 270, "texture": "#3"},
				"down": {"uv": [13, 13.33333, 12.66667, 13.66667], "rotation": 270, "texture": "#3"}
			}
		},
		{
			"from": [4.56935, 4.46363, 7.36442],
			"to": [5.06935, 5.46363, 7.86442],
			"rotation": {"angle": 22.5, "axis": "x", "origin": [4.80685, 6.00945, 7.5125]},
			"faces": {
				"north": {"uv": [2, 13.33333, 2.66667, 13.66667], "rotation": 90, "texture": "#3"},
				"east": {"uv": [13.33333, 3, 14, 2.66667], "rotation": 270, "texture": "#3"},
				"south": {"uv": [1.33333, 13.33333, 2, 13.66667], "rotation": 270, "texture": "#3"},
				"west": {"uv": [2.66667, 13.33333, 3.33333, 13.66667], "rotation": 270, "texture": "#3"},
				"up": {"uv": [13.33333, 12.66667, 13.66667, 13], "rotation": 270, "texture": "#3"},
				"down": {"uv": [12.66667, 13.33333, 13, 13.66667], "rotation": 270, "texture": "#3"}
			}
		},
		{
			"from": [11.635, 1.75, 9.935],
			"to": [12.885, 3, 9.965],
			"rotation": {"angle": 22.5, "axis": "z", "origin": [11.635, 3, 10.065]},
			"faces": {
				"north": {"uv": [6.16667, 10.66667, 5.33333, 11.5], "rotation": 270, "texture": "#3"},
				"south": {"uv": [5.33333, 10.66667, 6.16667, 11.5], "rotation": 90, "texture": "#3"}
			}
		},
		{
			"from": [7, 10.32199, 6.6875],
			"to": [9, 11.32199, 8.6875],
			"rotation": {"angle": 0, "axis": "y", "origin": [8, 10.71413, 8.25]},
			"faces": {
				"north": {"uv": [6.66667, 3.33333, 8, 4], "texture": "#3"},
				"east": {"uv": [4, 6.66667, 5.33333, 7.33333], "texture": "#3"},
				"south": {"uv": [2.66667, 6.66667, 4, 7.33333], "texture": "#3"},
				"west": {"uv": [6.66667, 2.66667, 8, 3.33333], "texture": "#3"},
				"up": {"uv": [5.33333, 2.66667, 4, 1.33333], "rotation": 180, "texture": "#3"},
				"down": {"uv": [4, 4, 2.66667, 5.33333], "rotation": 180, "texture": "#3"}
			}
		},
		{
			"from": [7.48696, 9.3396, 6.6875],
			"to": [7.51696, 10.0896, 8.6875],
			"rotation": {"angle": -22.5, "axis": "z", "origin": [8, 10.71413, 8.25]},
			"faces": {
				"east": {"uv": [8, 10.66667, 9.33333, 11.16667], "texture": "#3"},
				"west": {"uv": [6.66667, 10.66667, 8, 11.16667], "texture": "#3"}
			}
		},
		{
			"from": [8.48304, 9.33959, 6.6875],
			"to": [8.51304, 10.08959, 8.6875],
			"rotation": {"angle": 22.5, "axis": "z", "origin": [8, 10.71413, 8.25]},
			"faces": {
				"east": {"uv": [10.66667, 9.33333, 12, 9.83333], "texture": "#3"},
				"west": {"uv": [9.33333, 10.66667, 10.66667, 11.16667], "texture": "#3"}
			}
		},
		{
			"from": [7, 11.32199, 8.6575],
			"to": [9, 11.57199, 8.6875],
			"rotation": {"angle": 0, "axis": "y", "origin": [8, 10.71413, 8.25]},
			"faces": {
				"north": {"uv": [13.33333, 3.33333, 14.66667, 3.5], "texture": "#3"},
				"south": {"uv": [3.33333, 13.33333, 4.66667, 13.5], "texture": "#3"}
			}
		},
		{
			"from": [6.25, 10.43139, 8.52206],
			"to": [7, 11.18139, 9.27206],
			"rotation": {"angle": -22.5, "axis": "x", "origin": [8, 10.71413, 8.25]},
			"faces": {
				"north": {"uv": [12.66667, 6.66667, 13.16667, 7.16667], "texture": "#3"},
				"east": {"uv": [7.33333, 12.66667, 7.83333, 13.16667], "texture": "#3"},
				"south": {"uv": [12.66667, 6, 13.16667, 6.5], "texture": "#3"},
				"west": {"uv": [6.66667, 12.66667, 7.16667, 13.16667], "texture": "#3"},
				"up": {"uv": [13.16667, 7.83333, 12.66667, 7.33333], "rotation": 180, "texture": "#3"},
				"down": {"uv": [8.5, 12.66667, 8, 13.16667], "rotation": 180, "texture": "#3"}
			}
		},
		{
			"from": [9, 10.47199, 8.4375],
			"to": [9.75, 11.22199, 9.1875],
			"rotation": {"angle": 0, "axis": "y", "origin": [8, 10.71413, 8.25]},
			"faces": {
				"north": {"uv": [13.16667, 6.66667, 12.66667, 7.16667], "texture": "#3"},
				"east": {"uv": [6.66667, 13.16667, 7.16667, 12.66667], "rotation": 180, "texture": "#3"},
				"south": {"uv": [13.16667, 6, 12.66667, 6.5], "texture": "#3"},
				"west": {"uv": [7.33333, 13.16667, 7.83333, 12.66667], "rotation": 180, "texture": "#3"},
				"up": {"uv": [12.66667, 7.83333, 13.16667, 7.33333], "rotation": 180, "texture": "#3"},
				"down": {"uv": [8, 12.66667, 8.5, 13.16667], "rotation": 180, "texture": "#3"}
			}
		}
	],
	"gui_light": "front",
	"display": {
		"thirdperson_righthand": {
			"rotation": [-122, 0, -180],
			"translation": [0, -0.75, -1.75]
		},
		"thirdperson_lefthand": {
			"rotation": [66.75, 0, 0],
			"translation": [-5.5, -5.75, 12.5],
			"scale": [1.32422, 1.32422, 1.32422]
		},
		"firstperson_righthand": {
			"rotation": [-26.25, 0, 0],
			"translation": [-1.5, 7.75, 0]
		},
		"firstperson_lefthand": {
			"rotation": [-26.25, 0, 0],
			"translation": [-1.5, 7.75, 0],
			"scale": [0, 0, 0]
		},
		"ground": {
			"rotation": [-40, 0, 0],
			"translation": [0, 7.5, -1.5]
		},
		"gui": {
			"rotation": [30, -45, 0],
			"translation": [-1.25, 3.5, 0],
			"scale": [1.33984, 1.33984, 1.33984]
		},
		"head": {
			"translation": [0, -8.5, 7.75],
			"scale": [2.22656, 2.22656, 2.22656]
		},
		"fixed": {
			"rotation": [-90, 180, 0],
			"translation": [0, 0, -26.5],
			"scale": [3.31641, 3.31641, 3.31641]
		}
	}
}