{
	"credit": "Made by PolygonMC",
	"texture_size": [24, 24],
	"textures": {
		"1": "summerset/animations/spin_animations",
		"3": "summerset/animations/bubble_1",
		"4": "summerset/crossbow_1",
		"particle": "summerset/animations/bubble_1"
	},
	"elements": [
		{
			"from": [8.46508, 7.5, 1.45537],
			"to": [10.46508, 8.5, 2.45537],
			"rotation": {"angle": 22.5, "axis": "y", "origin": [10.46508, 7.5, 1.45537]},
			"faces": {
				"north": {"uv": [8.66667, 4, 10, 4.66667], "texture": "#4"},
				"south": {"uv": [8.66667, 8, 10, 8.66667], "texture": "#4"},
				"up": {"uv": [10, 9.33333, 8.66667, 8.66667], "texture": "#4"},
				"down": {"uv": [1.33333, 9.33333, 0, 10], "texture": "#4"}
			}
		},
		{
			"from": [9.21507, 7.35, 1.30538],
			"to": [9.71507, 8.65, 2.60538],
			"rotation": {"angle": 22.5, "axis": "y", "origin": [10.46507, 7.5, 1.45538]},
			"faces": {
				"north": {"uv": [5.33333, 13.33333, 5.66667, 14.16667], "texture": "#4"},
				"east": {"uv": [4.66667, 10, 5.5, 10.83333], "texture": "#4"},
				"south": {"uv": [8.66667, 13.33333, 9, 14.16667], "texture": "#4"},
				"west": {"uv": [6, 10, 6.83333, 10.83333], "texture": "#4"},
				"up": {"uv": [9.66667, 14.16667, 9.33333, 13.33333], "texture": "#4"},
				"down": {"uv": [13.66667, 9.33333, 13.33333, 10.16667], "texture": "#4"}
			}
		},
		{
			"from": [5.38268, 7.5, 2.22074],
			"to": [7.38268, 8.5, 3.22074],
			"rotation": {"angle": -22.5, "axis": "y", "origin": [7.38268, 7.5, 2.22074]},
			"faces": {
				"north": {"uv": [9.33333, 0, 10.66667, 0.66667], "texture": "#4"},
				"south": {"uv": [1.33333, 9.33333, 2.66667, 10], "texture": "#4"},
				"up": {"uv": [6, 10, 4.66667, 9.33333], "texture": "#4"},
				"down": {"uv": [10.66667, 4.66667, 9.33333, 5.33333], "texture": "#4"}
			}
		},
		{
			"from": [6.13268, 7.35, 2.07074],
			"to": [6.63268, 8.65, 3.37074],
			"rotation": {"angle": -22.5, "axis": "y", "origin": [7.38268, 7.5, 2.22074]},
			"faces": {
				"north": {"uv": [10, 13.33333, 10.33333, 14.16667], "texture": "#4"},
				"east": {"uv": [10, 8, 10.83333, 8.83333], "texture": "#4"},
				"south": {"uv": [10.66667, 13.33333, 11, 14.16667], "texture": "#4"},
				"west": {"uv": [10, 9.33333, 10.83333, 10.16667], "texture": "#4"},
				"up": {"uv": [13.66667, 11.5, 13.33333, 10.66667], "texture": "#4"},
				"down": {"uv": [11.66667, 13.33333, 11.33333, 14.16667], "texture": "#4"}
			}
		},
		{
			"from": [7, 7.4975, 2.14462],
			"to": [9, 8.5025, 3.14462],
			"rotation": {"angle": 0, "axis": "y", "origin": [9, 7.4975, 2.14462]},
			"faces": {
				"north": {"uv": [9.33333, 5.33333, 10.66667, 6], "texture": "#4"},
				"east": {"uv": [10, 4, 10.66667, 4.66667], "texture": "#4"},
				"south": {"uv": [6, 9.33333, 7.33333, 10], "texture": "#4"},
				"up": {"uv": [10.66667, 6.66667, 9.33333, 6], "texture": "#4"},
				"down": {"uv": [10.66667, 6.66667, 9.33333, 7.33333], "texture": "#4"}
			}
		},
		{
			"from": [7.9975, 2.08214, 8.98795],
			"to": [8.0025, 4.08214, 10.98795],
			"rotation": {"angle": 22.5, "axis": "x", "origin": [8.1625, 3.325, 9.875]},
			"faces": {
				"east": {"uv": [5.33333, 4.66667, 4, 6], "texture": "#4"},
				"west": {"uv": [4, 4.66667, 5.33333, 6], "texture": "#4"}
			}
		},
		{
			"from": [10.43064, 7.445, 0.33791],
			"to": [11.54064, 8.555, 3.05791],
			"rotation": {"angle": 22.5, "axis": "y", "origin": [10.98592, 8, 1.74205]},
			"faces": {
				"north": {"uv": [10.66667, 6.66667, 11.33333, 7.33333], "texture": "#4"},
				"east": {"uv": [6.66667, 3.33333, 8.5, 4], "texture": "#4"},
				"south": {"uv": [12.66667, 9.33333, 13.33333, 10], "texture": "#4"},
				"west": {"uv": [6.66667, 4, 8.5, 4.66667], "texture": "#4"},
				"up": {"uv": [6.66667, 9.16667, 6, 7.33333], "texture": "#4"},
				"down": {"uv": [8, 6, 7.33333, 7.83333], "texture": "#4"}
			}
		},
		{
			"from": [8.85864, 7.556, 0.76603],
			"to": [9.98464, 8.444, 1.65403],
			"rotation": {"angle": -45, "axis": "y", "origin": [10.98592, 8, 1.74205]},
			"faces": {
				"north": {"uv": [10.66667, 2.66667, 11.5, 3.33333], "texture": "#4"},
				"south": {"uv": [8.66667, 12, 9.5, 12.66667], "texture": "#4"},
				"west": {"uv": [10, 12.66667, 10.66667, 13.33333], "texture": "#4"},
				"up": {"uv": [10.83333, 12.66667, 10, 12], "texture": "#4"},
				"down": {"uv": [12.16667, 12, 11.33333, 12.66667], "texture": "#4"}
			}
		},
		{
			"from": [8.57449, 7.64924, 0.10428],
			"to": [9.41153, 8.35076, 0.8058],
			"rotation": {"angle": -22.5, "axis": "y", "origin": [10.98592, 8, 1.74205]},
			"faces": {
				"north": {"uv": [12.66667, 13.33333, 13.16667, 13.83333], "texture": "#4"},
				"south": {"uv": [0, 14, 0.5, 14.5], "texture": "#4"},
				"west": {"uv": [14, 0, 14.5, 0.5], "texture": "#4"},
				"up": {"uv": [1.16667, 14.5, 0.66667, 14], "texture": "#4"},
				"down": {"uv": [14.5, 0.66667, 14, 1.16667], "texture": "#4"}
			}
		},
		{
			"from": [11.95375, 7.64924, 3.14772],
			"to": [12.79079, 8.35076, 3.84924],
			"rotation": {"angle": -22.5, "axis": "y", "origin": [11.99662, 8, 3.40005]},
			"faces": {
				"north": {"uv": [0, 14, 0.5, 14.5], "texture": "#4"},
				"east": {"uv": [14, 0, 14.5, 0.5], "texture": "#4"},
				"south": {"uv": [12.66667, 13.33333, 13.16667, 13.83333], "texture": "#4"},
				"up": {"uv": [1.16667, 14.5, 0.66667, 14], "rotation": 180, "texture": "#4"},
				"down": {"uv": [14.5, 0.66667, 14, 1.16667], "rotation": 180, "texture": "#4"}
			}
		},
		{
			"from": [11.4998, 7.556, 2.45232],
			"to": [12.3878, 8.444, 3.57832],
			"rotation": {"angle": 45, "axis": "y", "origin": [11.99662, 8, 3.40005]},
			"faces": {
				"east": {"uv": [8.66667, 12, 9.5, 12.66667], "texture": "#4"},
				"south": {"uv": [10, 12.66667, 10.66667, 13.33333], "texture": "#4"},
				"west": {"uv": [10.66667, 2.66667, 11.5, 3.33333], "texture": "#4"},
				"up": {"uv": [10.83333, 12.66667, 10, 12], "rotation": 270, "texture": "#4"},
				"down": {"uv": [12.16667, 12, 11.33333, 12.66667], "rotation": 90, "texture": "#4"}
			}
		},
		{
			"from": [3.20921, 7.64924, 3.14772],
			"to": [4.04625, 8.35076, 3.84924],
			"rotation": {"angle": 22.5, "axis": "y", "origin": [4.00338, 8, 3.40005]},
			"faces": {
				"north": {"uv": [0.5, 14, 0, 14.5], "texture": "#4"},
				"south": {"uv": [13.16667, 13.33333, 12.66667, 13.83333], "texture": "#4"},
				"west": {"uv": [14.5, 0, 14, 0.5], "texture": "#4"},
				"up": {"uv": [0.66667, 14.5, 1.16667, 14], "rotation": 180, "texture": "#4"},
				"down": {"uv": [14, 0.66667, 14.5, 1.16667], "rotation": 180, "texture": "#4"}
			}
		},
		{
			"from": [3.6122, 7.556, 2.45232],
			"to": [4.5002, 8.444, 3.57832],
			"rotation": {"angle": -45, "axis": "y", "origin": [4.00338, 8, 3.40005]},
			"faces": {
				"east": {"uv": [11.5, 2.66667, 10.66667, 3.33333], "texture": "#4"},
				"south": {"uv": [10.66667, 12.66667, 10, 13.33333], "texture": "#4"},
				"west": {"uv": [9.5, 12, 8.66667, 12.66667], "texture": "#4"},
				"up": {"uv": [10.83333, 12, 10, 12.66667], "rotation": 270, "texture": "#4"},
				"down": {"uv": [12.16667, 12.66667, 11.33333, 12], "rotation": 90, "texture": "#4"}
			}
		},
		{
			"from": [4.45936, 7.445, 0.33791],
			"to": [5.56936, 8.555, 3.05791],
			"rotation": {"angle": -22.5, "axis": "y", "origin": [5.01408, 8, 1.74205]},
			"faces": {
				"north": {"uv": [11.33333, 6.66667, 10.66667, 7.33333], "texture": "#4"},
				"east": {"uv": [8.5, 4, 6.66667, 4.66667], "texture": "#4"},
				"south": {"uv": [13.33333, 9.33333, 12.66667, 10], "texture": "#4"},
				"west": {"uv": [8.5, 3.33333, 6.66667, 4], "texture": "#4"},
				"up": {"uv": [6, 9.16667, 6.66667, 7.33333], "texture": "#4"},
				"down": {"uv": [7.33333, 6, 8, 7.83333], "texture": "#4"}
			}
		},
		{
			"from": [6.01536, 7.556, 0.76603],
			"to": [7.14136, 8.444, 1.65403],
			"rotation": {"angle": 45, "axis": "y", "origin": [5.01408, 8, 1.74205]},
			"faces": {
				"north": {"uv": [11.5, 2.66667, 10.66667, 3.33333], "texture": "#4"},
				"east": {"uv": [10.66667, 12.66667, 10, 13.33333], "texture": "#4"},
				"south": {"uv": [9.5, 12, 8.66667, 12.66667], "texture": "#4"},
				"up": {"uv": [10, 12.66667, 10.83333, 12], "texture": "#4"},
				"down": {"uv": [11.33333, 12, 12.16667, 12.66667], "texture": "#4"}
			}
		},
		{
			"from": [6.58847, 7.64924, 0.10428],
			"to": [7.42551, 8.35076, 0.8058],
			"rotation": {"angle": 22.5, "axis": "y", "origin": [5.01408, 8, 1.74205]},
			"faces": {
				"north": {"uv": [13.16667, 13.33333, 12.66667, 13.83333], "texture": "#4"},
				"east": {"uv": [14.5, 0, 14, 0.5], "texture": "#4"},
				"south": {"uv": [0.5, 14, 0, 14.5], "texture": "#4"},
				"up": {"uv": [0.66667, 14.5, 1.16667, 14], "texture": "#4"},
				"down": {"uv": [14, 0.66667, 14.5, 1.16667], "texture": "#4"}
			}
		},
		{
			"from": [7.485, 3.54588, 8.70874],
			"to": [8.515, 4.77588, 9.93874],
			"rotation": {"angle": 22.5, "axis": "x", "origin": [8, 3.825, 9.35]},
			"faces": {
				"north": {"uv": [2.66667, 12.66667, 3.33333, 13.5], "texture": "#4"},
				"east": {"uv": [10.66667, 0, 11.5, 0.83333], "texture": "#4"},
				"south": {"uv": [6, 12.66667, 6.66667, 13.5], "texture": "#4"},
				"west": {"uv": [10.66667, 1.33333, 11.5, 2.16667], "texture": "#4"},
				"up": {"uv": [13.33333, 6.83333, 12.66667, 6], "texture": "#4"},
				"down": {"uv": [7.33333, 12.66667, 6.66667, 13.5], "texture": "#4"}
			}
		},
		{
			"from": [7.235, 3.79588, 8.95874],
			"to": [8.765, 4.52588, 9.68874],
			"rotation": {"angle": 22.5, "axis": "x", "origin": [8, 3.825, 9.35]},
			"faces": {
				"north": {"uv": [12.66667, 7.33333, 13.66667, 7.83333], "texture": "#4"},
				"east": {"uv": [14, 2.66667, 14.5, 3.16667], "texture": "#4"},
				"south": {"uv": [12.66667, 8, 13.66667, 8.5], "texture": "#4"},
				"west": {"uv": [3.33333, 14, 3.83333, 14.5], "texture": "#4"},
				"up": {"uv": [9.66667, 13.16667, 8.66667, 12.66667], "texture": "#4"},
				"down": {"uv": [13.66667, 8.66667, 12.66667, 9.16667], "texture": "#4"}
			}
		},
		{
			"from": [3.05, 8.215, 0.7],
			"to": [3.08, 10.215, 2.7],
			"rotation": {"angle": -22.5, "axis": "y", "origin": [0.45, 5.965, 7.95]},
			"faces": {
				"east": {"uv": [6.66667, 3.33333, 5.33333, 4.66667], "texture": "#4"},
				"west": {"uv": [5.33333, 3.33333, 6.66667, 4.66667], "texture": "#4"}
			}
		},
		{
			"from": [12.92, 8.215, 0.7],
			"to": [12.95, 10.215, 2.7],
			"rotation": {"angle": 22.5, "axis": "y", "origin": [15.55, 5.965, 7.95]},
			"faces": {
				"east": {"uv": [6.66667, 3.33333, 5.33333, 4.66667], "texture": "#4"},
				"west": {"uv": [5.33333, 3.33333, 6.66667, 4.66667], "texture": "#4"}
			}
		},
		{
			"from": [7, 6.24385, 11.68083],
			"to": [7.5, 9.74385, 12.18083],
			"rotation": {"angle": 22.5, "axis": "x", "origin": [7.625, 7.89205, 12.12179]},
			"faces": {
				"north": {"uv": [10, 0.66667, 10.33333, 3], "texture": "#4"},
				"east": {"uv": [1.33333, 10, 1.66667, 12.33333], "texture": "#4"},
				"south": {"uv": [2, 10, 2.33333, 12.33333], "texture": "#4"},
				"west": {"uv": [2.66667, 10, 3, 12.33333], "texture": "#4"},
				"up": {"uv": [14.33333, 11, 14, 10.66667], "texture": "#4"},
				"down": {"uv": [14.33333, 11.33333, 14, 11.66667], "texture": "#4"}
			}
		},
		{
			"from": [6.6475, 9.37347, 12.35152],
			"to": [7.5025, 9.97847, 12.95652],
			"rotation": {"angle": -22.5, "axis": "x", "origin": [7.25, 9.67597, 12.65402]},
			"faces": {
				"north": {"uv": [6.66667, 14, 7.16667, 14.33333], "texture": "#4"},
				"east": {"uv": [14, 12, 14.33333, 12.33333], "texture": "#4"},
				"south": {"uv": [7.33333, 14, 7.83333, 14.33333], "texture": "#4"},
				"west": {"uv": [12.66667, 14, 13, 14.33333], "texture": "#4"},
				"up": {"uv": [14.5, 7.66667, 14, 7.33333], "texture": "#4"},
				"down": {"uv": [8.5, 14, 8, 14.33333], "texture": "#4"}
			}
		},
		{
			"from": [7.5, 7.59484, 9.97665],
			"to": [8.5, 8.59484, 10.97665],
			"rotation": {"angle": 0, "axis": "y", "origin": [8, 8.87262, 9.1681]},
			"faces": {
				"north": {"uv": [10.66667, 12.66667, 11.33333, 13.33333], "texture": "#4"},
				"east": {"uv": [12.66667, 10.66667, 13.33333, 11.33333], "texture": "#4"},
				"south": {"uv": [11.33333, 12.66667, 12, 13.33333], "texture": "#4"},
				"west": {"uv": [12.66667, 11.33333, 13.33333, 12], "texture": "#4"},
				"down": {"uv": [12.66667, 12.66667, 12, 13.33333], "texture": "#4"}
			}
		},
		{
			"from": [6.57123, 7.12766, 10.3294],
			"to": [7.57123, 8.12766, 10.6294],
			"rotation": {"angle": 22.5, "axis": "z", "origin": [8.20201, 9.12262, 9.6681]},
			"faces": {
				"north": {"uv": [12.66667, 12, 13.33333, 12.66667], "texture": "#4"},
				"south": {"uv": [12.66667, 12.66667, 13.33333, 13.33333], "texture": "#4"},
				"west": {"uv": [14, 12.66667, 14.16667, 13.33333], "texture": "#4"},
				"up": {"uv": [14, 14.16667, 13.33333, 14], "texture": "#4"},
				"down": {"uv": [14.66667, 13.33333, 14, 13.5], "texture": "#4"}
			}
		},
		{
			"from": [7.85, 9.93373, 9.8544],
			"to": [8.15, 10.68373, 10.8544],
			"rotation": {"angle": -22.5, "axis": "x", "origin": [8, 10.43373, 10.3544]},
			"faces": {
				"east": {"uv": [4, 13.33333, 4.66667, 13.83333], "texture": "#4"},
				"south": {"uv": [14.66667, 3.33333, 14.83333, 3.83333], "texture": "#4"},
				"west": {"uv": [4.66667, 13.33333, 5.33333, 13.83333], "texture": "#4"},
				"up": {"uv": [14.16667, 14.66667, 14, 14], "texture": "#4"},
				"down": {"uv": [0.16667, 14.66667, 0, 15.33333], "texture": "#4"}
			}
		},
		{
			"from": [6.8451, 9.36629, 9.36842],
			"to": [7.3451, 10.11629, 9.66842],
			"rotation": {"angle": -45, "axis": "x", "origin": [6.8451, 9.61629, 9.51842]},
			"faces": {
				"north": {"uv": [14, 8, 14.33333, 8.5], "texture": "#4"},
				"east": {"uv": [4, 14.66667, 4.16667, 15.16667], "texture": "#4"},
				"south": {"uv": [14, 8.66667, 14.33333, 9.16667], "texture": "#4"},
				"west": {"uv": [14.66667, 4, 14.83333, 4.5], "texture": "#4"},
				"up": {"uv": [15, 6.16667, 14.66667, 6], "texture": "#4"},
				"down": {"uv": [7, 14.66667, 6.66667, 14.83333], "texture": "#4"}
			}
		},
		{
			"from": [8.6549, 9.36629, 9.36842],
			"to": [9.1549, 10.11629, 9.66842],
			"rotation": {"angle": -45, "axis": "x", "origin": [9.1549, 9.61629, 9.51842]},
			"faces": {
				"north": {"uv": [14, 9.33333, 14.33333, 9.83333], "texture": "#4"},
				"east": {"uv": [4.66667, 14.66667, 4.83333, 15.16667], "texture": "#4"},
				"south": {"uv": [14, 10, 14.33333, 10.5], "texture": "#4"},
				"west": {"uv": [14.66667, 4.66667, 14.83333, 5.16667], "texture": "#4"},
				"up": {"uv": [15, 6.83333, 14.66667, 6.66667], "texture": "#4"},
				"down": {"uv": [7.66667, 14.66667, 7.33333, 14.83333], "texture": "#4"}
			}
		},
		{
			"from": [8.42877, 7.12766, 10.3294],
			"to": [9.42877, 8.12766, 10.6294],
			"rotation": {"angle": -22.5, "axis": "z", "origin": [7.79799, 9.12262, 9.6681]},
			"faces": {
				"north": {"uv": [0, 13.33333, 0.66667, 14], "texture": "#4"},
				"east": {"uv": [14.66667, 0, 14.83333, 0.66667], "texture": "#4"},
				"south": {"uv": [13.33333, 0, 14, 0.66667], "texture": "#4"},
				"up": {"uv": [1.33333, 14.83333, 0.66667, 14.66667], "texture": "#4"},
				"down": {"uv": [15.33333, 0.66667, 14.66667, 0.83333], "texture": "#4"}
			}
		},
		{
			"from": [7.41, 7.83716, 9.62209],
			"to": [8.59, 9.01716, 10.80209],
			"rotation": {"angle": -22.5, "axis": "x", "origin": [8, 8.87262, 9.1681]},
			"faces": {
				"north": {"uv": [10.66667, 4, 11.5, 4.83333], "texture": "#4"},
				"east": {"uv": [10.66667, 5.33333, 11.5, 6.16667], "texture": "#4"},
				"south": {"uv": [7.33333, 10.66667, 8.16667, 11.5], "texture": "#4"},
				"west": {"uv": [8.66667, 10.66667, 9.5, 11.5], "texture": "#4"},
				"down": {"uv": [10.83333, 10.66667, 10, 11.5], "texture": "#4"}
			}
		},
		{
			"from": [7.41, 9.42006, 7.86708],
			"to": [8.59, 10.60006, 9.04708],
			"rotation": {"angle": 22.5, "axis": "x", "origin": [8, 8.87262, 9.1681]},
			"faces": {
				"north": {"uv": [0, 11.33333, 0.83333, 12.16667], "texture": "#4"},
				"east": {"uv": [4.66667, 11.33333, 5.5, 12.16667], "texture": "#4"},
				"west": {"uv": [6, 11.33333, 6.83333, 12.16667], "texture": "#4"},
				"up": {"uv": [12.16667, 7.5, 11.33333, 6.66667], "texture": "#4"},
				"down": {"uv": [12.16667, 8, 11.33333, 8.83333], "texture": "#4"}
			}
		},
		{
			"from": [7.5339, 9.93282, 7.72553],
			"to": [8.4661, 10.86502, 8.65773],
			"rotation": {"angle": 0, "axis": "y", "origin": [8, 8.87262, 9.1681]},
			"faces": {
				"north": {"uv": [0.66667, 13.33333, 1.33333, 14], "texture": "#4"},
				"east": {"uv": [13.33333, 0.66667, 14, 1.33333], "texture": "#4"},
				"west": {"uv": [1.33333, 13.33333, 2, 14], "texture": "#4"},
				"up": {"uv": [14, 2, 13.33333, 1.33333], "texture": "#4"},
				"down": {"uv": [2.66667, 13.33333, 2, 14], "texture": "#4"}
			}
		},
		{
			"from": [7.765, 9.93282, 7.29333],
			"to": [8.235, 10.39002, 7.72553],
			"rotation": {"angle": 0, "axis": "y", "origin": [8, 10.16142, 7.50943]},
			"faces": {
				"north": {"uv": [1.33333, 14.66667, 1.66667, 15], "texture": "#4"},
				"east": {"uv": [14.66667, 1.33333, 15, 1.66667], "texture": "#4"},
				"west": {"uv": [2, 14.66667, 2.33333, 15], "texture": "#4"},
				"up": {"uv": [15, 2.33333, 14.66667, 2], "texture": "#4"},
				"down": {"uv": [3, 14.66667, 2.66667, 15], "texture": "#4"}
			}
		},
		{
			"from": [7.3451, 8.34096, 9.43812],
			"to": [8.6549, 9.65076, 10.74792],
			"rotation": {"angle": -45, "axis": "x", "origin": [8, 8.87262, 9.1681]},
			"faces": {
				"north": {"uv": [11.33333, 9.33333, 12.16667, 10.16667], "texture": "#4"},
				"east": {"uv": [11.33333, 10.66667, 12.16667, 11.5], "texture": "#4"},
				"south": {"uv": [12, 0, 12.83333, 0.83333], "texture": "#4"},
				"west": {"uv": [12, 1.33333, 12.83333, 2.16667], "texture": "#4"},
				"up": {"uv": [12.83333, 3.5, 12, 2.66667], "texture": "#4"},
				"down": {"uv": [4.16667, 12, 3.33333, 12.83333], "texture": "#4"}
			}
		},
		{
			"from": [6.85, 10.475, 7.3],
			"to": [6.88, 13.725, 10.55],
			"rotation": {"angle": 22.5, "axis": "x", "origin": [0, 1.5, 4.5]},
			"faces": {
				"east": {"uv": [13, 0, 0, 13], "texture": "#1"},
				"west": {"uv": [0, 0, 13, 13], "texture": "#1"}
			}
		},
		{
			"from": [9, 9.75, 7.5],
			"to": [9.03, 12.75, 9.5],
			"rotation": {"angle": 0, "axis": "y", "origin": [9, 5.75, 3.5]},
			"faces": {
				"east": {"uv": [8, 0, 0, 12], "texture": "#3"},
				"west": {"uv": [0, 0, 8, 12], "texture": "#3"},
				"down": {"uv": [0, 0, 0, 8], "texture": "#3"}
			}
		},
		{
			"from": [7, 7.75, 9.5],
			"to": [7.03, 10.75, 11.5],
			"rotation": {"angle": 0, "axis": "y", "origin": [7, 3.75, 7.5]},
			"faces": {
				"east": {"uv": [0, 0, 8, 12], "texture": "#3"},
				"west": {"uv": [8, 0, 0, 12], "texture": "#3"},
				"down": {"uv": [0, 8, 0, 0], "texture": "#3"}
			}
		},
		{
			"from": [7.5, 6, 2],
			"to": [8.5, 8, 5],
			"rotation": {"angle": 0, "axis": "y", "origin": [7, 6, 2]},
			"faces": {
				"north": {"uv": [7.33333, 9.33333, 8, 10.66667], "texture": "#4"},
				"east": {"uv": [1.33333, 3.33333, 3.33333, 4.66667], "texture": "#4"},
				"south": {"uv": [8, 9.33333, 8.66667, 10.66667], "texture": "#4"},
				"west": {"uv": [3.33333, 3.33333, 5.33333, 4.66667], "texture": "#4"},
				"up": {"uv": [7.33333, 2.66667, 6.66667, 0.66667], "texture": "#4"},
				"down": {"uv": [3.33333, 6.66667, 2.66667, 8.66667], "texture": "#4"}
			}
		},
		{
			"from": [7.6, 6.1, 1.75],
			"to": [8.4, 7.9, 2],
			"rotation": {"angle": 0, "axis": "y", "origin": [7, 6, -1]},
			"faces": {
				"north": {"uv": [12, 5.33333, 12.5, 6.5], "texture": "#4"},
				"east": {"uv": [14, 4.66667, 14.16667, 5.83333], "texture": "#4"},
				"west": {"uv": [6, 14, 6.16667, 15.16667], "texture": "#4"},
				"up": {"uv": [5.83333, 14.83333, 5.33333, 14.66667], "texture": "#4"},
				"down": {"uv": [15.16667, 5.33333, 14.66667, 5.5], "texture": "#4"}
			}
		},
		{
			"from": [7.7, 6.5, 5],
			"to": [8.3, 7, 8],
			"rotation": {"angle": 0, "axis": "y", "origin": [7, 6, 5]},
			"faces": {
				"east": {"uv": [12, 4, 14, 4.33333], "texture": "#4"},
				"west": {"uv": [12, 4.66667, 14, 5], "texture": "#4"},
				"down": {"uv": [3.66667, 10, 3.33333, 12], "texture": "#4"}
			}
		},
		{
			"from": [7.4975, 5.69344, 8.5412],
			"to": [8.5025, 7.69344, 10.5412],
			"rotation": {"angle": 22.5, "axis": "x", "origin": [7.9975, 6.69344, 9.5412]},
			"faces": {
				"north": {"uv": [8.66667, 9.33333, 9.33333, 10.66667], "texture": "#4"},
				"east": {"uv": [4.66667, 6, 6, 7.33333], "texture": "#4"},
				"south": {"uv": [9.33333, 9.33333, 10, 10.66667], "texture": "#4"},
				"west": {"uv": [6, 6, 7.33333, 7.33333], "texture": "#4"},
				"up": {"uv": [0.66667, 11.33333, 0, 10], "texture": "#4"},
				"down": {"uv": [1.33333, 10, 0.66667, 11.33333], "texture": "#4"}
			}
		},
		{
			"from": [7.2475, 5.94344, 8.7912],
			"to": [8.7525, 7.44344, 10.2912],
			"rotation": {"angle": 22.5, "axis": "x", "origin": [7.9975, 6.69344, 9.5412]},
			"faces": {
				"north": {"uv": [8, 4.66667, 9, 5.66667], "texture": "#4"},
				"east": {"uv": [8, 6, 9, 7], "texture": "#4"},
				"south": {"uv": [7.33333, 8, 8.33333, 9], "texture": "#4"},
				"west": {"uv": [8.66667, 0.66667, 9.66667, 1.66667], "texture": "#4"},
				"up": {"uv": [9.66667, 3, 8.66667, 2], "texture": "#4"},
				"down": {"uv": [3.66667, 8.66667, 2.66667, 9.66667], "texture": "#4"}
			}
		},
		{
			"from": [7.5, 7, 5],
			"to": [8.5, 8, 9],
			"rotation": {"angle": 0, "axis": "y", "origin": [7, 6, 4]},
			"faces": {
				"east": {"uv": [5.33333, 4.66667, 8, 5.33333], "texture": "#4"},
				"west": {"uv": [5.33333, 5.33333, 8, 6], "texture": "#4"},
				"up": {"uv": [6.66667, 2.66667, 6, 0], "texture": "#4"},
				"down": {"uv": [4.66667, 6, 4, 8.66667], "texture": "#4"}
			}
		},
		{
			"from": [7.5, 6.38687, 10.08239],
			"to": [8.5, 7.38687, 14.08239],
			"rotation": {"angle": 0, "axis": "y", "origin": [7, 4.38687, 9.08239]},
			"faces": {
				"north": {"uv": [13.33333, 2, 14, 2.66667], "texture": "#4"},
				"east": {"uv": [6, 2.66667, 8.66667, 3.33333], "texture": "#4"},
				"south": {"uv": [13.33333, 2.66667, 14, 3.33333], "texture": "#4"},
				"west": {"uv": [6.66667, 0, 9.33333, 0.66667], "texture": "#4"},
				"up": {"uv": [2, 9.33333, 1.33333, 6.66667], "texture": "#4"},
				"down": {"uv": [2.66667, 6.66667, 2, 9.33333], "texture": "#4"}
			}
		},
		{
			"from": [7.75, 5.88687, 10.08239],
			"to": [8.25, 6.38687, 14.33239],
			"rotation": {"angle": 0, "axis": "y", "origin": [7, 4.38687, 9.08239]},
			"faces": {
				"east": {"uv": [8, 7.33333, 10.83333, 7.66667], "texture": "#4"},
				"west": {"uv": [8.66667, 3.33333, 11.5, 3.66667], "texture": "#4"},
				"down": {"uv": [4.33333, 8.66667, 4, 11.5], "texture": "#4"}
			}
		},
		{
			"from": [7.525, 4.175, 8.525],
			"to": [8.475, 7.175, 9.475],
			"rotation": {"angle": -22.5, "axis": "x", "origin": [7.5, 5.175, 8.5]},
			"faces": {
				"north": {"uv": [3.33333, 6.66667, 4, 8.66667], "texture": "#4"},
				"east": {"uv": [7.33333, 0.66667, 8, 2.66667], "texture": "#4"},
				"south": {"uv": [4.66667, 7.33333, 5.33333, 9.33333], "texture": "#4"},
				"west": {"uv": [5.33333, 7.33333, 6, 9.33333], "texture": "#4"}
			}
		},
		{
			"from": [7.25, 5, 14.55],
			"to": [8.75, 8, 15.05],
			"rotation": {"angle": -22.5, "axis": "x", "origin": [7.25, 5, 14.55]},
			"faces": {
				"north": {"uv": [1.33333, 4.66667, 2.33333, 6.66667], "texture": "#4"},
				"east": {"uv": [7.33333, 12, 7.66667, 14], "texture": "#4"},
				"south": {"uv": [2.66667, 4.66667, 3.66667, 6.66667], "texture": "#4"},
				"west": {"uv": [8, 12, 8.33333, 14], "texture": "#4"},
				"up": {"uv": [14.33333, 6.33333, 13.33333, 6], "texture": "#4"},
				"down": {"uv": [14.33333, 6.66667, 13.33333, 7], "texture": "#4"}
			}
		},
		{
			"from": [7.5, 5.25, 15.05],
			"to": [8.5, 7.75, 15.3],
			"rotation": {"angle": -22.5, "axis": "x", "origin": [7.25, 5, 14.55]},
			"faces": {
				"north": {"uv": [6.66667, 7.33333, 7.33333, 9], "texture": "#4"},
				"east": {"uv": [12, 13.33333, 12.16667, 15], "texture": "#4"},
				"south": {"uv": [8, 0.66667, 8.66667, 2.33333], "texture": "#4"},
				"west": {"uv": [13.33333, 12, 13.5, 13.66667], "texture": "#4"},
				"up": {"uv": [15.33333, 2.83333, 14.66667, 2.66667], "texture": "#4"},
				"down": {"uv": [4, 14.66667, 3.33333, 14.83333], "texture": "#4"}
			}
		},
		{
			"from": [7.75, 7.5, 8.25],
			"to": [8.25, 8.5, 9.25],
			"rotation": {"angle": 45, "axis": "x", "origin": [8, 8, 8.75]},
			"faces": {
				"north": {"uv": [14, 3.33333, 14.33333, 4], "texture": "#4"},
				"east": {"uv": [3.33333, 13.33333, 4, 14], "texture": "#4"},
				"south": {"uv": [4, 14, 4.33333, 14.66667], "texture": "#4"},
				"west": {"uv": [13.33333, 3.33333, 14, 4], "texture": "#4"},
				"up": {"uv": [14.33333, 4.66667, 14, 4], "texture": "#4"},
				"down": {"uv": [5, 14, 4.66667, 14.66667], "texture": "#4"}
			}
		},
		{
			"from": [3.5, 7.985, 3.75],
			"to": [12.5, 8.015, 8.75],
			"rotation": {"angle": 0, "axis": "y", "origin": [0, 1.985, 0]},
			"faces": {
				"up": {"uv": [6, 3.33333, 0, 0], "texture": "#4"},
				"down": {"uv": [6, 0, 0, 3.33333], "texture": "#4"}
			}
		}
	],
	"gui_light": "front",
	"display": {
		"thirdperson_righthand": {
			"translation": [0, 1.25, 0.75]
		},
		"thirdperson_lefthand": {
			"translation": [0, 1.25, 0.75]
		},
		"firstperson_righthand": {
			"rotation": [0, -12, 0],
			"translation": [6.25, 4.5, 3]
		},
		"firstperson_lefthand": {
			"rotation": [0, -16.5, 0],
			"translation": [6.5, 4.5, 3]
		},
		"ground": {
			"rotation": [25, 0, 0],
			"translation": [0, 9.75, 0]
		},
		"gui": {
			"rotation": [90, 45, 0],
			"translation": [2, -2, 0],
			"scale": [1.11914, 1.11914, 1.11914]
		},
		"head": {
			"rotation": [-45, -180, 0],
			"scale": [1.5, 1.5, 1.5]
		},
		"fixed": {
			"rotation": [-90, 0, 0],
			"translation": [0, 1.25, -7],
			"scale": [2.5, 2.5, 2.5]
		}
	}
}