{"parent":"item/handheld","textures":{"layer0":"item/iron_sword"},"overrides":[{"predicate":{"custom_model_data":1000},"model":"merry_christmasset/greatsword"},{"predicate":{"custom_model_data":1001},"model":"merry_christmasset/hammer"},{"predicate":{"custom_model_data":1002},"model":"plny_summer2025cosmeticsset/popsicle_sword"},{"predicate":{"custom_model_data":412006},"model":"summerset/greatsword"},{"predicate":{"custom_model_data":412007},"model":"summerset/hammer"},{"predicate":{"custom_model_data":412012},"model":"summerset/scythe"},{"predicate":{"custom_model_data":412015},"model":"summerset/spear"},{"predicate":{"custom_model_data":412016},"model":"summerset/staff"},{"predicate":{"custom_model_data":412017},"model":"summerset/sword"},{"predicate":{"custom_model_data":412018},"model":"summerset/trident"}]}