{"parent":"item/generated","textures":{"layer0":"item/leather_horse_armor"},"overrides":[{"predicate":{"custom_model_data":1000},"model":"cosmetic_packv6/end_hat"},{"predicate":{"custom_model_data":1001},"model":"cosmetic_packv6/end_backpack"},{"predicate":{"custom_model_data":1002},"model":"cosmetic_packv6/end_hand"},{"predicate":{"custom_model_data":1003},"model":"cosmetic_packv6/engineer_hat"},{"predicate":{"custom_model_data":1004},"model":"cosmetic_packv6/engineer_backpack"},{"predicate":{"custom_model_data":1005},"model":"cosmetic_packv6/engineer_hand"},{"predicate":{"custom_model_data":1006},"model":"cosmetic_packv6/ghost_hat"},{"predicate":{"custom_model_data":1007},"model":"cosmetic_packv6/ghost_backpack"},{"predicate":{"custom_model_data":1008},"model":"cosmetic_packv6/ghost_hand"},{"predicate":{"custom_model_data":1009},"model":"cosmetic_packv6/ocultism_hat"},{"predicate":{"custom_model_data":1010},"model":"cosmetic_packv6/ocultism_backpack"},{"predicate":{"custom_model_data":1011},"model":"cosmetic_packv6/ocultism_hand"},{"predicate":{"custom_model_data":1012},"model":"cosmetic_packv6/oni_hat"},{"predicate":{"custom_model_data":1013},"model":"cosmetic_packv6/oni_backpack"},{"predicate":{"custom_model_data":1014},"model":"cosmetic_packv6/oni_hand"},{"predicate":{"custom_model_data":1015},"model":"cosmetic_packv6/end_backpack1"},{"predicate":{"custom_model_data":1016},"model":"cosmetic_packv6/engineer_backpack1"},{"predicate":{"custom_model_data":1017},"model":"cosmetic_packv6/ghost_backpack1"},{"predicate":{"custom_model_data":1018},"model":"cosmetic_packv6/ocultism_backpack1"},{"predicate":{"custom_model_data":1019},"model":"cosmetic_packv6/oni_backpack1"},{"predicate":{"custom_model_data":1020},"model":"cosmetic_packv7/creaking_hat"},{"predicate":{"custom_model_data":1021},"model":"cosmetic_packv7/creaking_backpack"},{"predicate":{"custom_model_data":1022},"model":"cosmetic_packv7/creaking_hand"},{"predicate":{"custom_model_data":1023},"model":"cosmetic_packv7/fire_hat"},{"predicate":{"custom_model_data":1024},"model":"cosmetic_packv7/fire_backpack"},{"predicate":{"custom_model_data":1025},"model":"cosmetic_packv7/fire_hand"},{"predicate":{"custom_model_data":1026},"model":"cosmetic_packv7/summer_hat"},{"predicate":{"custom_model_data":1027},"model":"cosmetic_packv7/summer_backpack"},{"predicate":{"custom_model_data":1028},"model":"cosmetic_packv7/summer_hand"},{"predicate":{"custom_model_data":1029},"model":"cosmetic_packv7/creaking_backpack1"},{"predicate":{"custom_model_data":1030},"model":"cosmetic_packv7/fire_backpack1"},{"predicate":{"custom_model_data":1031},"model":"cosmetic_packv7/summer_backpack1"}]}