{"elements":[{"from":[0.0,2.99,0.0],"to":[8.0,2.99,8.0],"faces":{"up":{"texture":"#flowerbed"},"down":{"uv":[0.0,8.0,8.0,0.0],"texture":"#flowerbed"}}},{"from":[4.25,0.0,-2.6],"to":[4.25,2.99,-1.6],"rotation":{"origin":[0.0,0.0,0.0],"axis":"y","angle":-45.0},"faces":{"east":{"uv":[0.0,4.0,1.0,7.0],"texture":"#stem"},"west":{"uv":[0.0,4.0,1.0,7.0],"texture":"#stem"}}},{"from":[3.75,0.0,-2.1],"to":[4.75,2.99,-2.1],"rotation":{"origin":[0.0,0.0,0.0],"axis":"y","angle":-45.0},"faces":{"north":{"uv":[0.0,4.0,1.0,7.0],"texture":"#stem"},"south":{"uv":[0.0,4.0,1.0,7.0],"texture":"#stem"}}},{"from":[4.9,0.0,2.3],"to":[4.9,2.99,3.3],"rotation":{"origin":[0.0,0.0,0.0],"axis":"y","angle":-45.0},"faces":{"east":{"uv":[0.0,4.0,1.0,7.0],"texture":"#stem"},"west":{"uv":[0.0,4.0,1.0,7.0],"texture":"#stem"}}},{"from":[4.4,0.0,2.8],"to":[5.4,2.99,2.8],"rotation":{"origin":[0.0,0.0,0.0],"axis":"y","angle":-45.0},"faces":{"north":{"uv":[0.0,4.0,1.0,7.0],"texture":"#stem"},"south":{"uv":[0.0,4.0,1.0,7.0],"texture":"#stem"}}},{"from":[9.15,0.0,-0.45],"to":[9.15,2.99,0.55],"rotation":{"origin":[0.0,0.0,0.0],"axis":"y","angle":-45.0},"faces":{"east":{"uv":[0.0,4.0,1.0,7.0],"texture":"#stem"},"west":{"uv":[0.0,4.0,1.0,7.0],"texture":"#stem"}}},{"from":[8.65,0.0,0.05],"to":[9.65,2.99,0.05],"rotation":{"origin":[0.0,0.0,0.0],"axis":"y","angle":-45.0},"faces":{"north":{"uv":[0.0,4.0,1.0,7.0],"texture":"#stem"},"south":{"uv":[0.0,4.0,1.0,7.0],"texture":"#stem"}}}],"ambientocclusion":false,"textures":{"particle":"#flowerbed"}}