{"elements":[{"from":[8.0,2.0,8.0],"to":[16.0,2.0,16.0],"faces":{"up":{"texture":"#flowerbed"},"down":{"uv":[8.0,16.0,16.0,8.0],"texture":"#flowerbed"}}},{"from":[17.65,0.0,1.9],"to":[18.65,2.0,1.9],"rotation":{"origin":[0.5,0.0,0.5],"axis":"y","angle":-45.0},"faces":{"up":{"uv":[0.0,0.0,0.0,1.0],"texture":"#stem","rotation":270},"down":{"uv":[0.0,0.0,0.0,1.0],"texture":"#stem","rotation":90}}},{"from":[18.15,0.0,1.4],"to":[18.15,2.0,2.4],"rotation":{"origin":[0.5,0.0,0.5],"axis":"y","angle":-45.0},"faces":{"east":{"uv":[0.0,5.0,1.0,7.0],"texture":"#stem"},"west":{"uv":[0.0,5.0,1.0,7.0],"texture":"#stem"}}},{"from":[17.65,0.0,-3.35],"to":[17.65,2.0,-2.35],"rotation":{"origin":[0.0,0.0,0.0],"axis":"y","angle":-45.0},"faces":{"east":{"uv":[0.0,5.0,1.0,7.0],"texture":"#stem"},"west":{"uv":[0.0,5.0,1.0,7.0],"texture":"#stem"}}},{"from":[17.15,0.0,-2.85],"to":[18.15,2.0,-2.85],"rotation":{"origin":[0.0,0.0,0.0],"axis":"y","angle":-45.0},"faces":{"north":{"uv":[0.0,5.0,1.0,7.0],"texture":"#stem"},"south":{"uv":[0.0,5.0,1.0,7.0],"texture":"#stem"}}},{"from":[13.4,0.0,-0.5],"to":[13.4,2.0,0.5],"rotation":{"origin":[0.0,0.0,0.0],"axis":"y","angle":-45.0},"faces":{"east":{"uv":[0.0,5.0,1.0,7.0],"texture":"#stem"},"west":{"uv":[0.0,5.0,1.0,7.0],"texture":"#stem"}}},{"from":[12.9,0.0,0.0],"to":[13.9,2.0,0.0],"rotation":{"origin":[0.0,0.0,0.0],"axis":"y","angle":-45.0},"faces":{"north":{"uv":[0.0,5.0,1.0,7.0],"texture":"#stem"},"south":{"uv":[0.0,5.0,1.0,7.0],"texture":"#stem"}}}],"ambientocclusion":false,"textures":{"particle":"#flowerbed"}}