{"elements":[{"from":[8.0,2.0,0.0],"to":[16.0,2.0,8.0],"faces":{"up":{"texture":"#flowerbed"},"down":{"uv":[8.0,8.0,16.0,0.0],"texture":"#flowerbed"}}},{"from":[12.4,0.0,-7.7],"to":[12.4,2.0,-6.7],"rotation":{"origin":[-1.0,0.0,-3.0],"axis":"y","angle":-45.0},"faces":{"east":{"uv":[0.0,5.0,1.0,7.0],"texture":"#stem"},"west":{"uv":[0.0,5.0,1.0,7.0],"texture":"#stem"}}},{"from":[11.9,0.0,-7.2],"to":[12.9,2.0,-7.2],"rotation":{"origin":[-1.0,0.0,-3.0],"axis":"y","angle":-45.0},"faces":{"north":{"uv":[0.0,5.0,1.0,7.0],"texture":"#stem"},"south":{"uv":[0.0,5.0,1.0,7.0],"texture":"#stem"}}}],"ambientocclusion":false,"textures":{"particle":"#flowerbed"}}