{"elements":[{"from":[0.0,1.0,8.0],"to":[8.0,1.0,16.0],"faces":{"up":{"texture":"#flowerbed"},"down":{"uv":[0.0,16.0,8.0,8.0],"texture":"#flowerbed"}}},{"from":[0.0,1.0,8.0],"to":[8.0,1.0,16.0],"faces":{"up":{"texture":"#flowerbed"},"down":{"uv":[0.0,16.0,8.0,8.0],"texture":"#flowerbed"}}},{"from":[10.15,0.0,5.25],"to":[11.15,1.0,5.25],"rotation":{"origin":[0.0,0.0,1.0],"axis":"y","angle":-45.0},"faces":{"north":{"uv":[0.0,6.0,1.0,7.0],"texture":"#stem"},"south":{"uv":[0.0,6.0,1.0,7.0],"texture":"#stem"}}},{"from":[10.65,0.0,4.75],"to":[10.65,1.0,5.75],"rotation":{"origin":[0.0,0.0,1.0],"axis":"y","angle":-45.0},"faces":{"east":{"uv":[0.0,6.0,1.0,7.0],"texture":"#stem"},"west":{"uv":[0.0,6.0,1.0,7.0],"texture":"#stem"}}}],"ambientocclusion":false,"textures":{"particle":"#flowerbed"}}