{"display":{"gui":{"rotation":[0.0,90.0,0.0],"translation":[-36.0,-0.5,0.0]}},"elements":[{"from":[2.0,20.0,-16.0],"to":[2.0,32.0,16.0],"faces":{"north":{"uv":[0.0,0.0,0.0,8.0],"texture":"#0"},"south":{"uv":[0.0,0.0,0.0,8.0],"texture":"#0"},"west":{"uv":[0.0,0.25,8.0,3.25],"texture":"#0"},"up":{"uv":[0.0,0.0,0.0,12.0],"texture":"#0"},"down":{"uv":[0.0,0.0,0.0,12.0],"texture":"#0"}}}],"ambientocclusion":false,"textures":{"particle":"advent_calendar/light_menu_animation","0":"advent_calendar/light_menu_animation"},"gui_light":"front"}