{
	"credit": "Made with Blockbench",
	"texture_size": [128, 128],
	"textures": {
		"0": "elitecreatures:newyear_2024_animated/newyear_texture_01",
		"1": "elitecreatures:newyear_2024_animated/newyear_animation_01",
		"2": "elitecreatures:newyear_2024_animated/newyear_animation_02",
		"3": "elitecreatures:newyear_2024_animated/newyear_animation_03",
		"4": "elitecreatures:newyear_2024_animated/newyear_animation_04",
		"particle": "elitecreatures:newyear_2024_animated/newyear_texture_01"
	},
	"elements": [
		{
			"from": [7.5, 0.5, 6.25],
			"to": [8.5, 24.5, 9.75],
			"rotation": {"angle": 0, "axis": "y", "origin": [0, -0.5, -0.5]},
			"faces": {
				"north": {"uv": [0.5625, 0, 0.4375, 3], "texture": "#0"},
				"east": {"uv": [0.4375, 0, 0, 3], "texture": "#0"},
				"south": {"uv": [0.5625, 0, 0.4375, 3], "texture": "#0"},
				"west": {"uv": [0, 0, 0.4375, 3], "texture": "#0"},
				"up": {"uv": [0.5625, 0, 0.4375, 0.4375], "texture": "#0"},
				"down": {"uv": [0.5625, 0, 0.4375, 0.4375], "texture": "#0"}
			}
		},
		{
			"from": [7.4, -0.5, 6.25],
			"to": [7.4, 23.5, 9.75],
			"rotation": {"angle": 0, "axis": "y", "origin": [0, -3.5, -0.5]},
			"faces": {
				"north": {"uv": [0, 0, 0, 12], "texture": "#1"},
				"east": {"uv": [1.75, 0, 0, 12], "texture": "#1"},
				"south": {"uv": [0, 0, 0, 12], "texture": "#1"},
				"west": {"uv": [0, 0, 1.75, 12], "texture": "#1"},
				"up": {"uv": [0, 1.75, 0, 0], "texture": "#1"},
				"down": {"uv": [0, 0, 0, 1.75], "texture": "#1"}
			}
		},
		{
			"from": [8.6, 0.5, 6.25],
			"to": [8.6, 24.5, 9.75],
			"rotation": {"angle": 0, "axis": "y", "origin": [16, -0.5, -0.5]},
			"faces": {
				"north": {"uv": [0, 0, 0, 12], "texture": "#1"},
				"east": {"uv": [1.75, 0, 0, 12], "texture": "#1"},
				"south": {"uv": [0, 0, 0, 12], "texture": "#1"},
				"west": {"uv": [0, 0, 1.75, 12], "texture": "#1"},
				"up": {"uv": [0, 1.75, 0, 0], "texture": "#1"},
				"down": {"uv": [0, 0, 0, 1.75], "texture": "#1"}
			}
		},
		{
			"from": [8, 0, 4],
			"to": [8, 32, 12],
			"rotation": {"angle": 0, "axis": "y", "origin": [0, -1.5, -0.5]},
			"faces": {
				"north": {"uv": [0.5, 0, 0.5, 3.375], "texture": "#0"},
				"east": {"uv": [13.625, 0, 12.625, 4], "texture": "#0"},
				"south": {"uv": [0.5, 0, 0.5, 3.375], "texture": "#0"},
				"west": {"uv": [12.625, 0, 13.625, 4], "texture": "#0"},
				"up": {"uv": [0.5, 0, 0.5, 0.625], "texture": "#0"},
				"down": {"uv": [0.5, 0, 0.5, 0.625], "texture": "#0"}
			}
		},
		{
			"from": [7.45, 23.3, 6.75],
			"to": [8.55, 25.8, 9.25],
			"rotation": {"angle": -45, "axis": "x", "origin": [8, 24.55, 8]},
			"faces": {
				"north": {"uv": [0.5625, 1.4375, 0.7125, 1.125], "texture": "#0"},
				"east": {"uv": [0.5625, 0.8125, 0.875, 1.125], "texture": "#0"},
				"south": {"uv": [0.5625, 1.4375, 0.7125, 1.125], "texture": "#0"},
				"west": {"uv": [0.875, 0.8125, 0.5625, 1.125], "texture": "#0"},
				"up": {"uv": [0.5625, 1.4375, 0.7125, 1.125], "texture": "#0"},
				"down": {"uv": [0.5625, 1.4375, 0.7125, 1.125], "texture": "#0"}
			}
		},
		{
			"from": [6.15, -2.55, 6],
			"to": [9.85, 0.05, 10],
			"rotation": {"angle": 0, "axis": "y", "origin": [0, -8.5, -9.5]},
			"faces": {
				"north": {"uv": [1.0625, 0, 1.525, 0.325], "texture": "#0"},
				"east": {"uv": [1.0625, 0, 0.5625, 0.3125], "texture": "#0"},
				"south": {"uv": [1.0625, 0, 1.525, 0.325], "texture": "#0"},
				"west": {"uv": [0.5625, 0, 1.0625, 0.3125], "texture": "#0"},
				"up": {"uv": [0.5625, 0.3125, 1, 0.8125], "texture": "#0"},
				"down": {"uv": [1.5625, 0.625, 2.025, 1.125], "texture": "#0"}
			}
		},
		{
			"from": [6.75, -2.5, 4.7],
			"to": [9.35, 0, 7.3],
			"rotation": {"angle": 45, "axis": "y", "origin": [8, 2, 6.05]},
			"faces": {
				"north": {"uv": [1.3125, 0.625, 1, 0.9375], "texture": "#0"},
				"east": {"uv": [1, 0.625, 1.3125, 0.9375], "texture": "#0"},
				"south": {"uv": [1.3125, 0.625, 1, 0.9375], "texture": "#0"},
				"west": {"uv": [1.25, 0.3125, 0.9375, 0.625], "texture": "#0"},
				"up": {"uv": [1.5, 0.3125, 1.8125, 0], "texture": "#0"},
				"down": {"uv": [1.5625, 0.625, 1.875, 0.3125], "texture": "#0"}
			}
		},
		{
			"from": [6.75, -2.5, 8.7],
			"to": [9.35, 0, 11.3],
			"rotation": {"angle": -45, "axis": "y", "origin": [8, 2, 9.95]},
			"faces": {
				"north": {"uv": [1, 0.625, 1.3125, 0.9375], "texture": "#0"},
				"east": {"uv": [1.3125, 0.625, 1, 0.9375], "texture": "#0"},
				"south": {"uv": [1, 0.625, 1.3125, 0.9375], "texture": "#0"},
				"west": {"uv": [1, 0.3125, 1.3125, 0.625], "texture": "#0"},
				"up": {"uv": [1.5, 0, 1.8125, 0.3125], "texture": "#0"},
				"down": {"uv": [1.5625, 0.3125, 1.875, 0.625], "texture": "#0"}
			}
		},
		{
			"from": [6.5, -12.55, 7.25],
			"to": [9.5, -10.45, 8.75],
			"rotation": {"angle": 0, "axis": "y", "origin": [0, -18.5, -9]},
			"faces": {
				"north": {"uv": [0.9375, 1.125, 1.3125, 1.375], "texture": "#0"},
				"east": {"uv": [0.9375, 1.125, 0.75, 1.375], "texture": "#0"},
				"south": {"uv": [0.9375, 1.125, 1.3125, 1.375], "texture": "#0"},
				"west": {"uv": [0.75, 1.125, 0.9375, 1.375], "texture": "#0"},
				"up": {"uv": [0.875, 0.9375, 1.25, 1.125], "texture": "#0"},
				"down": {"uv": [0.875, 0.9375, 1.25, 1.125], "texture": "#0"}
			}
		},
		{
			"from": [7, -12.5, 6.2],
			"to": [9.1, -10.5, 8.3],
			"rotation": {"angle": 45, "axis": "y", "origin": [8, -12.5, 7.3]},
			"faces": {
				"north": {"uv": [1.5625, 0.3125, 1.3125, 0.5625], "texture": "#0"},
				"east": {"uv": [1.3125, 0.3125, 1.5625, 0.5625], "texture": "#0"},
				"south": {"uv": [1.5625, 0.3125, 1.3125, 0.5625], "texture": "#0"},
				"west": {"uv": [2.0625, 0, 1.8125, 0.25], "texture": "#0"},
				"up": {"uv": [1.3125, 0.8125, 1.5625, 0.5625], "texture": "#0"},
				"down": {"uv": [1.3125, 0.8125, 1.5625, 0.5625], "texture": "#0"}
			}
		},
		{
			"from": [7, -12.5, 7.7],
			"to": [9.1, -10.5, 9.8],
			"rotation": {"angle": -45, "axis": "y", "origin": [8, -12.5, 8.7]},
			"faces": {
				"north": {"uv": [1.3125, 0.3125, 1.5625, 0.5625], "texture": "#0"},
				"east": {"uv": [1.5625, 0.3125, 1.3125, 0.5625], "texture": "#0"},
				"south": {"uv": [1.3125, 0.3125, 1.5625, 0.5625], "texture": "#0"},
				"west": {"uv": [1.8125, 0, 2.0625, 0.25], "texture": "#0"},
				"up": {"uv": [1.3125, 0.5625, 1.5625, 0.8125], "texture": "#0"},
				"down": {"uv": [1.3125, 0.5625, 1.5625, 0.8125], "texture": "#0"}
			}
		},
		{
			"from": [7, -12, 7],
			"to": [9, -2, 9],
			"rotation": {"angle": -45, "axis": "y", "origin": [8, -7, 8]},
			"faces": {
				"north": {"uv": [0.5625, 1.4375, 0.8125, 2.6875], "texture": "#0"},
				"east": {"uv": [0.5625, 1.4375, 0.8125, 2.6875], "texture": "#0"},
				"south": {"uv": [0.5625, 1.4375, 0.8125, 2.6875], "texture": "#0"},
				"west": {"uv": [0.5625, 1.4375, 0.8125, 2.6875], "texture": "#0"},
				"up": {"uv": [0.5625, 1.4375, 0.8125, 1.6875], "texture": "#0"},
				"down": {"uv": [0.5625, 1.4375, 0.8125, 1.6875], "texture": "#0"}
			}
		},
		{
			"from": [6.9, -12, 9.1],
			"to": [9.1, -2, 9.1],
			"rotation": {"angle": -45, "axis": "y", "origin": [8, -7, 8]},
			"faces": {
				"north": {"uv": [16, 3.4375, 15.75, 4.6875], "texture": "#0"},
				"east": {"uv": [0.5625, 1.4375, 0.8125, 2.6875], "texture": "#0"},
				"south": {"uv": [15.75, 3.4375, 16, 4.6875], "texture": "#0"},
				"west": {"uv": [0.5625, 1.4375, 0.8125, 2.6875], "texture": "#0"},
				"up": {"uv": [0.5625, 1.4375, 0.8125, 1.6875], "texture": "#0"},
				"down": {"uv": [0.5625, 1.4375, 0.8125, 1.6875], "texture": "#0"}
			}
		},
		{
			"from": [6.9, -12, 6.9],
			"to": [9.1, -2, 6.9],
			"rotation": {"angle": 45, "axis": "y", "origin": [8, -7, 8]},
			"faces": {
				"north": {"uv": [16, 3.4375, 15.75, 4.6875], "texture": "#0"},
				"east": {"uv": [0.8125, 1.4375, 0.5625, 2.6875], "texture": "#0"},
				"south": {"uv": [15.75, 3.4375, 16, 4.6875], "texture": "#0"},
				"west": {"uv": [0.8125, 1.4375, 0.5625, 2.6875], "texture": "#0"},
				"up": {"uv": [0.5625, 1.6875, 0.8125, 1.4375], "texture": "#0"},
				"down": {"uv": [0.5625, 1.6875, 0.8125, 1.4375], "texture": "#0"}
			}
		},
		{
			"from": [6.9, -12, 6.9],
			"to": [9.1, -2, 6.9],
			"rotation": {"angle": -45, "axis": "y", "origin": [8, -7, 8]},
			"faces": {
				"north": {"uv": [15.75, 3.4375, 16, 4.6875], "texture": "#0"},
				"east": {"uv": [0.5625, 1.4375, 0.8125, 2.6875], "texture": "#0"},
				"south": {"uv": [16, 3.4375, 15.75, 4.6875], "texture": "#0"},
				"west": {"uv": [0.5625, 1.4375, 0.8125, 2.6875], "texture": "#0"},
				"up": {"uv": [0.8125, 1.6875, 0.5625, 1.4375], "texture": "#0"},
				"down": {"uv": [0.8125, 1.6875, 0.5625, 1.4375], "texture": "#0"}
			}
		},
		{
			"from": [6.9, -12, 9.1],
			"to": [9.1, -2, 9.1],
			"rotation": {"angle": 45, "axis": "y", "origin": [8, -7, 8]},
			"faces": {
				"north": {"uv": [15.75, 3.4375, 16, 4.6875], "texture": "#0"},
				"east": {"uv": [0.8125, 1.4375, 0.5625, 2.6875], "texture": "#0"},
				"south": {"uv": [16, 3.4375, 15.75, 4.6875], "texture": "#0"},
				"west": {"uv": [0.8125, 1.4375, 0.5625, 2.6875], "texture": "#0"},
				"up": {"uv": [0.8125, 1.4375, 0.5625, 1.6875], "texture": "#0"},
				"down": {"uv": [0.8125, 1.4375, 0.5625, 1.6875], "texture": "#0"}
			}
		},
		{
			"from": [6.75, -4, 6.75],
			"to": [9.25, -1.5, 9.25],
			"rotation": {"angle": -45, "axis": "y", "origin": [8, -3.25, 8]},
			"faces": {
				"north": {"uv": [0.8125, 1.375, 1.125, 1.6875], "texture": "#0"},
				"east": {"uv": [0.8125, 1.375, 1.125, 1.6875], "texture": "#0"},
				"south": {"uv": [0.8125, 1.375, 1.125, 1.6875], "texture": "#0"},
				"west": {"uv": [0.8125, 1.375, 1.125, 1.6875], "texture": "#0"},
				"up": {"uv": [0.8125, 1.6875, 1.125, 2], "texture": "#0"},
				"down": {"uv": [0.8125, 1.6875, 1.125, 2], "texture": "#0"}
			}
		},
		{
			"from": [7, -14.4, 7],
			"to": [9, -12.4, 9],
			"rotation": {"angle": -45, "axis": "y", "origin": [8, -13.4, 8]},
			"faces": {
				"north": {"uv": [1.3125, 0.8125, 1.5625, 1.0625], "texture": "#0"},
				"east": {"uv": [1.3125, 0.8125, 1.5625, 1.0625], "texture": "#0"},
				"south": {"uv": [1.3125, 0.8125, 1.5625, 1.0625], "texture": "#0"},
				"west": {"uv": [1.3125, 0.8125, 1.5625, 1.0625], "texture": "#0"},
				"up": {"uv": [1.3125, 1.0625, 1.5625, 1.3125], "texture": "#0"},
				"down": {"uv": [1.3125, 1.0625, 1.5625, 1.3125], "texture": "#0"}
			}
		},
		{
			"from": [7.25, -13.5, 8],
			"to": [8.75, -11, 10],
			"rotation": {"angle": -22.5, "axis": "x", "origin": [8, -10, 9.5]},
			"faces": {
				"north": {"uv": [2.125, 0.5625, 2.3125, 0.25], "texture": "#0"},
				"east": {"uv": [1.875, 0.5625, 2.125, 0.25], "texture": "#0"},
				"south": {"uv": [2.125, 0.5625, 2.3125, 0.25], "texture": "#0"},
				"west": {"uv": [1.875, 0.5625, 2.125, 0.25], "texture": "#0"},
				"up": {"uv": [2.0625, 0.25, 2.25, 0], "texture": "#0"},
				"down": {"uv": [2.0625, 0.25, 2.25, 0], "texture": "#0"}
			}
		},
		{
			"from": [7.25, -13.5, 6],
			"to": [8.75, -11, 8],
			"rotation": {"angle": 22.5, "axis": "x", "origin": [8, -10, 6.5]},
			"faces": {
				"north": {"uv": [2.3125, 0.5625, 2.125, 0.25], "texture": "#0"},
				"east": {"uv": [2.125, 0.5625, 1.875, 0.25], "texture": "#0"},
				"south": {"uv": [2.3125, 0.5625, 2.125, 0.25], "texture": "#0"},
				"west": {"uv": [2.125, 0.5625, 1.875, 0.25], "texture": "#0"},
				"up": {"uv": [2.0625, 0, 2.25, 0.25], "texture": "#0"},
				"down": {"uv": [2.0625, 0, 2.25, 0.25], "texture": "#0"}
			}
		},
		{
			"from": [4, -9, 2],
			"to": [4, 3, 8],
			"rotation": {"angle": -22.5, "axis": "y", "origin": [4, -2.5, 8]},
			"faces": {
				"north": {"uv": [0, 0, 0, 120], "texture": "#missing"},
				"east": {"uv": [14.5, 0, 15.25, 1.875], "texture": "#0"},
				"south": {"uv": [0, 0, 0, 120], "texture": "#missing"},
				"west": {"uv": [15.25, 0, 14.5, 1.875], "texture": "#0"},
				"up": {"uv": [0, 0, 0, 48], "texture": "#missing"},
				"down": {"uv": [0, 0, 0, 48], "texture": "#missing"}
			}
		},
		{
			"from": [4, -9, 8],
			"to": [4, 3, 14],
			"rotation": {"angle": 22.5, "axis": "y", "origin": [4, -2.5, 8]},
			"faces": {
				"north": {"uv": [0, 0, 0, 120], "texture": "#missing"},
				"east": {"uv": [13.75, 0, 14.5, 1.875], "texture": "#0"},
				"south": {"uv": [0, 0, 0, 120], "texture": "#missing"},
				"west": {"uv": [14.5, 0, 13.75, 1.875], "texture": "#0"},
				"up": {"uv": [0, 0, 0, 48], "texture": "#missing"},
				"down": {"uv": [0, 0, 0, 48], "texture": "#missing"}
			}
		},
		{
			"from": [12, -9, 2],
			"to": [12, 3, 8],
			"rotation": {"angle": 22.5, "axis": "y", "origin": [12, -2.5, 8]},
			"faces": {
				"north": {"uv": [0, 0, 0, 120], "texture": "#missing"},
				"east": {"uv": [14.5, 0, 15.25, 1.875], "texture": "#0"},
				"south": {"uv": [0, 0, 0, 120], "texture": "#missing"},
				"west": {"uv": [15.25, 0, 14.5, 1.875], "texture": "#0"},
				"up": {"uv": [0, 0, 0, 48], "texture": "#missing"},
				"down": {"uv": [0, 0, 0, 48], "texture": "#missing"}
			}
		},
		{
			"from": [12.1, -4, 8.9],
			"to": [12.1, -1.3, 12.1],
			"rotation": {"angle": -22.5, "axis": "y", "origin": [12, -2.5, 8]},
			"faces": {
				"north": {"uv": [0, 0, 0, 6], "texture": "#4"},
				"east": {"uv": [6, 0, 0, 6], "texture": "#4"},
				"south": {"uv": [0, 0, 0, 6], "texture": "#4"},
				"west": {"uv": [6, 0, 0, 6], "texture": "#4"},
				"up": {"uv": [0, 0, 0, 6], "texture": "#4"},
				"down": {"uv": [0, 6, 0, 0], "texture": "#4"}
			}
		},
		{
			"from": [12.1, -4, 3.9],
			"to": [12.1, -1.3, 7.1],
			"rotation": {"angle": 22.5, "axis": "y", "origin": [12, -2.5, 8]},
			"faces": {
				"north": {"uv": [0, 0, 0, 6], "texture": "#4"},
				"east": {"uv": [0, 0, 6, 6], "texture": "#4"},
				"south": {"uv": [0, 0, 0, 6], "texture": "#4"},
				"west": {"uv": [6, 0, 0, 6], "texture": "#4"},
				"up": {"uv": [0, 6, 0, 0], "texture": "#4"},
				"down": {"uv": [0, 0, 0, 6], "texture": "#4"}
			}
		},
		{
			"from": [3.9, -4, 3.9],
			"to": [3.9, -1.3, 7.1],
			"rotation": {"angle": -22.5, "axis": "y", "origin": [4, -2.5, 8]},
			"faces": {
				"north": {"uv": [0, 0, 0, 6], "texture": "#4"},
				"east": {"uv": [0, 0, 6, 6], "texture": "#4"},
				"south": {"uv": [0, 0, 0, 6], "texture": "#4"},
				"west": {"uv": [6, 0, 0, 6], "texture": "#4"},
				"up": {"uv": [0, 6, 0, 0], "texture": "#4"},
				"down": {"uv": [0, 0, 0, 6], "texture": "#4"}
			}
		},
		{
			"from": [3.9, -4, 8.9],
			"to": [3.9, -1.3, 12.1],
			"rotation": {"angle": 22.5, "axis": "y", "origin": [4, -2.5, 8]},
			"faces": {
				"north": {"uv": [0, 0, 0, 6], "texture": "#4"},
				"east": {"uv": [0, 0, 6, 6], "texture": "#4"},
				"south": {"uv": [0, 0, 0, 6], "texture": "#4"},
				"west": {"uv": [0, 0, 6, 6], "texture": "#4"},
				"up": {"uv": [0, 0, 0, 6], "texture": "#4"},
				"down": {"uv": [0, 6, 0, 0], "texture": "#4"}
			}
		},
		{
			"from": [12, -9, 8],
			"to": [12, 3, 14],
			"rotation": {"angle": -22.5, "axis": "y", "origin": [12, -2.5, 8]},
			"faces": {
				"north": {"uv": [0, 0, 0, 120], "texture": "#missing"},
				"east": {"uv": [13.75, 0, 14.5, 1.875], "texture": "#0"},
				"south": {"uv": [0, 0, 0, 120], "texture": "#missing"},
				"west": {"uv": [14.5, 0, 13.75, 1.875], "texture": "#0"},
				"up": {"uv": [0, 0, 0, 48], "texture": "#missing"},
				"down": {"uv": [0, 0, 0, 48], "texture": "#missing"}
			}
		},
		{
			"from": [5, -1.4, 8.5],
			"to": [11, 0.6, 10.5],
			"rotation": {"angle": -45, "axis": "x", "origin": [8, -1.9, 8]},
			"faces": {
				"north": {"uv": [2.3125, 1.125, 1.5625, 1.375], "texture": "#0"},
				"east": {"uv": [1.3125, 1.3125, 1.5625, 1.5625], "texture": "#0"},
				"south": {"uv": [2.3125, 1.125, 1.5625, 1.375], "texture": "#0"},
				"west": {"uv": [1.5625, 1.3125, 1.3125, 1.5625], "texture": "#0"},
				"up": {"uv": [2.3125, 1.125, 1.5625, 1.375], "texture": "#0"},
				"down": {"uv": [2.3125, 1.125, 1.5625, 1.375], "texture": "#0"}
			}
		},
		{
			"from": [5.75, -2, 9],
			"to": [10.25, 1, 12],
			"rotation": {"angle": -45, "axis": "x", "origin": [8, -3, 8]},
			"faces": {
				"north": {"uv": [1.1875, 2.375, 0.8125, 2.9375], "rotation": 90, "texture": "#0"},
				"east": {"uv": [0.8125, 2, 1.1875, 2.375], "rotation": 90, "texture": "#0"},
				"south": {"uv": [1.1875, 2.375, 0.8125, 2.9375], "rotation": 90, "texture": "#0"},
				"west": {"uv": [0.8125, 2.375, 1.1875, 2], "rotation": 90, "texture": "#0"},
				"up": {"uv": [0.8125, 2.375, 1.1875, 2.9375], "rotation": 90, "texture": "#0"},
				"down": {"uv": [0.8125, 2.375, 1.1875, 2.9375], "rotation": 90, "texture": "#0"}
			}
		},
		{
			"from": [7, 15, 10],
			"to": [7, 25, 20],
			"rotation": {"angle": 0, "axis": "y", "origin": [0, 1, 0]},
			"faces": {
				"north": {"uv": [0.5, 1, 0.5, 11], "texture": "#2"},
				"east": {"uv": [0.5, 1, 10.5, 11], "texture": "#2"},
				"south": {"uv": [0.5, 1, 0.5, 11], "texture": "#2"},
				"west": {"uv": [0.5, 1, 10.5, 11], "texture": "#2"},
				"up": {"uv": [0.5, 11, 0.5, 1], "texture": "#2"},
				"down": {"uv": [0.5, 1, 0.5, 11], "texture": "#2"}
			}
		},
		{
			"from": [9, 4, 9],
			"to": [9, 12, 17],
			"rotation": {"angle": 0, "axis": "y", "origin": [0, 1, 0]},
			"faces": {
				"north": {"uv": [0, 0, 0, 16], "texture": "#3"},
				"east": {"uv": [0, 0, 16, 16], "texture": "#3"},
				"south": {"uv": [0, 0, 0, 16], "texture": "#3"},
				"west": {"uv": [0, 0, 16, 16], "texture": "#3"},
				"up": {"uv": [0, 16, 0, 0], "texture": "#3"},
				"down": {"uv": [0, 0, 0, 16], "texture": "#3"}
			}
		},
		{
			"from": [9, 4, -5],
			"to": [9, 14, 5],
			"rotation": {"angle": 0, "axis": "y", "origin": [0, 1, 0]},
			"faces": {
				"north": {"uv": [0, 0, 0, 12], "texture": "#2"},
				"east": {"uv": [0.5, 1, 10.5, 11], "texture": "#2"},
				"south": {"uv": [0, 0, 0, 12], "texture": "#2"},
				"west": {"uv": [0.5, 1, 10.5, 11], "texture": "#2"},
				"up": {"uv": [0, 12, 0, 0], "texture": "#2"},
				"down": {"uv": [0, 0, 0, 12], "texture": "#2"}
			}
		},
		{
			"from": [7.3, -0.2, 8.5],
			"to": [7.3, 3.8, 12.5],
			"rotation": {"angle": 0, "axis": "y", "origin": [0, 0, 16]},
			"faces": {
				"north": {"uv": [0, 0, 0, 0.5], "texture": "#0"},
				"east": {"uv": [1.625, 1.4375, 2.125, 1.9375], "texture": "#0"},
				"south": {"uv": [0, 0, 0, 0.5], "texture": "#missing"},
				"west": {"uv": [2.125, 1.4375, 1.625, 1.9375], "texture": "#0"},
				"up": {"uv": [0, 0.5, 0, 0], "texture": "#missing"},
				"down": {"uv": [0, 0.5, 0, 0], "texture": "#missing"}
			}
		},
		{
			"from": [7.3, -0.2, 3.5],
			"to": [7.3, 3.8, 7.5],
			"faces": {
				"north": {"uv": [0, 0, 0, 0.5], "texture": "#missing"},
				"east": {"uv": [2.125, 1.4375, 1.625, 1.9375], "texture": "#0"},
				"south": {"uv": [0, 0, 0, 0.5], "texture": "#0"},
				"west": {"uv": [1.625, 1.4375, 2.125, 1.9375], "texture": "#0"},
				"up": {"uv": [0, 0, 0, 0.5], "texture": "#missing"},
				"down": {"uv": [0, 0, 0, 0.5], "texture": "#missing"}
			}
		},
		{
			"from": [8.7, -0.2, 8.5],
			"to": [8.7, 3.8, 12.5],
			"rotation": {"angle": 0, "axis": "y", "origin": [16, 0, 16]},
			"faces": {
				"north": {"uv": [0, 0, 0, 0.5], "texture": "#0"},
				"east": {"uv": [1.625, 1.4375, 2.125, 1.9375], "texture": "#0"},
				"south": {"uv": [0, 0, 0, 0.5], "texture": "#missing"},
				"west": {"uv": [2.125, 1.4375, 1.625, 1.9375], "texture": "#0"},
				"up": {"uv": [0, 0.5, 0, 0], "texture": "#missing"},
				"down": {"uv": [0, 0.5, 0, 0], "texture": "#missing"}
			}
		},
		{
			"from": [8.7, -0.2, 3.5],
			"to": [8.7, 3.8, 7.5],
			"rotation": {"angle": 0, "axis": "y", "origin": [16, 0, 0]},
			"faces": {
				"north": {"uv": [0, 0, 0, 0.5], "texture": "#missing"},
				"east": {"uv": [2.125, 1.4375, 1.625, 1.9375], "texture": "#0"},
				"south": {"uv": [0, 0, 0, 0.5], "texture": "#0"},
				"west": {"uv": [1.625, 1.4375, 2.125, 1.9375], "texture": "#0"},
				"up": {"uv": [0, 0, 0, 0.5], "texture": "#missing"},
				"down": {"uv": [0, 0, 0, 0.5], "texture": "#missing"}
			}
		}
	],
	"gui_light": "front",
	"display": {
		"thirdperson_righthand": {
			"translation": [0, 9.25, 1.75],
			"scale": [0.7, 0.7, 0.7]
		},
		"thirdperson_lefthand": {
			"translation": [0, 9.25, 1.75],
			"scale": [0.7, 0.7, 0.7]
		},
		"firstperson_righthand": {
			"rotation": [-10, 0, 0],
			"translation": [5.75, 5, -5],
			"scale": [0.6, 0.6, 0.6]
		},
		"firstperson_lefthand": {
			"rotation": [-10, 0, 0],
			"translation": [5.75, 5, -5],
			"scale": [0.6, 0.6, 0.6]
		},
		"ground": {
			"rotation": [0, 0, 88],
			"translation": [-2, 2.5, 0.25],
			"scale": [0.45, 0.45, 0.45]
		},
		"gui": {
			"rotation": [-90, -135, -90],
			"translation": [0.25, -0.25, -1.5],
			"scale": [0.44922, 0.44922, 0.44922]
		},
		"head": {
			"rotation": [90, -156, 90],
			"translation": [1, 10.5, 1.75],
			"scale": [0.6, 0.6, 0.6]
		},
		"fixed": {
			"rotation": [-90, -90, -90],
			"translation": [0, -1.25, -1.5],
			"scale": [1.2, 1.2, 1.2]
		}
	}
}