{
	"credit": "By EliteCreatures",
	"textures": {
		"0": "elitecreatures/collectibles_v1_32x/charming_puppies_inside_32",
		"1": "elitecreatures/collectibles_v1_32x/ef_charming_puppies_long",
		"particle": "elitecreatures/collectibles_v1_32x/charming_puppies_inside_32"
	},
	"elements": [
		{
			"from": [3.498, 8.01441, 3.998],
			"to": [12.502, 16.51841, 12.002],
			"rotation": {"angle": 0, "axis": "y", "origin": [8, 14.29285, 7.5]},
			"faces": {
				"north": {"uv": [0, 0, 2.25, 2.125], "texture": "#0"},
				"east": {"uv": [2.25, 4, 4.25, 6.125], "texture": "#0"},
				"south": {"uv": [0, 2.25, 2.25, 4.375], "texture": "#0"},
				"west": {"uv": [4.25, 4, 6.25, 6.125], "texture": "#0"},
				"up": {"uv": [4.5, 2, 2.25, 0], "texture": "#0"},
				"down": {"uv": [4.5, 2, 2.25, 4], "texture": "#0"}
			}
		},
		{
			"from": [3.5, 16.00347, 5.40498],
			"to": [7, 19.60347, 6.65498],
			"rotation": {"angle": -22.5, "axis": "x", "origin": [5, 18.35347, 5.90498]},
			"faces": {
				"north": {"uv": [7.25, 0, 8.125, 0.875], "texture": "#0"},
				"east": {"uv": [5.75, 6.25, 6.125, 7.125], "texture": "#0"},
				"south": {"uv": [7.25, 1, 8.125, 1.875], "texture": "#0"},
				"west": {"uv": [1.5, 7.75, 1.875, 8.625], "texture": "#0"},
				"up": {"uv": [5.375, 8.375, 4.5, 8], "texture": "#0"},
				"down": {"uv": [8.875, 4.5, 8, 4.875], "texture": "#0"}
			}
		},
		{
			"from": [3.5, 16.86037, 4.53573],
			"to": [7, 20.11037, 5.53573],
			"rotation": {"angle": 22.5, "axis": "x", "origin": [5, 18.48537, 5.03573]},
			"faces": {
				"north": {"uv": [5.75, 7.25, 6.625, 8.125], "texture": "#0"},
				"east": {"uv": [5.5, 8, 5.75, 8.875], "texture": "#0"},
				"south": {"uv": [6.75, 7.5, 7.625, 8.375], "texture": "#0"},
				"west": {"uv": [8.25, 2.25, 8.5, 3.125], "texture": "#0"},
				"up": {"uv": [3.375, 8.5, 2.5, 8.25], "texture": "#0"},
				"down": {"uv": [9.125, 3.25, 8.25, 3.5], "texture": "#0"}
			}
		},
		{
			"from": [6.5, 6.51641, 3.5],
			"to": [9.5, 10.01641, 4.5],
			"rotation": {"angle": 0, "axis": "y", "origin": [8, 14.29285, 7.5]},
			"faces": {
				"north": {"uv": [7.75, 6, 8.5, 6.875], "texture": "#0"},
				"east": {"uv": [2, 4.5, 2.25, 5.375], "texture": "#0"},
				"south": {"uv": [7.75, 7, 8.5, 7.875], "texture": "#0"},
				"west": {"uv": [1.75, 6.5, 2, 7.375], "texture": "#0"},
				"up": {"uv": [7.25, 2, 6.5, 1.75], "texture": "#0"},
				"down": {"uv": [9, 3.5, 8.25, 3.75], "texture": "#0"}
			}
		},
		{
			"from": [4.25, 0.01118, 6.00104],
			"to": [11.75, 8.01118, 13.00104],
			"rotation": {"angle": 0, "axis": "y", "origin": [8, 5.01118, 10.50104]},
			"faces": {
				"north": {"uv": [0, 4.5, 1.875, 6.5], "texture": "#0"},
				"east": {"uv": [4.5, 2, 6.25, 4], "texture": "#0"},
				"south": {"uv": [4.5, 0, 6.375, 2], "texture": "#0"},
				"west": {"uv": [2, 6.25, 3.75, 8.25], "texture": "#0"},
				"up": {"uv": [8.125, 3.75, 6.25, 2], "texture": "#0"},
				"down": {"uv": [5.625, 6.25, 3.75, 8], "texture": "#0"}
			}
		},
		{
			"from": [7.25, 0.01118, 12.75104],
			"to": [8.75, 3.01118, 14.25104],
			"rotation": {"angle": 45, "axis": "x", "origin": [8, 1.51118, 13.75104]},
			"faces": {
				"north": {"uv": [8.25, 0, 8.625, 0.75], "texture": "#0"},
				"east": {"uv": [8.25, 0.75, 8.625, 1.5], "texture": "#0"},
				"south": {"uv": [8.25, 1.5, 8.625, 2.25], "texture": "#0"},
				"west": {"uv": [2, 8.25, 2.375, 9], "texture": "#0"},
				"up": {"uv": [2.875, 8.875, 2.5, 8.5], "texture": "#0"},
				"down": {"uv": [8.875, 2.5, 8.5, 2.875], "texture": "#0"}
			}
		},
		{
			"from": [3.5, 0, 4.25],
			"to": [6.5, 7, 7.25],
			"rotation": {"angle": 0, "axis": "y", "origin": [5, 3.5, 5.75]},
			"faces": {
				"north": {"uv": [7, 3.75, 6.25, 5.5], "texture": "#0"},
				"east": {"uv": [7.25, 0, 6.5, 1.75], "texture": "#0"},
				"south": {"uv": [0.75, 6.5, 0, 8.25], "texture": "#0"},
				"west": {"uv": [7, 5.5, 6.25, 7.25], "texture": "#0"},
				"up": {"uv": [3.75, 8.75, 4.5, 8], "texture": "#0"},
				"down": {"uv": [8, 3.75, 8.75, 4.5], "texture": "#0"}
			}
		},
		{
			"from": [8.15, 0, 6.25],
			"to": [11.15, 5, 10.25],
			"rotation": {"angle": -45, "axis": "y", "origin": [12, 3.5, 10.75]},
			"faces": {
				"north": {"uv": [7, 5, 7.75, 6.25], "texture": "#0"},
				"east": {"uv": [0.75, 6.5, 1.75, 7.75], "texture": "#0"},
				"south": {"uv": [7, 6.25, 7.75, 7.5], "texture": "#0"},
				"west": {"uv": [7, 3.75, 8, 5], "texture": "#0"},
				"up": {"uv": [1.5, 8.75, 0.75, 7.75], "texture": "#0"},
				"down": {"uv": [8.5, 5, 7.75, 6], "texture": "#0"}
			}
		},
		{
			"from": [8.15, 0, 5.25],
			"to": [11.15, 1.5, 6.25],
			"rotation": {"angle": -45, "axis": "y", "origin": [12, 3.5, 10.75]},
			"faces": {
				"north": {"uv": [7.75, 8, 8.5, 8.375], "texture": "#0"},
				"east": {"uv": [2, 5.5, 2.25, 5.875], "texture": "#0"},
				"south": {"uv": [0, 8.25, 0.75, 8.625], "texture": "#0"},
				"west": {"uv": [3.5, 8.25, 3.75, 8.625], "texture": "#0"},
				"up": {"uv": [6.5, 8.5, 5.75, 8.25], "texture": "#0"},
				"down": {"uv": [9.25, 2.25, 8.5, 2.5], "texture": "#0"}
			}
		},
		{
			"from": [9, 16.00347, 5.40498],
			"to": [12.5, 19.60347, 6.65498],
			"rotation": {"angle": -22.5, "axis": "x", "origin": [11, 18.35347, 5.90498]},
			"faces": {
				"north": {"uv": [8.125, 0, 7.25, 0.875], "texture": "#0"},
				"east": {"uv": [1.875, 7.75, 1.5, 8.625], "texture": "#0"},
				"south": {"uv": [8.125, 1, 7.25, 1.875], "texture": "#0"},
				"west": {"uv": [6.125, 6.25, 5.75, 7.125], "texture": "#0"},
				"up": {"uv": [4.5, 8.375, 5.375, 8], "texture": "#0"},
				"down": {"uv": [8, 4.5, 8.875, 4.875], "texture": "#0"}
			}
		},
		{
			"from": [9, 16.86037, 4.53573],
			"to": [12.5, 20.11037, 5.53573],
			"rotation": {"angle": 22.5, "axis": "x", "origin": [11, 18.48537, 5.03573]},
			"faces": {
				"north": {"uv": [6.625, 7.25, 5.75, 8.125], "texture": "#0"},
				"east": {"uv": [8.5, 2.25, 8.25, 3.125], "texture": "#0"},
				"south": {"uv": [7.625, 7.5, 6.75, 8.375], "texture": "#0"},
				"west": {"uv": [5.75, 8, 5.5, 8.875], "texture": "#0"},
				"up": {"uv": [2.5, 8.5, 3.375, 8.25], "texture": "#0"},
				"down": {"uv": [8.25, 3.25, 9.125, 3.5], "texture": "#0"}
			}
		},
		{
			"from": [4.85, 0, 5.25],
			"to": [7.85, 1.5, 6.25],
			"rotation": {"angle": 45, "axis": "y", "origin": [4, 3.5, 10.75]},
			"faces": {
				"north": {"uv": [8.5, 8, 7.75, 8.375], "texture": "#0"},
				"east": {"uv": [3.75, 8.25, 3.5, 8.625], "texture": "#0"},
				"south": {"uv": [0.75, 8.25, 0, 8.625], "texture": "#0"},
				"west": {"uv": [2.25, 5.5, 2, 5.875], "texture": "#0"},
				"up": {"uv": [5.75, 8.5, 6.5, 8.25], "texture": "#0"},
				"down": {"uv": [8.5, 2.25, 9.25, 2.5], "texture": "#0"}
			}
		},
		{
			"from": [4.85, 0, 6.25],
			"to": [7.85, 5, 10.25],
			"rotation": {"angle": 45, "axis": "y", "origin": [4, 3.5, 10.75]},
			"faces": {
				"north": {"uv": [7.75, 5, 7, 6.25], "texture": "#0"},
				"east": {"uv": [8, 3.75, 7, 5], "texture": "#0"},
				"south": {"uv": [7.75, 6.25, 7, 7.5], "texture": "#0"},
				"west": {"uv": [1.75, 6.5, 0.75, 7.75], "texture": "#0"},
				"up": {"uv": [0.75, 8.75, 1.5, 7.75], "texture": "#0"},
				"down": {"uv": [7.75, 5, 8.5, 6], "texture": "#0"}
			}
		},
		{
			"from": [9.5, 0, 4.25],
			"to": [12.5, 7, 7.25],
			"rotation": {"angle": 0, "axis": "y", "origin": [11, 3.5, 5.75]},
			"faces": {
				"north": {"uv": [6.25, 3.75, 7, 5.5], "texture": "#0"},
				"east": {"uv": [6.25, 5.5, 7, 7.25], "texture": "#0"},
				"south": {"uv": [0, 6.5, 0.75, 8.25], "texture": "#0"},
				"west": {"uv": [6.5, 0, 7.25, 1.75], "texture": "#0"},
				"up": {"uv": [4.5, 8.75, 3.75, 8], "texture": "#0"},
				"down": {"uv": [8.75, 3.75, 8, 4.5], "texture": "#0"}
			}
		},
		{
			"from": [8.75, 5.75, 3.85],
			"to": [15.25, 11.75, 3.85],
			"rotation": {"angle": 0, "axis": "y", "origin": [12, 8.5, 3.85]},
			"faces": {
				"north": {"uv": [1.5, 6, 8, 11.5], "texture": "#1"},
				"east": {"uv": [0, 0, 0, 13], "texture": "#1"},
				"south": {"uv": [8, 6, 1.5, 11.5], "texture": "#1"},
				"west": {"uv": [0, 0, 0, 13], "texture": "#1"},
				"up": {"uv": [8, 0, 0, 0], "texture": "#1"},
				"down": {"uv": [8, 0, 0, 0], "texture": "#1"}
			}
		},
		{
			"from": [0.75, 5.75, 3.85],
			"to": [7.25, 11.75, 3.85],
			"rotation": {"angle": 0, "axis": "y", "origin": [4, 8.5, 3.85]},
			"faces": {
				"north": {"uv": [8, 6, 1.5, 11.5], "texture": "#1"},
				"east": {"uv": [0, 0, 0, 13], "texture": "#1"},
				"south": {"uv": [1.5, 6, 8, 11.5], "texture": "#1"},
				"west": {"uv": [0, 0, 0, 13], "texture": "#1"},
				"up": {"uv": [0, 0, 8, 0], "texture": "#1"},
				"down": {"uv": [0, 0, 8, 0], "texture": "#1"}
			}
		},
		{
			"from": [0.75, 17.75, 8],
			"to": [4.25, 21.25, 8],
			"faces": {
				"north": {"uv": [10.5, 1.5, 14.5, 5], "texture": "#1"},
				"east": {"uv": [0, 0, 0, 7], "texture": "#1"},
				"south": {"uv": [14.5, 1.5, 10.5, 5], "texture": "#1"},
				"west": {"uv": [0, 0, 0, 7], "texture": "#1"},
				"up": {"uv": [0, 0, 7, 0], "texture": "#1"},
				"down": {"uv": [0, 0, 7, 0], "texture": "#1"}
			}
		}
	],
	"gui_light": "front",
	"display": {
		"thirdperson_righthand": {
			"rotation": [61.23, 4.49, 0.46],
			"translation": [0, 1.75, 0.75],
			"scale": [0.5, 0.5, 0.5]
		},
		"thirdperson_lefthand": {
			"rotation": [61.23, 4.49, 0.46],
			"translation": [0, 1.75, 0.75],
			"scale": [0.5, 0.5, 0.5]
		},
		"firstperson_righthand": {
			"rotation": [-166, 53.68, 171.1],
			"translation": [0.75, 3.75, -0.75],
			"scale": [0.58336, 0.58336, 0.58336]
		},
		"firstperson_lefthand": {
			"rotation": [-166, 53.68, 171.1],
			"translation": [0.75, 3.75, -0.75],
			"scale": [0.58336, 0.58336, 0.58336]
		},
		"ground": {
			"rotation": [68, 0, 0],
			"translation": [0, 1.5, 0],
			"scale": [0.5, 0.5, 0.5]
		},
		"gui": {
			"rotation": [-170, 15, -180],
			"translation": [0.25, -2, 0],
			"scale": [0.62, 0.62, 0.62]
		},
		"head": {
			"rotation": [7, 180, 1],
			"translation": [0, -48.75, 11.25],
			"scale": [1.6, 1.6, 1.6]
		},
		"fixed": {
			"rotation": [-90, 0, 0],
			"translation": [0, -0.25, -16.25],
			"scale": [2, 2, 2]
		}
	}
}