{
	"credit": "By EliteCreatures",
	"textures": {
		"0": "elitecreatures/collectibles_v1_32x/sweet_little_lambs_inside_32",
		"particle": "elitecreatures/collectibles_v1_32x/sweet_little_lambs_inside_32"
	},
	"elements": [
		{
			"from": [2, 0, 4],
			"to": [14, 8, 15],
			"rotation": {"angle": 0, "axis": "y", "origin": [7, 0, 7]},
			"faces": {
				"north": {"uv": [0, 5.5, 3, 7.5], "texture": "#0"},
				"east": {"uv": [6, 0, 8.75, 2], "texture": "#0"},
				"south": {"uv": [3, 5.5, 6, 7.5], "texture": "#0"},
				"west": {"uv": [6, 2, 8.75, 4], "texture": "#0"},
				"up": {"uv": [3, 2.75, 0, 0], "texture": "#0"},
				"down": {"uv": [3, 2.75, 0, 5.5], "texture": "#0"}
			}
		},
		{
			"from": [3, 0, 1],
			"to": [6, 3, 4],
			"rotation": {"angle": 0, "axis": "y", "origin": [7, 0, 7]},
			"faces": {
				"north": {"uv": [0, 10.25, 0.75, 11], "texture": "#0"},
				"east": {"uv": [0.75, 10.25, 1.5, 11], "texture": "#0"},
				"south": {"uv": [1.5, 10.25, 2.25, 11], "texture": "#0"},
				"west": {"uv": [2.25, 10.25, 3, 11], "texture": "#0"},
				"up": {"uv": [11, 4.25, 10.25, 3.5], "texture": "#0"},
				"down": {"uv": [11, 4.25, 10.25, 5], "texture": "#0"}
			}
		},
		{
			"from": [2, 4.5, 2.25],
			"to": [6.5, 7.5, 5.25],
			"rotation": {"angle": 22.5, "axis": "y", "origin": [4.5, 6, 2.5]},
			"faces": {
				"north": {"uv": [5, 10, 6.125, 10.75], "texture": "#0"},
				"east": {"uv": [10.25, 5, 11, 5.75], "texture": "#0"},
				"south": {"uv": [6.25, 10, 7.375, 10.75], "texture": "#0"},
				"west": {"uv": [10.25, 5.75, 11, 6.5], "texture": "#0"},
				"up": {"uv": [11.125, 7.75, 10, 7], "texture": "#0"},
				"down": {"uv": [11.125, 7.75, 10, 8.5], "texture": "#0"}
			}
		},
		{
			"from": [4, 8, 11],
			"to": [12, 14.5, 15],
			"rotation": {"angle": 0, "axis": "y", "origin": [7, 0, 7]},
			"faces": {
				"north": {"uv": [8.75, 0, 10.75, 1.625], "texture": "#0"},
				"east": {"uv": [9, 7, 10, 8.625], "texture": "#0"},
				"south": {"uv": [8.75, 1.75, 10.75, 3.375], "texture": "#0"},
				"west": {"uv": [8.5, 9, 9.5, 10.625], "texture": "#0"},
				"up": {"uv": [6.5, 10, 4.5, 9], "texture": "#0"},
				"down": {"uv": [8.5, 9, 6.5, 10], "texture": "#0"}
			}
		},
		{
			"from": [2, 14.5, 4],
			"to": [14, 16.5, 15],
			"rotation": {"angle": 0, "axis": "y", "origin": [7, -0.5, 7]},
			"faces": {
				"north": {"uv": [0, 9.25, 3, 9.75], "texture": "#0"},
				"east": {"uv": [9.5, 9.25, 12.25, 9.75], "texture": "#0"},
				"south": {"uv": [9.5, 8.75, 12.5, 9.25], "texture": "#0"},
				"west": {"uv": [0, 9.75, 2.75, 10.25], "texture": "#0"},
				"up": {"uv": [6, 2.75, 3, 0], "texture": "#0"},
				"down": {"uv": [6, 2.75, 3, 5.5], "texture": "#0"}
			}
		},
		{
			"from": [10.53033, 13.4948, 7],
			"to": [14.53033, 17.9948, 8.5],
			"rotation": {"angle": -45, "axis": "z", "origin": [12.53033, 15.4948, 7.75]},
			"faces": {
				"north": {"uv": [9.5, 9.75, 10.5, 10.875], "texture": "#0"},
				"east": {"uv": [10.5, 9.75, 10.875, 10.875], "texture": "#0"},
				"south": {"uv": [4, 10, 5, 11.125], "texture": "#0"},
				"west": {"uv": [10.75, 0, 11.125, 1.125], "texture": "#0"},
				"up": {"uv": [11.25, 6.875, 10.25, 6.5], "texture": "#0"},
				"down": {"uv": [11.75, 1.25, 10.75, 1.625], "texture": "#0"}
			}
		},
		{
			"from": [1.46967, 13.4948, 7],
			"to": [5.46967, 17.9948, 8.5],
			"rotation": {"angle": 45, "axis": "z", "origin": [3.46967, 15.4948, 7.75]},
			"faces": {
				"north": {"uv": [10.5, 9.75, 9.5, 10.875], "texture": "#0"},
				"east": {"uv": [11.125, 0, 10.75, 1.125], "texture": "#0"},
				"south": {"uv": [5, 10, 4, 11.125], "texture": "#0"},
				"west": {"uv": [10.875, 9.75, 10.5, 10.875], "texture": "#0"},
				"up": {"uv": [10.25, 6.875, 11.25, 6.5], "texture": "#0"},
				"down": {"uv": [10.75, 1.25, 11.75, 1.625], "texture": "#0"}
			}
		},
		{
			"from": [10, 0, 1],
			"to": [13, 3, 4],
			"rotation": {"angle": 0, "axis": "y", "origin": [9, 0, 7]},
			"faces": {
				"north": {"uv": [0.75, 10.25, 0, 11], "texture": "#0"},
				"east": {"uv": [3, 10.25, 2.25, 11], "texture": "#0"},
				"south": {"uv": [2.25, 10.25, 1.5, 11], "texture": "#0"},
				"west": {"uv": [1.5, 10.25, 0.75, 11], "texture": "#0"},
				"up": {"uv": [10.25, 4.25, 11, 3.5], "texture": "#0"},
				"down": {"uv": [10.25, 4.25, 11, 5], "texture": "#0"}
			}
		},
		{
			"from": [9.5, 4.5, 2.25],
			"to": [14, 7.5, 5.25],
			"rotation": {"angle": -22.5, "axis": "y", "origin": [11.5, 6, 2.5]},
			"faces": {
				"north": {"uv": [6.125, 10, 5, 10.75], "texture": "#0"},
				"east": {"uv": [11, 5.75, 10.25, 6.5], "texture": "#0"},
				"south": {"uv": [7.375, 10, 6.25, 10.75], "texture": "#0"},
				"west": {"uv": [11, 5, 10.25, 5.75], "texture": "#0"},
				"up": {"uv": [10, 7.75, 11.125, 7], "texture": "#0"},
				"down": {"uv": [10, 7.75, 11.125, 8.5], "texture": "#0"}
			}
		},
		{
			"from": [12, 8, 4],
			"to": [14, 14.5, 15],
			"rotation": {"angle": 0, "axis": "y", "origin": [9, 0, 7]},
			"faces": {
				"north": {"uv": [7.5, 10, 8, 11.625], "texture": "#0"},
				"east": {"uv": [6, 4, 8.75, 5.625], "texture": "#0"},
				"south": {"uv": [8, 10, 8.5, 11.625], "texture": "#0"},
				"west": {"uv": [6, 5.75, 8.75, 7.375], "texture": "#0"},
				"up": {"uv": [3.5, 12, 3, 9.25], "texture": "#0"},
				"down": {"uv": [4, 9.25, 3.5, 12], "texture": "#0"}
			}
		},
		{
			"from": [2, 8, 4],
			"to": [4, 14.5, 15],
			"rotation": {"angle": 0, "axis": "y", "origin": [7, 0, 7]},
			"faces": {
				"north": {"uv": [8, 10, 7.5, 11.625], "texture": "#0"},
				"east": {"uv": [8.75, 5.75, 6, 7.375], "texture": "#0"},
				"south": {"uv": [8.5, 10, 8, 11.625], "texture": "#0"},
				"west": {"uv": [8.75, 4, 6, 5.625], "texture": "#0"},
				"up": {"uv": [3, 12, 3.5, 9.25], "texture": "#0"},
				"down": {"uv": [3.5, 9.25, 4, 12], "texture": "#0"}
			}
		},
		{
			"from": [3.5, 8.01641, 5],
			"to": [12.5, 14.51641, 11],
			"rotation": {"angle": 0, "axis": "y", "origin": [8, 14.29285, 7.5]},
			"faces": {
				"north": {"uv": [0, 7.5, 2.25, 9.125], "texture": "#0"},
				"east": {"uv": [8.75, 3.5, 10.25, 5.125], "texture": "#0"},
				"south": {"uv": [2.25, 7.5, 4.5, 9.125], "texture": "#0"},
				"west": {"uv": [8.75, 5.25, 10.25, 6.875], "texture": "#0"},
				"up": {"uv": [6.75, 9, 4.5, 7.5], "texture": "#0"},
				"down": {"uv": [9, 7.5, 6.75, 9], "texture": "#0"}
			}
		}
	],
	"gui_light": "front",
	"display": {
		"thirdperson_righthand": {
			"rotation": [61.23, 4.49, 0.46],
			"translation": [0, 1.75, 0.75],
			"scale": [0.5, 0.5, 0.5]
		},
		"thirdperson_lefthand": {
			"rotation": [61.23, 4.49, 0.46],
			"translation": [0, 1.75, 0.75],
			"scale": [0.5, 0.5, 0.5]
		},
		"firstperson_righthand": {
			"rotation": [-166, 53.68, 171.1],
			"translation": [0.75, 3.75, -0.75],
			"scale": [0.58336, 0.58336, 0.58336]
		},
		"firstperson_lefthand": {
			"rotation": [-166, 53.68, 171.1],
			"translation": [0.75, 3.75, -0.75],
			"scale": [0.58336, 0.58336, 0.58336]
		},
		"ground": {
			"rotation": [68, 0, 0],
			"translation": [0, 1.5, 0],
			"scale": [0.5, 0.5, 0.5]
		},
		"gui": {
			"rotation": [-170, 15, -180],
			"translation": [0.25, -2, 0],
			"scale": [0.62, 0.62, 0.62]
		},
		"head": {
			"rotation": [7, 180, 1],
			"translation": [0, -48.75, 11.25],
			"scale": [1.6, 1.6, 1.6]
		},
		"fixed": {
			"rotation": [-90, 0, 0],
			"translation": [0, -0.25, -16.25],
			"scale": [2, 2, 2]
		}
	}
}