{"sources":[{"type":"single","resource":"minecraft:wink","sprite":"minecraft:wink"},{"type":"single","resource":"minecraft:veryhappy","sprite":"minecraft:veryhappy"},{"type":"single","resource":"minecraft:toffy/crates/toffy_key_viking","sprite":"minecraft:toffy/crates/toffy_key_viking"},{"type":"single","resource":"minecraft:toffy/crates/toffy_key_red","sprite":"minecraft:toffy/crates/toffy_key_red"},{"type":"single","resource":"minecraft:toffy/crates/toffy_key_purple","sprite":"minecraft:toffy/crates/toffy_key_purple"},{"type":"single","resource":"minecraft:toffy/crates/toffy_key_paladin","sprite":"minecraft:toffy/crates/toffy_key_paladin"},{"type":"single","resource":"minecraft:toffy/crates/toffy_key_green","sprite":"minecraft:toffy/crates/toffy_key_green"},{"type":"single","resource":"minecraft:toffy/crates/toffy_key_cinder","sprite":"minecraft:toffy/crates/toffy_key_cinder"},{"type":"single","resource":"minecraft:toffy/crates/toffy_key_blue","sprite":"minecraft:toffy/crates/toffy_key_blue"},{"type":"single","resource":"minecraft:toffy/crates/toffy_key_black","sprite":"minecraft:toffy/crates/toffy_key_black"},{"type":"single","resource":"minecraft:toffy/crates/toffy_crate_viking","sprite":"minecraft:toffy/crates/toffy_crate_viking"},{"type":"single","resource":"minecraft:toffy/crates/toffy_crate_red","sprite":"minecraft:toffy/crates/toffy_crate_red"},{"type":"single","resource":"minecraft:toffy/crates/toffy_crate_purple","sprite":"minecraft:toffy/crates/toffy_crate_purple"},{"type":"single","resource":"minecraft:toffy/crates/toffy_crate_green","sprite":"minecraft:toffy/crates/toffy_crate_green"},{"type":"single","resource":"minecraft:toffy/crates/toffy_crate_cinder","sprite":"minecraft:toffy/crates/toffy_crate_cinder"},{"type":"single","resource":"minecraft:toffy/crates/toffy_crate_blue","sprite":"minecraft:toffy/crates/toffy_crate_blue"},{"type":"single","resource":"minecraft:toffy/crates/toffy_crate_black","sprite":"minecraft:toffy/crates/toffy_crate_black"},{"type":"single","resource":"minecraft:summerset/wings","sprite":"minecraft:summerset/wings"},{"type":"single","resource":"minecraft:summerset/weapons_theme_3","sprite":"minecraft:summerset/weapons_theme_3"},{"type":"single","resource":"minecraft:summerset/weapons_theme_2","sprite":"minecraft:summerset/weapons_theme_2"},{"type":"single","resource":"minecraft:summerset/weapons_theme_1","sprite":"minecraft:summerset/weapons_theme_1"},{"type":"single","resource":"minecraft:summerset/sword","sprite":"minecraft:summerset/sword"},{"type":"single","resource":"minecraft:summerset/shovel","sprite":"minecraft:summerset/shovel"},{"type":"single","resource":"minecraft:summerset/shield","sprite":"minecraft:summerset/shield"},{"type":"single","resource":"minecraft:summerset/pickaxe","sprite":"minecraft:summerset/pickaxe"},{"type":"single","resource":"minecraft:summerset/mask","sprite":"minecraft:summerset/mask"},{"type":"single","resource":"minecraft:summerset/key","sprite":"minecraft:summerset/key"},{"type":"single","resource":"minecraft:summerset/hoe","sprite":"minecraft:summerset/hoe"},{"type":"single","resource":"minecraft:summerset/hammer","sprite":"minecraft:summerset/hammer"},{"type":"single","resource":"minecraft:summerset/greatsword","sprite":"minecraft:summerset/greatsword"},{"type":"single","resource":"minecraft:summerset/fishing_rod_cast","sprite":"minecraft:summerset/fishing_rod_cast"},{"type":"single","resource":"minecraft:summerset/fishing_rod","sprite":"minecraft:summerset/fishing_rod"},{"type":"single","resource":"minecraft:summerset/crossbow_firework","sprite":"minecraft:summerset/crossbow_firework"},{"type":"single","resource":"minecraft:summerset/crossbow_2","sprite":"minecraft:summerset/crossbow_2"},{"type":"single","resource":"minecraft:summerset/crossbow_1","sprite":"minecraft:summerset/crossbow_1"},{"type":"single","resource":"minecraft:summerset/crossbow","sprite":"minecraft:summerset/crossbow"},{"type":"single","resource":"minecraft:summerset/chest","sprite":"minecraft:summerset/chest"},{"type":"single","resource":"minecraft:summerset/bow_2","sprite":"minecraft:summerset/bow_2"},{"type":"single","resource":"minecraft:summerset/bow_1","sprite":"minecraft:summerset/bow_1"},{"type":"single","resource":"minecraft:summerset/bow","sprite":"minecraft:summerset/bow"},{"type":"single","resource":"minecraft:summerset/backpack","sprite":"minecraft:summerset/backpack"},{"type":"single","resource":"minecraft:summerset/axe","sprite":"minecraft:summerset/axe"},{"type":"single","resource":"minecraft:summerset/armor/summerset_leggings","sprite":"minecraft:summerset/armor/summerset_leggings"},{"type":"single","resource":"minecraft:summerset/armor/summerset_helmet","sprite":"minecraft:summerset/armor/summerset_helmet"},{"type":"single","resource":"minecraft:summerset/armor/summerset_chestplate","sprite":"minecraft:summerset/armor/summerset_chestplate"},{"type":"single","resource":"minecraft:summerset/armor/summerset_boots","sprite":"minecraft:summerset/armor/summerset_boots"},{"type":"single","resource":"minecraft:summerset/animations/spin_animations","sprite":"minecraft:summerset/animations/spin_animations"},{"type":"single","resource":"minecraft:summerset/animations/bubble_1","sprite":"minecraft:summerset/animations/bubble_1"},{"type":"single","resource":"minecraft:summerset/animations/animations_water","sprite":"minecraft:summerset/animations/animations_water"},{"type":"single","resource":"minecraft:summerset/animations/animations_trident","sprite":"minecraft:summerset/animations/animations_trident"},{"type":"single","resource":"minecraft:summerset/animations/animations_sword","sprite":"minecraft:summerset/animations/animations_sword"},{"type":"single","resource":"minecraft:summerset/animations/animations_spear","sprite":"minecraft:summerset/animations/animations_spear"},{"type":"single","resource":"minecraft:summerset/animations/animations_shovel","sprite":"minecraft:summerset/animations/animations_shovel"},{"type":"single","resource":"minecraft:summerset/animations/animations_scythe","sprite":"minecraft:summerset/animations/animations_scythe"},{"type":"single","resource":"minecraft:summerset/animations/animations_pickaxe","sprite":"minecraft:summerset/animations/animations_pickaxe"},{"type":"single","resource":"minecraft:summerset/animations/animations_hoe","sprite":"minecraft:summerset/animations/animations_hoe"},{"type":"single","resource":"minecraft:summerset/animations/animations_greatsword","sprite":"minecraft:summerset/animations/animations_greatsword"},{"type":"single","resource":"minecraft:summerset/animations/animations_axe","sprite":"minecraft:summerset/animations/animations_axe"},{"type":"single","resource":"minecraft:sad","sprite":"minecraft:sad"},{"type":"single","resource":"minecraft:required/particle","sprite":"minecraft:required/particle"},{"type":"single","resource":"minecraft:required/exit_icon","sprite":"minecraft:required/exit_icon"},{"type":"single","resource":"minecraft:required/ascii_offset","sprite":"minecraft:required/ascii_offset"},{"type":"single","resource":"minecraft:required/arrow_previous_icon","sprite":"minecraft:required/arrow_previous_icon"},{"type":"single","resource":"minecraft:required/arrow_next_icon","sprite":"minecraft:required/arrow_next_icon"},{"type":"single","resource":"minecraft:models/armor/leather_layer_2_overlay","sprite":"minecraft:models/armor/leather_layer_2_overlay"},{"type":"single","resource":"minecraft:models/armor/leather_layer_1_overlay","sprite":"minecraft:models/armor/leather_layer_1_overlay"},{"type":"single","resource":"minecraft:misc/pumpkinblur","sprite":"minecraft:misc/pumpkinblur"},{"type":"single","resource":"minecraft:mid","sprite":"minecraft:mid"},{"type":"single","resource":"minecraft:merry_christmasset/wings","sprite":"minecraft:merry_christmasset/wings"},{"type":"single","resource":"minecraft:merry_christmasset/trident","sprite":"minecraft:merry_christmasset/trident"},{"type":"single","resource":"minecraft:merry_christmasset/sword","sprite":"minecraft:merry_christmasset/sword"},{"type":"single","resource":"minecraft:merry_christmasset/staff","sprite":"minecraft:merry_christmasset/staff"},{"type":"single","resource":"minecraft:merry_christmasset/spear","sprite":"minecraft:merry_christmasset/spear"},{"type":"single","resource":"minecraft:merry_christmasset/shovel","sprite":"minecraft:merry_christmasset/shovel"},{"type":"single","resource":"minecraft:merry_christmasset/shield","sprite":"minecraft:merry_christmasset/shield"},{"type":"single","resource":"minecraft:merry_christmasset/scythe","sprite":"minecraft:merry_christmasset/scythe"},{"type":"single","resource":"minecraft:merry_christmasset/pickaxe","sprite":"minecraft:merry_christmasset/pickaxe"},{"type":"single","resource":"minecraft:merry_christmasset/key","sprite":"minecraft:merry_christmasset/key"},{"type":"single","resource":"minecraft:merry_christmasset/hoe","sprite":"minecraft:merry_christmasset/hoe"},{"type":"single","resource":"minecraft:merry_christmasset/hat","sprite":"minecraft:merry_christmasset/hat"},{"type":"single","resource":"minecraft:merry_christmasset/hammer","sprite":"minecraft:merry_christmasset/hammer"},{"type":"single","resource":"minecraft:merry_christmasset/greatsword","sprite":"minecraft:merry_christmasset/greatsword"},{"type":"single","resource":"minecraft:merry_christmasset/fishing_rod","sprite":"minecraft:merry_christmasset/fishing_rod"},{"type":"single","resource":"minecraft:merry_christmasset/detail","sprite":"minecraft:merry_christmasset/detail"},{"type":"single","resource":"minecraft:merry_christmasset/crossbow_2","sprite":"minecraft:merry_christmasset/crossbow_2"},{"type":"single","resource":"minecraft:merry_christmasset/crossbow_1","sprite":"minecraft:merry_christmasset/crossbow_1"},{"type":"single","resource":"minecraft:merry_christmasset/crossbow","sprite":"minecraft:merry_christmasset/crossbow"},{"type":"single","resource":"minecraft:merry_christmasset/chest","sprite":"minecraft:merry_christmasset/chest"},{"type":"single","resource":"minecraft:merry_christmasset/bow_2","sprite":"minecraft:merry_christmasset/bow_2"},{"type":"single","resource":"minecraft:merry_christmasset/bow_1","sprite":"minecraft:merry_christmasset/bow_1"},{"type":"single","resource":"minecraft:merry_christmasset/bow","sprite":"minecraft:merry_christmasset/bow"},{"type":"single","resource":"minecraft:merry_christmasset/backpack","sprite":"minecraft:merry_christmasset/backpack"},{"type":"single","resource":"minecraft:merry_christmasset/axe","sprite":"minecraft:merry_christmasset/axe"},{"type":"single","resource":"minecraft:merry_christmasset/armors/merrychristmas_leggings","sprite":"minecraft:merry_christmasset/armors/merrychristmas_leggings"},{"type":"single","resource":"minecraft:merry_christmasset/armors/merrychristmas_helmet","sprite":"minecraft:merry_christmasset/armors/merrychristmas_helmet"},{"type":"single","resource":"minecraft:merry_christmasset/armors/merrychristmas_chestplate","sprite":"minecraft:merry_christmasset/armors/merrychristmas_chestplate"},{"type":"single","resource":"minecraft:merry_christmasset/armors/merrychristmas_boots","sprite":"minecraft:merry_christmasset/armors/merrychristmas_boots"},{"type":"single","resource":"minecraft:kindahappy","sprite":"minecraft:kindahappy"},{"type":"single","resource":"minecraft:item/vanocnybatoh","sprite":"minecraft:item/vanocnybatoh"},{"type":"single","resource":"minecraft:item/vanocnakridla","sprite":"minecraft:item/vanocnakridla"},{"type":"single","resource":"minecraft:item/toffy_key_sweet_tooth","sprite":"minecraft:item/toffy_key_sweet_tooth"},{"type":"single","resource":"minecraft:item/toffy_key_raven","sprite":"minecraft:item/toffy_key_raven"},{"type":"single","resource":"minecraft:item/toffy_key_creature","sprite":"minecraft:item/toffy_key_creature"},{"type":"single","resource":"minecraft:item/toffy_crate_yellow","sprite":"minecraft:item/toffy_crate_yellow"},{"type":"single","resource":"minecraft:item/toffy_crate_viking","sprite":"minecraft:item/toffy_crate_viking"},{"type":"single","resource":"minecraft:item/toffy_crate_orange","sprite":"minecraft:item/toffy_crate_orange"},{"type":"single","resource":"minecraft:item/toffy_crate_green","sprite":"minecraft:item/toffy_crate_green"},{"type":"single","resource":"minecraft:item/toffy_crate_cinder","sprite":"minecraft:item/toffy_crate_cinder"},{"type":"single","resource":"minecraft:item/premium_key","sprite":"minecraft:item/premium_key"},{"type":"single","resource":"minecraft:item/premium_chest","sprite":"minecraft:item/premium_chest"},{"type":"single","resource":"minecraft:item/normal_key","sprite":"minecraft:item/normal_key"},{"type":"single","resource":"minecraft:item/normal_chest_2","sprite":"minecraft:item/normal_chest_2"},{"type":"single","resource":"minecraft:item/normal_chest","sprite":"minecraft:item/normal_chest"},{"type":"single","resource":"minecraft:item/medium_key","sprite":"minecraft:item/medium_key"},{"type":"single","resource":"minecraft:item/medium_chest","sprite":"minecraft:item/medium_chest"},{"type":"single","resource":"minecraft:item/hat","sprite":"minecraft:item/hat"},{"type":"single","resource":"minecraft:item/halloween_key","sprite":"minecraft:item/halloween_key"},{"type":"single","resource":"minecraft:item/fruit_key","sprite":"minecraft:item/fruit_key"},{"type":"single","resource":"minecraft:happy","sprite":"minecraft:happy"},{"type":"single","resource":"minecraft:elitecreatures/witchcasteranimated/witchcasteranimated_leggings","sprite":"minecraft:elitecreatures/witchcasteranimated/witchcasteranimated_leggings"},{"type":"single","resource":"minecraft:elitecreatures/witchcasteranimated/witchcasteranimated_helmet","sprite":"minecraft:elitecreatures/witchcasteranimated/witchcasteranimated_helmet"},{"type":"single","resource":"minecraft:elitecreatures/witchcasteranimated/witchcasteranimated_chestplate","sprite":"minecraft:elitecreatures/witchcasteranimated/witchcasteranimated_chestplate"},{"type":"single","resource":"minecraft:elitecreatures/witchcasteranimated/witchcasteranimated_boots","sprite":"minecraft:elitecreatures/witchcasteranimated/witchcasteranimated_boots"},{"type":"single","resource":"minecraft:elitecreatures/witchcasteranimated/witchcasteranimated_armor_2","sprite":"minecraft:elitecreatures/witchcasteranimated/witchcasteranimated_armor_2"},{"type":"single","resource":"minecraft:elitecreatures/witchcasteranimated/witchcasteranimated_armor_1","sprite":"minecraft:elitecreatures/witchcasteranimated/witchcasteranimated_armor_1"},{"type":"single","resource":"minecraft:elitecreatures/collectibles_v1_32x/tiny_hedgehogs_inside_32","sprite":"minecraft:elitecreatures/collectibles_v1_32x/tiny_hedgehogs_inside_32"},{"type":"single","resource":"minecraft:elitecreatures/collectibles_v1_32x/sweet_little_lambs_inside_32","sprite":"minecraft:elitecreatures/collectibles_v1_32x/sweet_little_lambs_inside_32"},{"type":"single","resource":"minecraft:elitecreatures/collectibles_v1_32x/playful_kittens_inside_32","sprite":"minecraft:elitecreatures/collectibles_v1_32x/playful_kittens_inside_32"},{"type":"single","resource":"minecraft:elitecreatures/collectibles_v1_32x/lovely_ladybugs_inside_32","sprite":"minecraft:elitecreatures/collectibles_v1_32x/lovely_ladybugs_inside_32"},{"type":"single","resource":"minecraft:elitecreatures/collectibles_v1_32x/fluffy_bunnies_inside_32","sprite":"minecraft:elitecreatures/collectibles_v1_32x/fluffy_bunnies_inside_32"},{"type":"single","resource":"minecraft:elitecreatures/collectibles_v1_32x/ef_tiny_hedgehogs_long","sprite":"minecraft:elitecreatures/collectibles_v1_32x/ef_tiny_hedgehogs_long"},{"type":"single","resource":"minecraft:elitecreatures/collectibles_v1_32x/ef_sweet_little_lambs_long","sprite":"minecraft:elitecreatures/collectibles_v1_32x/ef_sweet_little_lambs_long"},{"type":"single","resource":"minecraft:elitecreatures/collectibles_v1_32x/ef_playful_kittens_long","sprite":"minecraft:elitecreatures/collectibles_v1_32x/ef_playful_kittens_long"},{"type":"single","resource":"minecraft:elitecreatures/collectibles_v1_32x/ef_lovely_ladybugs_long","sprite":"minecraft:elitecreatures/collectibles_v1_32x/ef_lovely_ladybugs_long"},{"type":"single","resource":"minecraft:elitecreatures/collectibles_v1_32x/ef_fluffy_bunnies_long","sprite":"minecraft:elitecreatures/collectibles_v1_32x/ef_fluffy_bunnies_long"},{"type":"single","resource":"minecraft:elitecreatures/collectibles_v1_32x/ef_delightful_otters_long","sprite":"minecraft:elitecreatures/collectibles_v1_32x/ef_delightful_otters_long"},{"type":"single","resource":"minecraft:elitecreatures/collectibles_v1_32x/ef_cuddly_pandas_long","sprite":"minecraft:elitecreatures/collectibles_v1_32x/ef_cuddly_pandas_long"},{"type":"single","resource":"minecraft:elitecreatures/collectibles_v1_32x/ef_charming_puppies_long","sprite":"minecraft:elitecreatures/collectibles_v1_32x/ef_charming_puppies_long"},{"type":"single","resource":"minecraft:elitecreatures/collectibles_v1_32x/ef_baby_penguins_long","sprite":"minecraft:elitecreatures/collectibles_v1_32x/ef_baby_penguins_long"},{"type":"single","resource":"minecraft:elitecreatures/collectibles_v1_32x/ef_adorable_baby_elephants_long","sprite":"minecraft:elitecreatures/collectibles_v1_32x/ef_adorable_baby_elephants_long"},{"type":"single","resource":"minecraft:elitecreatures/collectibles_v1_32x/delightful_otters_inside_32","sprite":"minecraft:elitecreatures/collectibles_v1_32x/delightful_otters_inside_32"},{"type":"single","resource":"minecraft:elitecreatures/collectibles_v1_32x/cuddly_pandas_inside_32","sprite":"minecraft:elitecreatures/collectibles_v1_32x/cuddly_pandas_inside_32"},{"type":"single","resource":"minecraft:elitecreatures/collectibles_v1_32x/collectibles_package","sprite":"minecraft:elitecreatures/collectibles_v1_32x/collectibles_package"},{"type":"single","resource":"minecraft:elitecreatures/collectibles_v1_32x/charming_puppies_inside_32","sprite":"minecraft:elitecreatures/collectibles_v1_32x/charming_puppies_inside_32"},{"type":"single","resource":"minecraft:elitecreatures/collectibles_v1_32x/baby_penguins_inside_32","sprite":"minecraft:elitecreatures/collectibles_v1_32x/baby_penguins_inside_32"},{"type":"single","resource":"minecraft:elitecreatures/collectibles_v1_32x/adorable_baby_elephants_inside_32","sprite":"minecraft:elitecreatures/collectibles_v1_32x/adorable_baby_elephants_inside_32"},{"type":"single","resource":"minecraft:default/chat/heart","sprite":"minecraft:default/chat/heart"},{"type":"single","resource":"minecraft:cutehappy","sprite":"minecraft:cutehappy"},{"type":"single","resource":"minecraft:blocks/itemframe_background","sprite":"minecraft:blocks/itemframe_background"},{"type":"single","resource":"minecraft:8","sprite":"minecraft:8"},{"type":"single","resource":"minecraft:-.-","sprite":"minecraft:-.-"},{"type":"single","resource":"elitecreatures:witchcaster_animated/witchcaster_texture","sprite":"elitecreatures:witchcaster_animated/witchcaster_texture"},{"type":"single","resource":"elitecreatures:witchcaster_animated/witchcaster_animation_03_e","sprite":"elitecreatures:witchcaster_animated/witchcaster_animation_03_e"},{"type":"single","resource":"elitecreatures:witchcaster_animated/witchcaster_animation_03","sprite":"elitecreatures:witchcaster_animated/witchcaster_animation_03"},{"type":"single","resource":"elitecreatures:witchcaster_animated/witchcaster_animation_03-export_e","sprite":"elitecreatures:witchcaster_animated/witchcaster_animation_03-export_e"},{"type":"single","resource":"elitecreatures:witchcaster_animated/witchcaster_animation_03-export","sprite":"elitecreatures:witchcaster_animated/witchcaster_animation_03-export"},{"type":"single","resource":"elitecreatures:witchcaster_animated/witchcaster_animation_02_e","sprite":"elitecreatures:witchcaster_animated/witchcaster_animation_02_e"},{"type":"single","resource":"elitecreatures:witchcaster_animated/witchcaster_animation_02","sprite":"elitecreatures:witchcaster_animated/witchcaster_animation_02"},{"type":"single","resource":"elitecreatures:witchcaster_animated/witchcaster_animation_01_e","sprite":"elitecreatures:witchcaster_animated/witchcaster_animation_01_e"},{"type":"single","resource":"elitecreatures:witchcaster_animated/witchcaster_animation_01","sprite":"elitecreatures:witchcaster_animated/witchcaster_animation_01"},{"type":"single","resource":"elitecreatures:witchcaster_animated/witchcaster_animation_002-export_e","sprite":"elitecreatures:witchcaster_animated/witchcaster_animation_002-export_e"},{"type":"single","resource":"elitecreatures:witchcaster_animated/witchcaster_animation_002-export","sprite":"elitecreatures:witchcaster_animated/witchcaster_animation_002-export"},{"type":"single","resource":"elitecreatures:newyear_2024_animated/newyear_texture_01","sprite":"elitecreatures:newyear_2024_animated/newyear_texture_01"},{"type":"single","resource":"elitecreatures:newyear_2024_animated/newyear_animation_04","sprite":"elitecreatures:newyear_2024_animated/newyear_animation_04"},{"type":"single","resource":"elitecreatures:newyear_2024_animated/newyear_animation_03","sprite":"elitecreatures:newyear_2024_animated/newyear_animation_03"},{"type":"single","resource":"elitecreatures:newyear_2024_animated/newyear_animation_02","sprite":"elitecreatures:newyear_2024_animated/newyear_animation_02"},{"type":"single","resource":"elitecreatures:newyear_2024_animated/newyear_animation_01","sprite":"elitecreatures:newyear_2024_animated/newyear_animation_01"},{"type":"single","resource":"elitecreatures:newyear_2024_animated/armor/newyear2024_armor_2","sprite":"elitecreatures:newyear_2024_animated/armor/newyear2024_armor_2"},{"type":"single","resource":"elitecreatures:newyear_2024_animated/armor/newyear2024_armor_1","sprite":"elitecreatures:newyear_2024_animated/armor/newyear2024_armor_1"},{"type":"single","resource":"elitecreatures:newyear_2024_animated/armor/new_year_leggings_icon","sprite":"elitecreatures:newyear_2024_animated/armor/new_year_leggings_icon"},{"type":"single","resource":"elitecreatures:newyear_2024_animated/armor/new_year_helmet_icon","sprite":"elitecreatures:newyear_2024_animated/armor/new_year_helmet_icon"},{"type":"single","resource":"elitecreatures:newyear_2024_animated/armor/new_year_chestplate_icon","sprite":"elitecreatures:newyear_2024_animated/armor/new_year_chestplate_icon"},{"type":"single","resource":"elitecreatures:newyear_2024_animated/armor/new_year_boots_icon","sprite":"elitecreatures:newyear_2024_animated/armor/new_year_boots_icon"}]}