{"providers":[{"chars":["ꐐ"],"file":"default/chat/farmer_tag.png","ascent":9,"height":10,"type":"bitmap"},{"chars":["ꐑ"],"file":"default/chat/explorer_tag.png","ascent":9,"height":10,"type":"bitmap"},{"chars":["ꐒ"],"file":"default/chat/knight_tag.png","ascent":9,"height":10,"type":"bitmap"},{"chars":["ꐓ"],"file":"default/chat/lord_tag.png","ascent":9,"height":10,"type":"bitmap"},{"chars":["ꐔ"],"file":"default/chat/prince_tag.png","ascent":9,"height":10,"type":"bitmap"},{"chars":["ꐕ"],"file":"default/chat/king_tag.png","ascent":9,"height":10,"type":"bitmap"},{"chars":["ꐖ"],"file":"default/chat/hero_tag.png","ascent":9,"height":10,"type":"bitmap"},{"chars":["ꐗ"],"file":"default/chat/god_tag.png","ascent":9,"height":10,"type":"bitmap"},{"chars":["ꐙ"],"file":"required/logo.png","ascent":20,"height":36,"type":"bitmap"},{"chars":["ꐚ"],"file":"required/ui/menu_banner.png","ascent":-10,"height":236,"type":"bitmap"},{"chars":["ꐛ"],"file":"required/recipe_showcase.png","ascent":40,"height":164,"type":"bitmap"},{"chars":["ꐜ"],"file":"required/ui/menu_items.png","ascent":37,"height":256,"type":"bitmap"},{"chars":["ꐝ"],"file":"required/ui/menu_items_gems.png","ascent":37,"height":256,"type":"bitmap"},{"chars":["ꐞ"],"file":"required/recipe_stonecutter.png","ascent":40,"height":164,"type":"bitmap"},{"chars":["ꐘ"],"file":"kingdom_esc/bottom_news.png","ascent":128,"height":256,"type":"bitmap"},{"chars":["ꐟ"],"file":"required/exit_icon.png","ascent":8,"height":8,"type":"bitmap"},{"chars":["ꐠ"],"file":"required/null.png","ascent":-32768,"height":-1,"type":"bitmap"},{"chars":["ꐡ"],"file":"required/null.png","ascent":-32768,"height":0,"type":"bitmap"},{"chars":["ꐢ"],"file":"required/null.png","ascent":-32768,"height":2,"type":"bitmap"},{"chars":["ꐣ"],"file":"required/null.png","ascent":-32768,"height":6,"type":"bitmap"},{"chars":["ꐤ"],"file":"required/null.png","ascent":-32768,"height":14,"type":"bitmap"},{"chars":["ꐥ"],"file":"required/null.png","ascent":-32768,"height":30,"type":"bitmap"},{"chars":["ꐦ"],"file":"required/null.png","ascent":-32768,"height":62,"type":"bitmap"},{"chars":["ꐧ"],"file":"required/null.png","ascent":-32768,"height":126,"type":"bitmap"},{"chars":["ꐨ"],"file":"required/null.png","ascent":-32768,"height":254,"type":"bitmap"},{"chars":["ꐩ"],"file":"required/null.png","ascent":-32768,"height":510,"type":"bitmap"},{"chars":["ꐪ"],"file":"required/null.png","ascent":-32768,"height":1022,"type":"bitmap"},{"chars":["ꐫ"],"file":"required/null.png","ascent":-32768,"height":-3,"type":"bitmap"},{"chars":["ꐬ"],"file":"required/null.png","ascent":-32768,"height":-4,"type":"bitmap"},{"chars":["ꐭ"],"file":"required/null.png","ascent":-32768,"height":-6,"type":"bitmap"},{"chars":["ꐮ"],"file":"required/null.png","ascent":-32768,"height":-10,"type":"bitmap"},{"chars":["ꐯ"],"file":"required/null.png","ascent":-32768,"height":-18,"type":"bitmap"},{"chars":["ꐰ"],"file":"required/null.png","ascent":-32768,"height":-34,"type":"bitmap"},{"chars":["ꐱ"],"file":"required/null.png","ascent":-32768,"height":-66,"type":"bitmap"},{"chars":["ꐲ"],"file":"required/null.png","ascent":-32768,"height":-130,"type":"bitmap"},{"chars":["ꐳ"],"file":"required/null.png","ascent":-32768,"height":-258,"type":"bitmap"},{"chars":["ꐴ"],"file":"required/null.png","ascent":-32768,"height":-514,"type":"bitmap"},{"chars":["ꐵ"],"file":"required/null.png","ascent":-32768,"height":-1026,"type":"bitmap"},{"type":"bitmap","file":"minecraft:ranks/adminbyrg.png","ascent":8,"height":8,"chars":[""]},{"type":"bitmap","file":"minecraft:ranks/bluebyrg.png","ascent":8,"height":8,"chars":[""]},{"type":"bitmap","file":"minecraft:ranks/builderbyrg.png","ascent":8,"height":8,"chars":[""]},{"type":"bitmap","file":"minecraft:ranks/designerbyrg.png","ascent":8,"height":8,"chars":[""]},{"type":"bitmap","file":"minecraft:ranks/devbyrg.png","ascent":8,"height":8,"chars":[""]},{"type":"bitmap","file":"minecraft:ranks/devlbyrg.png","ascent":8,"height":8,"chars":[""]},{"type":"bitmap","file":"minecraft:ranks/donatorbyrg.png","ascent":8,"height":8,"chars":[""]},{"type":"bitmap","file":"minecraft:ranks/elitebyrg.png","ascent":8,"height":8,"chars":[""]},{"type":"bitmap","file":"minecraft:ranks/eliteplusbyrg.png","ascent":8,"height":8,"chars":[""]},{"type":"bitmap","file":"minecraft:ranks/eventsbyrg.png","ascent":8,"height":8,"chars":[""]},{"type":"bitmap","file":"minecraft:ranks/godbyrg.png","ascent":8,"height":8,"chars":[""]},{"type":"bitmap","file":"minecraft:ranks/greenbyrg.png","ascent":8,"height":8,"chars":[""]},{"type":"bitmap","file":"minecraft:ranks/helperbyrg.png","ascent":8,"height":8,"chars":[""]},{"type":"bitmap","file":"minecraft:ranks/managerbyrg.png","ascent":8,"height":8,"chars":[""]},{"type":"bitmap","file":"minecraft:ranks/mediabyrg.png","ascent":8,"height":8,"chars":[""]},{"type":"bitmap","file":"minecraft:ranks/modbyrg.png","ascent":8,"height":8,"chars":[""]},{"type":"bitmap","file":"minecraft:ranks/modlbyrg.png","ascent":8,"height":8,"chars":[""]},{"type":"bitmap","file":"minecraft:ranks/mvpbyrg.png","ascent":8,"height":8,"chars":[""]},{"type":"bitmap","file":"minecraft:ranks/mvpplusbyrg.png","ascent":8,"height":8,"chars":[""]},{"type":"bitmap","file":"minecraft:ranks/mvpplusplusbyrg.png","ascent":8,"height":8,"chars":[""]},{"type":"bitmap","file":"minecraft:ranks/noobbyrg.png","ascent":8,"height":8,"chars":[""]},{"type":"bitmap","file":"minecraft:ranks/ogbyrg.png","ascent":8,"height":8,"chars":[""]},{"type":"bitmap","file":"minecraft:ranks/ownerbyrg.png","ascent":8,"height":8,"chars":[""]},{"type":"bitmap","file":"minecraft:ranks/probyrg.png","ascent":8,"height":8,"chars":[""]},{"type":"bitmap","file":"minecraft:ranks/redbyrg.png","ascent":8,"height":8,"chars":[""]},{"type":"bitmap","file":"minecraft:ranks/tiktokbyrg.png","ascent":8,"height":8,"chars":[""]},{"type":"bitmap","file":"minecraft:ranks/twitchbyrg.png","ascent":8,"height":8,"chars":[""]},{"type":"bitmap","file":"minecraft:ranks/vipbyrg.png","ascent":8,"height":8,"chars":[""]},{"type":"bitmap","file":"minecraft:ranks/vipplusbyrg.png","ascent":8,"height":8,"chars":[""]},{"type":"bitmap","file":"minecraft:ranks/yellowbyrg.png","ascent":8,"height":8,"chars":[""]},{"type":"bitmap","file":"minecraft:ranks/youtubebyrg.png","ascent":8,"height":8,"chars":[""]},{"type":"bitmap","file":"minecraft:ranks/memberbyrg.png","ascent":8,"height":8,"chars":[""]}]}