{
	"credit": "Made with Blockbench",
	"texture_size": [64, 64],
	"textures": {
		"0": "item/vanocnakridla",
		"particle": "item/vanocnakridla"
	},
	"elements": [
		{
			"from": [5, 11, 1],
			"to": [7, 18, 2],
			"rotation": {"angle": 22.5, "axis": "z", "origin": [5, 11, 0]},
			"faces": {
				"north": {"uv": [3.5, 3, 4, 4.75], "texture": "#0"},
				"east": {"uv": [6.5, 7.5, 6.75, 9.25], "texture": "#0"},
				"south": {"uv": [4, 1, 4.5, 2.75], "texture": "#0"},
				"west": {"uv": [6.75, 7.5, 7, 9.25], "texture": "#0"},
				"up": {"uv": [8.75, 6.25, 8.25, 6], "texture": "#0"},
				"down": {"uv": [8.75, 6.25, 8.25, 6.5], "texture": "#0"}
			}
		},
		{
			"from": [-3, 16, 1],
			"to": [4, 18, 2],
			"rotation": {"angle": -22.5, "axis": "z", "origin": [4, 16, 0]},
			"faces": {
				"north": {"uv": [4, 2.75, 5.75, 3.25], "texture": "#0"},
				"east": {"uv": [8.25, 6.5, 8.5, 7], "texture": "#0"},
				"south": {"uv": [4, 3.25, 5.75, 3.75], "texture": "#0"},
				"west": {"uv": [7, 8.25, 7.25, 8.75], "texture": "#0"},
				"up": {"uv": [9.5, 3.25, 7.75, 3], "texture": "#0"},
				"down": {"uv": [9.5, 3.25, 7.75, 3.5], "texture": "#0"}
			}
		},
		{
			"from": [-8, 19, 1],
			"to": [-1, 21, 2],
			"rotation": {"angle": 22.5, "axis": "z", "origin": [-1, 19, 0]},
			"faces": {
				"north": {"uv": [4, 3.75, 5.75, 4.25], "texture": "#0"},
				"east": {"uv": [7.25, 8.25, 7.5, 8.75], "texture": "#0"},
				"south": {"uv": [4, 4.25, 5.75, 4.75], "texture": "#0"},
				"west": {"uv": [8, 8.25, 8.25, 8.75], "texture": "#0"},
				"up": {"uv": [9.5, 3.75, 7.75, 3.5], "texture": "#0"},
				"down": {"uv": [9.5, 3.75, 7.75, 4], "texture": "#0"}
			}
		},
		{
			"from": [-13, 17, 1],
			"to": [-6, 19, 2],
			"rotation": {"angle": 45, "axis": "z", "origin": [-6, 17, 0]},
			"faces": {
				"north": {"uv": [4.5, 0, 6.25, 0.5], "texture": "#0"},
				"east": {"uv": [8.25, 8.25, 8.5, 8.75], "texture": "#0"},
				"south": {"uv": [4.5, 0.5, 6.25, 1], "texture": "#0"},
				"west": {"uv": [0, 8.5, 0.25, 9], "texture": "#0"},
				"up": {"uv": [5.75, 8, 4, 7.75], "texture": "#0"},
				"down": {"uv": [9.5, 4.5, 7.75, 4.75], "texture": "#0"}
			}
		},
		{
			"from": [2, 14, 1],
			"to": [4, 18, 2],
			"rotation": {"angle": -22.5, "axis": "z", "origin": [4, 18, 0]},
			"faces": {
				"north": {"uv": [7, 0.5, 7.5, 1.5], "texture": "#0"},
				"east": {"uv": [2.25, 8, 2.5, 9], "texture": "#0"},
				"south": {"uv": [7, 1.5, 7.5, 2.5], "texture": "#0"},
				"west": {"uv": [2.5, 8, 2.75, 9], "texture": "#0"},
				"up": {"uv": [9, 0.75, 8.5, 0.5], "texture": "#0"},
				"down": {"uv": [9, 0.75, 8.5, 1], "texture": "#0"}
			}
		},
		{
			"from": [0, 11, 1],
			"to": [2, 15, 2],
			"rotation": {"angle": 0, "axis": "z", "origin": [2, 15, 0]},
			"faces": {
				"north": {"uv": [7, 4, 7.5, 5], "texture": "#0"},
				"east": {"uv": [2.75, 8, 3, 9], "texture": "#0"},
				"south": {"uv": [7, 5, 7.5, 6], "texture": "#0"},
				"west": {"uv": [3, 8, 3.25, 9], "texture": "#0"},
				"up": {"uv": [9, 1.25, 8.5, 1], "texture": "#0"},
				"down": {"uv": [9, 1.25, 8.5, 1.5], "texture": "#0"}
			}
		},
		{
			"from": [-3, 14, 1],
			"to": [-1, 18, 2],
			"rotation": {"angle": -45, "axis": "z", "origin": [-1, 18, 0]},
			"faces": {
				"north": {"uv": [6, 7, 6.5, 8], "texture": "#0"},
				"east": {"uv": [3.25, 8, 3.5, 9], "texture": "#0"},
				"south": {"uv": [7, 6, 7.5, 7], "texture": "#0"},
				"west": {"uv": [3.5, 8, 3.75, 9], "texture": "#0"},
				"up": {"uv": [4.75, 8.75, 4.25, 8.5], "texture": "#0"},
				"down": {"uv": [5.25, 8.5, 4.75, 8.75], "texture": "#0"}
			}
		},
		{
			"from": [-5, 11, 1],
			"to": [-3, 16, 2],
			"rotation": {"angle": 0, "axis": "z", "origin": [-3, 15, 0]},
			"faces": {
				"north": {"uv": [1.5, 6.5, 2, 7.75], "texture": "#0"},
				"east": {"uv": [7.75, 6.5, 8, 7.75], "texture": "#0"},
				"south": {"uv": [2, 6.5, 2.5, 7.75], "texture": "#0"},
				"west": {"uv": [7.75, 7.75, 8, 9], "texture": "#0"},
				"up": {"uv": [9, 5.75, 8.5, 5.5], "texture": "#0"},
				"down": {"uv": [9, 5.75, 8.5, 6], "texture": "#0"}
			}
		},
		{
			"from": [3, 9, 2],
			"to": [5, 16, 2],
			"rotation": {"angle": 0, "axis": "z", "origin": [-3, 15, 1]},
			"faces": {
				"north": {"uv": [0, 4.25, 0.5, 6], "texture": "#0"},
				"east": {"uv": [0, 0, 0, 1.75], "texture": "#0"},
				"south": {"uv": [4.5, 1, 5, 2.75], "texture": "#0"},
				"west": {"uv": [0, 0, 0, 1.75], "texture": "#0"},
				"up": {"uv": [0.5, 0, 0, 0], "texture": "#0"},
				"down": {"uv": [0.5, 0, 0, 0], "texture": "#0"}
			}
		},
		{
			"from": [-3, 9, 2],
			"to": [-1, 16, 2],
			"rotation": {"angle": 0, "axis": "z", "origin": [-9, 15, 1]},
			"faces": {
				"north": {"uv": [0.5, 4.75, 1, 6.5], "texture": "#0"},
				"east": {"uv": [0, 0, 0, 1.75], "texture": "#0"},
				"south": {"uv": [1, 4.75, 1.5, 6.5], "texture": "#0"},
				"west": {"uv": [0, 0, 0, 1.75], "texture": "#0"},
				"up": {"uv": [0.5, 0, 0, 0], "texture": "#0"},
				"down": {"uv": [0.5, 0, 0, 0], "texture": "#0"}
			}
		},
		{
			"from": [-7, 9, 2],
			"to": [-5, 16, 2],
			"rotation": {"angle": 0, "axis": "z", "origin": [-13, 15, 1]},
			"faces": {
				"north": {"uv": [1.5, 4.75, 2, 6.5], "texture": "#0"},
				"east": {"uv": [0, 0, 0, 1.75], "texture": "#0"},
				"south": {"uv": [2, 4.75, 2.5, 6.5], "texture": "#0"},
				"west": {"uv": [0, 0, 0, 1.75], "texture": "#0"},
				"up": {"uv": [0.5, 0, 0, 0], "texture": "#0"},
				"down": {"uv": [0.5, 0, 0, 0], "texture": "#0"}
			}
		},
		{
			"from": [1, 10, 2],
			"to": [3, 16, 2],
			"rotation": {"angle": 0, "axis": "z", "origin": [-5, 15, 1]},
			"faces": {
				"north": {"uv": [5.5, 1, 6, 2.5], "texture": "#0"},
				"east": {"uv": [0, 0, 0, 1.5], "texture": "#0"},
				"south": {"uv": [5.5, 5.25, 6, 6.75], "texture": "#0"},
				"west": {"uv": [0, 0, 0, 1.5], "texture": "#0"},
				"up": {"uv": [0.5, 0, 0, 0], "texture": "#0"},
				"down": {"uv": [0.5, 0, 0, 0], "texture": "#0"}
			}
		},
		{
			"from": [-5, 10, 2],
			"to": [-3, 16, 2],
			"rotation": {"angle": 0, "axis": "z", "origin": [-11, 15, 1]},
			"faces": {
				"north": {"uv": [5.75, 2.5, 6.25, 4], "texture": "#0"},
				"east": {"uv": [0, 0, 0, 1.5], "texture": "#0"},
				"south": {"uv": [0, 6, 0.5, 7.5], "texture": "#0"},
				"west": {"uv": [0, 0, 0, 1.5], "texture": "#0"},
				"up": {"uv": [0.5, 0, 0, 0], "texture": "#0"},
				"down": {"uv": [0.5, 0, 0, 0], "texture": "#0"}
			}
		},
		{
			"from": [-1, 10, 2],
			"to": [1, 16, 2],
			"rotation": {"angle": 0, "axis": "z", "origin": [-7, 15, 1]},
			"faces": {
				"north": {"uv": [6, 1, 6.5, 2.5], "texture": "#0"},
				"east": {"uv": [0, 0, 0, 1.5], "texture": "#0"},
				"south": {"uv": [6, 4, 6.5, 5.5], "texture": "#0"},
				"west": {"uv": [0, 0, 0, 1.5], "texture": "#0"},
				"up": {"uv": [0.5, 0, 0, 0], "texture": "#0"},
				"down": {"uv": [0.5, 0, 0, 0], "texture": "#0"}
			}
		},
		{
			"from": [-9, 10, 2],
			"to": [-7, 16, 2],
			"rotation": {"angle": 0, "axis": "z", "origin": [-15, 15, 1]},
			"faces": {
				"north": {"uv": [6, 5.5, 6.5, 7], "texture": "#0"},
				"east": {"uv": [0, 0, 0, 1.5], "texture": "#0"},
				"south": {"uv": [6.25, 2.5, 6.75, 4], "texture": "#0"},
				"west": {"uv": [0, 0, 0, 1.5], "texture": "#0"},
				"up": {"uv": [0.5, 0, 0, 0], "texture": "#0"},
				"down": {"uv": [0.5, 0, 0, 0], "texture": "#0"}
			}
		},
		{
			"from": [-11, 10, 2],
			"to": [-9, 15, 2],
			"rotation": {"angle": 0, "axis": "z", "origin": [-17, 15, 1]},
			"faces": {
				"north": {"uv": [6.5, 4, 7, 5.25], "texture": "#0"},
				"east": {"uv": [0, 0, 0, 1.25], "texture": "#0"},
				"south": {"uv": [6.5, 5.25, 7, 6.5], "texture": "#0"},
				"west": {"uv": [0, 0, 0, 1.25], "texture": "#0"},
				"up": {"uv": [0.5, 0, 0, 0], "texture": "#0"},
				"down": {"uv": [0.5, 0, 0, 0], "texture": "#0"}
			}
		},
		{
			"from": [-7, 16, 2],
			"to": [2, 18, 2],
			"rotation": {"angle": 0, "axis": "z", "origin": [-3, 20, 1]},
			"faces": {
				"north": {"uv": [0, 1, 2.25, 1.5], "texture": "#0"},
				"east": {"uv": [0, 0, 0, 0.5], "texture": "#0"},
				"south": {"uv": [0, 1.5, 2.25, 2], "texture": "#0"},
				"west": {"uv": [0, 0, 0, 0.5], "texture": "#0"},
				"up": {"uv": [2.25, 0, 0, 0], "texture": "#0"},
				"down": {"uv": [2.25, 0, 0, 0], "texture": "#0"}
			}
		},
		{
			"from": [-10, 11, 1],
			"to": [-8, 15, 2],
			"rotation": {"angle": 0, "axis": "z", "origin": [-8, 15, 0]},
			"faces": {
				"north": {"uv": [7, 7, 7.5, 8], "texture": "#0"},
				"east": {"uv": [3.75, 8, 4, 9], "texture": "#0"},
				"south": {"uv": [7.25, 2.5, 7.75, 3.5], "texture": "#0"},
				"west": {"uv": [4, 8, 4.25, 9], "texture": "#0"},
				"up": {"uv": [6.5, 8.75, 6, 8.5], "texture": "#0"},
				"down": {"uv": [9, 6.5, 8.5, 6.75], "texture": "#0"}
			}
		},
		{
			"from": [-13, 14, 1],
			"to": [-9, 16, 2],
			"rotation": {"angle": 45, "axis": "z", "origin": [-9, 14, 0]},
			"faces": {
				"north": {"uv": [7.5, 0.5, 8.5, 1], "texture": "#0"},
				"east": {"uv": [0.25, 8.5, 0.5, 9], "texture": "#0"},
				"south": {"uv": [7.5, 1, 8.5, 1.5], "texture": "#0"},
				"west": {"uv": [8.5, 6.75, 8.75, 7.25], "texture": "#0"},
				"up": {"uv": [5.25, 8.25, 4.25, 8], "texture": "#0"},
				"down": {"uv": [9, 5.25, 8, 5.5], "texture": "#0"}
			}
		},
		{
			"from": [-13, 8, 1],
			"to": [-11, 12, 2],
			"rotation": {"angle": -22.5, "axis": "z", "origin": [-11, 12, 0]},
			"faces": {
				"north": {"uv": [0, 7.5, 0.5, 8.5], "texture": "#0"},
				"east": {"uv": [5.25, 8, 5.5, 9], "texture": "#0"},
				"south": {"uv": [7.5, 1.5, 8, 2.5], "texture": "#0"},
				"west": {"uv": [5.5, 8, 5.75, 9], "texture": "#0"},
				"up": {"uv": [9, 7.5, 8.5, 7.25], "texture": "#0"},
				"down": {"uv": [9, 7.5, 8.5, 7.75], "texture": "#0"}
			}
		},
		{
			"from": [-13, 8, 2],
			"to": [-11, 12, 3],
			"rotation": {"angle": -22.5, "axis": "z", "origin": [-11, 12, 4]},
			"faces": {
				"north": {"uv": [8, 1.5, 7.5, 2.5], "texture": "#0"},
				"east": {"uv": [5.5, 8, 5.25, 9], "texture": "#0"},
				"south": {"uv": [0.5, 7.5, 0, 8.5], "texture": "#0"},
				"west": {"uv": [5.75, 8, 5.5, 9], "texture": "#0"},
				"up": {"uv": [9, 7.25, 8.5, 7.5], "texture": "#0"},
				"down": {"uv": [9, 7.75, 8.5, 7.5], "texture": "#0"}
			}
		},
		{
			"from": [5, 11, 2],
			"to": [7, 18, 3],
			"rotation": {"angle": 22.5, "axis": "z", "origin": [5, 11, 4]},
			"faces": {
				"north": {"uv": [4.5, 1, 4, 2.75], "texture": "#0"},
				"east": {"uv": [6.75, 7.5, 6.5, 9.25], "texture": "#0"},
				"south": {"uv": [4, 3, 3.5, 4.75], "texture": "#0"},
				"west": {"uv": [7, 7.5, 6.75, 9.25], "texture": "#0"},
				"up": {"uv": [8.75, 6, 8.25, 6.25], "texture": "#0"},
				"down": {"uv": [8.75, 6.5, 8.25, 6.25], "texture": "#0"}
			}
		},
		{
			"from": [-3, 16, 2],
			"to": [4, 18, 3],
			"rotation": {"angle": -22.5, "axis": "z", "origin": [4, 16, 4]},
			"faces": {
				"north": {"uv": [5.75, 3.25, 4, 3.75], "texture": "#0"},
				"east": {"uv": [8.5, 6.5, 8.25, 7], "texture": "#0"},
				"south": {"uv": [5.75, 2.75, 4, 3.25], "texture": "#0"},
				"west": {"uv": [7.25, 8.25, 7, 8.75], "texture": "#0"},
				"up": {"uv": [9.5, 3, 7.75, 3.25], "texture": "#0"},
				"down": {"uv": [9.5, 3.5, 7.75, 3.25], "texture": "#0"}
			}
		},
		{
			"from": [-8, 19, 2],
			"to": [-1, 21, 3],
			"rotation": {"angle": 22.5, "axis": "z", "origin": [-1, 19, 4]},
			"faces": {
				"north": {"uv": [5.75, 4.25, 4, 4.75], "texture": "#0"},
				"east": {"uv": [7.5, 8.25, 7.25, 8.75], "texture": "#0"},
				"south": {"uv": [5.75, 3.75, 4, 4.25], "texture": "#0"},
				"west": {"uv": [8.25, 8.25, 8, 8.75], "texture": "#0"},
				"up": {"uv": [9.5, 3.5, 7.75, 3.75], "texture": "#0"},
				"down": {"uv": [9.5, 4, 7.75, 3.75], "texture": "#0"}
			}
		},
		{
			"from": [-13, 17, 2],
			"to": [-6, 19, 3],
			"rotation": {"angle": 45, "axis": "z", "origin": [-6, 17, 4]},
			"faces": {
				"north": {"uv": [6.25, 0.5, 4.5, 1], "texture": "#0"},
				"east": {"uv": [8.5, 8.25, 8.25, 8.75], "texture": "#0"},
				"south": {"uv": [6.25, 0, 4.5, 0.5], "texture": "#0"},
				"west": {"uv": [0.25, 8.5, 0, 9], "texture": "#0"},
				"up": {"uv": [5.75, 7.75, 4, 8], "texture": "#0"},
				"down": {"uv": [9.5, 4.75, 7.75, 4.5], "texture": "#0"}
			}
		},
		{
			"from": [2, 14, 2],
			"to": [4, 18, 3],
			"rotation": {"angle": -22.5, "axis": "z", "origin": [4, 18, 4]},
			"faces": {
				"north": {"uv": [7.5, 1.5, 7, 2.5], "texture": "#0"},
				"east": {"uv": [2.5, 8, 2.25, 9], "texture": "#0"},
				"south": {"uv": [7.5, 0.5, 7, 1.5], "texture": "#0"},
				"west": {"uv": [2.75, 8, 2.5, 9], "texture": "#0"},
				"up": {"uv": [9, 0.5, 8.5, 0.75], "texture": "#0"},
				"down": {"uv": [9, 1, 8.5, 0.75], "texture": "#0"}
			}
		},
		{
			"from": [0, 11, 2],
			"to": [2, 15, 3],
			"rotation": {"angle": 0, "axis": "z", "origin": [2, 15, 4]},
			"faces": {
				"north": {"uv": [7.5, 5, 7, 6], "texture": "#0"},
				"east": {"uv": [3, 8, 2.75, 9], "texture": "#0"},
				"south": {"uv": [7.5, 4, 7, 5], "texture": "#0"},
				"west": {"uv": [3.25, 8, 3, 9], "texture": "#0"},
				"up": {"uv": [9, 1, 8.5, 1.25], "texture": "#0"},
				"down": {"uv": [9, 1.5, 8.5, 1.25], "texture": "#0"}
			}
		},
		{
			"from": [-3, 14, 2],
			"to": [-1, 18, 3],
			"rotation": {"angle": -45, "axis": "z", "origin": [-1, 18, 4]},
			"faces": {
				"north": {"uv": [7.5, 6, 7, 7], "texture": "#0"},
				"east": {"uv": [3.5, 8, 3.25, 9], "texture": "#0"},
				"south": {"uv": [6.5, 7, 6, 8], "texture": "#0"},
				"west": {"uv": [3.75, 8, 3.5, 9], "texture": "#0"},
				"up": {"uv": [4.75, 8.5, 4.25, 8.75], "texture": "#0"},
				"down": {"uv": [5.25, 8.75, 4.75, 8.5], "texture": "#0"}
			}
		},
		{
			"from": [-5, 11, 2],
			"to": [-3, 16, 3],
			"rotation": {"angle": 0, "axis": "z", "origin": [-3, 15, 4]},
			"faces": {
				"north": {"uv": [2.5, 6.5, 2, 7.75], "texture": "#0"},
				"east": {"uv": [8, 6.5, 7.75, 7.75], "texture": "#0"},
				"south": {"uv": [2, 6.5, 1.5, 7.75], "texture": "#0"},
				"west": {"uv": [8, 7.75, 7.75, 9], "texture": "#0"},
				"up": {"uv": [9, 5.5, 8.5, 5.75], "texture": "#0"},
				"down": {"uv": [9, 6, 8.5, 5.75], "texture": "#0"}
			}
		},
		{
			"from": [3, 9, 2],
			"to": [5, 16, 2],
			"rotation": {"angle": 0, "axis": "z", "origin": [-3, 15, 3]},
			"faces": {
				"north": {"uv": [5, 1, 4.5, 2.75], "texture": "#0"},
				"east": {"uv": [0, 0, 0, 1.75], "texture": "#0"},
				"south": {"uv": [0.5, 4.25, 0, 6], "texture": "#0"},
				"west": {"uv": [0, 0, 0, 1.75], "texture": "#0"},
				"up": {"uv": [0.5, 0, 0, 0], "texture": "#0"},
				"down": {"uv": [0.5, 0, 0, 0], "texture": "#0"}
			}
		},
		{
			"from": [-3, 9, 2],
			"to": [-1, 16, 2],
			"rotation": {"angle": 0, "axis": "z", "origin": [-9, 15, 3]},
			"faces": {
				"north": {"uv": [1.5, 4.75, 1, 6.5], "texture": "#0"},
				"east": {"uv": [0, 0, 0, 1.75], "texture": "#0"},
				"south": {"uv": [1, 4.75, 0.5, 6.5], "texture": "#0"},
				"west": {"uv": [0, 0, 0, 1.75], "texture": "#0"},
				"up": {"uv": [0.5, 0, 0, 0], "texture": "#0"},
				"down": {"uv": [0.5, 0, 0, 0], "texture": "#0"}
			}
		},
		{
			"from": [-7, 9, 2],
			"to": [-5, 16, 2],
			"rotation": {"angle": 0, "axis": "z", "origin": [-13, 15, 3]},
			"faces": {
				"north": {"uv": [2.5, 4.75, 2, 6.5], "texture": "#0"},
				"east": {"uv": [0, 0, 0, 1.75], "texture": "#0"},
				"south": {"uv": [2, 4.75, 1.5, 6.5], "texture": "#0"},
				"west": {"uv": [0, 0, 0, 1.75], "texture": "#0"},
				"up": {"uv": [0.5, 0, 0, 0], "texture": "#0"},
				"down": {"uv": [0.5, 0, 0, 0], "texture": "#0"}
			}
		},
		{
			"from": [1, 10, 2],
			"to": [3, 16, 2],
			"rotation": {"angle": 0, "axis": "z", "origin": [-5, 15, 3]},
			"faces": {
				"north": {"uv": [6, 5.25, 5.5, 6.75], "texture": "#0"},
				"east": {"uv": [0, 0, 0, 1.5], "texture": "#0"},
				"south": {"uv": [6, 1, 5.5, 2.5], "texture": "#0"},
				"west": {"uv": [0, 0, 0, 1.5], "texture": "#0"},
				"up": {"uv": [0.5, 0, 0, 0], "texture": "#0"},
				"down": {"uv": [0.5, 0, 0, 0], "texture": "#0"}
			}
		},
		{
			"from": [-5, 10, 2],
			"to": [-3, 16, 2],
			"rotation": {"angle": 0, "axis": "z", "origin": [-11, 15, 3]},
			"faces": {
				"north": {"uv": [0.5, 6, 0, 7.5], "texture": "#0"},
				"east": {"uv": [0, 0, 0, 1.5], "texture": "#0"},
				"south": {"uv": [6.25, 2.5, 5.75, 4], "texture": "#0"},
				"west": {"uv": [0, 0, 0, 1.5], "texture": "#0"},
				"up": {"uv": [0.5, 0, 0, 0], "texture": "#0"},
				"down": {"uv": [0.5, 0, 0, 0], "texture": "#0"}
			}
		},
		{
			"from": [-1, 10, 2],
			"to": [1, 16, 2],
			"rotation": {"angle": 0, "axis": "z", "origin": [-7, 15, 3]},
			"faces": {
				"north": {"uv": [6.5, 4, 6, 5.5], "texture": "#0"},
				"east": {"uv": [0, 0, 0, 1.5], "texture": "#0"},
				"south": {"uv": [6.5, 1, 6, 2.5], "texture": "#0"},
				"west": {"uv": [0, 0, 0, 1.5], "texture": "#0"},
				"up": {"uv": [0.5, 0, 0, 0], "texture": "#0"},
				"down": {"uv": [0.5, 0, 0, 0], "texture": "#0"}
			}
		},
		{
			"from": [-9, 10, 2],
			"to": [-7, 16, 2],
			"rotation": {"angle": 0, "axis": "z", "origin": [-15, 15, 3]},
			"faces": {
				"north": {"uv": [6.75, 2.5, 6.25, 4], "texture": "#0"},
				"east": {"uv": [0, 0, 0, 1.5], "texture": "#0"},
				"south": {"uv": [6.5, 5.5, 6, 7], "texture": "#0"},
				"west": {"uv": [0, 0, 0, 1.5], "texture": "#0"},
				"up": {"uv": [0.5, 0, 0, 0], "texture": "#0"},
				"down": {"uv": [0.5, 0, 0, 0], "texture": "#0"}
			}
		},
		{
			"from": [-11, 10, 2],
			"to": [-9, 15, 2],
			"rotation": {"angle": 0, "axis": "z", "origin": [-17, 15, 3]},
			"faces": {
				"north": {"uv": [7, 5.25, 6.5, 6.5], "texture": "#0"},
				"east": {"uv": [0, 0, 0, 1.25], "texture": "#0"},
				"south": {"uv": [7, 4, 6.5, 5.25], "texture": "#0"},
				"west": {"uv": [0, 0, 0, 1.25], "texture": "#0"},
				"up": {"uv": [0.5, 0, 0, 0], "texture": "#0"},
				"down": {"uv": [0.5, 0, 0, 0], "texture": "#0"}
			}
		},
		{
			"from": [-7, 16, 2],
			"to": [2, 18, 2],
			"rotation": {"angle": 0, "axis": "z", "origin": [-3, 20, 3]},
			"faces": {
				"north": {"uv": [2.25, 1.5, 0, 2], "texture": "#0"},
				"east": {"uv": [0, 0, 0, 0.5], "texture": "#0"},
				"south": {"uv": [2.25, 1, 0, 1.5], "texture": "#0"},
				"west": {"uv": [0, 0, 0, 0.5], "texture": "#0"},
				"up": {"uv": [2.25, 0, 0, 0], "texture": "#0"},
				"down": {"uv": [2.25, 0, 0, 0], "texture": "#0"}
			}
		},
		{
			"from": [-10, 11, 2],
			"to": [-8, 15, 3],
			"rotation": {"angle": 0, "axis": "z", "origin": [-8, 15, 4]},
			"faces": {
				"north": {"uv": [7.75, 2.5, 7.25, 3.5], "texture": "#0"},
				"east": {"uv": [4, 8, 3.75, 9], "texture": "#0"},
				"south": {"uv": [7.5, 7, 7, 8], "texture": "#0"},
				"west": {"uv": [4.25, 8, 4, 9], "texture": "#0"},
				"up": {"uv": [6.5, 8.5, 6, 8.75], "texture": "#0"},
				"down": {"uv": [9, 6.75, 8.5, 6.5], "texture": "#0"}
			}
		},
		{
			"from": [-13, 14, 2],
			"to": [-9, 16, 3],
			"rotation": {"angle": 45, "axis": "z", "origin": [-9, 14, 4]},
			"faces": {
				"north": {"uv": [8.5, 1, 7.5, 1.5], "texture": "#0"},
				"east": {"uv": [0.5, 8.5, 0.25, 9], "texture": "#0"},
				"south": {"uv": [8.5, 0.5, 7.5, 1], "texture": "#0"},
				"west": {"uv": [8.75, 6.75, 8.5, 7.25], "texture": "#0"},
				"up": {"uv": [5.25, 8, 4.25, 8.25], "texture": "#0"},
				"down": {"uv": [9, 5.5, 8, 5.25], "texture": "#0"}
			}
		},
		{
			"from": [5, 11, 1],
			"to": [7, 18, 2],
			"rotation": {"angle": -22.5, "axis": "z", "origin": [7, 11, 0]},
			"faces": {
				"north": {"uv": [2.25, 0, 2.75, 1.75], "texture": "#0"},
				"east": {"uv": [7.5, 4.5, 7.75, 6.25], "texture": "#0"},
				"south": {"uv": [0, 2.5, 0.5, 4.25], "texture": "#0"},
				"west": {"uv": [7.5, 6.25, 7.75, 8], "texture": "#0"},
				"up": {"uv": [2.75, 2, 2.25, 1.75], "texture": "#0"},
				"down": {"uv": [5.5, 2.5, 5, 2.75], "texture": "#0"}
			}
		},
		{
			"from": [8, 16, 1],
			"to": [15, 18, 2],
			"rotation": {"angle": 22.5, "axis": "z", "origin": [8, 16, 0]},
			"faces": {
				"north": {"uv": [0.5, 2.5, 2.25, 3], "texture": "#0"},
				"east": {"uv": [6, 8, 6.25, 8.5], "texture": "#0"},
				"south": {"uv": [2.25, 2.5, 4, 3], "texture": "#0"},
				"west": {"uv": [8, 6, 8.25, 6.5], "texture": "#0"},
				"up": {"uv": [2.25, 8, 0.5, 7.75], "texture": "#0"},
				"down": {"uv": [4, 7.75, 2.25, 8], "texture": "#0"}
			}
		},
		{
			"from": [13, 19, 1],
			"to": [20, 21, 2],
			"rotation": {"angle": -22.5, "axis": "z", "origin": [13, 19, 0]},
			"faces": {
				"north": {"uv": [2.5, 4.75, 4.25, 5.25], "texture": "#0"},
				"east": {"uv": [7.5, 8.5, 7.75, 9], "texture": "#0"},
				"south": {"uv": [4.25, 4.75, 6, 5.25], "texture": "#0"},
				"west": {"uv": [8.5, 7.75, 8.75, 8.25], "texture": "#0"},
				"up": {"uv": [9.5, 5, 7.75, 4.75], "texture": "#0"},
				"down": {"uv": [9.5, 5, 7.75, 5.25], "texture": "#0"}
			}
		},
		{
			"from": [18, 17, 1],
			"to": [25, 19, 2],
			"rotation": {"angle": -45, "axis": "z", "origin": [18, 17, 0]},
			"faces": {
				"north": {"uv": [2.75, 0, 4.5, 0.5], "texture": "#0"},
				"east": {"uv": [6.25, 8, 6.5, 8.5], "texture": "#0"},
				"south": {"uv": [2.75, 0.5, 4.5, 1], "texture": "#0"},
				"west": {"uv": [8, 6.5, 8.25, 7], "texture": "#0"},
				"up": {"uv": [9.5, 2.75, 7.75, 2.5], "texture": "#0"},
				"down": {"uv": [9.5, 2.75, 7.75, 3], "texture": "#0"}
			}
		},
		{
			"from": [21, 10, 2],
			"to": [23, 15, 2],
			"rotation": {"angle": 0, "axis": "y", "origin": [29, 15, 1]},
			"faces": {
				"north": {"uv": [6.5, 0, 7, 1.25], "texture": "#0"},
				"east": {"uv": [0, 0, 0, 1.25], "texture": "#0"},
				"south": {"uv": [0.5, 6.5, 1, 7.75], "texture": "#0"},
				"west": {"uv": [0, 0, 0, 1.25], "texture": "#0"},
				"up": {"uv": [0.5, 0, 0, 0], "texture": "#0"},
				"down": {"uv": [0.5, 0, 0, 0], "texture": "#0"}
			}
		},
		{
			"from": [19, 10, 2],
			"to": [21, 16, 2],
			"rotation": {"angle": 0, "axis": "y", "origin": [27, 15, 1]},
			"faces": {
				"north": {"uv": [3.5, 1, 4, 2.5], "texture": "#0"},
				"east": {"uv": [0, 0, 0, 1.5], "texture": "#0"},
				"south": {"uv": [5, 1, 5.5, 2.5], "texture": "#0"},
				"west": {"uv": [0, 0, 0, 1.5], "texture": "#0"},
				"up": {"uv": [0.5, 0, 0, 0], "texture": "#0"},
				"down": {"uv": [0.5, 0, 0, 0], "texture": "#0"}
			}
		},
		{
			"from": [17, 9, 2],
			"to": [19, 16, 2],
			"rotation": {"angle": 0, "axis": "y", "origin": [25, 15, 1]},
			"faces": {
				"north": {"uv": [0.5, 3, 1, 4.75], "texture": "#0"},
				"east": {"uv": [0, 0, 0, 1.75], "texture": "#0"},
				"south": {"uv": [1, 3, 1.5, 4.75], "texture": "#0"},
				"west": {"uv": [0, 0, 0, 1.75], "texture": "#0"},
				"up": {"uv": [0.5, 0, 0, 0], "texture": "#0"},
				"down": {"uv": [0.5, 0, 0, 0], "texture": "#0"}
			}
		},
		{
			"from": [15, 10, 2],
			"to": [17, 16, 2],
			"rotation": {"angle": 0, "axis": "y", "origin": [23, 15, 1]},
			"faces": {
				"north": {"uv": [2.5, 5.25, 3, 6.75], "texture": "#0"},
				"east": {"uv": [0, 0, 0, 1.5], "texture": "#0"},
				"south": {"uv": [3, 5.25, 3.5, 6.75], "texture": "#0"},
				"west": {"uv": [0, 0, 0, 1.5], "texture": "#0"},
				"up": {"uv": [0.5, 0, 0, 0], "texture": "#0"},
				"down": {"uv": [0.5, 0, 0, 0], "texture": "#0"}
			}
		},
		{
			"from": [13, 9, 2],
			"to": [15, 16, 2],
			"rotation": {"angle": 0, "axis": "y", "origin": [21, 15, 1]},
			"faces": {
				"north": {"uv": [1.5, 3, 2, 4.75], "texture": "#0"},
				"east": {"uv": [0, 0, 0, 1.75], "texture": "#0"},
				"south": {"uv": [2, 3, 2.5, 4.75], "texture": "#0"},
				"west": {"uv": [0, 0, 0, 1.75], "texture": "#0"},
				"up": {"uv": [0.5, 0, 0, 0], "texture": "#0"},
				"down": {"uv": [0.5, 0, 0, 0], "texture": "#0"}
			}
		},
		{
			"from": [11, 10, 2],
			"to": [13, 16, 2],
			"rotation": {"angle": 0, "axis": "y", "origin": [19, 15, 1]},
			"faces": {
				"north": {"uv": [3.5, 5.25, 4, 6.75], "texture": "#0"},
				"east": {"uv": [0, 0, 0, 1.5], "texture": "#0"},
				"south": {"uv": [4, 5.25, 4.5, 6.75], "texture": "#0"},
				"west": {"uv": [0, 0, 0, 1.5], "texture": "#0"},
				"up": {"uv": [0.5, 0, 0, 0], "texture": "#0"},
				"down": {"uv": [0.5, 0, 0, 0], "texture": "#0"}
			}
		},
		{
			"from": [9, 10, 2],
			"to": [11, 16, 2],
			"rotation": {"angle": 0, "axis": "y", "origin": [17, 15, 1]},
			"faces": {
				"north": {"uv": [4.5, 5.25, 5, 6.75], "texture": "#0"},
				"east": {"uv": [0, 0, 0, 1.5], "texture": "#0"},
				"south": {"uv": [5, 5.25, 5.5, 6.75], "texture": "#0"},
				"west": {"uv": [0, 0, 0, 1.5], "texture": "#0"},
				"up": {"uv": [0.5, 0, 0, 0], "texture": "#0"},
				"down": {"uv": [0.5, 0, 0, 0], "texture": "#0"}
			}
		},
		{
			"from": [7, 9, 2],
			"to": [9, 16, 2],
			"rotation": {"angle": 0, "axis": "y", "origin": [15, 15, 1]},
			"faces": {
				"north": {"uv": [2.5, 3, 3, 4.75], "texture": "#0"},
				"east": {"uv": [0, 0, 0, 1.75], "texture": "#0"},
				"south": {"uv": [3, 3, 3.5, 4.75], "texture": "#0"},
				"west": {"uv": [0, 0, 0, 1.75], "texture": "#0"},
				"up": {"uv": [0.5, 0, 0, 0], "texture": "#0"},
				"down": {"uv": [0.5, 0, 0, 0], "texture": "#0"}
			}
		},
		{
			"from": [10, 16, 2],
			"to": [19, 18, 2],
			"rotation": {"angle": 0, "axis": "y", "origin": [15, 20, 1]},
			"faces": {
				"north": {"uv": [0, 0, 2.25, 0.5], "texture": "#0"},
				"east": {"uv": [0, 0, 0, 0.5], "texture": "#0"},
				"south": {"uv": [0, 0.5, 2.25, 1], "texture": "#0"},
				"west": {"uv": [0, 0, 0, 0.5], "texture": "#0"},
				"up": {"uv": [2.25, 0, 0, 0], "texture": "#0"},
				"down": {"uv": [2.25, 0, 0, 0], "texture": "#0"}
			}
		},
		{
			"from": [10, 11, 1],
			"to": [12, 15, 2],
			"rotation": {"angle": 0, "axis": "y", "origin": [10, 15, 0]},
			"faces": {
				"north": {"uv": [2.75, 1, 3.25, 2], "texture": "#0"},
				"east": {"uv": [3.25, 1, 3.5, 2], "texture": "#0"},
				"south": {"uv": [6.5, 6.5, 7, 7.5], "texture": "#0"},
				"west": {"uv": [6.25, 0, 6.5, 1], "texture": "#0"},
				"up": {"uv": [7.5, 8.25, 7, 8], "texture": "#0"},
				"down": {"uv": [8.5, 7, 8, 7.25], "texture": "#0"}
			}
		},
		{
			"from": [8, 14, 1],
			"to": [10, 18, 2],
			"rotation": {"angle": 22.5, "axis": "z", "origin": [8, 18, 0]},
			"faces": {
				"north": {"uv": [2.5, 6.75, 3, 7.75], "texture": "#0"},
				"east": {"uv": [0.5, 8, 0.75, 9], "texture": "#0"},
				"south": {"uv": [6.75, 2.5, 7.25, 3.5], "texture": "#0"},
				"west": {"uv": [0.75, 8, 1, 9], "texture": "#0"},
				"up": {"uv": [8.5, 7.5, 8, 7.25], "texture": "#0"},
				"down": {"uv": [8.5, 7.5, 8, 7.75], "texture": "#0"}
			}
		},
		{
			"from": [13, 14, 1],
			"to": [15, 18, 2],
			"rotation": {"angle": 45, "axis": "z", "origin": [13, 18, 0]},
			"faces": {
				"north": {"uv": [3, 6.75, 3.5, 7.75], "texture": "#0"},
				"east": {"uv": [1, 8, 1.25, 9], "texture": "#0"},
				"south": {"uv": [3.5, 6.75, 4, 7.75], "texture": "#0"},
				"west": {"uv": [1.25, 8, 1.5, 9], "texture": "#0"},
				"up": {"uv": [8.5, 8, 8, 7.75], "texture": "#0"},
				"down": {"uv": [8.5, 8, 8, 8.25], "texture": "#0"}
			}
		},
		{
			"from": [15, 11, 1],
			"to": [17, 16, 2],
			"rotation": {"angle": 0, "axis": "y", "origin": [15, 15, 0]},
			"faces": {
				"north": {"uv": [1, 6.5, 1.5, 7.75], "texture": "#0"},
				"east": {"uv": [7.75, 5.25, 8, 6.5], "texture": "#0"},
				"south": {"uv": [6.5, 1.25, 7, 2.5], "texture": "#0"},
				"west": {"uv": [5.75, 7.75, 6, 9], "texture": "#0"},
				"up": {"uv": [8.75, 1.75, 8.25, 1.5], "texture": "#0"},
				"down": {"uv": [8.75, 1.75, 8.25, 2], "texture": "#0"}
			}
		},
		{
			"from": [20, 11, 1],
			"to": [22, 15, 2],
			"rotation": {"angle": 0, "axis": "y", "origin": [20, 15, 0]},
			"faces": {
				"north": {"uv": [4, 6.75, 4.5, 7.75], "texture": "#0"},
				"east": {"uv": [1.5, 8, 1.75, 9], "texture": "#0"},
				"south": {"uv": [4.5, 6.75, 5, 7.75], "texture": "#0"},
				"west": {"uv": [8, 1.5, 8.25, 2.5], "texture": "#0"},
				"up": {"uv": [8.75, 2.25, 8.25, 2], "texture": "#0"},
				"down": {"uv": [8.75, 2.25, 8.25, 2.5], "texture": "#0"}
			}
		},
		{
			"from": [23, 8, 1],
			"to": [25, 12, 2],
			"rotation": {"angle": 22.5, "axis": "z", "origin": [23, 12, 0]},
			"faces": {
				"north": {"uv": [5, 6.75, 5.5, 7.75], "texture": "#0"},
				"east": {"uv": [1.75, 8, 2, 9], "texture": "#0"},
				"south": {"uv": [5.5, 6.75, 6, 7.75], "texture": "#0"},
				"west": {"uv": [2, 8, 2.25, 9], "texture": "#0"},
				"up": {"uv": [4.75, 8.5, 4.25, 8.25], "texture": "#0"},
				"down": {"uv": [5.25, 8.25, 4.75, 8.5], "texture": "#0"}
			}
		},
		{
			"from": [21, 14, 1],
			"to": [25, 16, 2],
			"rotation": {"angle": -45, "axis": "z", "origin": [21, 14, 0]},
			"faces": {
				"north": {"uv": [6.75, 3.5, 7.75, 4], "texture": "#0"},
				"east": {"uv": [7.5, 8, 7.75, 8.5], "texture": "#0"},
				"south": {"uv": [7, 0, 8, 0.5], "texture": "#0"},
				"west": {"uv": [8.25, 5.5, 8.5, 6], "texture": "#0"},
				"up": {"uv": [9, 0.25, 8, 0], "texture": "#0"},
				"down": {"uv": [9, 0.25, 8, 0.5], "texture": "#0"}
			}
		},
		{
			"from": [5, 11, 2],
			"to": [7, 18, 3],
			"rotation": {"angle": -22.5, "axis": "z", "origin": [7, 11, 4]},
			"faces": {
				"north": {"uv": [0.5, 2.5, 0, 4.25], "texture": "#0"},
				"east": {"uv": [7.75, 4.5, 7.5, 6.25], "texture": "#0"},
				"south": {"uv": [2.75, 0, 2.25, 1.75], "texture": "#0"},
				"west": {"uv": [7.75, 6.25, 7.5, 8], "texture": "#0"},
				"up": {"uv": [2.75, 1.75, 2.25, 2], "texture": "#0"},
				"down": {"uv": [5.5, 2.75, 5, 2.5], "texture": "#0"}
			}
		},
		{
			"from": [8, 16, 2],
			"to": [15, 18, 3],
			"rotation": {"angle": 22.5, "axis": "z", "origin": [8, 16, 4]},
			"faces": {
				"north": {"uv": [4, 2.5, 2.25, 3], "texture": "#0"},
				"east": {"uv": [6.25, 8, 6, 8.5], "texture": "#0"},
				"south": {"uv": [2.25, 2.5, 0.5, 3], "texture": "#0"},
				"west": {"uv": [8.25, 6, 8, 6.5], "texture": "#0"},
				"up": {"uv": [2.25, 7.75, 0.5, 8], "texture": "#0"},
				"down": {"uv": [4, 8, 2.25, 7.75], "texture": "#0"}
			}
		},
		{
			"from": [13, 19, 2],
			"to": [20, 21, 3],
			"rotation": {"angle": -22.5, "axis": "z", "origin": [13, 19, 4]},
			"faces": {
				"north": {"uv": [6, 4.75, 4.25, 5.25], "texture": "#0"},
				"east": {"uv": [7.75, 8.5, 7.5, 9], "texture": "#0"},
				"south": {"uv": [4.25, 4.75, 2.5, 5.25], "texture": "#0"},
				"west": {"uv": [8.75, 7.75, 8.5, 8.25], "texture": "#0"},
				"up": {"uv": [9.5, 4.75, 7.75, 5], "texture": "#0"},
				"down": {"uv": [9.5, 5.25, 7.75, 5], "texture": "#0"}
			}
		},
		{
			"from": [18, 17, 2],
			"to": [25, 19, 3],
			"rotation": {"angle": -45, "axis": "z", "origin": [18, 17, 4]},
			"faces": {
				"north": {"uv": [4.5, 0.5, 2.75, 1], "texture": "#0"},
				"east": {"uv": [6.5, 8, 6.25, 8.5], "texture": "#0"},
				"south": {"uv": [4.5, 0, 2.75, 0.5], "texture": "#0"},
				"west": {"uv": [8.25, 6.5, 8, 7], "texture": "#0"},
				"up": {"uv": [9.5, 2.5, 7.75, 2.75], "texture": "#0"},
				"down": {"uv": [9.5, 3, 7.75, 2.75], "texture": "#0"}
			}
		},
		{
			"from": [21, 10, 2],
			"to": [23, 15, 2],
			"rotation": {"angle": 0, "axis": "y", "origin": [29, 15, 3]},
			"faces": {
				"north": {"uv": [1, 6.5, 0.5, 7.75], "texture": "#0"},
				"east": {"uv": [0, 0, 0, 1.25], "texture": "#0"},
				"south": {"uv": [7, 0, 6.5, 1.25], "texture": "#0"},
				"west": {"uv": [0, 0, 0, 1.25], "texture": "#0"},
				"up": {"uv": [0.5, 0, 0, 0], "texture": "#0"},
				"down": {"uv": [0.5, 0, 0, 0], "texture": "#0"}
			}
		},
		{
			"from": [19, 10, 2],
			"to": [21, 16, 2],
			"rotation": {"angle": 0, "axis": "y", "origin": [27, 15, 3]},
			"faces": {
				"north": {"uv": [5.5, 1, 5, 2.5], "texture": "#0"},
				"east": {"uv": [0, 0, 0, 1.5], "texture": "#0"},
				"south": {"uv": [4, 1, 3.5, 2.5], "texture": "#0"},
				"west": {"uv": [0, 0, 0, 1.5], "texture": "#0"},
				"up": {"uv": [0.5, 0, 0, 0], "texture": "#0"},
				"down": {"uv": [0.5, 0, 0, 0], "texture": "#0"}
			}
		},
		{
			"from": [17, 9, 2],
			"to": [19, 16, 2],
			"rotation": {"angle": 0, "axis": "y", "origin": [25, 15, 3]},
			"faces": {
				"north": {"uv": [1.5, 3, 1, 4.75], "texture": "#0"},
				"east": {"uv": [0, 0, 0, 1.75], "texture": "#0"},
				"south": {"uv": [1, 3, 0.5, 4.75], "texture": "#0"},
				"west": {"uv": [0, 0, 0, 1.75], "texture": "#0"},
				"up": {"uv": [0.5, 0, 0, 0], "texture": "#0"},
				"down": {"uv": [0.5, 0, 0, 0], "texture": "#0"}
			}
		},
		{
			"from": [15, 10, 2],
			"to": [17, 16, 2],
			"rotation": {"angle": 0, "axis": "y", "origin": [23, 15, 3]},
			"faces": {
				"north": {"uv": [3.5, 5.25, 3, 6.75], "texture": "#0"},
				"east": {"uv": [0, 0, 0, 1.5], "texture": "#0"},
				"south": {"uv": [3, 5.25, 2.5, 6.75], "texture": "#0"},
				"west": {"uv": [0, 0, 0, 1.5], "texture": "#0"},
				"up": {"uv": [0.5, 0, 0, 0], "texture": "#0"},
				"down": {"uv": [0.5, 0, 0, 0], "texture": "#0"}
			}
		},
		{
			"from": [13, 9, 2],
			"to": [15, 16, 2],
			"rotation": {"angle": 0, "axis": "y", "origin": [21, 15, 3]},
			"faces": {
				"north": {"uv": [2.5, 3, 2, 4.75], "texture": "#0"},
				"east": {"uv": [0, 0, 0, 1.75], "texture": "#0"},
				"south": {"uv": [2, 3, 1.5, 4.75], "texture": "#0"},
				"west": {"uv": [0, 0, 0, 1.75], "texture": "#0"},
				"up": {"uv": [0.5, 0, 0, 0], "texture": "#0"},
				"down": {"uv": [0.5, 0, 0, 0], "texture": "#0"}
			}
		},
		{
			"from": [11, 10, 2],
			"to": [13, 16, 2],
			"rotation": {"angle": 0, "axis": "y", "origin": [19, 15, 3]},
			"faces": {
				"north": {"uv": [4.5, 5.25, 4, 6.75], "texture": "#0"},
				"east": {"uv": [0, 0, 0, 1.5], "texture": "#0"},
				"south": {"uv": [4, 5.25, 3.5, 6.75], "texture": "#0"},
				"west": {"uv": [0, 0, 0, 1.5], "texture": "#0"},
				"up": {"uv": [0.5, 0, 0, 0], "texture": "#0"},
				"down": {"uv": [0.5, 0, 0, 0], "texture": "#0"}
			}
		},
		{
			"from": [9, 10, 2],
			"to": [11, 16, 2],
			"rotation": {"angle": 0, "axis": "y", "origin": [17, 15, 3]},
			"faces": {
				"north": {"uv": [5.5, 5.25, 5, 6.75], "texture": "#0"},
				"east": {"uv": [0, 0, 0, 1.5], "texture": "#0"},
				"south": {"uv": [5, 5.25, 4.5, 6.75], "texture": "#0"},
				"west": {"uv": [0, 0, 0, 1.5], "texture": "#0"},
				"up": {"uv": [0.5, 0, 0, 0], "texture": "#0"},
				"down": {"uv": [0.5, 0, 0, 0], "texture": "#0"}
			}
		},
		{
			"from": [7, 9, 2],
			"to": [9, 16, 2],
			"rotation": {"angle": 0, "axis": "y", "origin": [15, 15, 3]},
			"faces": {
				"north": {"uv": [3.5, 3, 3, 4.75], "texture": "#0"},
				"east": {"uv": [0, 0, 0, 1.75], "texture": "#0"},
				"south": {"uv": [3, 3, 2.5, 4.75], "texture": "#0"},
				"west": {"uv": [0, 0, 0, 1.75], "texture": "#0"},
				"up": {"uv": [0.5, 0, 0, 0], "texture": "#0"},
				"down": {"uv": [0.5, 0, 0, 0], "texture": "#0"}
			}
		},
		{
			"from": [10, 16, 2],
			"to": [19, 18, 2],
			"rotation": {"angle": 0, "axis": "y", "origin": [15, 20, 3]},
			"faces": {
				"north": {"uv": [2.25, 0.5, 0, 1], "texture": "#0"},
				"east": {"uv": [0, 0, 0, 0.5], "texture": "#0"},
				"south": {"uv": [2.25, 0, 0, 0.5], "texture": "#0"},
				"west": {"uv": [0, 0, 0, 0.5], "texture": "#0"},
				"up": {"uv": [2.25, 0, 0, 0], "texture": "#0"},
				"down": {"uv": [2.25, 0, 0, 0], "texture": "#0"}
			}
		},
		{
			"from": [10, 11, 2],
			"to": [12, 15, 3],
			"rotation": {"angle": 0, "axis": "y", "origin": [10, 15, 4]},
			"faces": {
				"north": {"uv": [7, 6.5, 6.5, 7.5], "texture": "#0"},
				"east": {"uv": [3.5, 1, 3.25, 2], "texture": "#0"},
				"south": {"uv": [3.25, 1, 2.75, 2], "texture": "#0"},
				"west": {"uv": [6.5, 0, 6.25, 1], "texture": "#0"},
				"up": {"uv": [7.5, 8, 7, 8.25], "texture": "#0"},
				"down": {"uv": [8.5, 7.25, 8, 7], "texture": "#0"}
			}
		},
		{
			"from": [8, 14, 2],
			"to": [10, 18, 3],
			"rotation": {"angle": 22.5, "axis": "z", "origin": [8, 18, 4]},
			"faces": {
				"north": {"uv": [7.25, 2.5, 6.75, 3.5], "texture": "#0"},
				"east": {"uv": [0.75, 8, 0.5, 9], "texture": "#0"},
				"south": {"uv": [3, 6.75, 2.5, 7.75], "texture": "#0"},
				"west": {"uv": [1, 8, 0.75, 9], "texture": "#0"},
				"up": {"uv": [8.5, 7.25, 8, 7.5], "texture": "#0"},
				"down": {"uv": [8.5, 7.75, 8, 7.5], "texture": "#0"}
			}
		},
		{
			"from": [13, 14, 2],
			"to": [15, 18, 3],
			"rotation": {"angle": 45, "axis": "z", "origin": [13, 18, 4]},
			"faces": {
				"north": {"uv": [4, 6.75, 3.5, 7.75], "texture": "#0"},
				"east": {"uv": [1.25, 8, 1, 9], "texture": "#0"},
				"south": {"uv": [3.5, 6.75, 3, 7.75], "texture": "#0"},
				"west": {"uv": [1.5, 8, 1.25, 9], "texture": "#0"},
				"up": {"uv": [8.5, 7.75, 8, 8], "texture": "#0"},
				"down": {"uv": [8.5, 8.25, 8, 8], "texture": "#0"}
			}
		},
		{
			"from": [15, 11, 2],
			"to": [17, 16, 3],
			"rotation": {"angle": 0, "axis": "y", "origin": [15, 15, 4]},
			"faces": {
				"north": {"uv": [7, 1.25, 6.5, 2.5], "texture": "#0"},
				"east": {"uv": [8, 5.25, 7.75, 6.5], "texture": "#0"},
				"south": {"uv": [1.5, 6.5, 1, 7.75], "texture": "#0"},
				"west": {"uv": [6, 7.75, 5.75, 9], "texture": "#0"},
				"up": {"uv": [8.75, 1.5, 8.25, 1.75], "texture": "#0"},
				"down": {"uv": [8.75, 2, 8.25, 1.75], "texture": "#0"}
			}
		},
		{
			"from": [20, 11, 2],
			"to": [22, 15, 3],
			"rotation": {"angle": 0, "axis": "y", "origin": [20, 15, 4]},
			"faces": {
				"north": {"uv": [5, 6.75, 4.5, 7.75], "texture": "#0"},
				"east": {"uv": [1.75, 8, 1.5, 9], "texture": "#0"},
				"south": {"uv": [4.5, 6.75, 4, 7.75], "texture": "#0"},
				"west": {"uv": [8.25, 1.5, 8, 2.5], "texture": "#0"},
				"up": {"uv": [8.75, 2, 8.25, 2.25], "texture": "#0"},
				"down": {"uv": [8.75, 2.5, 8.25, 2.25], "texture": "#0"}
			}
		},
		{
			"from": [23, 8, 2],
			"to": [25, 12, 3],
			"rotation": {"angle": 22.5, "axis": "z", "origin": [23, 12, 4]},
			"faces": {
				"north": {"uv": [6, 6.75, 5.5, 7.75], "texture": "#0"},
				"east": {"uv": [2, 8, 1.75, 9], "texture": "#0"},
				"south": {"uv": [5.5, 6.75, 5, 7.75], "texture": "#0"},
				"west": {"uv": [2.25, 8, 2, 9], "texture": "#0"},
				"up": {"uv": [4.75, 8.25, 4.25, 8.5], "texture": "#0"},
				"down": {"uv": [5.25, 8.5, 4.75, 8.25], "texture": "#0"}
			}
		},
		{
			"from": [21, 14, 2],
			"to": [25, 16, 3],
			"rotation": {"angle": -45, "axis": "z", "origin": [21, 14, 4]},
			"faces": {
				"north": {"uv": [8, 0, 7, 0.5], "texture": "#0"},
				"east": {"uv": [7.75, 8, 7.5, 8.5], "texture": "#0"},
				"south": {"uv": [7.75, 3.5, 6.75, 4], "texture": "#0"},
				"west": {"uv": [8.5, 5.5, 8.25, 6], "texture": "#0"},
				"up": {"uv": [9, 0, 8, 0.25], "texture": "#0"},
				"down": {"uv": [9, 0.5, 8, 0.25], "texture": "#0"}
			}
		}
	],
	"display": {
		"thirdperson_righthand": {
			"translation": [0, -1, 7.75],
			"scale": [0.49, 0.49, 1]
		},
		"thirdperson_lefthand": {
			"rotation": [66, 0, 0],
			"translation": [-9.25, -17.75, 4.75],
			"scale": [1.49, 1.49, 1.49]
		},
		"firstperson_righthand": {
			"translation": [25, -12, 0]
		},
		"firstperson_lefthand": {
			"translation": [18, -12, 0]
		},
		"ground": {
			"rotation": [0, 180, 0],
			"translation": [0, 0, 10.75]
		},
		"gui": {
			"translation": [1.5, -3.75, 0],
			"scale": [0.5, 0.51, 1]
		}
	},
	"groups": [
		{
			"name": "group",
			"origin": [-11, 12, 0],
			"color": 0,
			"children": [0, 1, 2, 3, 4, 5, 6, 7, 8, 9, 10, 11, 12, 13, 14, 15, 16, 17, 18, 19, 20, 21, 22, 23, 24, 25, 26, 27, 28, 29, 30, 31, 32, 33, 34, 35, 36, 37, 38, 39]
		},
		{
			"name": "group",
			"origin": [16, 14, 0],
			"color": 0,
			"children": [40, 41, 42, 43, 44, 45, 46, 47, 48, 49, 50, 51, 52, 53, 54, 55, 56, 57, 58, 59, 60, 61, 62, 63, 64, 65, 66, 67, 68, 69, 70, 71, 72, 73, 74, 75, 76, 77, 78, 79]
		}
	]
}