{"parent":"item/handheld_rod","textures":{"layer0":"item/fishing_rod"},"overrides":[{"predicate":{"cast":1},"model":"item/fishing_rod_cast"},{"predicate":{"custom_model_data":1000},"model":"elitecreatures:newyear_2024_animated/fishing_rod"},{"predicate":{"cast":1,"custom_model_data":1000},"model":"elitecreatures:newyear_2024_animated/fishing_rod_cast"},{"predicate":{"custom_model_data":1001},"model":"merry_christmasset/fishing_rod"},{"predicate":{"cast":1,"custom_model_data":1001},"model":"merry_christmasset/fishing_rod_cast"},{"predicate":{"custom_model_data":1002},"model":"elitecreatures:witchcaster_animated/fishing_rod"},{"predicate":{"cast":1,"custom_model_data":1002},"model":"elitecreatures:witchcaster_animated/fishing_rod_cast"},{"predicate":{"custom_model_data":1004},"model":"elitecreatures:tiki_summer_animated/fishing_rod"},{"predicate":{"cast":1,"custom_model_data":1004},"model":"elitecreatures:tiki_summer_animated/fishing_rod_cast"},{"predicate":{"custom_model_data":412005},"model":"summerset/fishing_rod"},{"predicate":{"cast":1,"custom_model_data":412005},"model":"summerset/fishing_rod_cast"}]}