{
	"credit": "Made with Blockbench",
	"texture_size": [128, 128],
	"textures": {
		"0": "elitecreatures:witchcaster_animated/witchcaster_texture",
		"5": "elitecreatures:witchcaster_animated/witchcaster_animation_002-export",
		"particle": "elitecreatures:witchcaster_animated/witchcaster_texture"
	},
	"elements": [
		{
			"from": [3.5, 3, 6],
			"to": [12.5, 15, 11],
			"rotation": {"angle": 0, "axis": "y", "origin": [16.5, 0, 19]},
			"faces": {
				"north": {"uv": [1.125, 13.75, 0, 15.25], "texture": "#0"},
				"east": {"uv": [1.125, 12.25, 1.75, 13.75], "texture": "#0"},
				"south": {"uv": [1.125, 12.25, 0, 13.75], "texture": "#0"},
				"west": {"uv": [1.75, 12.25, 1.125, 13.75], "texture": "#0"},
				"up": {"uv": [1.75, 12.875, 2.875, 12.25], "rotation": 180, "texture": "#0"},
				"down": {"uv": [1.75, 12.875, 2.875, 12.25], "rotation": 180, "texture": "#0"}
			}
		},
		{
			"from": [4.5, 15, 6.5],
			"to": [11.5, 18, 10],
			"rotation": {"angle": 0, "axis": "y", "origin": [16.5, 4, 19]},
			"faces": {
				"north": {"uv": [2.625, 13.375, 1.75, 13.75], "texture": "#0"},
				"south": {"uv": [2.625, 13.375, 1.75, 13.75], "texture": "#0"},
				"up": {"uv": [1.125, 14.1875, 2, 13.75], "rotation": 180, "texture": "#0"},
				"down": {"uv": [1.125, 14.1875, 2, 13.75], "rotation": 180, "texture": "#0"}
			}
		},
		{
			"from": [3.55, 11, 9],
			"to": [12.45, 15, 11],
			"rotation": {"angle": -22.5, "axis": "x", "origin": [8.5, 15, 11]},
			"faces": {
				"north": {"uv": [2.875, 12.875, 1.75, 13.375], "texture": "#0"},
				"east": {"uv": [5.125, 10.0625, 4.875, 10.5625], "texture": "#0"},
				"south": {"uv": [2.875, 12.875, 1.75, 13.375], "texture": "#0"},
				"west": {"uv": [4.875, 10.0625, 5.125, 10.5625], "texture": "#0"},
				"up": {"uv": [5.125, 10.5625, 6.25, 10.3125], "rotation": 180, "texture": "#0"},
				"down": {"uv": [5.125, 10.5625, 6.25, 10.3125], "rotation": 180, "texture": "#0"}
			}
		},
		{
			"from": [1.3, 13.5, 6.1],
			"to": [5.8, 17.5, 10.6],
			"rotation": {"angle": 22.5, "axis": "z", "origin": [3.3, 15.75, 8.1]},
			"faces": {
				"north": {"uv": [3.4375, 12.25, 2.875, 12.75], "texture": "#0"},
				"east": {"uv": [4, 12.25, 4.5625, 12.75], "texture": "#0"},
				"south": {"uv": [2.875, 12.25, 3.4375, 12.75], "texture": "#0"},
				"west": {"uv": [3.4375, 12.25, 4, 12.75], "texture": "#0"},
				"up": {"uv": [2.875, 12.75, 3.4375, 13.3125], "texture": "#0"},
				"down": {"uv": [2.875, 12.75, 3.4375, 13.3125], "texture": "#0"}
			}
		},
		{
			"from": [10.2, 13.5, 6.1],
			"to": [14.7, 17.5, 10.6],
			"rotation": {"angle": -22.5, "axis": "z", "origin": [12.7, 15.75, 8.1]},
			"faces": {
				"north": {"uv": [2.875, 12.25, 3.4375, 12.75], "texture": "#0"},
				"east": {"uv": [4, 12.25, 3.4375, 12.75], "texture": "#0"},
				"south": {"uv": [3.4375, 12.25, 2.875, 12.75], "texture": "#0"},
				"west": {"uv": [4, 12.25, 4.5625, 12.75], "texture": "#0"},
				"up": {"uv": [3.4375, 12.75, 2.875, 13.3125], "texture": "#0"},
				"down": {"uv": [3.4375, 12.75, 2.875, 13.3125], "texture": "#0"}
			}
		},
		{
			"from": [1, 3, 6.1],
			"to": [3.5, 8, 11],
			"rotation": {"angle": -22.5, "axis": "z", "origin": [3.5, 3, 8.5]},
			"faces": {
				"north": {"uv": [0.9375, 15.25, 0.625, 15.875], "texture": "#0"},
				"east": {"uv": [0, 15.25, 0.625, 15.875], "texture": "#0"},
				"south": {"uv": [0.625, 15.25, 0.9375, 15.875], "texture": "#0"},
				"west": {"uv": [0, 15.25, 0.625, 15.875], "texture": "#0"},
				"up": {"uv": [1.25, 15.875, 0.9375, 15.25], "rotation": 180, "texture": "#0"},
				"down": {"uv": [1.25, 15.875, 0.9375, 15.25], "rotation": 180, "texture": "#0"}
			}
		},
		{
			"from": [3.5, 3, 11],
			"to": [7.5, 8, 13.5],
			"rotation": {"angle": -22.5, "axis": "x", "origin": [5.25, 3, 11]},
			"faces": {
				"north": {"uv": [1.125, 14.1875, 1.625, 14.8125], "texture": "#0"},
				"east": {"uv": [1.625, 14.1875, 1.9375, 14.8125], "texture": "#0"},
				"south": {"uv": [1.125, 14.1875, 1.625, 14.8125], "texture": "#0"},
				"west": {"uv": [1.9375, 14.1875, 1.625, 14.8125], "texture": "#0"},
				"up": {"uv": [2, 14.0625, 2.5, 13.75], "rotation": 180, "texture": "#0"},
				"down": {"uv": [2, 14.0625, 2.5, 13.75], "rotation": 180, "texture": "#0"}
			}
		},
		{
			"from": [12.5, 3, 6.1],
			"to": [15, 8, 11],
			"rotation": {"angle": 22.5, "axis": "z", "origin": [12.5, 3, 8.5]},
			"faces": {
				"north": {"uv": [0.625, 15.25, 0.9375, 15.875], "texture": "#0"},
				"east": {"uv": [0.625, 15.25, 0, 15.875], "texture": "#0"},
				"south": {"uv": [0.9375, 15.25, 0.625, 15.875], "texture": "#0"},
				"west": {"uv": [0.625, 15.25, 0, 15.875], "texture": "#0"},
				"up": {"uv": [0.9375, 15.875, 1.25, 15.25], "rotation": 180, "texture": "#0"},
				"down": {"uv": [0.9375, 15.875, 1.25, 15.25], "rotation": 180, "texture": "#0"}
			}
		},
		{
			"from": [8.5, 3, 11],
			"to": [12.5, 8, 13.5],
			"rotation": {"angle": -22.5, "axis": "x", "origin": [10.75, 3, 11]},
			"faces": {
				"north": {"uv": [1.625, 14.1875, 1.125, 14.8125], "texture": "#0"},
				"east": {"uv": [1.625, 14.1875, 1.9375, 14.8125], "texture": "#0"},
				"south": {"uv": [1.625, 14.1875, 1.125, 14.8125], "texture": "#0"},
				"west": {"uv": [1.9375, 14.1875, 1.625, 14.8125], "texture": "#0"},
				"up": {"uv": [2.5, 14.0625, 2, 13.75], "rotation": 180, "texture": "#0"},
				"down": {"uv": [2.5, 14.0625, 2, 13.75], "rotation": 180, "texture": "#0"}
			}
		},
		{
			"from": [6.75, 10, 11],
			"to": [9.25, 13, 13],
			"rotation": {"angle": -22.5, "axis": "x", "origin": [8.2, 11, 12]},
			"faces": {
				"north": {"uv": [3.4375, 12.75, 3.75, 13.125], "texture": "#0"},
				"east": {"uv": [3.75, 12.75, 4, 13.125], "texture": "#0"},
				"south": {"uv": [3.4375, 12.75, 3.75, 13.125], "texture": "#0"},
				"west": {"uv": [3.75, 12.75, 4, 13.125], "texture": "#0"},
				"up": {"uv": [1.5625, 12, 1.875, 12.25], "texture": "#0"},
				"down": {"uv": [1.25, 12, 1.5625, 12.25], "texture": "#0"}
			}
		},
		{
			"from": [1.5, 9.8, 8],
			"to": [1.5, 16.8, 11],
			"rotation": {"angle": 0, "axis": "y", "origin": [-6.5, 6.8, -7]},
			"faces": {
				"north": {"uv": [0, 0, 0, 256], "texture": "#missing"},
				"east": {"uv": [3.75, 0.4375, 3.375, 1.3125], "texture": "#0"},
				"south": {"uv": [0, 0, 0, 256], "texture": "#missing"},
				"west": {"uv": [3.375, 0.4375, 3.75, 1.3125], "texture": "#0"},
				"up": {"uv": [0, 0, 0, 96], "texture": "#missing"},
				"down": {"uv": [0, 0, 0, 96], "texture": "#missing"}
			}
		},
		{
			"from": [0.5, 9.3, 8],
			"to": [2.5, 10.8, 10],
			"rotation": {"angle": 0, "axis": "y", "origin": [-6.5, 6.8, -7]},
			"faces": {
				"north": {"uv": [1.6875, 3.9375, 1.9375, 4.125], "texture": "#0"},
				"east": {"uv": [1.6875, 3.9375, 1.9375, 4.125], "texture": "#0"},
				"south": {"uv": [1.6875, 3.9375, 1.9375, 4.125], "texture": "#0"},
				"west": {"uv": [1.6875, 3.9375, 1.9375, 4.125], "texture": "#0"},
				"up": {"uv": [1.6875, 4.125, 1.9375, 4.375], "texture": "#0"},
				"down": {"uv": [1.6875, 4.125, 1.9375, 4.375], "texture": "#0"}
			}
		},
		{
			"from": [1.5, 5.3, 5],
			"to": [1.5, 9.3, 13],
			"rotation": {"angle": 0, "axis": "y", "origin": [-0.5, 9.3, 6]},
			"faces": {
				"north": {"uv": [0, 0, 0, 14], "texture": "#5"},
				"east": {"uv": [16, 6, 0, 14], "texture": "#5"},
				"south": {"uv": [0, 0, 0, 14], "texture": "#5"},
				"west": {"uv": [0, 6, 16, 14], "texture": "#5"},
				"up": {"uv": [0, 10, 0, 0], "texture": "#5"},
				"down": {"uv": [0, 0, 0, 10], "texture": "#5"}
			}
		},
		{
			"from": [6.36976, 14.31145, 10.55517],
			"to": [10.36976, 16.31145, 10.55517],
			"rotation": {"angle": 22.5, "axis": "x", "origin": [8.11976, 16.29834, 10.65]},
			"faces": {
				"north": {"uv": [4.375, 0.25, 3.875, 0], "texture": "#0"},
				"east": {"uv": [0, 192, 0, 0], "texture": "#missing"},
				"south": {"uv": [3.875, 0.25, 4.375, 0], "texture": "#0"},
				"west": {"uv": [0, 192, 0, 0], "texture": "#missing"},
				"up": {"uv": [0, 0, 0, 96], "rotation": 90, "texture": "#missing"},
				"down": {"uv": [0, 0, 0, 96], "rotation": 270, "texture": "#missing"}
			}
		},
		{
			"from": [6.36976, 16.27035, 10.53824],
			"to": [10.36976, 19.27035, 10.53824],
			"rotation": {"angle": 45, "axis": "x", "origin": [8.11976, 16.29834, 10.65]},
			"faces": {
				"north": {"uv": [4.375, 0.625, 3.875, 0.25], "texture": "#0"},
				"east": {"uv": [0, 192, 0, 0], "texture": "#missing"},
				"south": {"uv": [3.875, 0.625, 4.375, 0.25], "texture": "#0"},
				"west": {"uv": [0, 192, 0, 0], "texture": "#missing"},
				"up": {"uv": [0, 0, 0, 96], "rotation": 90, "texture": "#missing"},
				"down": {"uv": [0, 0, 0, 96], "rotation": 270, "texture": "#missing"}
			}
		},
		{
			"from": [6.36976, 17.52441, 13.34915],
			"to": [10.36976, 17.52441, 15.34915],
			"rotation": {"angle": -22.5, "axis": "x", "origin": [8.11976, 16.29834, 10.65]},
			"faces": {
				"north": {"uv": [0, 0, 0, 96], "rotation": 90, "texture": "#missing"},
				"east": {"uv": [0, 0, 0, 192], "rotation": 90, "texture": "#missing"},
				"south": {"uv": [0, 0, 0, 96], "rotation": 90, "texture": "#missing"},
				"west": {"uv": [0, 0, 0, 192], "rotation": 270, "texture": "#missing"},
				"up": {"uv": [4.375, 0.875, 3.875, 0.625], "rotation": 180, "texture": "#0"},
				"down": {"uv": [3.875, 0.875, 4.375, 0.625], "texture": "#0"}
			}
		},
		{
			"from": [9.58658, 18.5, 8.2],
			"to": [9.58658, 21, 11.2],
			"rotation": {"angle": -45, "axis": "z", "origin": [8.61976, 17.29834, 9.45]},
			"faces": {
				"north": {"uv": [0, 128, 0, 0], "texture": "#missing"},
				"east": {"uv": [4.8125, 0.625, 4.4375, 0.3125], "texture": "#0"},
				"south": {"uv": [0, 128, 0, 0], "texture": "#missing"},
				"west": {"uv": [4.4375, 0.625, 4.8125, 0.3125], "texture": "#0"},
				"up": {"uv": [0, 96, 0, 0], "texture": "#missing"},
				"down": {"uv": [0, 96, 0, 0], "texture": "#missing"}
			}
		},
		{
			"from": [9.95205, 15.09383, 8.2],
			"to": [9.95205, 18.09383, 11.2],
			"rotation": {"angle": -22.5, "axis": "z", "origin": [8.61976, 17.29834, 9.45]},
			"faces": {
				"north": {"uv": [0, 128, 0, 0], "texture": "#missing"},
				"east": {"uv": [4.8125, 0.375, 4.4375, 0], "texture": "#0"},
				"south": {"uv": [0, 128, 0, 0], "texture": "#missing"},
				"west": {"uv": [4.4375, 0.375, 4.8125, 0], "texture": "#0"},
				"up": {"uv": [0, 96, 0, 0], "texture": "#missing"},
				"down": {"uv": [0, 96, 0, 0], "texture": "#missing"}
			}
		}
	],
	"gui_light": "front",
	"display": {
		"thirdperson_righthand": {
			"rotation": [55, 0, 0],
			"translation": [0, 2, 1.75],
			"scale": [0.4, 0.4, 0.4]
		},
		"thirdperson_lefthand": {
			"rotation": [67.5, 0, 0],
			"translation": [-5.75, -7.75, 7.25]
		},
		"firstperson_righthand": {
			"rotation": [0, -70, 0],
			"translation": [9.75, -2.25, -11.25]
		},
		"firstperson_lefthand": {
			"scale": [0, 0, 0]
		},
		"ground": {
			"rotation": [80, 180, 0],
			"translation": [0, 0.5, -1.25],
			"scale": [0.6, 0.6, 0.6]
		},
		"gui": {
			"rotation": [7, -19, 0],
			"translation": [0, -2.5, 0],
			"scale": [0.8, 0.8, 0.8]
		},
		"head": {
			"rotation": [6, 0, 0],
			"translation": [0, -62.25, 6],
			"scale": [1.6, 1.6, 1.6]
		},
		"fixed": {
			"rotation": [0, 180, 0],
			"translation": [0, -3.75, -2.5],
			"scale": [1.4, 1.4, 1.4]
		}
	}
}