{
	"credit": "Made with Blockbench",
	"texture_size": [128, 128],
	"textures": {
		"0": "elitecreatures:witchcaster_animated/witchcaster_texture",
		"3": "elitecreatures:witchcaster_animated/witchcaster_animation_01",
		"4": "elitecreatures:witchcaster_animated/witchcaster_animation_03",
		"5": "elitecreatures:witchcaster_animated/witchcaster_animation_002-export",
		"particle": "elitecreatures:witchcaster_animated/witchcaster_texture"
	},
	"elements": [
		{
			"from": [6.75, -13, 6.75],
			"to": [9.25, -11, 9.25],
			"rotation": {"angle": 45, "axis": "y", "origin": [8, -14, 8]},
			"faces": {
				"north": {"uv": [3.3125, 3.75, 3.625, 4], "texture": "#0"},
				"east": {"uv": [3.3125, 3.75, 3.625, 4], "texture": "#0"},
				"south": {"uv": [3.3125, 3.75, 3.625, 4], "texture": "#0"},
				"west": {"uv": [3.3125, 3.75, 3.625, 4], "texture": "#0"}
			}
		},
		{
			"from": [6.5, -11, 6.5],
			"to": [9.5, -9.5, 9.5],
			"rotation": {"angle": 45, "axis": "y", "origin": [8, -10, 8]},
			"faces": {
				"north": {"uv": [1.6875, 4.4375, 2.0625, 4.625], "texture": "#0"},
				"east": {"uv": [2.0625, 4.4375, 1.6875, 4.625], "texture": "#0"},
				"south": {"uv": [1.6875, 4.4375, 2.0625, 4.625], "texture": "#0"},
				"west": {"uv": [2.0625, 4.4375, 1.6875, 4.625], "texture": "#0"},
				"up": {"uv": [3.3125, 4, 3.6875, 4.375], "texture": "#0"},
				"down": {"uv": [3.3125, 4, 3.6875, 4.375], "texture": "#0"}
			}
		},
		{
			"from": [6.5, -14.5, 6.5],
			"to": [9.5, -13, 9.5],
			"rotation": {"angle": 45, "axis": "y", "origin": [8, -13.5, 8]},
			"faces": {
				"north": {"uv": [1.6875, 4.4375, 2.0625, 4.625], "texture": "#0"},
				"east": {"uv": [2.0625, 4.4375, 1.6875, 4.625], "texture": "#0"},
				"south": {"uv": [1.6875, 4.4375, 2.0625, 4.625], "texture": "#0"},
				"west": {"uv": [2.0625, 4.4375, 1.6875, 4.625], "texture": "#0"},
				"up": {"uv": [3.3125, 4, 3.6875, 4.375], "texture": "#0"},
				"down": {"uv": [3.3125, 4, 3.6875, 4.375], "texture": "#0"}
			}
		},
		{
			"from": [9.68658, -16, 7],
			"to": [9.68658, -13.5, 10],
			"rotation": {"angle": 45, "axis": "z", "origin": [8.71976, -12.29834, 8.25]},
			"faces": {
				"north": {"uv": [0, 0, 0, 128], "texture": "#missing"},
				"east": {"uv": [4.8125, 0.3125, 4.4375, 0.625], "texture": "#0"},
				"south": {"uv": [0, 0, 0, 128], "texture": "#missing"},
				"west": {"uv": [4.4375, 0.3125, 4.8125, 0.625], "texture": "#0"},
				"up": {"uv": [0, 0, 0, 96], "texture": "#missing"},
				"down": {"uv": [0, 0, 0, 96], "texture": "#missing"}
			}
		},
		{
			"from": [10.05205, -13.09383, 7],
			"to": [10.05205, -10.09383, 10],
			"rotation": {"angle": 22.5, "axis": "z", "origin": [8.71976, -12.29834, 8.25]},
			"faces": {
				"north": {"uv": [0, 0, 0, 128], "texture": "#missing"},
				"east": {"uv": [4.8125, 0, 4.4375, 0.375], "texture": "#0"},
				"south": {"uv": [0, 0, 0, 128], "texture": "#missing"},
				"west": {"uv": [4.4375, 0, 4.8125, 0.375], "texture": "#0"},
				"up": {"uv": [0, 0, 0, 96], "texture": "#missing"},
				"down": {"uv": [0, 0, 0, 96], "texture": "#missing"}
			}
		},
		{
			"from": [6.36976, -15.27035, 10.53824],
			"to": [10.36976, -12.27035, 10.53824],
			"rotation": {"angle": -45, "axis": "x", "origin": [8.11976, -12.29834, 10.65]},
			"faces": {
				"north": {"uv": [4.375, 0.25, 3.875, 0.625], "texture": "#0"},
				"east": {"uv": [0, 0, 0, 192], "texture": "#missing"},
				"south": {"uv": [3.875, 0.25, 4.375, 0.625], "texture": "#0"},
				"west": {"uv": [0, 0, 0, 192], "texture": "#missing"},
				"up": {"uv": [0, 0, 0, 96], "rotation": 270, "texture": "#missing"},
				"down": {"uv": [0, 0, 0, 96], "rotation": 90, "texture": "#missing"}
			}
		},
		{
			"from": [6.36976, -13.52441, 13.34915],
			"to": [10.36976, -13.52441, 15.34915],
			"rotation": {"angle": 22.5, "axis": "x", "origin": [8.11976, -12.29834, 10.65]},
			"faces": {
				"north": {"uv": [0, 0, 0, 96], "rotation": 90, "texture": "#missing"},
				"east": {"uv": [0, 0, 0, 192], "rotation": 90, "texture": "#missing"},
				"south": {"uv": [0, 0, 0, 96], "rotation": 90, "texture": "#missing"},
				"west": {"uv": [0, 0, 0, 192], "rotation": 270, "texture": "#missing"},
				"up": {"uv": [3.875, 0.625, 4.375, 0.875], "texture": "#0"},
				"down": {"uv": [4.375, 0.625, 3.875, 0.875], "rotation": 180, "texture": "#0"}
			}
		},
		{
			"from": [7, -9.5, 7],
			"to": [9, 6.5, 9],
			"rotation": {"angle": 45, "axis": "y", "origin": [8, -1.5, 8]},
			"faces": {
				"north": {"uv": [3.625, 6, 3.875, 7.75], "texture": "#0"},
				"east": {"uv": [3.875, 6, 3.625, 7.75], "texture": "#0"},
				"south": {"uv": [3.875, 6, 4.125, 7.75], "texture": "#0"},
				"west": {"uv": [4.125, 6, 3.875, 7.75], "texture": "#0"},
				"up": {"uv": [2.1875, 2.8125, 1.9375, 3.0625], "texture": "#0"},
				"down": {"uv": [4.1875, 4.125, 3.9375, 4.375], "texture": "#0"}
			}
		},
		{
			"from": [10, 10, 6.75],
			"to": [11, 12.5, 9.25],
			"rotation": {"angle": -45, "axis": "x", "origin": [10, 11.25, 8]},
			"faces": {
				"north": {"uv": [1.5625, 4.75, 1.4375, 4.4375], "texture": "#0"},
				"east": {"uv": [1.1875, 4.75, 0.875, 4.4375], "texture": "#0"},
				"south": {"uv": [1.3125, 4.4375, 1.1875, 4.75], "texture": "#0"},
				"west": {"uv": [0.875, 4.75, 1.1875, 4.4375], "texture": "#0"},
				"up": {"uv": [1.3125, 4.75, 1.1875, 4.4375], "texture": "#0"},
				"down": {"uv": [1.5625, 4.75, 1.4375, 4.4375], "texture": "#0"}
			}
		},
		{
			"from": [9.5, 9.5, 6.25],
			"to": [10.5, 13, 9.75],
			"rotation": {"angle": -45, "axis": "x", "origin": [10, 11.25, 8]},
			"faces": {
				"north": {"uv": [0.4375, 5.1875, 0.5625, 4.75], "texture": "#0"},
				"east": {"uv": [0.4375, 5.1875, 0, 4.75], "texture": "#0"},
				"south": {"uv": [0.5625, 4.75, 0.4375, 5.1875], "texture": "#0"},
				"west": {"uv": [0.4375, 5.1875, 0, 4.75], "texture": "#0"},
				"up": {"uv": [0.5625, 5.1875, 0.4375, 4.75], "texture": "#0"},
				"down": {"uv": [0.5625, 5.1875, 0.4375, 4.75], "texture": "#0"}
			}
		},
		{
			"from": [5, 10, 6.75],
			"to": [6, 12.5, 9.25],
			"rotation": {"angle": -45, "axis": "x", "origin": [6, 11.25, 8]},
			"faces": {
				"north": {"uv": [1.4375, 4.75, 1.5625, 4.4375], "texture": "#0"},
				"east": {"uv": [1.1875, 4.75, 0.875, 4.4375], "texture": "#0"},
				"south": {"uv": [1.1875, 4.4375, 1.3125, 4.75], "texture": "#0"},
				"west": {"uv": [0.875, 4.75, 1.1875, 4.4375], "texture": "#0"},
				"up": {"uv": [1.1875, 4.75, 1.3125, 4.4375], "texture": "#0"},
				"down": {"uv": [1.4375, 4.75, 1.5625, 4.4375], "texture": "#0"}
			}
		},
		{
			"from": [6, 4, 6],
			"to": [10, 6, 10],
			"rotation": {"angle": 45, "axis": "y", "origin": [8, 5, 8]},
			"faces": {
				"north": {"uv": [0.625, 2.75, 1.125, 3], "texture": "#0"},
				"east": {"uv": [0.625, 2.75, 1.125, 3], "texture": "#0"},
				"south": {"uv": [0.625, 2.75, 1.125, 3], "texture": "#0"},
				"west": {"uv": [1.125, 2.75, 0.625, 3], "texture": "#0"},
				"up": {"uv": [0.875, 2.25, 1.375, 2.75], "texture": "#0"},
				"down": {"uv": [0.875, 2.25, 1.375, 2.75], "texture": "#0"}
			}
		},
		{
			"from": [5.5, 6.5, 5.5],
			"to": [10.5, 9, 10.5],
			"rotation": {"angle": 45, "axis": "y", "origin": [8, 7.75, 8]},
			"faces": {
				"north": {"uv": [0, 3.1875, 0.625, 3.5], "texture": "#0"},
				"east": {"uv": [0, 3.1875, 0.625, 3.5], "texture": "#0"},
				"south": {"uv": [0, 3.1875, 0.625, 3.5], "texture": "#0"},
				"west": {"uv": [0.625, 3.1875, 0, 3.5], "texture": "#0"},
				"up": {"uv": [0, 2.5625, 0.625, 3.1875], "texture": "#0"},
				"down": {"uv": [0, 2.5625, 0.625, 3.1875], "texture": "#0"}
			}
		},
		{
			"from": [5.81256, 9.15398, 9.45],
			"to": [7.61256, 10.95398, 11.45],
			"rotation": {"angle": 45, "axis": "z", "origin": [8, 11.34142, 8]},
			"faces": {
				"north": {"uv": [3.1875, 4.25, 3, 4.4375], "texture": "#0"},
				"east": {"uv": [3, 4.25, 2.75, 4.4375], "texture": "#0"},
				"south": {"uv": [3, 4.4375, 3.1875, 4.25], "texture": "#0"},
				"west": {"uv": [3, 4.4375, 2.75, 4.25], "texture": "#0"},
				"up": {"uv": [3, 4.25, 2.75, 4.4375], "rotation": 90, "texture": "#0"},
				"down": {"uv": [3, 4.25, 2.75, 4.4375], "rotation": 270, "texture": "#0"}
			}
		},
		{
			"from": [5.5, 9.5, 6.25],
			"to": [6.5, 13, 9.75],
			"rotation": {"angle": -45, "axis": "x", "origin": [6, 11.25, 8]},
			"faces": {
				"north": {"uv": [0.5625, 5.1875, 0.4375, 4.75], "texture": "#0"},
				"east": {"uv": [0, 5.1875, 0.4375, 4.75], "texture": "#0"},
				"south": {"uv": [0.4375, 4.75, 0.5625, 5.1875], "texture": "#0"},
				"west": {"uv": [0, 5.1875, 0.4375, 4.75], "texture": "#0"},
				"up": {"uv": [0.4375, 5.1875, 0.5625, 4.75], "texture": "#0"},
				"down": {"uv": [0.4375, 5.1875, 0.5625, 4.75], "texture": "#0"}
			}
		},
		{
			"from": [4.9, 10, 6.75],
			"to": [4.9, 12.5, 9.25],
			"rotation": {"angle": -45, "axis": "x", "origin": [5.9, 11.25, 8]},
			"faces": {
				"north": {"uv": [0, 0, 0, 5], "texture": "#4"},
				"east": {"uv": [5, 0, 0, 5], "texture": "#4"},
				"south": {"uv": [0, 0, 0, 5], "texture": "#4"},
				"west": {"uv": [0, 0, 5, 5], "texture": "#4"},
				"up": {"uv": [0, 5, 0, 0], "texture": "#4"},
				"down": {"uv": [0, 0, 0, 5], "texture": "#4"}
			}
		},
		{
			"from": [11.1, 10, 6.75],
			"to": [11.1, 12.5, 9.25],
			"rotation": {"angle": -45, "axis": "x", "origin": [10.1, 11.25, 8]},
			"faces": {
				"north": {"uv": [0, 0, 0, 5], "texture": "#4"},
				"east": {"uv": [5, 0, 0, 5], "texture": "#4"},
				"south": {"uv": [0, 0, 0, 5], "texture": "#4"},
				"west": {"uv": [0, 0, 5, 5], "texture": "#4"},
				"up": {"uv": [0, 5, 0, 0], "texture": "#4"},
				"down": {"uv": [0, 0, 0, 5], "texture": "#4"}
			}
		},
		{
			"from": [6.65, 9.5, 9.5],
			"to": [9.35, 13, 11.5],
			"rotation": {"angle": 0, "axis": "y", "origin": [8, 11.24142, 8]},
			"faces": {
				"north": {"uv": [2.9375, 3.8125, 2.625, 4.25], "texture": "#0"},
				"east": {"uv": [2.9375, 3.8125, 3.1875, 4.25], "texture": "#0"},
				"south": {"uv": [2.9375, 3.8125, 2.625, 4.25], "texture": "#0"},
				"west": {"uv": [3.1875, 3.8125, 2.9375, 4.25], "texture": "#0"},
				"up": {"uv": [2.5625, 4.1875, 2.3125, 4.5], "rotation": 90, "texture": "#0"},
				"down": {"uv": [2.5625, 4.1875, 2.3125, 4.5], "rotation": 270, "texture": "#0"}
			}
		},
		{
			"from": [8.28744, 11.62886, 9.45],
			"to": [10.08744, 13.42886, 11.45],
			"rotation": {"angle": 45, "axis": "z", "origin": [8, 11.34142, 8]},
			"faces": {
				"north": {"uv": [3.1875, 4.4375, 3, 4.25], "texture": "#0"},
				"east": {"uv": [2.75, 4.25, 3, 4.4375], "texture": "#0"},
				"south": {"uv": [3.1875, 4.25, 3, 4.4375], "texture": "#0"},
				"west": {"uv": [3, 4.25, 2.75, 4.4375], "texture": "#0"},
				"up": {"uv": [3, 4.25, 2.75, 4.4375], "rotation": 90, "texture": "#0"},
				"down": {"uv": [3, 4.25, 2.75, 4.4375], "rotation": 270, "texture": "#0"}
			}
		},
		{
			"from": [5.81256, 9.15398, 4.55],
			"to": [7.61256, 10.95398, 6.55],
			"rotation": {"angle": 45, "axis": "z", "origin": [8, 11.34142, 8]},
			"faces": {
				"north": {"uv": [3.1875, 4.4375, 3, 4.25], "texture": "#0"},
				"east": {"uv": [2.75, 4.25, 3, 4.4375], "texture": "#0"},
				"south": {"uv": [3, 4.25, 3.1875, 4.4375], "texture": "#0"},
				"west": {"uv": [2.75, 4.4375, 3, 4.25], "texture": "#0"},
				"up": {"uv": [2.75, 4.25, 3, 4.4375], "rotation": 90, "texture": "#0"},
				"down": {"uv": [2.75, 4.25, 3, 4.4375], "rotation": 270, "texture": "#0"}
			}
		},
		{
			"from": [8.38744, 11.52886, 4.55],
			"to": [10.18744, 13.32886, 6.55],
			"rotation": {"angle": 45, "axis": "z", "origin": [8, 11.14142, 8]},
			"faces": {
				"north": {"uv": [3, 4.25, 3.1875, 4.4375], "texture": "#0"},
				"east": {"uv": [3, 4.25, 2.75, 4.4375], "texture": "#0"},
				"south": {"uv": [3, 4.4375, 3.1875, 4.25], "texture": "#0"},
				"west": {"uv": [2.75, 4.25, 3, 4.4375], "texture": "#0"},
				"up": {"uv": [2.75, 4.25, 3, 4.4375], "rotation": 90, "texture": "#0"},
				"down": {"uv": [2.75, 4.25, 3, 4.4375], "rotation": 270, "texture": "#0"}
			}
		},
		{
			"from": [6.65, 9.5, 4.5],
			"to": [9.35, 13, 6.5],
			"rotation": {"angle": 0, "axis": "y", "origin": [8, 11.24142, 8]},
			"faces": {
				"north": {"uv": [2.625, 3.8125, 2.9375, 4.25], "texture": "#0"},
				"east": {"uv": [3.1875, 3.8125, 2.9375, 4.25], "texture": "#0"},
				"south": {"uv": [2.625, 3.8125, 2.9375, 4.25], "texture": "#0"},
				"west": {"uv": [2.9375, 3.8125, 3.1875, 4.25], "texture": "#0"},
				"up": {"uv": [2.3125, 4.1875, 2.5625, 4.5], "rotation": 90, "texture": "#0"},
				"down": {"uv": [2.3125, 4.1875, 2.5625, 4.5], "rotation": 270, "texture": "#0"}
			}
		},
		{
			"from": [6.36976, -12.31145, 10.55517],
			"to": [10.36976, -10.31145, 10.55517],
			"rotation": {"angle": -22.5, "axis": "x", "origin": [8.11976, -12.29834, 10.65]},
			"faces": {
				"north": {"uv": [4.375, 0, 3.875, 0.25], "texture": "#0"},
				"east": {"uv": [0, 0, 0, 192], "texture": "#missing"},
				"south": {"uv": [3.875, 0, 4.375, 0.25], "texture": "#0"},
				"west": {"uv": [0, 0, 0, 192], "texture": "#missing"},
				"up": {"uv": [0, 0, 0, 96], "rotation": 270, "texture": "#missing"},
				"down": {"uv": [0, 0, 0, 96], "rotation": 90, "texture": "#missing"}
			}
		},
		{
			"from": [7, -16, 7],
			"to": [9, -14, 9],
			"rotation": {"angle": 45, "axis": "y", "origin": [8, -8, 8]},
			"faces": {
				"north": {"uv": [3.5625, 3.5, 3.3125, 3.75], "texture": "#0"},
				"east": {"uv": [3.5625, 3.5, 3.3125, 3.75], "texture": "#0"},
				"south": {"uv": [3.5625, 3.5, 3.3125, 3.75], "texture": "#0"},
				"west": {"uv": [3.5625, 3.5, 3.3125, 3.75], "texture": "#0"},
				"up": {"uv": [2.1875, 2.8125, 1.9375, 3.0625], "texture": "#0"},
				"down": {"uv": [4.1875, 4.125, 3.9375, 4.375], "texture": "#0"}
			}
		},
		{
			"from": [6, 9, 6],
			"to": [10, 13.5, 10],
			"rotation": {"angle": -45, "axis": "y", "origin": [8, 11.75, 8]},
			"faces": {
				"north": {"uv": [1.875, 2.0625, 1.375, 2.625], "texture": "#0"},
				"east": {"uv": [1.375, 2.0625, 1.875, 2.625], "texture": "#0"},
				"south": {"uv": [1.875, 2.0625, 1.375, 2.625], "texture": "#0"},
				"west": {"uv": [1.375, 2.0625, 1.875, 2.625], "texture": "#0"},
				"up": {"uv": [1.0625, 4.75, 1.5625, 5.25], "texture": "#0"},
				"down": {"uv": [1.0625, 4.75, 1.5625, 5.25], "texture": "#0"}
			}
		},
		{
			"from": [6.95, -3.5, 4.8],
			"to": [8.95, -1.5, 7.8],
			"rotation": {"angle": 22.5, "axis": "x", "origin": [8, -2.6, 9.3]},
			"faces": {
				"north": {"uv": [2.125, 3.5, 2.375, 3.75], "rotation": 180, "texture": "#0"},
				"east": {"uv": [1.8125, 3.8125, 2.0625, 3.4375], "rotation": 270, "texture": "#0"},
				"south": {"uv": [2.0625, 3.5, 2.3125, 3.75], "rotation": 180, "texture": "#0"},
				"west": {"uv": [1.8125, 3.4375, 2.0625, 3.8125], "rotation": 270, "texture": "#0"},
				"up": {"uv": [2.75, 3.25, 3, 3.625], "texture": "#0"},
				"down": {"uv": [2.75, 3.25, 3, 3.625], "texture": "#0"}
			}
		},
		{
			"from": [8, -8.4, 10.7],
			"to": [8, -5.4, 13.7],
			"rotation": {"angle": 22.5, "axis": "x", "origin": [8, -2.5, 8.2]},
			"faces": {
				"north": {"uv": [2.0625, 3.5, 2.4375, 3.75], "rotation": 180, "texture": "#0"},
				"east": {"uv": [3.375, 0.375, 3.75, 0], "rotation": 270, "texture": "#0"},
				"south": {"uv": [2.0625, 3.5, 2.4375, 3.75], "rotation": 180, "texture": "#0"},
				"west": {"uv": [3.375, 0, 3.75, 0.375], "rotation": 270, "texture": "#0"},
				"up": {"uv": [2.75, 3.25, 3.125, 3.75], "texture": "#0"},
				"down": {"uv": [2.75, 3.25, 3.125, 3.75], "texture": "#0"}
			}
		},
		{
			"from": [8, 4.5, 1.5],
			"to": [8, 11.5, 4.5],
			"rotation": {"angle": 0, "axis": "y", "origin": [0, 1.5, 19.5]},
			"faces": {
				"north": {"uv": [0, 0, 0, 256], "texture": "#missing"},
				"east": {"uv": [3.375, 0.4375, 3.75, 1.3125], "texture": "#0"},
				"south": {"uv": [0, 0, 0, 256], "texture": "#missing"},
				"west": {"uv": [3.75, 0.4375, 3.375, 1.3125], "texture": "#0"},
				"up": {"uv": [0, 96, 0, 0], "texture": "#missing"},
				"down": {"uv": [0, 96, 0, 0], "texture": "#missing"}
			}
		},
		{
			"from": [8, 0, -0.5],
			"to": [8, 4, 7.5],
			"rotation": {"angle": 0, "axis": "y", "origin": [6, 4, 6.5]},
			"faces": {
				"north": {"uv": [0, 0, 0, 14], "texture": "#5"},
				"east": {"uv": [0, 6, 16, 14], "texture": "#5"},
				"south": {"uv": [0, 0, 0, 14], "texture": "#5"},
				"west": {"uv": [16, 6, 0, 14], "texture": "#5"},
				"up": {"uv": [0, 0, 0, 10], "texture": "#5"},
				"down": {"uv": [0, 10, 0, 0], "texture": "#5"}
			}
		},
		{
			"from": [7, 4, 2.5],
			"to": [9, 5.5, 4.5],
			"rotation": {"angle": 0, "axis": "y", "origin": [0, 1.5, 19.5]},
			"faces": {
				"north": {"uv": [1.9375, 3.9375, 1.6875, 4.125], "texture": "#0"},
				"east": {"uv": [1.9375, 3.9375, 1.6875, 4.125], "texture": "#0"},
				"south": {"uv": [1.9375, 3.9375, 1.6875, 4.125], "texture": "#0"},
				"west": {"uv": [1.9375, 3.9375, 1.6875, 4.125], "texture": "#0"},
				"up": {"uv": [1.6875, 4.375, 1.9375, 4.125], "texture": "#0"},
				"down": {"uv": [1.6875, 4.375, 1.9375, 4.125], "texture": "#0"}
			}
		},
		{
			"from": [6.75, 9.4, 1.5],
			"to": [9.25, 13.4, 14.5],
			"rotation": {"angle": 0, "axis": "y", "origin": [8, 5.66583, -0.594]},
			"faces": {
				"north": {"uv": [7, 3.8125, 6.6875, 4.3125], "texture": "#0"},
				"east": {"uv": [7.8125, 0, 6.1875, 0.5], "texture": "#0"},
				"south": {"uv": [7, 3.8125, 6.6875, 4.3125], "texture": "#0"},
				"west": {"uv": [6.1875, 0, 7.8125, 0.5], "texture": "#0"},
				"up": {"uv": [7, 2.1875, 6.6875, 3.8125], "texture": "#0"},
				"down": {"uv": [7.3125, 2.1875, 7, 3.8125], "texture": "#0"}
			}
		},
		{
			"from": [7.5, 8.72183, 13.15983],
			"to": [8.5, 10.72183, 16.65983],
			"rotation": {"angle": 45, "axis": "x", "origin": [8, 5.36583, 15.394]},
			"faces": {
				"north": {"uv": [6.1875, 5.8125, 6.0625, 5.5625], "rotation": 180, "texture": "#0"},
				"east": {"uv": [6.625, 4.6875, 7.0625, 4.9375], "rotation": 180, "texture": "#0"},
				"south": {"uv": [6.0625, 5.8125, 6.1875, 5.5625], "rotation": 180, "texture": "#0"},
				"west": {"uv": [7.0625, 4.6875, 6.625, 4.9375], "rotation": 180, "texture": "#0"},
				"up": {"uv": [5.625, 5.5625, 6.0625, 5.6875], "rotation": 90, "texture": "#0"},
				"down": {"uv": [5.625, 5.6875, 6.0625, 5.8125], "rotation": 90, "texture": "#0"}
			}
		},
		{
			"from": [7.25, 8.72183, 11.56922],
			"to": [8.75, 11.72183, 16.06922],
			"rotation": {"angle": 22.5, "axis": "x", "origin": [8, 5.36583, 15.394]},
			"faces": {
				"north": {"uv": [7.1875, 3.9375, 7, 4.3125], "rotation": 180, "texture": "#0"},
				"east": {"uv": [6.625, 4.3125, 7.1875, 4.6875], "rotation": 180, "texture": "#0"},
				"south": {"uv": [7, 3.9375, 7.1875, 4.3125], "rotation": 180, "texture": "#0"},
				"west": {"uv": [7.1875, 4.3125, 6.625, 4.6875], "rotation": 180, "texture": "#0"},
				"up": {"uv": [6.625, 5.5, 6.8125, 4.9375], "rotation": 180, "texture": "#0"},
				"down": {"uv": [6.4375, 5.625, 6.625, 5.0625], "rotation": 180, "texture": "#0"}
			}
		},
		{
			"from": [7.25, 8.72183, -0.06922],
			"to": [8.75, 11.72183, 4.43078],
			"rotation": {"angle": -22.5, "axis": "x", "origin": [8, 5.36583, 0.606]},
			"faces": {
				"north": {"uv": [7.1875, 3.9375, 7, 4.3125], "rotation": 180, "texture": "#0"},
				"east": {"uv": [7.1875, 4.3125, 6.625, 4.6875], "rotation": 180, "texture": "#0"},
				"south": {"uv": [7, 3.9375, 7.1875, 4.3125], "rotation": 180, "texture": "#0"},
				"west": {"uv": [6.625, 4.3125, 7.1875, 4.6875], "rotation": 180, "texture": "#0"},
				"up": {"uv": [6.625, 4.9375, 6.8125, 5.5], "rotation": 180, "texture": "#0"},
				"down": {"uv": [6.4375, 5.0625, 6.625, 5.625], "rotation": 180, "texture": "#0"}
			}
		},
		{
			"from": [7.5, 8.72183, -0.65983],
			"to": [8.5, 10.72183, 2.84017],
			"rotation": {"angle": -45, "axis": "x", "origin": [8, 5.36583, 0.606]},
			"faces": {
				"north": {"uv": [6.0625, 5.8125, 6.1875, 5.5625], "rotation": 180, "texture": "#0"},
				"east": {"uv": [7.0625, 4.6875, 6.625, 4.9375], "rotation": 180, "texture": "#0"},
				"south": {"uv": [6.0625, 5.8125, 6.1875, 5.5625], "rotation": 180, "texture": "#0"},
				"west": {"uv": [6.625, 4.6875, 7.0625, 4.9375], "rotation": 180, "texture": "#0"},
				"up": {"uv": [6.0625, 5.5625, 5.625, 5.6875], "rotation": 90, "texture": "#0"},
				"down": {"uv": [6.0625, 5.6875, 5.625, 5.8125], "rotation": 90, "texture": "#0"}
			}
		},
		{
			"from": [8, 14.5, 5],
			"to": [8, 23.5, 11],
			"rotation": {"angle": 22.5, "axis": "y", "origin": [8, 19.5, 8]},
			"faces": {
				"north": {"uv": [0, 0, 0, 8], "texture": "#3"},
				"east": {"uv": [6, 0, 0, 11], "texture": "#3"},
				"south": {"uv": [0, 0, 0, 8], "texture": "#3"},
				"west": {"uv": [0, 1, 6, 10], "texture": "#3"},
				"up": {"uv": [0, 6, 0, 0], "texture": "#3"},
				"down": {"uv": [0, 0, 0, 6], "texture": "#3"}
			}
		},
		{
			"from": [8, 15.5, 5],
			"to": [8, 24.5, 11],
			"rotation": {"angle": -22.5, "axis": "y", "origin": [8, 20.5, 8]},
			"faces": {
				"north": {"uv": [0, 0, 0, 8], "texture": "#3"},
				"east": {"uv": [6, 0, 0, 11], "texture": "#3"},
				"south": {"uv": [0, 0, 0, 8], "texture": "#3"},
				"west": {"uv": [0, 1, 6, 10], "texture": "#3"},
				"up": {"uv": [0, 6, 0, 0], "texture": "#3"},
				"down": {"uv": [0, 0, 0, 6], "texture": "#3"}
			}
		},
		{
			"from": [8, 13.8, 5.5],
			"to": [8, 18.3, 10.5],
			"rotation": {"angle": -45, "axis": "y", "origin": [8, 13.5, 8]},
			"faces": {
				"north": {"uv": [2.25, 2.25, 1.875, 2.5], "texture": "#0"},
				"east": {"uv": [3.8125, 1.3125, 3.1875, 1.875], "texture": "#0"},
				"south": {"uv": [2.25, 2.25, 1.875, 2.5], "texture": "#0"},
				"west": {"uv": [3.1875, 1.3125, 3.8125, 1.875], "texture": "#0"},
				"up": {"uv": [1.875, 1.875, 2.25, 2.25], "texture": "#0"},
				"down": {"uv": [1.875, 1.875, 2.25, 2.25], "texture": "#0"}
			}
		},
		{
			"from": [8, 13.8, 5.5],
			"to": [8, 18.3, 10.5],
			"rotation": {"angle": 45, "axis": "y", "origin": [8, 13.5, 8]},
			"faces": {
				"north": {"uv": [2.25, 2.25, 1.875, 2.5], "texture": "#0"},
				"east": {"uv": [3.8125, 1.3125, 3.1875, 1.875], "texture": "#0"},
				"south": {"uv": [2.25, 2.25, 1.875, 2.5], "texture": "#0"},
				"west": {"uv": [3.1875, 1.3125, 3.8125, 1.875], "texture": "#0"},
				"up": {"uv": [1.875, 1.875, 2.25, 2.25], "texture": "#0"},
				"down": {"uv": [1.875, 1.875, 2.25, 2.25], "texture": "#0"}
			}
		},
		{
			"from": [7, 14, 6.75],
			"to": [9, 16.5, 9.25],
			"rotation": {"angle": -45, "axis": "x", "origin": [8, 15.25, 8]},
			"faces": {
				"north": {"uv": [1.4375, 4.4375, 1.6875, 4.125], "texture": "#0"},
				"east": {"uv": [1.1875, 4.4375, 0.875, 4.125], "texture": "#0"},
				"south": {"uv": [1.1875, 4.125, 1.4375, 4.4375], "texture": "#0"},
				"west": {"uv": [0.875, 4.4375, 1.1875, 4.125], "texture": "#0"},
				"up": {"uv": [1.1875, 4.4375, 1.4375, 4.125], "texture": "#0"},
				"down": {"uv": [1.4375, 4.4375, 1.6875, 4.125], "texture": "#0"}
			}
		},
		{
			"from": [6.5, 13.5, 6.5],
			"to": [9.5, 14.5, 9.5],
			"rotation": {"angle": 45, "axis": "y", "origin": [8, 13.5, 8]},
			"faces": {
				"north": {"uv": [2.25, 2.25, 1.875, 2.375], "texture": "#0"},
				"east": {"uv": [1.875, 2.25, 2.25, 2.375], "texture": "#0"},
				"south": {"uv": [2.25, 2.25, 1.875, 2.375], "texture": "#0"},
				"west": {"uv": [1.875, 2.25, 2.25, 2.375], "texture": "#0"},
				"up": {"uv": [1.875, 1.875, 2.25, 2.25], "texture": "#0"},
				"down": {"uv": [1.875, 1.875, 2.25, 2.25], "texture": "#0"}
			}
		}
	],
	"gui_light": "front",
	"display": {
		"thirdperson_righthand": {
			"translation": [0, 5, 1],
			"scale": [0.6, 0.6, 0.6]
		},
		"thirdperson_lefthand": {
			"translation": [0, 5, 1],
			"scale": [0.6, 0.6, 0.6]
		},
		"firstperson_righthand": {
			"rotation": [9, 13, -4],
			"translation": [2.25, 4, -1.75],
			"scale": [0.5, 0.5, 0.5]
		},
		"firstperson_lefthand": {
			"rotation": [9, 13, -4],
			"translation": [2.25, 4, -1.75],
			"scale": [0.5, 0.5, 0.5]
		},
		"ground": {
			"rotation": [0, 0, 90],
			"translation": [-4.75, 0.25, 0],
			"scale": [0.5, 0.5, 0.5]
		},
		"gui": {
			"rotation": [90, 135, -90],
			"translation": [-1.75, 1.5, -1.25],
			"scale": [0.5, 0.5, 0.5]
		},
		"head": {
			"rotation": [90, -168, 90],
			"translation": [-0.5, 11.75, 0],
			"scale": [0.56, 0.56, 0.56]
		},
		"fixed": {
			"rotation": [0, 90, 0],
			"translation": [0, 4, -2.25],
			"scale": [1.07898, 1.07898, 1.07898]
		}
	}
}