{"elements":[{"from":[4.0,22.0,4.0],"to":[12.0,31.0,12.0],"faces":{"north":{"uv":[0.0,11.0,4.0,16.0],"texture":"#0"},"east":{"uv":[12.0,11.0,16.0,16.0],"texture":"#0"},"south":{"uv":[8.0,11.0,12.0,16.0],"texture":"#0"},"west":{"uv":[4.0,11.0,8.0,16.0],"texture":"#0"},"up":{"uv":[4.0,7.0,8.0,11.0],"texture":"#0"},"down":{"uv":[8.0,7.0,12.0,11.0],"texture":"#0"}}},{"from":[7.0,22.0,2.0],"to":[9.0,26.0,4.0],"faces":{"north":{"uv":[1.0,9.0,2.0,11.0],"texture":"#0"},"east":{"uv":[0.0,9.0,1.0,11.0],"texture":"#0"},"south":{"uv":[3.0,9.0,4.0,11.0],"texture":"#0","rotation":180},"west":{"uv":[2.0,9.0,3.0,11.0],"texture":"#0"},"up":{"uv":[1.0,8.0,2.0,9.0],"texture":"#0","rotation":180},"down":{"uv":[2.0,8.0,3.0,9.0],"texture":"#0","rotation":180}}},{"from":[3.0,12.0,3.0],"to":[13.0,22.0,13.0],"faces":{"north":{"uv":[5.0,6.0,10.0,11.0],"texture":"#1"},"east":{"uv":[0.0,6.0,5.0,11.0],"texture":"#1"},"south":{"uv":[10.0,11.0,15.0,16.0],"texture":"#1"},"west":{"uv":[10.0,6.0,15.0,11.0],"texture":"#1"},"up":{"uv":[5.0,1.0,10.0,6.0],"texture":"#1","rotation":270},"down":{"uv":[5.0,11.0,10.0,16.0],"texture":"#1","rotation":90}}},{"from":[2.0,11.0,7.0],"to":[3.0,20.0,8.0],"rotation":{"origin":[2.5,16.5,8.5],"axis":"z","angle":-45.0},"faces":{"north":{"uv":[11.0,1.5,11.5,6.0],"texture":"#1"},"east":{"uv":[12.5,1.5,13.0,6.0],"texture":"#1"},"south":{"uv":[11.5,1.5,12.0,6.0],"texture":"#1"},"west":{"uv":[12.0,1.5,12.5,6.0],"texture":"#1"},"up":{"uv":[11.5,1.0,12.0,1.5],"texture":"#1","rotation":270},"down":{"uv":[12.0,1.0,12.5,1.5],"texture":"#1","rotation":270}}},{"from":[2.0,0.0,2.0],"to":[14.0,12.0,14.0],"faces":{"north":{"uv":[0.0,4.0,6.0,10.0],"texture":"#2"},"east":{"uv":[6.0,4.0,12.0,10.0],"texture":"#2"},"south":{"uv":[6.0,4.0,12.0,10.0],"texture":"#2"},"west":{"uv":[6.0,4.0,12.0,10.0],"texture":"#2"},"up":{"uv":[6.0,10.0,12.0,16.0],"texture":"#2"},"down":{"uv":[0.0,10.0,6.0,16.0],"texture":"#2"}}},{"from":[10.0,3.0,8.0],"to":[11.0,12.0,9.0],"rotation":{"origin":[2.5,16.5,8.5],"axis":"z","angle":45.0},"faces":{"north":{"uv":[12.5,1.5,13.0,6.0],"texture":"#1"},"east":{"uv":[11.5,1.5,12.0,6.0],"texture":"#1"},"south":{"uv":[12.0,1.5,12.5,6.0],"texture":"#1"},"west":{"uv":[11.0,1.5,11.5,6.0],"texture":"#1"},"up":{"uv":[11.5,1.0,12.0,1.5],"texture":"#1","rotation":180},"down":{"uv":[12.0,1.0,12.5,1.5],"texture":"#1"}}}],"textures":{"particle":"block/snowman_head","0":"block/peony/snowman_head","1":"block/peony/snowman_mid","2":"block/peony/snowman_base"}}