{"elements":[{"from":[3.0,12.0,3.0],"to":[13.0,16.0,13.0],"faces":{"north":{"uv":[5.0,9.0,10.0,11.0],"texture":"#1"},"east":{"uv":[0.0,9.0,5.0,11.0],"texture":"#1"},"south":{"uv":[10.0,14.0,15.0,16.0],"texture":"#1"},"west":{"uv":[10.0,9.0,15.0,11.0],"texture":"#1"},"up":{"uv":[5.0,1.0,10.0,6.0],"texture":"#1","rotation":270},"down":{"uv":[5.0,11.0,10.0,16.0],"texture":"#1","rotation":90}}},{"from":[2.0,0.0,2.0],"to":[14.0,12.0,14.0],"faces":{"north":{"uv":[0.0,4.0,6.0,10.0],"texture":"#2"},"east":{"uv":[6.0,4.0,12.0,10.0],"texture":"#2"},"south":{"uv":[6.0,4.0,12.0,10.0],"texture":"#2"},"west":{"uv":[6.0,4.0,12.0,10.0],"texture":"#2"},"up":{"uv":[6.0,10.0,12.0,16.0],"texture":"#2"},"down":{"uv":[0.0,10.0,6.0,16.0],"texture":"#2"}}}],"textures":{"particle":"block/snow","1":"block/peony/snowman_mid","2":"block/peony/snowman_base"}}