{
	"credit": "Made with Blockbench",
	"texture_size": [128, 128],
	"textures": {
		"0": "elitecreatures:newyear_2024_animated/newyear_texture_01",
		"2": "elitecreatures:newyear_2024_animated/newyear_animation_02",
		"3": "elitecreatures:newyear_2024_animated/newyear_animation_03",
		"particle": "elitecreatures:newyear_2024_animated/newyear_texture_01"
	},
	"elements": [
		{
			"from": [2.51955, -9.31418, 6.46492],
			"to": [13.51955, -7.31418, 8.46492],
			"rotation": {"angle": 0, "axis": "y", "origin": [4.01955, -10.31418, 4.71492]},
			"faces": {
				"north": {"uv": [0, 9.3125, 2.75, 9.8125], "texture": "#0"},
				"east": {"uv": [2.75, 9.3125, 3.25, 9.8125], "texture": "#0"},
				"south": {"uv": [0, 9.3125, 2.75, 9.8125], "texture": "#0"},
				"west": {"uv": [2.75, 9.3125, 3.25, 9.8125], "texture": "#0"},
				"up": {"uv": [0, 9.8125, 2.75, 10.3125], "texture": "#0"},
				"down": {"uv": [0, 9.8125, 2.75, 10.3125], "texture": "#0"}
			}
		},
		{
			"from": [3.51955, -9.56418, 6.21492],
			"to": [5.01955, -7.06418, 8.71492],
			"rotation": {"angle": 0, "axis": "y", "origin": [4.01955, -10.31418, 4.71492]},
			"faces": {
				"north": {"uv": [3.875, 9.125, 4.25, 9.75], "texture": "#0"},
				"east": {"uv": [3.25, 9.125, 3.875, 9.75], "texture": "#0"},
				"south": {"uv": [3.875, 9.125, 4.25, 9.75], "texture": "#0"},
				"west": {"uv": [3.25, 9.125, 3.875, 9.75], "texture": "#0"},
				"up": {"uv": [4.25, 9.125, 4.625, 9.75], "texture": "#0"},
				"down": {"uv": [4.25, 9.125, 4.625, 9.75], "texture": "#0"}
			}
		},
		{
			"from": [11.01955, -9.56418, 6.21492],
			"to": [12.51955, -7.06418, 8.71492],
			"rotation": {"angle": 0, "axis": "y", "origin": [12.01955, -10.31418, 4.71492]},
			"faces": {
				"north": {"uv": [4.25, 9.125, 3.875, 9.75], "texture": "#0"},
				"east": {"uv": [3.875, 9.125, 3.25, 9.75], "texture": "#0"},
				"south": {"uv": [4.25, 9.125, 3.875, 9.75], "texture": "#0"},
				"west": {"uv": [3.875, 9.125, 3.25, 9.75], "texture": "#0"},
				"up": {"uv": [4.625, 9.125, 4.25, 9.75], "texture": "#0"},
				"down": {"uv": [4.625, 9.125, 4.25, 9.75], "texture": "#0"}
			}
		},
		{
			"from": [1.76955, -8.56418, 7.46492],
			"to": [4.26955, -5.06418, 7.46492],
			"rotation": {"angle": 0, "axis": "y", "origin": [4.01955, -10.31418, 12.71492]},
			"faces": {
				"north": {"uv": [2.25, 1.9375, 1.625, 2.8125], "texture": "#0"},
				"east": {"uv": [0, 0, 0, 0.875], "texture": "#0"},
				"south": {"uv": [1.625, 1.9375, 2.25, 2.8125], "texture": "#0"},
				"west": {"uv": [0, 0, 0, 0.875], "texture": "#missing"},
				"up": {"uv": [0, 0.625, 0, 0], "rotation": 90, "texture": "#missing"},
				"down": {"uv": [0, 0.625, 0, 0], "rotation": 270, "texture": "#missing"}
			}
		},
		{
			"from": [11.76955, -8.56418, 7.46492],
			"to": [14.26955, -5.06418, 7.46492],
			"rotation": {"angle": 0, "axis": "y", "origin": [12.01955, -10.31418, 12.71492]},
			"faces": {
				"north": {"uv": [1.625, 1.9375, 2.25, 2.8125], "texture": "#0"},
				"east": {"uv": [0, 0, 0, 0.875], "texture": "#missing"},
				"south": {"uv": [2.25, 1.9375, 1.625, 2.8125], "texture": "#0"},
				"west": {"uv": [0, 0, 0, 0.875], "texture": "#0"},
				"up": {"uv": [0, 0, 0, 0.625], "rotation": 90, "texture": "#missing"},
				"down": {"uv": [0, 0, 0, 0.625], "rotation": 270, "texture": "#missing"}
			}
		},
		{
			"from": [6.76955, -11.56418, 5.46492],
			"to": [6.76955, -9.06418, 8.96492],
			"rotation": {"angle": 0, "axis": "y", "origin": [6.76955, -6.81418, 11.71492]},
			"faces": {
				"north": {"uv": [0, 0, 0, 0.625], "rotation": 180, "texture": "#missing"},
				"east": {"uv": [2.25, 1.9375, 1.625, 2.8125], "rotation": 270, "texture": "#0"},
				"south": {"uv": [0, 0, 0, 0.625], "texture": "#missing"},
				"west": {"uv": [1.625, 1.9375, 2.25, 2.8125], "rotation": 90, "texture": "#0"},
				"up": {"uv": [0, 0, 0, 0.875], "rotation": 180, "texture": "#missing"},
				"down": {"uv": [0, 0, 0, 0.875], "texture": "#0"}
			}
		},
		{
			"from": [9.26955, -11.56418, 5.46492],
			"to": [9.26955, -9.06418, 8.96492],
			"rotation": {"angle": 0, "axis": "y", "origin": [9.26955, -6.81418, 11.71492]},
			"faces": {
				"north": {"uv": [0, 0, 0, 0.625], "rotation": 180, "texture": "#missing"},
				"east": {"uv": [1.625, 2.8125, 2.25, 1.9375], "rotation": 90, "texture": "#0"},
				"south": {"uv": [0, 0, 0, 0.625], "texture": "#missing"},
				"west": {"uv": [2.25, 2.8125, 1.625, 1.9375], "rotation": 270, "texture": "#0"},
				"up": {"uv": [0, 0, 0, 0.875], "rotation": 180, "texture": "#missing"},
				"down": {"uv": [0, 0, 0, 0.875], "texture": "#0"}
			}
		},
		{
			"from": [4.26955, -7.81418, 7.46492],
			"to": [6.26955, -5.81418, 7.46492],
			"rotation": {"angle": 0, "axis": "y", "origin": [4.01955, -10.31418, 4.71492]},
			"faces": {
				"north": {"uv": [2.125, 1.4375, 1.625, 1.9375], "texture": "#0"},
				"east": {"uv": [0, 0, 0, 0.5], "texture": "#missing"},
				"south": {"uv": [1.625, 1.4375, 2.125, 1.9375], "texture": "#0"},
				"west": {"uv": [0, 0, 0, 0.5], "texture": "#0"},
				"up": {"uv": [0, 0, 0, 0.5], "rotation": 90, "texture": "#missing"},
				"down": {"uv": [0, 0, 0, 0.5], "rotation": 270, "texture": "#missing"}
			}
		},
		{
			"from": [9.76955, -7.81418, 7.46492],
			"to": [11.76955, -5.81418, 7.46492],
			"rotation": {"angle": 0, "axis": "y", "origin": [-3.98045, -10.31418, 4.71492]},
			"faces": {
				"north": {"uv": [1.625, 1.4375, 2.125, 1.9375], "texture": "#0"},
				"east": {"uv": [0, 0, 0, 0.5], "texture": "#0"},
				"south": {"uv": [2.125, 1.4375, 1.625, 1.9375], "texture": "#0"},
				"west": {"uv": [0, 0, 0, 0.5], "texture": "#missing"},
				"up": {"uv": [0, 0.5, 0, 0], "rotation": 90, "texture": "#missing"},
				"down": {"uv": [0, 0.5, 0, 0], "rotation": 270, "texture": "#missing"}
			}
		},
		{
			"from": [2.26955, -15.56418, 7.46492],
			"to": [5.51955, -9.31418, 7.46492],
			"rotation": {"angle": 22.5, "axis": "y", "origin": [3.89455, -12.43918, 7.46492]},
			"faces": {
				"north": {"uv": [14.5625, 2.8125, 13.75, 4.375], "texture": "#0"},
				"east": {"uv": [0, 0, 0, 0.8125], "texture": "#missing"},
				"south": {"uv": [13.75, 2.8125, 14.5625, 4.375], "texture": "#0"},
				"west": {"uv": [0, 0, 0, 0.8125], "texture": "#missing"},
				"up": {"uv": [0, 0, 0.75, 0], "texture": "#missing"},
				"down": {"uv": [0, 0, 0.75, 0], "texture": "#missing"}
			}
		},
		{
			"from": [3.89455, -15.56418, 5.83992],
			"to": [3.89455, -9.31418, 9.08992],
			"rotation": {"angle": 22.5, "axis": "y", "origin": [3.89455, -12.43918, 7.46492]},
			"faces": {
				"north": {"uv": [0, 0, 0, 0.8125], "texture": "#missing"},
				"east": {"uv": [14.5625, 2.8125, 13.75, 4.375], "texture": "#0"},
				"south": {"uv": [0, 0, 0, 0.8125], "texture": "#missing"},
				"west": {"uv": [13.75, 2.8125, 14.5625, 4.375], "texture": "#0"},
				"up": {"uv": [0, 0, 0.75, 0], "rotation": 90, "texture": "#missing"},
				"down": {"uv": [0, 0, 0.75, 0], "rotation": 270, "texture": "#missing"}
			}
		},
		{
			"from": [3.89455, -15.56418, 5.83992],
			"to": [3.89455, -9.31418, 9.08992],
			"rotation": {"angle": -22.5, "axis": "y", "origin": [3.89455, -12.43918, 7.46492]},
			"faces": {
				"north": {"uv": [0, 0, 0, 0.8125], "texture": "#missing"},
				"east": {"uv": [14.5625, 2.8125, 13.75, 4.375], "texture": "#0"},
				"south": {"uv": [0, 0, 0, 0.8125], "texture": "#missing"},
				"west": {"uv": [13.75, 2.8125, 14.5625, 4.375], "texture": "#0"},
				"up": {"uv": [0, 0, 0.75, 0], "rotation": 90, "texture": "#missing"},
				"down": {"uv": [0, 0, 0.75, 0], "rotation": 270, "texture": "#missing"}
			}
		},
		{
			"from": [2.26955, -15.56418, 7.46492],
			"to": [5.51955, -9.31418, 7.46492],
			"rotation": {"angle": -22.5, "axis": "y", "origin": [3.89455, -12.43918, 7.46492]},
			"faces": {
				"north": {"uv": [14.5625, 2.8125, 13.75, 4.375], "texture": "#0"},
				"east": {"uv": [0, 0, 0, 0.8125], "texture": "#missing"},
				"south": {"uv": [13.75, 2.8125, 14.5625, 4.375], "texture": "#0"},
				"west": {"uv": [0, 0, 0, 0.8125], "texture": "#missing"},
				"up": {"uv": [0, 0, 0.75, 0], "texture": "#missing"},
				"down": {"uv": [0, 0, 0.75, 0], "texture": "#missing"}
			}
		},
		{
			"from": [5.14455, -11.96418, 7.66492],
			"to": [6.14455, -8.96418, 7.66492],
			"rotation": {"angle": 0, "axis": "y", "origin": [0.01955, -15.18918, 8.71492]},
			"faces": {
				"north": {"uv": [1.3125, 1.5625, 1.5625, 2.3125], "texture": "#0"},
				"east": {"uv": [1.0625, 1.1875, 1.0625, 1.9375], "texture": "#0"},
				"south": {"uv": [1.5625, 1.5625, 1.3125, 2.3125], "texture": "#0"},
				"west": {"uv": [1.0625, 1.1875, 1.0625, 1.9375], "texture": "#0"},
				"up": {"uv": [1.0625, 1.1875, 1.0625, 1.4375], "rotation": 90, "texture": "#0"},
				"down": {"uv": [1.0625, 1.1875, 1.0625, 1.4375], "rotation": 270, "texture": "#0"}
			}
		},
		{
			"from": [5.26955, -10.91418, 7.41492],
			"to": [5.76955, -10.66418, 7.91492],
			"rotation": {"angle": 0, "axis": "y", "origin": [4.01955, -11.31418, 4.71492]},
			"faces": {
				"north": {"uv": [2.0625, 0.6875, 2.1875, 0.75], "texture": "#0"},
				"east": {"uv": [2.1875, 0.6875, 2.0625, 0.75], "texture": "#0"},
				"south": {"uv": [2.0625, 0.6875, 2.1875, 0.75], "texture": "#0"},
				"west": {"uv": [2.1875, 0.6875, 2.0625, 0.75], "texture": "#0"},
				"up": {"uv": [2.0625, 0.75, 2.1875, 0.875], "rotation": 90, "texture": "#0"},
				"down": {"uv": [2.0625, 0.75, 2.1875, 0.875], "rotation": 270, "texture": "#0"}
			}
		},
		{
			"from": [5.26955, -10.21418, 7.41492],
			"to": [5.76955, -9.71418, 7.91492],
			"rotation": {"angle": 0, "axis": "y", "origin": [4.01955, -11.31418, 4.71492]},
			"faces": {
				"north": {"uv": [2.0625, 1, 2.1875, 1.125], "texture": "#0"},
				"east": {"uv": [2.1875, 1, 2.0625, 1.125], "texture": "#0"},
				"south": {"uv": [2.0625, 1, 2.1875, 1.125], "texture": "#0"},
				"west": {"uv": [2.1875, 1, 2.0625, 1.125], "texture": "#0"},
				"up": {"uv": [2.0625, 0.875, 2.1875, 1], "rotation": 90, "texture": "#0"},
				"down": {"uv": [2.0625, 0.875, 2.1875, 1], "rotation": 270, "texture": "#0"}
			}
		},
		{
			"from": [10.26955, -10.51418, 6.91492],
			"to": [10.76955, -10.01418, 7.41492],
			"rotation": {"angle": 0, "axis": "y", "origin": [12.01955, -11.31418, 4.71492]},
			"faces": {
				"north": {"uv": [2.1875, 1, 2.0625, 1.125], "texture": "#0"},
				"east": {"uv": [2.0625, 1, 2.1875, 1.125], "texture": "#0"},
				"south": {"uv": [2.1875, 1, 2.0625, 1.125], "texture": "#0"},
				"west": {"uv": [2.0625, 1, 2.1875, 1.125], "texture": "#0"},
				"up": {"uv": [2.0625, 1, 2.1875, 0.875], "rotation": 90, "texture": "#0"},
				"down": {"uv": [2.0625, 1, 2.1875, 0.875], "rotation": 270, "texture": "#0"}
			}
		},
		{
			"from": [10.26955, -11.21418, 6.91492],
			"to": [10.76955, -10.96418, 7.41492],
			"rotation": {"angle": 0, "axis": "y", "origin": [12.01955, -11.31418, 4.71492]},
			"faces": {
				"north": {"uv": [2.1875, 0.6875, 2.0625, 0.75], "texture": "#0"},
				"east": {"uv": [2.0625, 0.6875, 2.1875, 0.75], "texture": "#0"},
				"south": {"uv": [2.1875, 0.6875, 2.0625, 0.75], "texture": "#0"},
				"west": {"uv": [2.0625, 0.6875, 2.1875, 0.75], "texture": "#0"},
				"up": {"uv": [2.0625, 0.875, 2.1875, 0.75], "rotation": 90, "texture": "#0"},
				"down": {"uv": [2.0625, 0.875, 2.1875, 0.75], "rotation": 270, "texture": "#0"}
			}
		},
		{
			"from": [9.89455, -12.26418, 7.16492],
			"to": [10.89455, -9.26418, 7.16492],
			"rotation": {"angle": 0, "axis": "y", "origin": [16.01955, -15.18918, 8.71492]},
			"faces": {
				"north": {"uv": [1.5625, 1.5625, 1.3125, 2.3125], "texture": "#0"},
				"east": {"uv": [1.0625, 1.1875, 1.0625, 1.9375], "texture": "#0"},
				"south": {"uv": [1.3125, 1.5625, 1.5625, 2.3125], "texture": "#0"},
				"west": {"uv": [1.0625, 1.1875, 1.0625, 1.9375], "texture": "#0"},
				"up": {"uv": [1.0625, 1.4375, 1.0625, 1.1875], "rotation": 90, "texture": "#0"},
				"down": {"uv": [1.0625, 1.4375, 1.0625, 1.1875], "rotation": 270, "texture": "#0"}
			}
		},
		{
			"from": [12.14455, -15.56418, 5.83992],
			"to": [12.14455, -9.31418, 9.08992],
			"rotation": {"angle": -22.5, "axis": "y", "origin": [12.14455, -12.43918, 7.46492]},
			"faces": {
				"north": {"uv": [0, 0, 0, 0.8125], "texture": "#missing"},
				"east": {"uv": [14.5625, 2.8125, 13.75, 4.375], "texture": "#0"},
				"south": {"uv": [0, 0, 0, 0.8125], "texture": "#missing"},
				"west": {"uv": [13.75, 2.8125, 14.5625, 4.375], "texture": "#0"},
				"up": {"uv": [0, 0, 0.75, 0], "rotation": 90, "texture": "#missing"},
				"down": {"uv": [0, 0, 0.75, 0], "rotation": 270, "texture": "#missing"}
			}
		},
		{
			"from": [12.14455, -15.56418, 5.83992],
			"to": [12.14455, -9.31418, 9.08992],
			"rotation": {"angle": 22.5, "axis": "y", "origin": [12.14455, -12.43918, 7.46492]},
			"faces": {
				"north": {"uv": [0, 0, 0, 0.8125], "texture": "#missing"},
				"east": {"uv": [14.5625, 2.8125, 13.75, 4.375], "texture": "#0"},
				"south": {"uv": [0, 0, 0, 0.8125], "texture": "#missing"},
				"west": {"uv": [13.75, 2.8125, 14.5625, 4.375], "texture": "#0"},
				"up": {"uv": [0, 0, 0.75, 0], "rotation": 90, "texture": "#missing"},
				"down": {"uv": [0, 0, 0.75, 0], "rotation": 270, "texture": "#missing"}
			}
		},
		{
			"from": [10.51955, -15.56418, 7.46492],
			"to": [13.76955, -9.31418, 7.46492],
			"rotation": {"angle": -22.5, "axis": "y", "origin": [12.14455, -12.43918, 7.46492]},
			"faces": {
				"north": {"uv": [13.75, 2.8125, 14.5625, 4.375], "texture": "#0"},
				"east": {"uv": [0, 0, 0, 0.8125], "texture": "#missing"},
				"south": {"uv": [14.5625, 2.8125, 13.75, 4.375], "texture": "#0"},
				"west": {"uv": [0, 0, 0, 0.8125], "texture": "#missing"},
				"up": {"uv": [0.75, 0, 0, 0], "texture": "#missing"},
				"down": {"uv": [0.75, 0, 0, 0], "texture": "#missing"}
			}
		},
		{
			"from": [10.51955, -15.56418, 7.46492],
			"to": [13.76955, -9.31418, 7.46492],
			"rotation": {"angle": 22.5, "axis": "y", "origin": [12.14455, -12.43918, 7.46492]},
			"faces": {
				"north": {"uv": [13.75, 2.8125, 14.5625, 4.375], "texture": "#0"},
				"east": {"uv": [0, 0, 0, 0.8125], "texture": "#missing"},
				"south": {"uv": [14.5625, 2.8125, 13.75, 4.375], "texture": "#0"},
				"west": {"uv": [0, 0, 0, 0.8125], "texture": "#missing"},
				"up": {"uv": [0.75, 0, 0, 0], "texture": "#missing"},
				"down": {"uv": [0.75, 0, 0, 0], "texture": "#missing"}
			}
		},
		{
			"from": [3.66955, -11.56418, 8.71492],
			"to": [4.91955, -9.56418, 8.71492],
			"rotation": {"angle": -22.5, "axis": "x", "origin": [4.66955, -9.56418, 8.71492]},
			"faces": {
				"north": {"uv": [11.1875, 0, 10.875, 0.5], "texture": "#0"},
				"east": {"uv": [0, 0, 0, 0.5], "texture": "#0"},
				"south": {"uv": [11.1875, 0, 10.875, 0.5], "texture": "#0"},
				"west": {"uv": [0, 0, 0, 0.5], "texture": "#0"},
				"up": {"uv": [0, 0, 0, 0.3125], "rotation": 90, "texture": "#0"},
				"down": {"uv": [0, 0, 0, 0.3125], "rotation": 270, "texture": "#0"}
			}
		},
		{
			"from": [3.66955, -11.39912, 9.46873],
			"to": [4.91955, -11.39912, 10.96873],
			"rotation": {"angle": 45, "axis": "x", "origin": [4.66955, -11.41418, 9.46492]},
			"faces": {
				"north": {"uv": [0, 0.5, 0, 0.8125], "rotation": 270, "texture": "#missing"},
				"east": {"uv": [0, 0.5, 0, 0.875], "rotation": 90, "texture": "#missing"},
				"south": {"uv": [0, 0.5, 0, 0.8125], "rotation": 270, "texture": "#missing"},
				"west": {"uv": [0, 0.5, 0, 0.875], "rotation": 270, "texture": "#missing"},
				"up": {"uv": [11.1875, 0.5, 10.875, 0.875], "texture": "#0"},
				"down": {"uv": [11.1875, 0.5, 10.875, 0.875], "texture": "#0"}
			}
		},
		{
			"from": [3.66955, -12.46418, 10.53992],
			"to": [4.91955, -12.46418, 13.03992],
			"rotation": {"angle": 22.5, "axis": "x", "origin": [4.66955, -12.46418, 10.53992]},
			"faces": {
				"north": {"uv": [0, 0.5, 0, 0.8125], "rotation": 270, "texture": "#missing"},
				"east": {"uv": [0, 0.5, 0, 1.5], "rotation": 90, "texture": "#missing"},
				"south": {"uv": [0, 0.5, 0, 0.8125], "rotation": 270, "texture": "#missing"},
				"west": {"uv": [0, 0.5, 0, 1.5], "rotation": 270, "texture": "#missing"},
				"up": {"uv": [11.1875, 0.875, 10.875, 1.5], "texture": "#0"},
				"down": {"uv": [11.1875, 1.5, 10.875, 0.875], "texture": "#0"}
			}
		},
		{
			"from": [11.11955, -11.56418, 8.71492],
			"to": [12.36955, -9.56418, 8.71492],
			"rotation": {"angle": -22.5, "axis": "x", "origin": [11.36955, -9.56418, 8.71492]},
			"faces": {
				"north": {"uv": [10.875, 0, 11.1875, 0.5], "texture": "#0"},
				"east": {"uv": [0, 0, 0, 0.5], "texture": "#0"},
				"south": {"uv": [10.875, 0, 11.1875, 0.5], "texture": "#0"},
				"west": {"uv": [0, 0, 0, 0.5], "texture": "#0"},
				"up": {"uv": [0, 0.3125, 0, 0], "rotation": 90, "texture": "#0"},
				"down": {"uv": [0, 0.3125, 0, 0], "rotation": 270, "texture": "#0"}
			}
		},
		{
			"from": [11.11955, -11.39912, 9.46873],
			"to": [12.36955, -11.39912, 10.96873],
			"rotation": {"angle": 45, "axis": "x", "origin": [11.36955, -11.41418, 9.46492]},
			"faces": {
				"north": {"uv": [0, 0.8125, 0, 0.5], "rotation": 270, "texture": "#missing"},
				"east": {"uv": [0, 0.875, 0, 0.5], "rotation": 270, "texture": "#missing"},
				"south": {"uv": [0, 0.8125, 0, 0.5], "rotation": 270, "texture": "#missing"},
				"west": {"uv": [0, 0.875, 0, 0.5], "rotation": 90, "texture": "#missing"},
				"up": {"uv": [10.875, 0.5, 11.1875, 0.875], "texture": "#0"},
				"down": {"uv": [10.875, 0.5, 11.1875, 0.875], "texture": "#0"}
			}
		},
		{
			"from": [11.11955, -12.46418, 10.53992],
			"to": [12.36955, -12.46418, 13.03992],
			"rotation": {"angle": 22.5, "axis": "x", "origin": [11.36955, -12.46418, 10.53992]},
			"faces": {
				"north": {"uv": [0, 0.8125, 0, 0.5], "rotation": 270, "texture": "#missing"},
				"east": {"uv": [0, 1.5, 0, 0.5], "rotation": 270, "texture": "#missing"},
				"south": {"uv": [0, 0.8125, 0, 0.5], "rotation": 270, "texture": "#missing"},
				"west": {"uv": [0, 1.5, 0, 0.5], "rotation": 90, "texture": "#missing"},
				"up": {"uv": [10.875, 0.875, 11.1875, 1.5], "texture": "#0"},
				"down": {"uv": [10.875, 1.5, 11.1875, 0.875], "texture": "#0"}
			}
		},
		{
			"from": [0.01955, -4.81418, 9.21492],
			"to": [5.01955, 0.18582, 9.21492],
			"rotation": {"angle": -22.5, "axis": "y", "origin": [5.76955, -4.31418, 8.71492]},
			"faces": {
				"north": {"uv": [10.5, 1, 0.5, 11], "texture": "#2"},
				"east": {"uv": [0.5, 1, 0.5, 11], "texture": "#2"},
				"south": {"uv": [10.5, 1, 0.5, 11], "texture": "#2"},
				"west": {"uv": [0.5, 1, 0.5, 11], "texture": "#2"},
				"up": {"uv": [0.5, 11, 0.5, 1], "rotation": 90, "texture": "#2"},
				"down": {"uv": [0.5, 1, 0.5, 11], "rotation": 270, "texture": "#2"}
			}
		},
		{
			"from": [-0.48045, -13.31418, 8.71492],
			"to": [3.51955, -9.31418, 8.71492],
			"rotation": {"angle": -22.5, "axis": "y", "origin": [1.51955, -11.31418, 8.71492]},
			"faces": {
				"north": {"uv": [0, 0, 16, 16], "texture": "#3"},
				"east": {"uv": [0, 0, 0, 16], "texture": "#3"},
				"south": {"uv": [0, 0, 16, 16], "texture": "#3"},
				"west": {"uv": [0, 0, 0, 16], "texture": "#3"},
				"up": {"uv": [0, 16, 0, 0], "rotation": 90, "texture": "#3"},
				"down": {"uv": [0, 0, 0, 16], "rotation": 270, "texture": "#3"}
			}
		},
		{
			"from": [3.01955, -6.31418, 9.21492],
			"to": [7.01955, -2.31418, 9.21492],
			"rotation": {"angle": -22.5, "axis": "y", "origin": [5.76955, -4.31418, 8.71492]},
			"faces": {
				"north": {"uv": [0, 0, 16, 16], "texture": "#3"},
				"east": {"uv": [0, 0, 0, 16], "texture": "#3"},
				"south": {"uv": [0, 0, 16, 16], "texture": "#3"},
				"west": {"uv": [0, 0, 0, 16], "texture": "#3"},
				"up": {"uv": [0, 16, 0, 0], "rotation": 90, "texture": "#3"},
				"down": {"uv": [0, 0, 0, 16], "rotation": 270, "texture": "#3"}
			}
		},
		{
			"from": [11.01955, -6.31418, 9.21492],
			"to": [16.01955, -1.31418, 9.21492],
			"rotation": {"angle": 22.5, "axis": "y", "origin": [13.51955, -2.31418, 9.21492]},
			"faces": {
				"north": {"uv": [0.5, 1, 10.5, 11], "texture": "#2"},
				"east": {"uv": [0, 0, 0, 12], "texture": "#2"},
				"south": {"uv": [0.5, 1, 10.5, 11], "texture": "#2"},
				"west": {"uv": [0, 0, 0, 12], "texture": "#2"},
				"up": {"uv": [0, 12, 0, 0], "rotation": 90, "texture": "#2"},
				"down": {"uv": [0, 0, 0, 12], "rotation": 270, "texture": "#2"}
			}
		},
		{
			"from": [12.01955, -12.81418, 9.71492],
			"to": [17.01955, -7.81418, 9.71492],
			"rotation": {"angle": 22.5, "axis": "y", "origin": [12.51955, -9.81418, 9.21492]},
			"faces": {
				"north": {"uv": [0.5, 1, 10.5, 11], "texture": "#2"},
				"east": {"uv": [0, 0, 0, 12], "texture": "#2"},
				"south": {"uv": [0.5, 1, 10.5, 11], "texture": "#2"},
				"west": {"uv": [0, 0, 0, 12], "texture": "#2"},
				"up": {"uv": [0, 12, 0, 0], "rotation": 90, "texture": "#2"},
				"down": {"uv": [0, 0, 0, 12], "rotation": 270, "texture": "#2"}
			}
		}
	],
	"gui_light": "front",
	"display": {
		"thirdperson_righthand": {
			"rotation": [68, 0, 0],
			"translation": [-6, -6.25, 16.25]
		},
		"thirdperson_lefthand": {
			"rotation": [68, 0, 0],
			"translation": [-6, -6.25, 16.25]
		},
		"firstperson_righthand": {
			"rotation": [-10, 0, 0],
			"translation": [1.25, 5.5, 0],
			"scale": [0.6, 0.6, 0.6]
		},
		"firstperson_lefthand": {
			"rotation": [-10, 0, 0],
			"translation": [1.25, 5.5, 0],
			"scale": [0.6, 0.6, 0.6]
		},
		"ground": {
			"translation": [0, 11.25, 0],
			"scale": [0.6, 0.6, 0.6]
		},
		"gui": {
			"rotation": [-90, -45, -90],
			"translation": [-0.5, -0.5, -1.5],
			"scale": [0.5, 0.5, 0.5]
		},
		"head": {
			"translation": [0, -50, 8.25],
			"scale": [3.2, 3.2, 3.2]
		},
		"fixed": {
			"rotation": [95, 45, -90],
			"translation": [-0.5, -0.5, -1.5],
			"scale": [0.5, 0.5, 0.5]
		}
	},
	"groups": [
		{
			"name": "group",
			"origin": [4, 16.5, 8],
			"color": 0,
			"boneType": "",
			"children": []
		},
		0,
		1,
		2,
		3,
		4,
		5,
		6,
		{
			"name": "group",
			"origin": [7.5, -8.94777, 10.92897],
			"color": 0,
			"boneType": "",
			"children": []
		},
		7,
		8,
		9,
		10,
		11,
		12,
		13,
		14,
		15,
		16,
		17,
		18,
		19,
		20,
		21,
		22,
		23,
		24,
		25,
		26,
		27,
		28,
		29,
		30,
		31,
		32,
		33
	]
}