{
	"credit": "Made with Blockbench",
	"texture_size": [128, 128],
	"textures": {
		"0": "elitecreatures:newyear_2024_animated/newyear_texture_01",
		"2": "elitecreatures:newyear_2024_animated/newyear_animation_02",
		"3": "elitecreatures:newyear_2024_animated/newyear_animation_03",
		"4": "elitecreatures:newyear_2024_animated/newyear_animation_04",
		"particle": "elitecreatures:newyear_2024_animated/newyear_texture_01"
	},
	"elements": [
		{
			"from": [1.5, 4.05, -1.3],
			"to": [6, 8.55, 0.7],
			"rotation": {"angle": 0, "axis": "y", "origin": [8, 6.3, 8]},
			"faces": {
				"north": {"uv": [7.6875, 7.875, 8.25, 7.3125], "rotation": 270, "texture": "#0"},
				"east": {"uv": [7.6875, 7.5625, 8.25, 7.3125], "rotation": 270, "texture": "#0"},
				"south": {"uv": [7.6875, 7.3125, 8.25, 7.875], "rotation": 270, "texture": "#0"},
				"west": {"uv": [7.6875, 7.5625, 8.25, 7.3125], "rotation": 270, "texture": "#0"},
				"up": {"uv": [8.25, 7.875, 7.6875, 8.125], "texture": "#0"},
				"down": {"uv": [8.25, 7.875, 7.6875, 8.125], "texture": "#0"}
			}
		},
		{
			"from": [4.43883, 3.55, -4.60183],
			"to": [5.93883, 9.05, 0.89817],
			"rotation": {"angle": 22.5, "axis": "y", "origin": [8, 7.3, 8]},
			"faces": {
				"north": {"uv": [9.0625, 4.6875, 9.75, 4.875], "rotation": 270, "texture": "#0"},
				"east": {"uv": [9.75, 4, 9.0625, 4.6875], "rotation": 90, "texture": "#0"},
				"south": {"uv": [9.0625, 4.875, 9.75, 4.6875], "rotation": 270, "texture": "#0"},
				"west": {"uv": [9.75, 4, 9.0625, 4.6875], "rotation": 90, "texture": "#0"},
				"up": {"uv": [9.9375, 4, 9.75, 4.6875], "texture": "#0"},
				"down": {"uv": [9.9375, 4, 9.75, 4.6875], "texture": "#0"}
			}
		},
		{
			"from": [4, 9, -1.2],
			"to": [8, 13, -1.2],
			"rotation": {"angle": 0, "axis": "y", "origin": [-16, 0, 0]},
			"faces": {
				"north": {"uv": [2.125, 1.4375, 1.625, 1.9375], "texture": "#0"},
				"east": {"uv": [0, 0, 0, 0.5], "texture": "#0"},
				"south": {"uv": [1.625, 1.4375, 2.125, 1.9375], "texture": "#0"},
				"west": {"uv": [0, 0, 0, 0.5], "texture": "#missing"},
				"up": {"uv": [0, 0.5, 0, 0], "rotation": 90, "texture": "#missing"},
				"down": {"uv": [0, 0.5, 0, 0], "rotation": 270, "texture": "#missing"}
			}
		},
		{
			"from": [8, 9, -1.2],
			"to": [12, 13, -1.2],
			"faces": {
				"north": {"uv": [1.625, 1.4375, 2.125, 1.9375], "texture": "#0"},
				"east": {"uv": [0, 0, 0, 0.5], "texture": "#missing"},
				"south": {"uv": [2.125, 1.4375, 1.625, 1.9375], "texture": "#0"},
				"west": {"uv": [0, 0, 0, 0.5], "texture": "#0"},
				"up": {"uv": [0, 0, 0, 0.5], "rotation": 90, "texture": "#missing"},
				"down": {"uv": [0, 0, 0, 0.5], "rotation": 270, "texture": "#missing"}
			}
		},
		{
			"from": [1.7, 0, -0.2],
			"to": [5.7, 4, -0.2],
			"rotation": {"angle": 22.5, "axis": "y", "origin": [3.5, 2, -0.2]},
			"faces": {
				"north": {"uv": [2.125, 1.9375, 1.625, 1.4375], "texture": "#0"},
				"east": {"uv": [0, 0.5, 0, 0], "texture": "#0"},
				"south": {"uv": [1.625, 1.9375, 2.125, 1.4375], "texture": "#0"},
				"west": {"uv": [0, 0.5, 0, 0], "texture": "#missing"},
				"up": {"uv": [0, 0.5, 0, 0], "rotation": 270, "texture": "#missing"},
				"down": {"uv": [0, 0.5, 0, 0], "rotation": 90, "texture": "#missing"}
			}
		},
		{
			"from": [10.3, 0, -0.2],
			"to": [14.3, 4, -0.2],
			"rotation": {"angle": -22.5, "axis": "y", "origin": [12.5, 2, -0.2]},
			"faces": {
				"north": {"uv": [1.625, 1.9375, 2.125, 1.4375], "texture": "#0"},
				"east": {"uv": [0, 0.5, 0, 0], "texture": "#missing"},
				"south": {"uv": [2.125, 1.9375, 1.625, 1.4375], "texture": "#0"},
				"west": {"uv": [0, 0.5, 0, 0], "texture": "#0"},
				"up": {"uv": [0, 0, 0, 0.5], "rotation": 270, "texture": "#missing"},
				"down": {"uv": [0, 0, 0, 0.5], "rotation": 90, "texture": "#missing"}
			}
		},
		{
			"from": [2, 4.5, -3],
			"to": [9, 8.5, -1.5],
			"rotation": {"angle": 45, "axis": "y", "origin": [8, 7.3, 8]},
			"faces": {
				"north": {"uv": [9.0625, 5.75, 9.5625, 4.875], "rotation": 90, "texture": "#0"},
				"east": {"uv": [9.375, 5.9375, 8.875, 6.125], "rotation": 90, "texture": "#0"},
				"south": {"uv": [9.0625, 4.875, 9.5625, 5.75], "rotation": 90, "texture": "#0"},
				"west": {"uv": [9.375, 5.9375, 8.875, 6.125], "rotation": 90, "texture": "#0"},
				"up": {"uv": [8.875, 5.75, 9.75, 5.9375], "rotation": 180, "texture": "#0"},
				"down": {"uv": [8.1875, 6.875, 9.0625, 7.0625], "rotation": 180, "texture": "#0"}
			}
		},
		{
			"from": [-5, 4.7, 0.5],
			"to": [-1, 8.2, 1.3],
			"rotation": {"angle": 22.5, "axis": "y", "origin": [8, 7.3, 8]},
			"faces": {
				"north": {"uv": [8.9375, 6.625, 9.375, 6.125], "rotation": 90, "texture": "#0"},
				"east": {"uv": [9.375, 6.625, 8.9375, 6.725], "rotation": 90, "texture": "#0"},
				"south": {"uv": [8.9375, 6.125, 9.375, 6.625], "rotation": 90, "texture": "#0"},
				"west": {"uv": [9.375, 6.625, 8.9375, 6.725], "rotation": 90, "texture": "#0"},
				"up": {"uv": [9.4375, 6.75, 8.9375, 6.85], "rotation": 180, "texture": "#0"},
				"down": {"uv": [9.4375, 6.75, 8.9375, 6.85], "rotation": 180, "texture": "#0"}
			}
		},
		{
			"from": [10.06117, 3.55, -4.60183],
			"to": [11.56117, 9.05, 0.89817],
			"rotation": {"angle": -22.5, "axis": "y", "origin": [8, 7.3, 8]},
			"faces": {
				"north": {"uv": [9.0625, 4.875, 9.75, 4.6875], "rotation": 270, "texture": "#0"},
				"east": {"uv": [9.75, 4.6875, 9.0625, 4], "rotation": 90, "texture": "#0"},
				"south": {"uv": [9.0625, 4.6875, 9.75, 4.875], "rotation": 270, "texture": "#0"},
				"west": {"uv": [9.75, 4.6875, 9.0625, 4], "rotation": 90, "texture": "#0"},
				"up": {"uv": [9.75, 4, 9.9375, 4.6875], "texture": "#0"},
				"down": {"uv": [9.75, 4, 9.9375, 4.6875], "texture": "#0"}
			}
		},
		{
			"from": [10, 4.05, -1.3],
			"to": [14.5, 8.55, 0.7],
			"rotation": {"angle": 0, "axis": "y", "origin": [8, 6.3, 8]},
			"faces": {
				"north": {"uv": [7.6875, 7.3125, 8.25, 7.875], "rotation": 270, "texture": "#0"},
				"east": {"uv": [7.6875, 7.3125, 8.25, 7.5625], "rotation": 270, "texture": "#0"},
				"south": {"uv": [7.6875, 7.875, 8.25, 7.3125], "rotation": 270, "texture": "#0"},
				"west": {"uv": [7.6875, 7.3125, 8.25, 7.5625], "rotation": 270, "texture": "#0"},
				"up": {"uv": [7.6875, 7.875, 8.25, 8.125], "texture": "#0"},
				"down": {"uv": [7.6875, 7.875, 8.25, 8.125], "texture": "#0"}
			}
		},
		{
			"from": [7, 4.5, -3],
			"to": [14, 8.5, -1.5],
			"rotation": {"angle": -45, "axis": "y", "origin": [8, 7.3, 8]},
			"faces": {
				"north": {"uv": [9.0625, 4.875, 9.5625, 5.75], "rotation": 90, "texture": "#0"},
				"east": {"uv": [9.375, 6.125, 8.875, 5.9375], "rotation": 90, "texture": "#0"},
				"south": {"uv": [9.0625, 5.75, 9.5625, 4.875], "rotation": 90, "texture": "#0"},
				"west": {"uv": [9.375, 6.125, 8.875, 5.9375], "rotation": 90, "texture": "#0"},
				"up": {"uv": [9.75, 5.75, 8.875, 5.9375], "rotation": 180, "texture": "#0"},
				"down": {"uv": [9.0625, 6.875, 8.1875, 7.0625], "rotation": 180, "texture": "#0"}
			}
		},
		{
			"from": [17, 4.7, 0.5],
			"to": [21, 8.2, 1.3],
			"rotation": {"angle": -22.5, "axis": "y", "origin": [8, 7.3, 8]},
			"faces": {
				"north": {"uv": [8.9375, 6.125, 9.375, 6.625], "rotation": 90, "texture": "#0"},
				"east": {"uv": [9.375, 6.725, 8.9375, 6.625], "rotation": 90, "texture": "#0"},
				"south": {"uv": [8.9375, 6.625, 9.375, 6.125], "rotation": 90, "texture": "#0"},
				"west": {"uv": [9.375, 6.725, 8.9375, 6.625], "rotation": 90, "texture": "#0"},
				"up": {"uv": [8.9375, 6.75, 9.4375, 6.85], "rotation": 180, "texture": "#0"},
				"down": {"uv": [8.9375, 6.75, 9.4375, 6.85], "rotation": 180, "texture": "#0"}
			}
		},
		{
			"from": [5.5, 2.5, 4.8],
			"to": [10.5, 7, 14.8],
			"rotation": {"angle": 0, "axis": "y", "origin": [8, 21.06168, 17.28682]},
			"faces": {
				"north": {"uv": [7.5625, 6.4375, 8.1875, 7], "rotation": 180, "texture": "#0"},
				"east": {"uv": [6.3125, 7, 7.5625, 6.4375], "rotation": 180, "texture": "#0"},
				"south": {"uv": [7.5625, 6.4375, 8.1875, 7], "rotation": 180, "texture": "#0"},
				"west": {"uv": [7.5625, 7, 6.3125, 6.4375], "rotation": 180, "texture": "#0"},
				"up": {"uv": [6.3125, 7, 7.5625, 7.625], "rotation": 270, "texture": "#0"},
				"down": {"uv": [6.3125, 9.0625, 7.5625, 9.6875], "rotation": 270, "texture": "#0"}
			}
		},
		{
			"from": [5.5, 0.5, -1.2],
			"to": [10.5, 7, 4.8],
			"rotation": {"angle": 0, "axis": "y", "origin": [8, 19.56168, 17.28682]},
			"faces": {
				"north": {"uv": [7.0625, 7.625, 7.6875, 8.4375], "texture": "#0"},
				"east": {"uv": [6.3125, 8.4375, 7.0625, 7.625], "rotation": 180, "texture": "#0"},
				"south": {"uv": [7.0625, 7.625, 7.6875, 8.4375], "texture": "#0"},
				"west": {"uv": [7.0625, 8.4375, 6.3125, 7.625], "rotation": 180, "texture": "#0"},
				"up": {"uv": [6.3125, 8.4375, 7.0625, 9.0625], "rotation": 270, "texture": "#0"},
				"down": {"uv": [7.0625, 8.4375, 7.8125, 9.0625], "rotation": 270, "texture": "#0"}
			}
		},
		{
			"from": [5.5, 5, -2.2],
			"to": [10.5, 7, -1.2],
			"rotation": {"angle": 0, "axis": "y", "origin": [8, 20.56168, 17.28682]},
			"faces": {
				"north": {"uv": [7.5625, 7, 8.1875, 7.25], "texture": "#0"},
				"east": {"uv": [7.9375, 6.1875, 7.8125, 5.9375], "rotation": 180, "texture": "#0"},
				"south": {"uv": [7.5625, 7, 8.1875, 7.25], "texture": "#0"},
				"west": {"uv": [7.9375, 6.1875, 7.8125, 5.9375], "rotation": 180, "texture": "#0"},
				"up": {"uv": [8.75, 5.6875, 8.875, 6.3125], "rotation": 270, "texture": "#0"},
				"down": {"uv": [8.75, 5.6875, 8.875, 6.3125], "rotation": 270, "texture": "#0"}
			}
		},
		{
			"from": [5.5, 7, -2.2],
			"to": [7, 10, 3.8],
			"rotation": {"angle": 0, "axis": "y", "origin": [8, 20.56168, 17.28682]},
			"faces": {
				"north": {"uv": [8.6875, 5.5625, 8.5, 5.9375], "rotation": 180, "texture": "#0"},
				"east": {"uv": [8.9375, 6.6875, 8.1875, 6.3125], "texture": "#0"},
				"south": {"uv": [7.8125, 5.9375, 7.625, 6.3125], "rotation": 180, "texture": "#0"},
				"west": {"uv": [8.1875, 6.6875, 8.9375, 6.3125], "texture": "#0"},
				"up": {"uv": [8.1875, 6.875, 8.9375, 6.6875], "rotation": 270, "texture": "#0"},
				"down": {"uv": [8.1875, 6.875, 8.9375, 6.6875], "rotation": 270, "texture": "#0"}
			}
		},
		{
			"from": [9, 7, -2.2],
			"to": [10.5, 10, 3.8],
			"rotation": {"angle": 0, "axis": "y", "origin": [8, 20.56168, 17.28682]},
			"faces": {
				"north": {"uv": [8.5, 5.5625, 8.6875, 5.9375], "rotation": 180, "texture": "#0"},
				"east": {"uv": [8.9375, 6.6875, 8.1875, 6.3125], "texture": "#0"},
				"south": {"uv": [7.625, 5.9375, 7.8125, 6.3125], "rotation": 180, "texture": "#0"},
				"west": {"uv": [8.1875, 6.6875, 8.9375, 6.3125], "texture": "#0"},
				"up": {"uv": [8.1875, 6.6875, 8.9375, 6.875], "rotation": 270, "texture": "#0"},
				"down": {"uv": [8.1875, 6.6875, 8.9375, 6.875], "rotation": 270, "texture": "#0"}
			}
		},
		{
			"from": [5.55, 0.5, 4.8],
			"to": [10.45, 3, 10.3],
			"rotation": {"angle": -22.5, "axis": "x", "origin": [8, 0.5, 4.8]},
			"faces": {
				"north": {"uv": [5.6875, 8.625, 6.3125, 8.9375], "texture": "#0"},
				"east": {"uv": [6.3125, 8.9375, 5.625, 8.625], "rotation": 180, "texture": "#0"},
				"south": {"uv": [5.6875, 8.625, 6.3125, 8.9375], "texture": "#0"},
				"west": {"uv": [6.3125, 8.9375, 5.625, 8.625], "rotation": 180, "texture": "#0"},
				"up": {"uv": [5.625, 8, 6.3125, 8.625], "rotation": 90, "texture": "#0"},
				"down": {"uv": [5.625, 8, 6.3125, 8.625], "rotation": 90, "texture": "#0"}
			}
		},
		{
			"from": [6.25, 3, 14.8],
			"to": [9.75, 7, 20.8],
			"rotation": {"angle": 0, "axis": "y", "origin": [8, 21.06168, 17.28682]},
			"faces": {
				"north": {"uv": [5.1875, 8, 5.625, 8.5], "rotation": 180, "texture": "#0"},
				"east": {"uv": [4.375, 8.375, 5.125, 7.875], "rotation": 180, "texture": "#0"},
				"south": {"uv": [5.1875, 8, 5.625, 8.5], "rotation": 180, "texture": "#0"},
				"west": {"uv": [4.375, 8.375, 5.125, 7.875], "rotation": 180, "texture": "#0"},
				"up": {"uv": [4.625, 9.125, 5.375, 9.5625], "rotation": 270, "texture": "#0"},
				"down": {"uv": [4.625, 9.125, 5.375, 9.5625], "rotation": 270, "texture": "#0"}
			}
		},
		{
			"from": [7, 7, 16.5],
			"to": [9, 8, 17.5],
			"rotation": {"angle": 0, "axis": "y", "origin": [8, 21.06168, 17.78682]},
			"faces": {
				"north": {"uv": [5.6875, 7.625, 5.9375, 7.75], "texture": "#0"},
				"east": {"uv": [5.8125, 7.875, 5.6875, 7.75], "rotation": 180, "texture": "#0"},
				"south": {"uv": [5.6875, 7.625, 5.9375, 7.75], "texture": "#0"},
				"west": {"uv": [5.8125, 7.875, 5.6875, 7.75], "rotation": 180, "texture": "#0"},
				"up": {"uv": [5.8125, 7.75, 5.9375, 8], "rotation": 270, "texture": "#0"},
				"down": {"uv": [5.8125, 7.75, 5.9375, 8], "rotation": 270, "texture": "#0"}
			}
		},
		{
			"from": [11.5, 1, -5.5],
			"to": [21.5, 11, -5.5],
			"rotation": {"angle": 0, "axis": "y", "origin": [8, 14, 7.5]},
			"faces": {
				"north": {"uv": [0.5, 1, 10.5, 11], "texture": "#2"},
				"east": {"uv": [0, 0, 0, 12], "texture": "#2"},
				"south": {"uv": [0.5, 1, 10.5, 11], "texture": "#2"},
				"west": {"uv": [0, 0, 0, 12], "texture": "#2"},
				"up": {"uv": [0, 12, 0, 0], "rotation": 90, "texture": "#2"},
				"down": {"uv": [0, 0, 0, 12], "rotation": 270, "texture": "#2"}
			}
		},
		{
			"from": [-5.5, 3, -3.5],
			"to": [2.5, 11, -3.5],
			"rotation": {"angle": 0, "axis": "y", "origin": [8, 14, 7.5]},
			"faces": {
				"north": {"uv": [0, 0, 16, 16], "texture": "#3"},
				"east": {"uv": [0, 0, 0, 16], "texture": "#3"},
				"south": {"uv": [0, 0, 16, 16], "texture": "#3"},
				"west": {"uv": [0, 0, 0, 16], "texture": "#3"},
				"up": {"uv": [0, 16, 0, 0], "rotation": 90, "texture": "#3"},
				"down": {"uv": [0, 0, 0, 16], "rotation": 270, "texture": "#3"}
			}
		},
		{
			"from": [-4.5, 14, -2.5],
			"to": [5.5, 24, -2.5],
			"rotation": {"angle": 0, "axis": "y", "origin": [8, 14, 7.5]},
			"faces": {
				"north": {"uv": [10.5, 1, 0.5, 11], "texture": "#2"},
				"east": {"uv": [0.5, 1, 0.5, 11], "texture": "#2"},
				"south": {"uv": [10.5, 1, 0.5, 11], "texture": "#2"},
				"west": {"uv": [0.5, 1, 0.5, 11], "texture": "#2"},
				"up": {"uv": [0.5, 11, 0.5, 1], "rotation": 90, "texture": "#2"},
				"down": {"uv": [0.5, 1, 0.5, 11], "rotation": 270, "texture": "#2"}
			}
		},
		{
			"from": [4.5, 2.5, -4],
			"to": [5.5, 4.5, 2],
			"faces": {
				"north": {"uv": [5.5, 8.5, 5.625, 8.75], "texture": "#0"},
				"east": {"uv": [5.5625, 8.9375, 6.3125, 9.1875], "texture": "#0"},
				"south": {"uv": [5.25, 8.5, 5.375, 8.75], "texture": "#0"},
				"west": {"uv": [5.5625, 8.9375, 6.3125, 9.1875], "texture": "#0"},
				"up": {"uv": [6.1875, 9.1875, 6.3125, 9.9375], "texture": "#0"},
				"down": {"uv": [5.4375, 8.75, 5.5625, 9.5], "texture": "#0"}
			}
		},
		{
			"from": [10.5, 2.5, -4],
			"to": [11.5, 4.5, 2],
			"rotation": {"angle": 0, "axis": "y", "origin": [16, 0, 0]},
			"faces": {
				"north": {"uv": [5.625, 8.5, 5.5, 8.75], "texture": "#0"},
				"east": {"uv": [6.3125, 8.9375, 5.5625, 9.1875], "texture": "#0"},
				"south": {"uv": [5.375, 8.5, 5.25, 8.75], "texture": "#0"},
				"west": {"uv": [6.3125, 8.9375, 5.5625, 9.1875], "texture": "#0"},
				"up": {"uv": [6.3125, 9.1875, 6.1875, 9.9375], "texture": "#0"},
				"down": {"uv": [5.5625, 8.75, 5.4375, 9.5], "texture": "#0"}
			}
		},
		{
			"from": [5.5, 2.5, -4],
			"to": [10.5, 4.5, -3],
			"rotation": {"angle": 0, "axis": "y", "origin": [16, 0, 0]},
			"faces": {
				"north": {"uv": [5.5625, 9.1875, 6.1875, 9.4375], "texture": "#0"},
				"east": {"uv": [5.375, 8.5, 5.5, 8.75], "texture": "#0"},
				"south": {"uv": [5.5625, 9.1875, 6.1875, 9.4375], "texture": "#0"},
				"west": {"uv": [5.375, 8.5, 5.5, 8.75], "texture": "#0"},
				"up": {"uv": [5.5625, 9.4375, 6.1875, 9.5625], "texture": "#0"},
				"down": {"uv": [5.5625, 9.5625, 6.1875, 9.6875], "texture": "#0"}
			}
		},
		{
			"from": [-5.5, 7, 5.5],
			"to": [8, 7.5, 6],
			"rotation": {"angle": 0, "axis": "y", "origin": [-4.75, 7.25, 5.75]},
			"faces": {
				"north": {"uv": [0, 6.25, 0.0625, 7.9375], "rotation": 90, "texture": "#0"},
				"east": {"uv": [0, 6.25, 0.0625, 6.3125], "rotation": 270, "texture": "#0"},
				"south": {"uv": [0, 6.25, 0.0625, 7.9375], "rotation": 270, "texture": "#0"},
				"west": {"uv": [0, 6.25, 0.0625, 6.3125], "rotation": 270, "texture": "#0"},
				"up": {"uv": [0, 6.25, 0.0625, 7.9375], "rotation": 270, "texture": "#0"},
				"down": {"uv": [0, 6.25, 0.0625, 7.9375], "rotation": 270, "texture": "#0"}
			}
		},
		{
			"from": [8, 7, 5.5],
			"to": [21.5, 7.5, 6],
			"rotation": {"angle": 0, "axis": "y", "origin": [20.75, 7.25, 5.75]},
			"faces": {
				"north": {"uv": [0, 7.9375, 0.0625, 6.25], "rotation": 90, "texture": "#0"},
				"east": {"uv": [0, 6.3125, 0.0625, 6.25], "rotation": 270, "texture": "#0"},
				"south": {"uv": [0, 7.9375, 0.0625, 6.25], "rotation": 270, "texture": "#0"},
				"west": {"uv": [0, 6.3125, 0.0625, 6.25], "rotation": 270, "texture": "#0"},
				"up": {"uv": [0, 7.9375, 0.0625, 6.25], "rotation": 270, "texture": "#0"},
				"down": {"uv": [0, 7.9375, 0.0625, 6.25], "rotation": 270, "texture": "#0"}
			}
		},
		{
			"from": [15.6, 9, -4.7],
			"to": [15.6, 13.5, 1.3],
			"rotation": {"angle": -22.5, "axis": "y", "origin": [15.3, 5.1, -3.7]},
			"faces": {
				"north": {"uv": [0, 0, 0, 0.5], "texture": "#missing"},
				"east": {"uv": [2.375, 1.9375, 1.625, 2.5], "texture": "#0"},
				"south": {"uv": [0, 0, 0, 0.5], "texture": "#0"},
				"west": {"uv": [1.625, 1.9375, 2.375, 2.5], "texture": "#0"},
				"up": {"uv": [0, 0, 0, 0.5], "texture": "#missing"},
				"down": {"uv": [0, 0, 0, 0.5], "texture": "#missing"}
			}
		},
		{
			"from": [10, 6, 0.2],
			"to": [14.5, 6, 6.2],
			"rotation": {"angle": 0, "axis": "y", "origin": [15.3, 5.1, -3.7]},
			"faces": {
				"north": {"uv": [0, 0, 0, 0.5], "rotation": 270, "texture": "#missing"},
				"east": {"uv": [0, 0, 0, 0.5], "rotation": 90, "texture": "#missing"},
				"south": {"uv": [0, 0, 0, 0.5], "rotation": 90, "texture": "#0"},
				"west": {"uv": [0, 0, 0, 0.5], "rotation": 90, "texture": "#missing"},
				"up": {"uv": [1.625, 1.9375, 2.375, 2.5], "rotation": 90, "texture": "#0"},
				"down": {"uv": [2.375, 1.9375, 1.625, 2.5], "rotation": 90, "texture": "#0"}
			}
		},
		{
			"from": [1.5, 6, 0.2],
			"to": [6, 6, 6.2],
			"rotation": {"angle": 0, "axis": "y", "origin": [0.7, 5.1, -3.7]},
			"faces": {
				"north": {"uv": [0, 0.5, 0, 0], "rotation": 270, "texture": "#missing"},
				"east": {"uv": [0, 0.5, 0, 0], "rotation": 90, "texture": "#missing"},
				"south": {"uv": [0, 0.5, 0, 0], "rotation": 90, "texture": "#0"},
				"west": {"uv": [0, 0.5, 0, 0], "rotation": 90, "texture": "#missing"},
				"up": {"uv": [1.625, 2.5, 2.375, 1.9375], "rotation": 90, "texture": "#0"},
				"down": {"uv": [2.375, 2.5, 1.625, 1.9375], "rotation": 90, "texture": "#0"}
			}
		},
		{
			"from": [0.4, 9, -4.7],
			"to": [0.4, 13.5, 1.3],
			"rotation": {"angle": 22.5, "axis": "y", "origin": [0.7, 5.1, -3.7]},
			"faces": {
				"north": {"uv": [0, 0, 0, 0.5], "texture": "#missing"},
				"east": {"uv": [2.375, 1.9375, 1.625, 2.5], "texture": "#0"},
				"south": {"uv": [0, 0, 0, 0.5], "texture": "#0"},
				"west": {"uv": [1.625, 1.9375, 2.375, 2.5], "texture": "#0"},
				"up": {"uv": [0, 0, 0, 0.5], "texture": "#missing"},
				"down": {"uv": [0, 0, 0, 0.5], "texture": "#missing"}
			}
		},
		{
			"from": [8, 4.25, 14.5],
			"to": [10, 5.75, 17],
			"rotation": {"angle": 22.5, "axis": "y", "origin": [9.5, 5, 13.5]},
			"faces": {
				"north": {"uv": [2.0625, 0.25, 2.25, 0], "rotation": 90, "texture": "#0"},
				"east": {"uv": [2.125, 0.5625, 2.3125, 0.25], "rotation": 90, "texture": "#0"},
				"south": {"uv": [2.0625, 0.25, 2.25, 0], "rotation": 90, "texture": "#0"},
				"west": {"uv": [2.125, 0.5625, 2.3125, 0.25], "rotation": 270, "texture": "#0"},
				"up": {"uv": [1.875, 0.5625, 2.125, 0.25], "texture": "#0"},
				"down": {"uv": [1.875, 0.5625, 2.125, 0.25], "rotation": 180, "texture": "#0"}
			}
		},
		{
			"from": [6, 4.25, 14.5],
			"to": [8, 5.75, 17],
			"rotation": {"angle": -22.5, "axis": "y", "origin": [6.5, 5, 13.5]},
			"faces": {
				"north": {"uv": [2.0625, 0, 2.25, 0.25], "rotation": 90, "texture": "#0"},
				"east": {"uv": [2.3125, 0.5625, 2.125, 0.25], "rotation": 90, "texture": "#0"},
				"south": {"uv": [2.0625, 0, 2.25, 0.25], "rotation": 90, "texture": "#0"},
				"west": {"uv": [2.3125, 0.5625, 2.125, 0.25], "rotation": 270, "texture": "#0"},
				"up": {"uv": [2.125, 0.5625, 1.875, 0.25], "texture": "#0"},
				"down": {"uv": [2.125, 0.5625, 1.875, 0.25], "rotation": 180, "texture": "#0"}
			}
		},
		{
			"from": [3.9, 3.5, -5.6],
			"to": [7.1, 6.2, -5.6],
			"rotation": {"angle": 22.5, "axis": "y", "origin": [8, 5, -5.5]},
			"faces": {
				"north": {"uv": [0, 0, 6, 6], "texture": "#4"},
				"east": {"uv": [0, 0, 0, 6], "texture": "#4"},
				"south": {"uv": [0, 0, 6, 6], "texture": "#4"},
				"west": {"uv": [0, 0, 0, 6], "texture": "#4"},
				"up": {"uv": [0, 0, 0, 6], "rotation": 90, "texture": "#4"},
				"down": {"uv": [0, 6, 0, 0], "rotation": 270, "texture": "#4"}
			}
		},
		{
			"from": [8.9, 3.5, -5.6],
			"to": [12.1, 6.2, -5.6],
			"rotation": {"angle": -22.5, "axis": "y", "origin": [8, 5, -5.5]},
			"faces": {
				"north": {"uv": [6, 0, 0, 6], "texture": "#4"},
				"east": {"uv": [0, 0, 0, 6], "texture": "#4"},
				"south": {"uv": [0, 0, 6, 6], "texture": "#4"},
				"west": {"uv": [0, 0, 0, 6], "texture": "#4"},
				"up": {"uv": [0, 6, 0, 0], "rotation": 90, "texture": "#4"},
				"down": {"uv": [0, 0, 0, 6], "rotation": 270, "texture": "#4"}
			}
		},
		{
			"from": [8, -1.5, -5.5],
			"to": [14, 10.5, -5.5],
			"rotation": {"angle": -22.5, "axis": "y", "origin": [8, 5, -5.5]},
			"faces": {
				"north": {"uv": [15.25, 0, 14.5, 1.875], "texture": "#0"},
				"east": {"uv": [0, 0, 0, 120], "texture": "#missing"},
				"south": {"uv": [14.5, 0, 15.25, 1.875], "texture": "#0"},
				"west": {"uv": [0, 0, 0, 120], "texture": "#missing"},
				"up": {"uv": [0, 0, 0, 48], "rotation": 90, "texture": "#missing"},
				"down": {"uv": [0, 0, 0, 48], "rotation": 270, "texture": "#missing"}
			}
		},
		{
			"from": [2, -1.5, -5.5],
			"to": [8, 10.5, -5.5],
			"rotation": {"angle": 22.5, "axis": "y", "origin": [8, 5, -5.5]},
			"faces": {
				"north": {"uv": [14.5, 0, 13.75, 1.875], "texture": "#0"},
				"east": {"uv": [0, 0, 0, 120], "texture": "#missing"},
				"south": {"uv": [13.75, 0, 14.5, 1.875], "texture": "#0"},
				"west": {"uv": [0, 0, 0, 120], "texture": "#missing"},
				"up": {"uv": [0, 0, 0, 48], "rotation": 90, "texture": "#missing"},
				"down": {"uv": [0, 0, 0, 48], "rotation": 270, "texture": "#missing"}
			}
		}
	],
	"gui_light": "front",
	"display": {
		"thirdperson_righthand": {
			"translation": [0, 3.25, 2],
			"scale": [0.6, 0.6, 0.6]
		},
		"thirdperson_lefthand": {
			"translation": [0, 3.25, 2],
			"scale": [0.6, 0.6, 0.6]
		},
		"firstperson_righthand": {
			"translation": [0.5, 3.75, -0.75],
			"scale": [0.6, 0.6, 0.6]
		},
		"firstperson_lefthand": {
			"translation": [0.5, 3.75, -0.75],
			"scale": [0.6, 0.6, 0.6]
		},
		"ground": {
			"translation": [0, 2.5, 0],
			"scale": [0.6, 0.6, 0.6]
		},
		"gui": {
			"rotation": [52, 141, 0],
			"translation": [0.5, 0.5, 0],
			"scale": [0.5, 0.5, 0.5]
		},
		"head": {
			"translation": [0, 10.5, 1.75],
			"scale": [0.725, 0.725, 0.725]
		},
		"fixed": {
			"rotation": [-90, 0, 0],
			"translation": [0, 1.75, -6.75]
		}
	},
	"groups": [
		{
			"name": "group",
			"origin": [4, 16.5, 8],
			"color": 0,
			"boneType": "",
			"children": []
		},
		0,
		1,
		2,
		3,
		4,
		5,
		6,
		7,
		8,
		9,
		10,
		11,
		12,
		13,
		14,
		15,
		16,
		17,
		18,
		19,
		20,
		21,
		22,
		23,
		24,
		25,
		26,
		27,
		28,
		29,
		30,
		31,
		32,
		33,
		34,
		35,
		36,
		37
	]
}