{"display":{"gui":{"rotation":[-172.59,-29.94,-177.96],"translation":[0.75,7.0,0.0],"scale":[1.25,1.25,1.25]},"head":{"translation":[0.0,12.75,0.0],"scale":[1.7,1.7,1.7]}},"elements":[{"from":[4.0,-1.0,4.0],"to":[4.0,2.0,12.0],"rotation":{"origin":[4.0,0.0,4.0],"axis":"y","angle":0.0},"faces":{"north":{"uv":[0.0,0.0,0.0,1.5],"texture":"#0"},"east":{"uv":[0.0,0.0,4.0,1.5],"texture":"#0"},"south":{"uv":[0.0,0.0,0.0,1.5],"texture":"#0"},"west":{"uv":[0.0,1.5,4.0,3.0],"texture":"#0"},"up":{"uv":[0.0,4.0,0.0,0.0],"texture":"#0"},"down":{"uv":[0.0,0.0,0.0,4.0],"texture":"#0"}}},{"from":[12.0,-1.0,4.0],"to":[12.0,2.0,12.0],"rotation":{"origin":[12.0,0.0,4.0],"axis":"y","angle":0.0},"faces":{"north":{"uv":[0.0,0.0,0.0,1.5],"texture":"#0"},"east":{"uv":[0.0,3.0,4.0,4.5],"texture":"#0"},"south":{"uv":[0.0,0.0,0.0,1.5],"texture":"#0"},"west":{"uv":[4.0,0.0,8.0,1.5],"texture":"#0"},"up":{"uv":[0.0,4.0,0.0,0.0],"texture":"#0"},"down":{"uv":[0.0,0.0,0.0,4.0],"texture":"#0"}}},{"from":[4.0,-1.0,4.0],"to":[12.0,2.0,4.0],"rotation":{"origin":[4.0,0.0,4.0],"axis":"y","angle":0.0},"faces":{"north":{"uv":[4.0,1.5,8.0,3.0],"texture":"#0"},"east":{"uv":[0.0,0.0,0.0,1.5],"texture":"#0"},"south":{"uv":[4.0,3.0,8.0,4.5],"texture":"#0"},"west":{"uv":[0.0,0.0,0.0,1.5],"texture":"#0"},"up":{"uv":[4.0,0.0,0.0,0.0],"texture":"#0"},"down":{"uv":[4.0,0.0,0.0,0.0],"texture":"#0"}}},{"from":[7.0,2.0,4.0],"to":[9.0,5.0,4.0],"rotation":{"origin":[4.0,2.0,4.0],"axis":"y","angle":0.0},"faces":{"north":{"uv":[2.0,6.5,3.0,8.0],"texture":"#0"},"east":{"uv":[0.0,0.0,0.0,1.5],"texture":"#0"},"south":{"uv":[3.0,6.5,4.0,8.0],"texture":"#0"},"west":{"uv":[0.0,0.0,0.0,1.5],"texture":"#0"},"up":{"uv":[1.0,0.0,0.0,0.0],"texture":"#0"},"down":{"uv":[1.0,0.0,0.0,0.0],"texture":"#0"}}},{"from":[7.0,2.0,12.0],"to":[9.0,5.0,12.0],"rotation":{"origin":[4.0,2.0,12.0],"axis":"y","angle":0.0},"faces":{"north":{"uv":[4.0,6.5,5.0,8.0],"texture":"#0"},"east":{"uv":[0.0,0.0,0.0,1.5],"texture":"#0"},"south":{"uv":[5.0,6.5,6.0,8.0],"texture":"#0"},"west":{"uv":[0.0,0.0,0.0,1.5],"texture":"#0"},"up":{"uv":[1.0,0.0,0.0,0.0],"texture":"#0"},"down":{"uv":[1.0,0.0,0.0,0.0],"texture":"#0"}}},{"from":[7.0,5.0,4.0],"to":[9.0,5.0,12.0],"rotation":{"origin":[4.0,2.0,12.0],"axis":"y","angle":0.0},"faces":{"north":{"uv":[0.0,0.0,1.0,0.0],"texture":"#0"},"east":{"uv":[0.0,0.0,4.0,0.0],"texture":"#0"},"south":{"uv":[0.0,0.0,1.0,0.0],"texture":"#0"},"west":{"uv":[0.0,0.0,4.0,0.0],"texture":"#0"},"up":{"uv":[1.0,8.5,0.0,4.5],"texture":"#0"},"down":{"uv":[2.0,4.5,1.0,8.5],"texture":"#0"}}},{"from":[11.99,1.99,10.99],"to":[12.01,5.01,12.01],"rotation":{"origin":[12.0,2.0,11.0],"axis":"x","angle":22.5},"faces":{"north":{"uv":[1.0,9.5,1.0,11.0],"texture":"#0"},"east":{"uv":[6.0,7.5,6.5,9.0],"texture":"#0"},"south":{"uv":[0.5,9.5,0.5,11.0],"texture":"#0"},"west":{"uv":[6.5,7.5,7.0,9.0],"texture":"#0"},"up":{"uv":[0.0,11.0,0.0,10.5],"texture":"#0"},"down":{"uv":[0.0,9.5,0.0,10.0],"texture":"#0"}}},{"from":[4.0,0.0,12.0],"to":[12.0,2.0,12.0],"rotation":{"origin":[12.0,0.0,12.0],"axis":"y","angle":0.0},"faces":{"north":{"uv":[2.0,4.5,6.0,5.5],"texture":"#0"},"east":{"uv":[0.0,0.0,0.0,1.0],"texture":"#0"},"south":{"uv":[2.0,5.5,6.0,6.5],"texture":"#0"},"west":{"uv":[0.0,0.0,0.0,1.0],"texture":"#0"},"up":{"uv":[4.0,0.0,0.0,0.0],"texture":"#0"},"down":{"uv":[4.0,0.0,0.0,0.0],"texture":"#0"}}},{"from":[5.0,-0.5,2.5],"to":[7.0,1.5,3.5],"rotation":{"origin":[6.0,0.5,3.375],"axis":"z","angle":-22.5},"faces":{"north":{"uv":[7.5,4.5,8.5,5.5],"texture":"#0"},"east":{"uv":[3.0,8.0,3.5,9.0],"texture":"#0"},"south":{"uv":[7.5,5.5,8.5,6.5],"texture":"#0"},"west":{"uv":[3.5,8.0,4.0,9.0],"texture":"#0"},"up":{"uv":[9.0,4.0,8.0,3.5],"texture":"#0"},"down":{"uv":[5.0,8.0,4.0,8.5],"texture":"#0"}}},{"from":[4.5,-1.0,3.75],"to":[7.5,2.0,3.75],"rotation":{"origin":[6.0,0.5,3.375],"axis":"z","angle":-22.5},"faces":{"north":{"uv":[6.0,4.5,7.5,6.0],"texture":"#0"},"east":{"uv":[0.0,0.0,0.0,1.5],"texture":"#0"},"south":{"uv":[6.0,6.0,7.5,7.5],"texture":"#0"},"west":{"uv":[0.0,0.0,0.0,1.5],"texture":"#0"},"up":{"uv":[1.5,0.0,0.0,0.0],"texture":"#0"},"down":{"uv":[1.5,0.0,0.0,0.0],"texture":"#0"}}},{"from":[4.5,2.0,2.75],"to":[7.5,2.0,3.75],"rotation":{"origin":[6.0,0.5,3.375],"axis":"z","angle":-22.5},"faces":{"north":{"uv":[0.0,0.0,1.5,0.0],"texture":"#0"},"east":{"uv":[0.0,0.0,0.5,0.0],"texture":"#0"},"south":{"uv":[0.0,0.0,1.5,0.0],"texture":"#0"},"west":{"uv":[0.0,0.0,0.5,0.0],"texture":"#0"},"up":{"uv":[9.0,7.0,7.5,6.5],"texture":"#0"},"down":{"uv":[8.5,7.5,7.0,8.0],"texture":"#0"}}},{"from":[4.5,-1.0,2.75],"to":[7.5,-1.0,3.75],"rotation":{"origin":[6.0,0.5,3.375],"axis":"z","angle":-22.5},"faces":{"north":{"uv":[0.0,0.0,1.5,0.0],"texture":"#0"},"east":{"uv":[0.0,0.0,0.5,0.0],"texture":"#0"},"south":{"uv":[0.0,0.0,1.5,0.0],"texture":"#0"},"west":{"uv":[0.0,0.0,0.5,0.0],"texture":"#0"},"up":{"uv":[9.0,7.5,7.5,7.0],"texture":"#0"},"down":{"uv":[9.5,0.0,8.0,0.5],"texture":"#0"}}},{"from":[4.5,-1.0,2.75],"to":[4.5,2.0,3.75],"rotation":{"origin":[6.0,0.5,3.375],"axis":"z","angle":-22.5},"faces":{"north":{"uv":[0.0,0.0,0.0,1.5],"texture":"#0"},"east":{"uv":[8.0,0.5,8.5,2.0],"texture":"#0"},"south":{"uv":[0.0,0.0,0.0,1.5],"texture":"#0"},"west":{"uv":[2.0,8.0,2.5,9.5],"texture":"#0"},"up":{"uv":[0.0,0.5,0.0,0.0],"texture":"#0"},"down":{"uv":[0.0,0.0,0.0,0.5],"texture":"#0"}}},{"from":[7.5,-1.0,2.75],"to":[7.5,2.0,3.75],"rotation":{"origin":[6.0,0.5,3.375],"axis":"z","angle":-22.5},"faces":{"north":{"uv":[0.0,0.0,0.0,1.5],"texture":"#0"},"east":{"uv":[8.0,2.0,8.5,3.5],"texture":"#0"},"south":{"uv":[0.0,0.0,0.0,1.5],"texture":"#0"},"west":{"uv":[2.5,8.0,3.0,9.5],"texture":"#0"},"up":{"uv":[0.0,0.5,0.0,0.0],"texture":"#0"},"down":{"uv":[0.0,0.0,0.0,0.5],"texture":"#0"}}},{"from":[9.0,-0.5,2.5],"to":[11.0,1.5,3.5],"rotation":{"origin":[10.0,0.5,3.375],"axis":"z","angle":22.5},"faces":{"north":{"uv":[8.5,4.5,7.5,5.5],"texture":"#0"},"east":{"uv":[4.0,8.0,3.5,9.0],"texture":"#0"},"south":{"uv":[8.5,5.5,7.5,6.5],"texture":"#0"},"west":{"uv":[3.5,8.0,3.0,9.0],"texture":"#0"},"up":{"uv":[8.0,4.0,9.0,3.5],"texture":"#0"},"down":{"uv":[4.0,8.0,5.0,8.5],"texture":"#0"}}},{"from":[8.5,-1.0,3.75],"to":[11.5,2.0,3.75],"rotation":{"origin":[10.0,0.5,3.375],"axis":"z","angle":22.5},"faces":{"north":{"uv":[7.5,4.5,6.0,6.0],"texture":"#0"},"east":{"uv":[0.0,0.0,0.0,1.5],"texture":"#0"},"south":{"uv":[7.5,6.0,6.0,7.5],"texture":"#0"},"west":{"uv":[0.0,0.0,0.0,1.5],"texture":"#0"},"up":{"uv":[0.0,0.0,1.5,0.0],"texture":"#0"},"down":{"uv":[0.0,0.0,1.5,0.0],"texture":"#0"}}},{"from":[8.5,2.0,2.75],"to":[11.5,2.0,3.75],"rotation":{"origin":[10.0,0.5,3.375],"axis":"z","angle":22.5},"faces":{"north":{"uv":[1.5,0.0,0.0,0.0],"texture":"#0"},"east":{"uv":[0.5,0.0,0.0,0.0],"texture":"#0"},"south":{"uv":[1.5,0.0,0.0,0.0],"texture":"#0"},"west":{"uv":[0.5,0.0,0.0,0.0],"texture":"#0"},"up":{"uv":[7.5,7.0,9.0,6.5],"texture":"#0"},"down":{"uv":[7.0,7.5,8.5,8.0],"texture":"#0"}}},{"from":[8.5,-1.0,2.75],"to":[11.5,-1.0,3.75],"rotation":{"origin":[10.0,0.5,3.375],"axis":"z","angle":22.5},"faces":{"north":{"uv":[1.5,0.0,0.0,0.0],"texture":"#0"},"east":{"uv":[0.5,0.0,0.0,0.0],"texture":"#0"},"south":{"uv":[1.5,0.0,0.0,0.0],"texture":"#0"},"west":{"uv":[0.5,0.0,0.0,0.0],"texture":"#0"},"up":{"uv":[7.5,7.5,9.0,7.0],"texture":"#0"},"down":{"uv":[8.0,0.0,9.5,0.5],"texture":"#0"}}},{"from":[11.5,-1.0,2.75],"to":[11.5,2.0,3.75],"rotation":{"origin":[10.0,0.5,3.375],"axis":"z","angle":22.5},"faces":{"north":{"uv":[0.0,0.0,0.0,1.5],"texture":"#0"},"east":{"uv":[2.5,8.0,2.0,9.5],"texture":"#0"},"south":{"uv":[0.0,0.0,0.0,1.5],"texture":"#0"},"west":{"uv":[8.5,0.5,8.0,2.0],"texture":"#0"},"up":{"uv":[0.0,0.5,0.0,0.0],"texture":"#0"},"down":{"uv":[0.0,0.0,0.0,0.5],"texture":"#0"}}},{"from":[8.5,-1.0,2.75],"to":[8.5,2.0,3.75],"rotation":{"origin":[10.0,0.5,3.375],"axis":"z","angle":22.5},"faces":{"north":{"uv":[0.0,0.0,0.0,1.5],"texture":"#0"},"east":{"uv":[3.0,8.0,2.5,9.5],"texture":"#0"},"south":{"uv":[0.0,0.0,0.0,1.5],"texture":"#0"},"west":{"uv":[8.5,2.0,8.0,3.5],"texture":"#0"},"up":{"uv":[0.0,0.5,0.0,0.0],"texture":"#0"},"down":{"uv":[0.0,0.0,0.0,0.5],"texture":"#0"}}}],"textures":{"particle":"cosmetic_packv6/engineer_hat","0":"cosmetic_packv6/engineer_hat"},"gui_light":"front"}