{"display":{"gui":{"rotation":[180.0,-52.5,180.0],"translation":[4.0,7.5,0.0],"scale":[0.66016,0.66016,0.66016]},"head":{"translation":[0.0,-67.5,0.0],"scale":[3.4,3.4,3.4]}},"elements":[{"from":[3.0,-7.375,6.25],"to":[6.5,-5.375,6.25],"rotation":{"origin":[4.0,-6.375,5.75],"axis":"y","angle":0.0},"faces":{"north":{"uv":[1.75,7.75,2.625,8.25],"texture":"#0"},"east":{"uv":[0.0,0.0,0.0,0.5],"texture":"#0"},"south":{"uv":[2.625,7.75,3.5,8.25],"texture":"#0"},"west":{"uv":[0.0,0.0,0.0,0.5],"texture":"#0"},"up":{"uv":[0.875,0.0,0.0,0.0],"texture":"#0"},"down":{"uv":[0.875,0.0,0.0,0.0],"texture":"#0"}}},{"from":[3.0,-5.375,6.25],"to":[6.5,-5.375,9.75],"rotation":{"origin":[4.0,-6.375,5.75],"axis":"y","angle":0.0},"faces":{"north":{"uv":[0.0,0.0,0.875,0.0],"texture":"#0"},"east":{"uv":[0.0,0.0,0.875,0.0],"texture":"#0"},"south":{"uv":[0.0,0.0,0.875,0.0],"texture":"#0"},"west":{"uv":[0.0,0.0,0.875,0.0],"texture":"#0"},"up":{"uv":[7.5,8.25,6.625,7.375],"texture":"#0"},"down":{"uv":[8.375,7.375,7.5,8.25],"texture":"#0"}}},{"from":[3.0,-7.375,6.25],"to":[3.0,-5.375,9.75],"rotation":{"origin":[4.0,-6.375,5.75],"axis":"y","angle":0.0},"faces":{"north":{"uv":[0.0,0.0,0.0,0.5],"texture":"#0"},"east":{"uv":[3.5,7.75,4.375,8.25],"texture":"#0"},"south":{"uv":[0.0,0.0,0.0,0.5],"texture":"#0"},"west":{"uv":[4.375,7.75,5.25,8.25],"texture":"#0"},"up":{"uv":[0.0,0.875,0.0,0.0],"texture":"#0"},"down":{"uv":[0.0,0.0,0.0,0.875],"texture":"#0"}}},{"from":[3.0,-7.375,9.75],"to":[6.5,-5.375,9.75],"rotation":{"origin":[4.0,-6.375,9.25],"axis":"y","angle":0.0},"faces":{"north":{"uv":[5.25,7.75,6.125,8.25],"texture":"#0"},"east":{"uv":[0.0,0.0,0.0,0.5],"texture":"#0"},"south":{"uv":[7.875,6.625,8.75,7.125],"texture":"#0"},"west":{"uv":[0.0,0.0,0.0,0.5],"texture":"#0"},"up":{"uv":[0.875,0.0,0.0,0.0],"texture":"#0"},"down":{"uv":[0.875,0.0,0.0,0.0],"texture":"#0"}}},{"from":[9.5,-7.375,6.25],"to":[13.0,-5.375,6.25],"rotation":{"origin":[12.0,-6.375,5.75],"axis":"y","angle":0.0},"faces":{"north":{"uv":[2.625,7.75,1.75,8.25],"texture":"#0"},"east":{"uv":[0.0,0.0,0.0,0.5],"texture":"#0"},"south":{"uv":[3.5,7.75,2.625,8.25],"texture":"#0"},"west":{"uv":[0.0,0.0,0.0,0.5],"texture":"#0"},"up":{"uv":[0.0,0.0,0.875,0.0],"texture":"#0"},"down":{"uv":[0.0,0.0,0.875,0.0],"texture":"#0"}}},{"from":[9.5,-5.375,6.25],"to":[13.0,-5.375,9.75],"rotation":{"origin":[12.0,-6.375,5.75],"axis":"y","angle":0.0},"faces":{"north":{"uv":[0.875,0.0,0.0,0.0],"texture":"#0"},"east":{"uv":[0.875,0.0,0.0,0.0],"texture":"#0"},"south":{"uv":[0.875,0.0,0.0,0.0],"texture":"#0"},"west":{"uv":[0.875,0.0,0.0,0.0],"texture":"#0"},"up":{"uv":[6.625,8.25,7.5,7.375],"texture":"#0"},"down":{"uv":[7.5,7.375,8.375,8.25],"texture":"#0"}}},{"from":[13.0,-7.375,6.25],"to":[13.0,-5.375,9.75],"rotation":{"origin":[12.0,-6.375,5.75],"axis":"y","angle":0.0},"faces":{"north":{"uv":[0.0,0.0,0.0,0.5],"texture":"#0"},"east":{"uv":[5.25,7.75,4.375,8.25],"texture":"#0"},"south":{"uv":[0.0,0.0,0.0,0.5],"texture":"#0"},"west":{"uv":[4.375,7.75,3.5,8.25],"texture":"#0"},"up":{"uv":[0.0,0.875,0.0,0.0],"texture":"#0"},"down":{"uv":[0.0,0.0,0.0,0.875],"texture":"#0"}}},{"from":[9.5,-7.375,9.75],"to":[13.0,-5.375,9.75],"rotation":{"origin":[12.0,-6.375,9.25],"axis":"y","angle":0.0},"faces":{"north":{"uv":[6.125,7.75,5.25,8.25],"texture":"#0"},"east":{"uv":[0.0,0.0,0.0,0.5],"texture":"#0"},"south":{"uv":[8.75,6.625,7.875,7.125],"texture":"#0"},"west":{"uv":[0.0,0.0,0.0,0.5],"texture":"#0"},"up":{"uv":[0.0,0.0,0.875,0.0],"texture":"#0"},"down":{"uv":[0.0,0.0,0.875,0.0],"texture":"#0"}}},{"from":[3.5,-14.0,6.375],"to":[3.5,-5.75,9.875],"rotation":{"origin":[5.0,-6.75,9.875],"axis":"x","angle":-22.5},"faces":{"north":{"uv":[0.0,0.0,0.0,2.125],"texture":"#0"},"east":{"uv":[2.25,5.625,3.125,7.75],"texture":"#0"},"south":{"uv":[0.0,0.0,0.0,2.125],"texture":"#0"},"west":{"uv":[3.125,5.625,4.0,7.75],"texture":"#0"},"up":{"uv":[0.0,0.875,0.0,0.0],"texture":"#0"},"down":{"uv":[0.0,0.0,0.0,0.875],"texture":"#0"}}},{"from":[12.5,-14.0,6.375],"to":[12.5,-5.75,9.875],"rotation":{"origin":[11.0,-6.75,9.875],"axis":"x","angle":-22.5},"faces":{"north":{"uv":[0.0,0.0,0.0,2.125],"texture":"#0"},"east":{"uv":[4.0,5.625,4.875,7.75],"texture":"#0"},"south":{"uv":[0.0,0.0,0.0,2.125],"texture":"#0"},"west":{"uv":[4.875,5.625,5.75,7.75],"texture":"#0"},"up":{"uv":[0.0,0.875,0.0,0.0],"texture":"#0"},"down":{"uv":[0.0,0.0,0.0,0.875],"texture":"#0"}}},{"from":[3.5,-14.0,9.875],"to":[12.5,-5.75,9.875],"rotation":{"origin":[6.0,-6.75,9.875],"axis":"x","angle":-22.5},"faces":{"north":{"uv":[2.25,3.5,4.5,5.625],"texture":"#0"},"east":{"uv":[0.0,0.0,0.0,2.125],"texture":"#0"},"south":{"uv":[2.25,3.5,4.5,5.625],"texture":"#0"},"west":{"uv":[0.0,0.0,0.0,2.125],"texture":"#0"},"up":{"uv":[2.25,0.0,0.0,0.0],"texture":"#0"},"down":{"uv":[2.25,0.0,0.0,0.0],"texture":"#0"}}},{"from":[2.0,-15.375,7.875],"to":[14.0,-15.375,14.875],"rotation":{"origin":[4.5,-11.375,6.875],"axis":"x","angle":-22.5},"faces":{"north":{"uv":[0.0,0.0,3.0,0.0],"texture":"#0"},"east":{"uv":[0.0,0.0,1.75,0.0],"texture":"#0"},"south":{"uv":[0.0,0.0,3.0,0.0],"texture":"#0"},"west":{"uv":[0.0,0.0,1.75,0.0],"texture":"#0"},"up":{"uv":[3.0,1.75,0.0,0.0],"texture":"#0"},"down":{"uv":[3.0,0.0,0.0,1.75],"texture":"#0"}}},{"from":[2.0,-15.375,7.875],"to":[2.0,-13.375,14.875],"rotation":{"origin":[4.5,-11.375,6.875],"axis":"x","angle":-22.5},"faces":{"north":{"uv":[0.0,0.0,0.0,0.5],"texture":"#0"},"east":{"uv":[6.875,0.0,8.625,0.5],"texture":"#0"},"south":{"uv":[0.0,0.0,0.0,0.5],"texture":"#0"},"west":{"uv":[6.875,0.5,8.625,1.0],"texture":"#0"},"up":{"uv":[0.0,1.75,0.0,0.0],"texture":"#0"},"down":{"uv":[0.0,0.0,0.0,1.75],"texture":"#0"}}},{"from":[2.0,-15.375,14.875],"to":[14.0,-13.375,14.875],"rotation":{"origin":[4.5,-11.375,6.875],"axis":"x","angle":-22.5},"faces":{"north":{"uv":[6.625,6.125,9.625,6.625],"texture":"#0"},"east":{"uv":[0.0,0.0,0.0,0.5],"texture":"#0"},"south":{"uv":[6.625,6.125,9.625,6.625],"texture":"#0"},"west":{"uv":[0.0,0.0,0.0,0.5],"texture":"#0"},"up":{"uv":[3.0,0.0,0.0,0.0],"texture":"#0"},"down":{"uv":[3.0,0.0,0.0,0.0],"texture":"#0"}}},{"from":[14.0,-15.375,7.875],"to":[14.0,-13.375,14.875],"rotation":{"origin":[11.5,-11.375,6.875],"axis":"x","angle":-22.5},"faces":{"north":{"uv":[0.0,0.0,0.0,0.5],"texture":"#0"},"east":{"uv":[8.625,0.5,6.875,1.0],"texture":"#0"},"south":{"uv":[0.0,0.0,0.0,0.5],"texture":"#0"},"west":{"uv":[8.625,0.0,6.875,0.5],"texture":"#0"},"up":{"uv":[0.0,1.75,0.0,0.0],"texture":"#0"},"down":{"uv":[0.0,0.0,0.0,1.75],"texture":"#0"}}},{"from":[6.6,-5.275,6.35],"to":[2.9,-7.475,6.15],"rotation":{"origin":[4.0,-6.375,5.75],"axis":"y","angle":0.0},"faces":{"north":{"uv":[8.0,3.125,8.875,3.625],"texture":"#0"},"east":{"uv":[6.375,7.75,6.5,8.25],"texture":"#0"},"south":{"uv":[8.0,3.625,8.875,4.125],"texture":"#0"},"west":{"uv":[6.5,7.75,6.625,8.25],"texture":"#0"},"up":{"uv":[4.25,8.625,3.375,8.5],"texture":"#0"},"down":{"uv":[6.5,8.5,5.625,8.625],"texture":"#0"}}},{"from":[6.6,-5.275,9.85],"to":[2.9,-7.475,9.65],"rotation":{"origin":[4.0,-6.375,9.25],"axis":"y","angle":0.0},"faces":{"north":{"uv":[8.0,4.125,8.875,4.625],"texture":"#0"},"east":{"uv":[4.75,8.5,4.875,9.0],"texture":"#0"},"south":{"uv":[8.0,4.625,8.875,5.125],"texture":"#0"},"west":{"uv":[8.625,0.25,8.75,0.75],"texture":"#0"},"up":{"uv":[7.375,8.625,6.5,8.5],"texture":"#0"},"down":{"uv":[8.25,8.5,7.375,8.625],"texture":"#0"}}},{"from":[3.1,-5.275,9.85],"to":[2.9,-7.475,6.15],"rotation":{"origin":[4.0,-6.375,5.75],"axis":"y","angle":0.0},"faces":{"north":{"uv":[8.625,0.75,8.75,1.25],"texture":"#0"},"east":{"uv":[8.0,5.125,8.875,5.625],"texture":"#0"},"south":{"uv":[0.875,8.625,1.0,9.125],"texture":"#0"},"west":{"uv":[1.75,8.25,2.625,8.75],"texture":"#0"},"up":{"uv":[4.375,9.375,4.25,8.5],"texture":"#0"},"down":{"uv":[4.5,8.5,4.375,9.375],"texture":"#0"}}},{"from":[6.6,-5.275,9.85],"to":[2.9,-5.475,6.15],"rotation":{"origin":[4.0,-6.375,5.75],"axis":"y","angle":0.0},"faces":{"north":{"uv":[8.25,8.5,9.125,8.625],"texture":"#0"},"east":{"uv":[0.0,8.625,0.875,8.75],"texture":"#0"},"south":{"uv":[8.625,0.0,9.5,0.125],"texture":"#0"},"west":{"uv":[8.625,0.125,9.5,0.25],"texture":"#0"},"up":{"uv":[0.875,8.625,0.0,7.75],"texture":"#0"},"down":{"uv":[1.75,7.75,0.875,8.625],"texture":"#0"}}},{"from":[13.1,-5.275,6.35],"to":[9.4,-7.475,6.15],"rotation":{"origin":[12.0,-6.375,5.75],"axis":"y","angle":0.0},"faces":{"north":{"uv":[8.875,3.125,8.0,3.625],"texture":"#0"},"east":{"uv":[6.625,7.75,6.5,8.25],"texture":"#0"},"south":{"uv":[8.875,3.625,8.0,4.125],"texture":"#0"},"west":{"uv":[6.5,7.75,6.375,8.25],"texture":"#0"},"up":{"uv":[3.375,8.625,4.25,8.5],"texture":"#0"},"down":{"uv":[5.625,8.5,6.5,8.625],"texture":"#0"}}},{"from":[13.1,-5.275,9.85],"to":[9.4,-5.475,6.15],"rotation":{"origin":[12.0,-6.375,5.75],"axis":"y","angle":0.0},"faces":{"north":{"uv":[9.125,8.5,8.25,8.625],"texture":"#0"},"east":{"uv":[9.5,0.125,8.625,0.25],"texture":"#0"},"south":{"uv":[9.5,0.0,8.625,0.125],"texture":"#0"},"west":{"uv":[0.875,8.625,0.0,8.75],"texture":"#0"},"up":{"uv":[0.0,8.625,0.875,7.75],"texture":"#0"},"down":{"uv":[0.875,7.75,1.75,8.625],"texture":"#0"}}},{"from":[13.1,-5.275,9.85],"to":[12.9,-7.475,6.15],"rotation":{"origin":[12.0,-6.375,5.75],"axis":"y","angle":0.0},"faces":{"north":{"uv":[8.75,0.75,8.625,1.25],"texture":"#0"},"east":{"uv":[2.625,8.25,1.75,8.75],"texture":"#0"},"south":{"uv":[1.0,8.625,0.875,9.125],"texture":"#0"},"west":{"uv":[8.875,5.125,8.0,5.625],"texture":"#0"},"up":{"uv":[4.25,9.375,4.375,8.5],"texture":"#0"},"down":{"uv":[4.375,8.5,4.5,9.375],"texture":"#0"}}},{"from":[13.1,-5.275,9.85],"to":[9.4,-7.475,9.65],"rotation":{"origin":[12.0,-6.375,9.25],"axis":"y","angle":0.0},"faces":{"north":{"uv":[8.875,4.125,8.0,4.625],"texture":"#0"},"east":{"uv":[8.75,0.25,8.625,0.75],"texture":"#0"},"south":{"uv":[8.875,4.625,8.0,5.125],"texture":"#0"},"west":{"uv":[4.875,8.5,4.75,9.0],"texture":"#0"},"up":{"uv":[6.5,8.625,7.375,8.5],"texture":"#0"},"down":{"uv":[7.375,8.5,8.25,8.625],"texture":"#0"}}},{"from":[3.6,-5.65,9.975],"to":[3.4,-14.1,6.275],"rotation":{"origin":[5.0,-6.75,9.875],"axis":"x","angle":-22.5},"faces":{"north":{"uv":[4.875,8.375,5.0,10.5],"texture":"#0"},"east":{"uv":[5.75,5.625,6.625,7.75],"texture":"#0"},"south":{"uv":[5.0,8.375,5.125,10.5],"texture":"#0"},"west":{"uv":[6.0,0.0,6.875,2.125],"texture":"#0"},"up":{"uv":[4.625,9.375,4.5,8.5],"texture":"#0"},"down":{"uv":[4.75,8.5,4.625,9.375],"texture":"#0"}}},{"from":[12.6,-5.65,9.975],"to":[12.4,-14.1,6.275],"rotation":{"origin":[11.0,-6.75,9.875],"axis":"x","angle":-22.5},"faces":{"north":{"uv":[5.0,8.375,4.875,10.5],"texture":"#0"},"east":{"uv":[6.875,0.0,6.0,2.125],"texture":"#0"},"south":{"uv":[5.125,8.375,5.0,10.5],"texture":"#0"},"west":{"uv":[6.625,5.625,5.75,7.75],"texture":"#0"},"up":{"uv":[4.5,9.375,4.625,8.5],"texture":"#0"},"down":{"uv":[4.625,8.5,4.75,9.375],"texture":"#0"}}},{"from":[12.6,-5.65,9.975],"to":[3.4,-14.1,9.775],"rotation":{"origin":[6.0,-6.75,9.875],"axis":"x","angle":-22.5},"faces":{"north":{"uv":[4.5,3.5,6.75,5.625],"texture":"#0"},"east":{"uv":[5.125,8.375,5.25,10.5],"texture":"#0"},"south":{"uv":[0.0,5.625,2.25,7.75],"texture":"#0"},"west":{"uv":[5.25,8.375,5.375,10.5],"texture":"#0"},"up":{"uv":[4.875,8.5,2.625,8.375],"texture":"#0"},"down":{"uv":[10.625,7.375,8.375,7.5],"texture":"#0"}}},{"from":[14.1,-15.275,14.975],"to":[1.9,-15.475,7.775],"rotation":{"origin":[4.5,-11.375,6.875],"axis":"x","angle":-22.5},"faces":{"north":{"uv":[7.875,7.25,10.875,7.375],"texture":"#0"},"east":{"uv":[8.375,7.5,10.125,7.625],"texture":"#0"},"south":{"uv":[2.625,8.25,5.625,8.375],"texture":"#0"},"west":{"uv":[8.375,7.625,10.125,7.75],"texture":"#0"},"up":{"uv":[6.0,1.75,3.0,0.0],"texture":"#0"},"down":{"uv":[6.0,0.0,3.0,1.75],"texture":"#0"}}},{"from":[2.1,-13.275,14.975],"to":[1.9,-15.475,7.775],"rotation":{"origin":[4.5,-11.375,6.875],"axis":"x","angle":-22.5},"faces":{"north":{"uv":[1.0,8.625,1.125,9.125],"texture":"#0"},"east":{"uv":[6.875,1.0,8.625,1.5],"texture":"#0"},"south":{"uv":[1.125,8.625,1.25,9.125],"texture":"#0"},"west":{"uv":[6.875,1.5,8.625,2.0],"texture":"#0"},"up":{"uv":[5.5,10.125,5.375,8.375],"texture":"#0"},"down":{"uv":[5.625,8.375,5.5,10.125],"texture":"#0"}}},{"from":[14.1,-13.275,14.975],"to":[1.9,-15.475,14.775],"rotation":{"origin":[4.5,-11.375,6.875],"axis":"x","angle":-22.5},"faces":{"north":{"uv":[6.0,2.125,9.0,2.625],"texture":"#0"},"east":{"uv":[6.125,7.75,6.25,8.25],"texture":"#0"},"south":{"uv":[6.0,2.625,9.0,3.125],"texture":"#0"},"west":{"uv":[6.25,7.75,6.375,8.25],"texture":"#0"},"up":{"uv":[9.875,2.125,6.875,2.0],"texture":"#0"},"down":{"uv":[10.875,7.125,7.875,7.25],"texture":"#0"}}},{"from":[14.1,-13.275,14.975],"to":[13.9,-15.475,7.775],"rotation":{"origin":[11.5,-11.375,6.875],"axis":"x","angle":-22.5},"faces":{"north":{"uv":[1.125,8.625,1.0,9.125],"texture":"#0"},"east":{"uv":[8.625,1.5,6.875,2.0],"texture":"#0"},"south":{"uv":[1.25,8.625,1.125,9.125],"texture":"#0"},"west":{"uv":[8.625,1.0,6.875,1.5],"texture":"#0"},"up":{"uv":[5.375,10.125,5.5,8.375],"texture":"#0"},"down":{"uv":[5.5,8.375,5.625,10.125],"texture":"#0"}}},{"from":[7.0,-10.125,15.0],"to":[9.0,-5.625,15.0],"rotation":{"origin":[7.0,-10.125,14.0],"axis":"y","angle":0.0},"faces":{"north":{"uv":[0.0,0.0,4.0,9.0],"texture":"#1"},"east":{"uv":[0.0,0.0,0.0,9.0],"texture":"#1"},"south":{"uv":[0.0,0.0,4.0,9.0],"texture":"#1"},"west":{"uv":[0.0,0.0,0.0,9.0],"texture":"#1"},"up":{"uv":[4.0,0.0,0.0,0.0],"texture":"#1"},"down":{"uv":[4.0,0.0,0.0,0.0],"texture":"#1"}}},{"from":[3.0,-5.25,7.0],"to":[3.0,-0.25,9.0],"rotation":{"origin":[3.0,-5.25,7.0],"axis":"y","angle":0.0},"faces":{"north":{"uv":[0.0,0.0,0.0,10.0],"texture":"#2"},"east":{"uv":[0.0,0.0,4.0,10.0],"texture":"#2"},"south":{"uv":[0.0,0.0,0.0,10.0],"texture":"#2"},"west":{"uv":[4.0,0.0,8.0,10.0],"texture":"#2"},"up":{"uv":[0.0,4.0,0.0,0.0],"texture":"#2"},"down":{"uv":[0.0,0.0,0.0,4.0],"texture":"#2"}}},{"from":[13.0,-5.25,7.0],"to":[13.0,-0.25,9.0],"rotation":{"origin":[13.0,-5.25,7.0],"axis":"y","angle":0.0},"faces":{"north":{"uv":[0.0,0.0,0.0,10.0],"texture":"#2"},"east":{"uv":[8.0,0.0,4.0,10.0],"texture":"#2"},"south":{"uv":[0.0,0.0,0.0,10.0],"texture":"#2"},"west":{"uv":[4.0,0.0,0.0,10.0],"texture":"#2"},"up":{"uv":[0.0,4.0,0.0,0.0],"texture":"#2"},"down":{"uv":[0.0,0.0,0.0,4.0],"texture":"#2"}}},{"from":[1.375,-10.75,15.0],"to":[3.375,-6.25,15.0],"rotation":{"origin":[1.375,-10.75,15.0],"axis":"y","angle":0.0},"faces":{"north":{"uv":[0.0,0.0,4.0,9.0],"texture":"#3"},"east":{"uv":[0.0,0.0,0.0,9.0],"texture":"#3"},"south":{"uv":[0.0,0.0,4.0,9.0],"texture":"#3"},"west":{"uv":[0.0,0.0,0.0,9.0],"texture":"#3"},"up":{"uv":[4.0,0.0,0.0,0.0],"texture":"#3"},"down":{"uv":[4.0,0.0,0.0,0.0],"texture":"#3"}}},{"from":[12.625,-10.75,15.0],"to":[14.625,-6.25,15.0],"rotation":{"origin":[14.625,-10.75,15.0],"axis":"y","angle":0.0},"faces":{"north":{"uv":[4.0,0.0,0.0,9.0],"texture":"#3"},"east":{"uv":[0.0,0.0,0.0,9.0],"texture":"#3"},"south":{"uv":[4.0,0.0,0.0,9.0],"texture":"#3"},"west":{"uv":[0.0,0.0,0.0,9.0],"texture":"#3"},"up":{"uv":[0.0,0.0,4.0,0.0],"texture":"#3"},"down":{"uv":[0.0,0.0,4.0,0.0],"texture":"#3"}}}],"textures":{"particle":"cosmetic_packv6/ghost_backpack","0":"cosmetic_packv6/ghost_backpack","1":"cosmetic_packv6/ghost_animation1","2":"cosmetic_packv6/ghost_animation2","3":"cosmetic_packv6/ghost_animation4"},"gui_light":"front"}