{"display":{"gui":{"rotation":[180.0,-28.5,180.0],"translation":[-0.5,-1.5,0.0],"scale":[1.03125,1.03125,1.03125]},"head":{"translation":[0.0,2.0,1.5],"scale":[1.7,1.7,1.7]}},"elements":[{"from":[4.0,7.0,3.0],"to":[12.0,11.0,3.0],"rotation":{"origin":[7.0,8.0,3.0],"axis":"y","angle":0.0},"faces":{"north":{"uv":[2.75,4.5,4.75,5.5],"texture":"#4"},"east":{"uv":[0.0,0.0,0.0,1.0],"texture":"#4"},"south":{"uv":[4.75,4.5,6.75,5.5],"texture":"#4"},"west":{"uv":[0.0,0.0,0.0,1.0],"texture":"#4"},"up":{"uv":[2.0,0.0,0.0,0.0],"texture":"#4"},"down":{"uv":[2.0,0.0,0.0,0.0],"texture":"#4"}}},{"from":[4.0,7.0,11.0],"to":[12.0,11.0,11.0],"rotation":{"origin":[7.0,8.0,11.0],"axis":"y","angle":0.0},"faces":{"north":{"uv":[5.0,3.25,7.0,4.25],"texture":"#4"},"east":{"uv":[0.0,0.0,0.0,1.0],"texture":"#4"},"south":{"uv":[5.0,3.25,7.0,4.25],"texture":"#4"},"west":{"uv":[0.0,0.0,0.0,1.0],"texture":"#4"},"up":{"uv":[2.0,0.0,0.0,0.0],"texture":"#4"},"down":{"uv":[2.0,0.0,0.0,0.0],"texture":"#4"}}},{"from":[4.0,3.5,12.0],"to":[12.0,7.5,12.0],"rotation":{"origin":[7.0,4.5,12.0],"axis":"x","angle":-22.5},"faces":{"north":{"uv":[4.75,5.5,6.75,6.5],"texture":"#4"},"east":{"uv":[0.0,0.0,0.0,1.0],"texture":"#4"},"south":{"uv":[4.75,5.5,6.75,6.5],"texture":"#4"},"west":{"uv":[0.0,0.0,0.0,1.0],"texture":"#4"},"up":{"uv":[2.0,0.0,0.0,0.0],"texture":"#4"},"down":{"uv":[2.0,0.0,0.0,0.0],"texture":"#4"}}},{"from":[4.0,11.0,3.0],"to":[12.0,11.0,11.0],"rotation":{"origin":[7.0,8.0,3.0],"axis":"y","angle":0.0},"faces":{"north":{"uv":[0.0,0.0,2.0,0.0],"texture":"#4"},"east":{"uv":[0.0,0.0,2.0,0.0],"texture":"#4"},"south":{"uv":[0.0,0.0,2.0,0.0],"texture":"#4"},"west":{"uv":[0.0,0.0,2.0,0.0],"texture":"#4"},"up":{"uv":[2.0,2.0,0.0,0.0],"texture":"#4"},"down":{"uv":[2.0,0.0,0.0,2.0],"texture":"#4"}}},{"from":[4.0,7.0,3.0],"to":[4.0,11.0,11.0],"rotation":{"origin":[7.0,8.0,3.0],"axis":"y","angle":0.0},"faces":{"north":{"uv":[0.0,0.0,0.0,1.0],"texture":"#4"},"east":{"uv":[5.75,0.0,7.75,1.0],"texture":"#4"},"south":{"uv":[0.0,0.0,0.0,1.0],"texture":"#4"},"west":{"uv":[5.75,1.0,7.75,2.0],"texture":"#4"},"up":{"uv":[0.0,2.0,0.0,0.0],"texture":"#4"},"down":{"uv":[0.0,0.0,0.0,2.0],"texture":"#4"}}},{"from":[2.75,2.25,3.0],"to":[2.75,6.25,11.0],"rotation":{"origin":[5.75,3.25,3.0],"axis":"z","angle":-22.5},"faces":{"north":{"uv":[0.0,0.0,0.0,1.0],"texture":"#4"},"east":{"uv":[0.0,6.25,2.0,7.25],"texture":"#4"},"south":{"uv":[0.0,0.0,0.0,1.0],"texture":"#4"},"west":{"uv":[2.0,6.5,4.0,7.5],"texture":"#4"},"up":{"uv":[0.0,2.0,0.0,0.0],"texture":"#4"},"down":{"uv":[0.0,0.0,0.0,2.0],"texture":"#4"}}},{"from":[12.0,7.0,3.0],"to":[12.0,11.0,11.0],"rotation":{"origin":[9.0,8.0,3.0],"axis":"y","angle":0.0},"faces":{"north":{"uv":[0.0,0.0,0.0,1.0],"texture":"#4"},"east":{"uv":[4.0,6.5,6.0,7.5],"texture":"#4"},"south":{"uv":[0.0,0.0,0.0,1.0],"texture":"#4"},"west":{"uv":[6.0,6.5,8.0,7.5],"texture":"#4"},"up":{"uv":[0.0,2.0,0.0,0.0],"texture":"#4"},"down":{"uv":[0.0,0.0,0.0,2.0],"texture":"#4"}}},{"from":[13.25,2.25,3.0],"to":[13.25,6.25,11.0],"rotation":{"origin":[10.25,3.25,3.0],"axis":"z","angle":22.5},"faces":{"north":{"uv":[0.0,0.0,0.0,1.0],"texture":"#4"},"east":{"uv":[6.75,4.25,8.75,5.25],"texture":"#4"},"south":{"uv":[0.0,0.0,0.0,1.0],"texture":"#4"},"west":{"uv":[6.75,5.25,8.75,6.25],"texture":"#4"},"up":{"uv":[0.0,2.0,0.0,0.0],"texture":"#4"},"down":{"uv":[0.0,0.0,0.0,2.0],"texture":"#4"}}},{"from":[0.1,8.0,4.05],"to":[7.1,17.0,4.05],"rotation":{"origin":[1.1,7.0,4.05],"axis":"y","angle":22.5},"faces":{"north":{"uv":[0.0,4.0,1.75,6.25],"texture":"#4"},"east":{"uv":[0.0,0.0,0.0,2.25],"texture":"#4"},"south":{"uv":[4.0,0.0,5.75,2.25],"texture":"#4"},"west":{"uv":[0.0,0.0,0.0,2.25],"texture":"#4"},"up":{"uv":[1.75,0.0,0.0,0.0],"texture":"#4"},"down":{"uv":[1.75,0.0,0.0,0.0],"texture":"#4"}}},{"from":[8.9,8.0,4.05],"to":[15.9,17.0,4.05],"rotation":{"origin":[14.9,7.0,4.05],"axis":"y","angle":-22.5},"faces":{"north":{"uv":[1.75,4.0,0.0,6.25],"texture":"#4"},"east":{"uv":[0.0,0.0,0.0,2.25],"texture":"#4"},"south":{"uv":[5.75,0.0,4.0,2.25],"texture":"#4"},"west":{"uv":[0.0,0.0,0.0,2.25],"texture":"#4"},"up":{"uv":[0.0,0.0,1.75,0.0],"texture":"#4"},"down":{"uv":[0.0,0.0,1.75,0.0],"texture":"#4"}}},{"from":[6.5,8.0,1.75],"to":[9.5,12.0,3.75],"rotation":{"origin":[3.5,7.0,1.75],"axis":"y","angle":0.0},"faces":{"north":{"uv":[6.0,8.5,6.75,9.5],"texture":"#4"},"east":{"uv":[7.5,8.5,8.0,9.5],"texture":"#4"},"south":{"uv":[6.75,8.5,7.5,9.5],"texture":"#4"},"west":{"uv":[9.0,2.0,9.5,3.0],"texture":"#4"},"up":{"uv":[3.5,4.5,2.75,4.0],"texture":"#4"},"down":{"uv":[10.25,5.5,9.5,6.0],"texture":"#4"}}},{"from":[9.7,12.2,3.95],"to":[6.3,7.8,1.55],"rotation":{"origin":[3.5,7.0,1.75],"axis":"y","angle":0.0},"faces":{"north":{"uv":[8.75,4.0,9.5,5.0],"texture":"#4"},"east":{"uv":[9.0,3.0,9.5,4.0],"texture":"#4"},"south":{"uv":[8.75,5.0,9.5,6.0],"texture":"#4"},"west":{"uv":[0.0,9.25,0.5,10.25],"texture":"#4"},"up":{"uv":[7.0,10.0,6.25,9.5],"texture":"#4"},"down":{"uv":[7.75,9.5,7.0,10.0],"texture":"#4"}}},{"from":[12.2,11.2,3.2],"to":[3.8,6.8,2.8],"rotation":{"origin":[7.0,8.0,3.0],"axis":"y","angle":0.0},"faces":{"north":{"uv":[7.0,2.0,9.0,3.0],"texture":"#4"},"east":{"uv":[7.75,9.5,8.0,10.5],"texture":"#4"},"south":{"uv":[7.0,3.0,9.0,4.0],"texture":"#4"},"west":{"uv":[8.0,9.5,8.25,10.5],"texture":"#4"},"up":{"uv":[10.75,6.25,8.75,6.0],"texture":"#4"},"down":{"uv":[10.0,9.25,8.0,9.5],"texture":"#4"}}},{"from":[13.45,6.45,11.2],"to":[13.05,2.05,2.8],"rotation":{"origin":[10.25,3.25,3.0],"axis":"z","angle":22.5},"faces":{"north":{"uv":[8.25,9.5,8.5,10.5],"texture":"#4"},"east":{"uv":[0.0,7.25,2.0,8.25],"texture":"#4"},"south":{"uv":[8.5,9.5,8.75,10.5],"texture":"#4"},"west":{"uv":[2.0,7.5,4.0,8.5],"texture":"#4"},"up":{"uv":[0.75,11.25,0.5,9.25],"texture":"#4"},"down":{"uv":[1.0,9.25,0.75,11.25],"texture":"#4"}}},{"from":[12.2,11.2,11.2],"to":[11.8,6.8,2.8],"rotation":{"origin":[9.0,8.0,3.0],"axis":"y","angle":0.0},"faces":{"north":{"uv":[8.75,9.5,9.0,10.5],"texture":"#4"},"east":{"uv":[4.0,7.5,6.0,8.5],"texture":"#4"},"south":{"uv":[9.0,9.5,9.25,10.5],"texture":"#4"},"west":{"uv":[6.0,7.5,8.0,8.5],"texture":"#4"},"up":{"uv":[1.25,11.25,1.0,9.25],"texture":"#4"},"down":{"uv":[1.5,9.25,1.25,11.25],"texture":"#4"}}},{"from":[12.2,11.2,11.2],"to":[3.8,10.8,2.8],"rotation":{"origin":[7.0,8.0,3.0],"axis":"y","angle":0.0},"faces":{"north":{"uv":[1.5,9.5,3.5,9.75],"texture":"#4"},"east":{"uv":[9.5,2.0,11.5,2.25],"texture":"#4"},"south":{"uv":[9.5,2.25,11.5,2.5],"texture":"#4"},"west":{"uv":[9.5,2.5,11.5,2.75],"texture":"#4"},"up":{"uv":[4.0,2.0,2.0,0.0],"texture":"#4"},"down":{"uv":[4.0,2.0,2.0,4.0],"texture":"#4"}}},{"from":[12.2,11.2,11.2],"to":[3.8,6.8,10.8],"rotation":{"origin":[7.0,8.0,11.0],"axis":"y","angle":0.0},"faces":{"north":{"uv":[7.75,0.0,9.75,1.0],"texture":"#4"},"east":{"uv":[9.25,9.5,9.5,10.5],"texture":"#4"},"south":{"uv":[7.75,1.0,9.75,2.0],"texture":"#4"},"west":{"uv":[9.5,9.5,9.75,10.5],"texture":"#4"},"up":{"uv":[11.5,3.0,9.5,2.75],"texture":"#4"},"down":{"uv":[11.5,3.0,9.5,3.25],"texture":"#4"}}},{"from":[12.2,7.7,12.2],"to":[3.8,3.3,11.8],"rotation":{"origin":[7.0,4.5,12.0],"axis":"x","angle":-22.5},"faces":{"north":{"uv":[8.0,6.25,10.0,7.25],"texture":"#4"},"east":{"uv":[9.75,0.0,10.0,1.0],"texture":"#4"},"south":{"uv":[8.0,7.25,10.0,8.25],"texture":"#4"},"west":{"uv":[9.75,1.0,10.0,2.0],"texture":"#4"},"up":{"uv":[11.5,3.5,9.5,3.25],"texture":"#4"},"down":{"uv":[5.5,9.5,3.5,9.75],"texture":"#4"}}},{"from":[2.95,6.45,11.2],"to":[2.55,2.05,2.8],"rotation":{"origin":[5.75,3.25,3.0],"axis":"z","angle":-22.5},"faces":{"north":{"uv":[1.5,9.75,1.75,10.75],"texture":"#4"},"east":{"uv":[0.0,8.25,2.0,9.25],"texture":"#4"},"south":{"uv":[1.75,9.75,2.0,10.75],"texture":"#4"},"west":{"uv":[8.0,8.25,10.0,9.25],"texture":"#4"},"up":{"uv":[9.75,5.5,9.5,3.5],"texture":"#4"},"down":{"uv":[5.75,9.5,5.5,11.5],"texture":"#4"}}},{"from":[4.2,11.2,11.2],"to":[3.8,6.8,2.8],"rotation":{"origin":[7.0,8.0,3.0],"axis":"y","angle":0.0},"faces":{"north":{"uv":[2.0,9.75,2.25,10.75],"texture":"#4"},"east":{"uv":[2.0,8.5,4.0,9.5],"texture":"#4"},"south":{"uv":[2.25,9.75,2.5,10.75],"texture":"#4"},"west":{"uv":[4.0,8.5,6.0,9.5],"texture":"#4"},"up":{"uv":[6.0,11.5,5.75,9.5],"texture":"#4"},"down":{"uv":[6.25,9.5,6.0,11.5],"texture":"#4"}}},{"from":[12.0,11.0,6.5],"to":[12.0,21.0,10.5],"rotation":{"origin":[12.0,11.0,6.5],"axis":"y","angle":0.0},"faces":{"north":{"uv":[0.0,0.0,0.0,10.0],"texture":"#2"},"east":{"uv":[0.0,0.0,4.0,10.0],"texture":"#2"},"south":{"uv":[0.0,0.0,0.0,10.0],"texture":"#2"},"west":{"uv":[4.0,0.0,8.0,10.0],"texture":"#2"},"up":{"uv":[0.0,4.0,0.0,0.0],"texture":"#2"},"down":{"uv":[0.0,0.0,0.0,4.0],"texture":"#2"}}},{"from":[4.0,11.25,4.0],"to":[4.0,21.25,8.0],"rotation":{"origin":[4.0,11.25,4.0],"axis":"y","angle":0.0},"faces":{"north":{"uv":[0.0,0.0,0.0,10.0],"texture":"#2"},"east":{"uv":[0.0,0.0,4.0,10.0],"texture":"#2"},"south":{"uv":[0.0,0.0,0.0,10.0],"texture":"#2"},"west":{"uv":[4.0,0.0,8.0,10.0],"texture":"#2"},"up":{"uv":[0.0,4.0,0.0,0.0],"texture":"#2"},"down":{"uv":[0.0,0.0,0.0,4.0],"texture":"#2"}}},{"from":[13.5,3.5,2.5],"to":[13.5,12.5,6.5],"rotation":{"origin":[13.5,3.5,6.5],"axis":"y","angle":0.0},"faces":{"north":{"uv":[4.0,0.0,0.0,9.0],"texture":"#1"},"east":{"uv":[4.0,0.0,0.0,9.0],"texture":"#1"},"south":{"uv":[4.0,0.0,0.0,9.0],"texture":"#1"},"west":{"uv":[4.0,0.0,0.0,9.0],"texture":"#1"},"up":{"uv":[4.0,0.0,0.0,0.0],"texture":"#1","rotation":270},"down":{"uv":[4.0,0.0,0.0,0.0],"texture":"#1","rotation":90}}},{"from":[6.0,3.5,12.5],"to":[10.0,12.5,12.5],"rotation":{"origin":[6.0,3.5,12.5],"axis":"y","angle":0.0},"faces":{"north":{"uv":[4.0,0.0,0.0,9.0],"texture":"#1"},"east":{"uv":[4.0,0.0,0.0,9.0],"texture":"#1"},"south":{"uv":[4.0,0.0,0.0,9.0],"texture":"#1"},"west":{"uv":[4.0,0.0,0.0,9.0],"texture":"#1"},"up":{"uv":[4.0,0.0,0.0,0.0],"texture":"#1"},"down":{"uv":[4.0,0.0,0.0,0.0],"texture":"#1"}}},{"from":[2.5,3.25,7.25],"to":[2.5,12.25,11.25],"rotation":{"origin":[2.5,3.25,7.25],"axis":"y","angle":0.0},"faces":{"north":{"uv":[0.0,0.0,4.0,9.0],"texture":"#1"},"east":{"uv":[0.0,0.0,4.0,9.0],"texture":"#1"},"south":{"uv":[0.0,0.0,4.0,9.0],"texture":"#1"},"west":{"uv":[0.0,0.0,4.0,9.0],"texture":"#1"},"up":{"uv":[4.0,0.0,0.0,0.0],"texture":"#1","rotation":90},"down":{"uv":[4.0,0.0,0.0,0.0],"texture":"#1","rotation":270}}},{"from":[6.0,8.0,1.25],"to":[10.0,17.0,1.25],"rotation":{"origin":[6.0,8.0,1.25],"axis":"y","angle":0.0},"faces":{"north":{"uv":[0.0,0.0,4.0,9.0],"texture":"#1"},"east":{"uv":[0.0,0.0,4.0,9.0],"texture":"#1"},"south":{"uv":[0.0,0.0,4.0,9.0],"texture":"#1"},"west":{"uv":[0.0,0.0,4.0,9.0],"texture":"#1"},"up":{"uv":[4.0,0.0,0.0,0.0],"texture":"#1"},"down":{"uv":[4.0,0.0,0.0,0.0],"texture":"#1"}}}],"textures":{"particle":"cosmetic_packv6/ghost_animation4","1":"cosmetic_packv6/ghost_animation4","2":"cosmetic_packv6/ghost_animation3","4":"cosmetic_packv6/ghost_hat"},"gui_light":"front"}