{"display":{"gui":{"rotation":[180.0,-52.5,180.0],"translation":[4.0,7.5,0.0],"scale":[0.66016,0.66016,0.66016]},"head":{"translation":[0.0,-42.0,0.0],"scale":[1.7,1.7,1.7]}},"elements":[{"from":[-2.0,0.25,4.5],"to":[5.0,4.25,4.5],"rotation":{"origin":[0.0,2.25,3.5],"axis":"y","angle":0.0},"faces":{"north":{"uv":[1.75,7.75,2.625,8.25],"texture":"#0"},"east":{"uv":[0.0,0.0,0.0,0.5],"texture":"#0"},"south":{"uv":[2.625,7.75,3.5,8.25],"texture":"#0"},"west":{"uv":[0.0,0.0,0.0,0.5],"texture":"#0"},"up":{"uv":[0.875,0.0,0.0,0.0],"texture":"#0"},"down":{"uv":[0.875,0.0,0.0,0.0],"texture":"#0"}}},{"from":[-2.0,4.25,4.5],"to":[5.0,4.25,11.5],"rotation":{"origin":[0.0,2.25,3.5],"axis":"y","angle":0.0},"faces":{"north":{"uv":[0.0,0.0,0.875,0.0],"texture":"#0"},"east":{"uv":[0.0,0.0,0.875,0.0],"texture":"#0"},"south":{"uv":[0.0,0.0,0.875,0.0],"texture":"#0"},"west":{"uv":[0.0,0.0,0.875,0.0],"texture":"#0"},"up":{"uv":[7.5,8.25,6.625,7.375],"texture":"#0"},"down":{"uv":[8.375,7.375,7.5,8.25],"texture":"#0"}}},{"from":[-2.0,0.25,4.5],"to":[-2.0,4.25,11.5],"rotation":{"origin":[0.0,2.25,3.5],"axis":"y","angle":0.0},"faces":{"north":{"uv":[0.0,0.0,0.0,0.5],"texture":"#0"},"east":{"uv":[3.5,7.75,4.375,8.25],"texture":"#0"},"south":{"uv":[0.0,0.0,0.0,0.5],"texture":"#0"},"west":{"uv":[4.375,7.75,5.25,8.25],"texture":"#0"},"up":{"uv":[0.0,0.875,0.0,0.0],"texture":"#0"},"down":{"uv":[0.0,0.0,0.0,0.875],"texture":"#0"}}},{"from":[-2.0,0.25,11.5],"to":[5.0,4.25,11.5],"rotation":{"origin":[0.0,2.25,10.5],"axis":"y","angle":0.0},"faces":{"north":{"uv":[5.25,7.75,6.125,8.25],"texture":"#0"},"east":{"uv":[0.0,0.0,0.0,0.5],"texture":"#0"},"south":{"uv":[7.875,6.625,8.75,7.125],"texture":"#0"},"west":{"uv":[0.0,0.0,0.0,0.5],"texture":"#0"},"up":{"uv":[0.875,0.0,0.0,0.0],"texture":"#0"},"down":{"uv":[0.875,0.0,0.0,0.0],"texture":"#0"}}},{"from":[11.0,0.25,4.5],"to":[18.0,4.25,4.5],"rotation":{"origin":[16.0,2.25,3.5],"axis":"y","angle":0.0},"faces":{"north":{"uv":[2.625,7.75,1.75,8.25],"texture":"#0"},"east":{"uv":[0.0,0.0,0.0,0.5],"texture":"#0"},"south":{"uv":[3.5,7.75,2.625,8.25],"texture":"#0"},"west":{"uv":[0.0,0.0,0.0,0.5],"texture":"#0"},"up":{"uv":[0.0,0.0,0.875,0.0],"texture":"#0"},"down":{"uv":[0.0,0.0,0.875,0.0],"texture":"#0"}}},{"from":[11.0,4.25,4.5],"to":[18.0,4.25,11.5],"rotation":{"origin":[16.0,2.25,3.5],"axis":"y","angle":0.0},"faces":{"north":{"uv":[0.875,0.0,0.0,0.0],"texture":"#0"},"east":{"uv":[0.875,0.0,0.0,0.0],"texture":"#0"},"south":{"uv":[0.875,0.0,0.0,0.0],"texture":"#0"},"west":{"uv":[0.875,0.0,0.0,0.0],"texture":"#0"},"up":{"uv":[6.625,8.25,7.5,7.375],"texture":"#0"},"down":{"uv":[7.5,7.375,8.375,8.25],"texture":"#0"}}},{"from":[18.0,0.25,4.5],"to":[18.0,4.25,11.5],"rotation":{"origin":[16.0,2.25,3.5],"axis":"y","angle":0.0},"faces":{"north":{"uv":[0.0,0.0,0.0,0.5],"texture":"#0"},"east":{"uv":[5.25,7.75,4.375,8.25],"texture":"#0"},"south":{"uv":[0.0,0.0,0.0,0.5],"texture":"#0"},"west":{"uv":[4.375,7.75,3.5,8.25],"texture":"#0"},"up":{"uv":[0.0,0.875,0.0,0.0],"texture":"#0"},"down":{"uv":[0.0,0.0,0.0,0.875],"texture":"#0"}}},{"from":[11.0,0.25,11.5],"to":[18.0,4.25,11.5],"rotation":{"origin":[16.0,2.25,10.5],"axis":"y","angle":0.0},"faces":{"north":{"uv":[6.125,7.75,5.25,8.25],"texture":"#0"},"east":{"uv":[0.0,0.0,0.0,0.5],"texture":"#0"},"south":{"uv":[8.75,6.625,7.875,7.125],"texture":"#0"},"west":{"uv":[0.0,0.0,0.0,0.5],"texture":"#0"},"up":{"uv":[0.0,0.0,0.875,0.0],"texture":"#0"},"down":{"uv":[0.0,0.0,0.875,0.0],"texture":"#0"}}},{"from":[-1.0,-13.0,4.75],"to":[-1.0,3.5,11.75],"rotation":{"origin":[2.0,1.5,11.75],"axis":"x","angle":-22.5},"faces":{"north":{"uv":[0.0,0.0,0.0,2.125],"texture":"#0"},"east":{"uv":[2.25,5.625,3.125,7.75],"texture":"#0"},"south":{"uv":[0.0,0.0,0.0,2.125],"texture":"#0"},"west":{"uv":[3.125,5.625,4.0,7.75],"texture":"#0"},"up":{"uv":[0.0,0.875,0.0,0.0],"texture":"#0"},"down":{"uv":[0.0,0.0,0.0,0.875],"texture":"#0"}}},{"from":[17.0,-13.0,4.75],"to":[17.0,3.5,11.75],"rotation":{"origin":[14.0,1.5,11.75],"axis":"x","angle":-22.5},"faces":{"north":{"uv":[0.0,0.0,0.0,2.125],"texture":"#0"},"east":{"uv":[4.0,5.625,4.875,7.75],"texture":"#0"},"south":{"uv":[0.0,0.0,0.0,2.125],"texture":"#0"},"west":{"uv":[4.875,5.625,5.75,7.75],"texture":"#0"},"up":{"uv":[0.0,0.875,0.0,0.0],"texture":"#0"},"down":{"uv":[0.0,0.0,0.0,0.875],"texture":"#0"}}},{"from":[-1.0,-13.0,11.75],"to":[17.0,3.5,11.75],"rotation":{"origin":[4.0,1.5,11.75],"axis":"x","angle":-22.5},"faces":{"north":{"uv":[2.25,3.5,4.5,5.625],"texture":"#0"},"east":{"uv":[0.0,0.0,0.0,2.125],"texture":"#0"},"south":{"uv":[2.25,3.5,4.5,5.625],"texture":"#0"},"west":{"uv":[0.0,0.0,0.0,2.125],"texture":"#0"},"up":{"uv":[2.25,0.0,0.0,0.0],"texture":"#0"},"down":{"uv":[2.25,0.0,0.0,0.0],"texture":"#0"}}},{"from":[-4.0,-15.75,7.75],"to":[20.0,-15.75,21.75],"rotation":{"origin":[1.0,-7.75,5.75],"axis":"x","angle":-22.5},"faces":{"north":{"uv":[0.0,0.0,3.0,0.0],"texture":"#0"},"east":{"uv":[0.0,0.0,1.75,0.0],"texture":"#0"},"south":{"uv":[0.0,0.0,3.0,0.0],"texture":"#0"},"west":{"uv":[0.0,0.0,1.75,0.0],"texture":"#0"},"up":{"uv":[3.0,1.75,0.0,0.0],"texture":"#0"},"down":{"uv":[3.0,0.0,0.0,1.75],"texture":"#0"}}},{"from":[-4.0,-15.75,7.75],"to":[-4.0,-11.75,21.75],"rotation":{"origin":[1.0,-7.75,5.75],"axis":"x","angle":-22.5},"faces":{"north":{"uv":[0.0,0.0,0.0,0.5],"texture":"#0"},"east":{"uv":[6.875,0.0,8.625,0.5],"texture":"#0"},"south":{"uv":[0.0,0.0,0.0,0.5],"texture":"#0"},"west":{"uv":[6.875,0.5,8.625,1.0],"texture":"#0"},"up":{"uv":[0.0,1.75,0.0,0.0],"texture":"#0"},"down":{"uv":[0.0,0.0,0.0,1.75],"texture":"#0"}}},{"from":[-4.0,-15.75,21.75],"to":[20.0,-11.75,21.75],"rotation":{"origin":[1.0,-7.75,5.75],"axis":"x","angle":-22.5},"faces":{"north":{"uv":[6.625,6.125,9.625,6.625],"texture":"#0"},"east":{"uv":[0.0,0.0,0.0,0.5],"texture":"#0"},"south":{"uv":[6.625,6.125,9.625,6.625],"texture":"#0"},"west":{"uv":[0.0,0.0,0.0,0.5],"texture":"#0"},"up":{"uv":[3.0,0.0,0.0,0.0],"texture":"#0"},"down":{"uv":[3.0,0.0,0.0,0.0],"texture":"#0"}}},{"from":[20.0,-15.75,7.75],"to":[20.0,-11.75,21.75],"rotation":{"origin":[15.0,-7.75,5.75],"axis":"x","angle":-22.5},"faces":{"north":{"uv":[0.0,0.0,0.0,0.5],"texture":"#0"},"east":{"uv":[8.625,0.5,6.875,1.0],"texture":"#0"},"south":{"uv":[0.0,0.0,0.0,0.5],"texture":"#0"},"west":{"uv":[8.625,0.0,6.875,0.5],"texture":"#0"},"up":{"uv":[0.0,1.75,0.0,0.0],"texture":"#0"},"down":{"uv":[0.0,0.0,0.0,1.75],"texture":"#0"}}},{"from":[5.2,4.45,4.7],"to":[-2.2,0.05,4.3],"rotation":{"origin":[0.0,2.25,3.5],"axis":"y","angle":0.0},"faces":{"north":{"uv":[8.0,3.125,8.875,3.625],"texture":"#0"},"east":{"uv":[6.375,7.75,6.5,8.25],"texture":"#0"},"south":{"uv":[8.0,3.625,8.875,4.125],"texture":"#0"},"west":{"uv":[6.5,7.75,6.625,8.25],"texture":"#0"},"up":{"uv":[4.25,8.625,3.375,8.5],"texture":"#0"},"down":{"uv":[6.5,8.5,5.625,8.625],"texture":"#0"}}},{"from":[5.2,4.45,11.7],"to":[-2.2,0.05,11.3],"rotation":{"origin":[0.0,2.25,10.5],"axis":"y","angle":0.0},"faces":{"north":{"uv":[8.0,4.125,8.875,4.625],"texture":"#0"},"east":{"uv":[4.75,8.5,4.875,9.0],"texture":"#0"},"south":{"uv":[8.0,4.625,8.875,5.125],"texture":"#0"},"west":{"uv":[8.625,0.25,8.75,0.75],"texture":"#0"},"up":{"uv":[7.375,8.625,6.5,8.5],"texture":"#0"},"down":{"uv":[8.25,8.5,7.375,8.625],"texture":"#0"}}},{"from":[-1.8,4.45,11.7],"to":[-2.2,0.05,4.3],"rotation":{"origin":[0.0,2.25,3.5],"axis":"y","angle":0.0},"faces":{"north":{"uv":[8.625,0.75,8.75,1.25],"texture":"#0"},"east":{"uv":[8.0,5.125,8.875,5.625],"texture":"#0"},"south":{"uv":[0.875,8.625,1.0,9.125],"texture":"#0"},"west":{"uv":[1.75,8.25,2.625,8.75],"texture":"#0"},"up":{"uv":[4.375,9.375,4.25,8.5],"texture":"#0"},"down":{"uv":[4.5,8.5,4.375,9.375],"texture":"#0"}}},{"from":[5.2,4.45,11.7],"to":[-2.2,4.05,4.3],"rotation":{"origin":[0.0,2.25,3.5],"axis":"y","angle":0.0},"faces":{"north":{"uv":[8.25,8.5,9.125,8.625],"texture":"#0"},"east":{"uv":[0.0,8.625,0.875,8.75],"texture":"#0"},"south":{"uv":[8.625,0.0,9.5,0.125],"texture":"#0"},"west":{"uv":[8.625,0.125,9.5,0.25],"texture":"#0"},"up":{"uv":[0.875,8.625,0.0,7.75],"texture":"#0"},"down":{"uv":[1.75,7.75,0.875,8.625],"texture":"#0"}}},{"from":[18.2,4.45,4.7],"to":[10.8,0.05,4.3],"rotation":{"origin":[16.0,2.25,3.5],"axis":"y","angle":0.0},"faces":{"north":{"uv":[8.875,3.125,8.0,3.625],"texture":"#0"},"east":{"uv":[6.625,7.75,6.5,8.25],"texture":"#0"},"south":{"uv":[8.875,3.625,8.0,4.125],"texture":"#0"},"west":{"uv":[6.5,7.75,6.375,8.25],"texture":"#0"},"up":{"uv":[3.375,8.625,4.25,8.5],"texture":"#0"},"down":{"uv":[5.625,8.5,6.5,8.625],"texture":"#0"}}},{"from":[18.2,4.45,11.7],"to":[10.8,4.05,4.3],"rotation":{"origin":[16.0,2.25,3.5],"axis":"y","angle":0.0},"faces":{"north":{"uv":[9.125,8.5,8.25,8.625],"texture":"#0"},"east":{"uv":[9.5,0.125,8.625,0.25],"texture":"#0"},"south":{"uv":[9.5,0.0,8.625,0.125],"texture":"#0"},"west":{"uv":[0.875,8.625,0.0,8.75],"texture":"#0"},"up":{"uv":[0.0,8.625,0.875,7.75],"texture":"#0"},"down":{"uv":[0.875,7.75,1.75,8.625],"texture":"#0"}}},{"from":[18.2,4.45,11.7],"to":[17.8,0.05,4.3],"rotation":{"origin":[16.0,2.25,3.5],"axis":"y","angle":0.0},"faces":{"north":{"uv":[8.75,0.75,8.625,1.25],"texture":"#0"},"east":{"uv":[2.625,8.25,1.75,8.75],"texture":"#0"},"south":{"uv":[1.0,8.625,0.875,9.125],"texture":"#0"},"west":{"uv":[8.875,5.125,8.0,5.625],"texture":"#0"},"up":{"uv":[4.25,9.375,4.375,8.5],"texture":"#0"},"down":{"uv":[4.375,8.5,4.5,9.375],"texture":"#0"}}},{"from":[18.2,4.45,11.7],"to":[10.8,0.05,11.3],"rotation":{"origin":[16.0,2.25,10.5],"axis":"y","angle":0.0},"faces":{"north":{"uv":[8.875,4.125,8.0,4.625],"texture":"#0"},"east":{"uv":[8.75,0.25,8.625,0.75],"texture":"#0"},"south":{"uv":[8.875,4.625,8.0,5.125],"texture":"#0"},"west":{"uv":[4.875,8.5,4.75,9.0],"texture":"#0"},"up":{"uv":[6.5,8.625,7.375,8.5],"texture":"#0"},"down":{"uv":[7.375,8.5,8.25,8.625],"texture":"#0"}}},{"from":[-0.8,3.7,11.95],"to":[-1.2,-13.2,4.55],"rotation":{"origin":[2.0,1.5,11.75],"axis":"x","angle":-22.5},"faces":{"north":{"uv":[4.875,8.375,5.0,10.5],"texture":"#0"},"east":{"uv":[5.75,5.625,6.625,7.75],"texture":"#0"},"south":{"uv":[5.0,8.375,5.125,10.5],"texture":"#0"},"west":{"uv":[6.0,0.0,6.875,2.125],"texture":"#0"},"up":{"uv":[4.625,9.375,4.5,8.5],"texture":"#0"},"down":{"uv":[4.75,8.5,4.625,9.375],"texture":"#0"}}},{"from":[17.2,3.7,11.95],"to":[16.8,-13.2,4.55],"rotation":{"origin":[14.0,1.5,11.75],"axis":"x","angle":-22.5},"faces":{"north":{"uv":[5.0,8.375,4.875,10.5],"texture":"#0"},"east":{"uv":[6.875,0.0,6.0,2.125],"texture":"#0"},"south":{"uv":[5.125,8.375,5.0,10.5],"texture":"#0"},"west":{"uv":[6.625,5.625,5.75,7.75],"texture":"#0"},"up":{"uv":[4.5,9.375,4.625,8.5],"texture":"#0"},"down":{"uv":[4.625,8.5,4.75,9.375],"texture":"#0"}}},{"from":[17.2,3.7,11.95],"to":[-1.2,-13.2,11.55],"rotation":{"origin":[4.0,1.5,11.75],"axis":"x","angle":-22.5},"faces":{"north":{"uv":[4.5,3.5,6.75,5.625],"texture":"#0"},"east":{"uv":[5.125,8.375,5.25,10.5],"texture":"#0"},"south":{"uv":[0.0,5.625,2.25,7.75],"texture":"#0"},"west":{"uv":[5.25,8.375,5.375,10.5],"texture":"#0"},"up":{"uv":[4.875,8.5,2.625,8.375],"texture":"#0"},"down":{"uv":[10.625,7.375,8.375,7.5],"texture":"#0"}}},{"from":[20.2,-15.55,21.95],"to":[-4.2,-15.95,7.55],"rotation":{"origin":[1.0,-7.75,5.75],"axis":"x","angle":-22.5},"faces":{"north":{"uv":[7.875,7.25,10.875,7.375],"texture":"#0"},"east":{"uv":[8.375,7.5,10.125,7.625],"texture":"#0"},"south":{"uv":[2.625,8.25,5.625,8.375],"texture":"#0"},"west":{"uv":[8.375,7.625,10.125,7.75],"texture":"#0"},"up":{"uv":[6.0,1.75,3.0,0.0],"texture":"#0"},"down":{"uv":[6.0,0.0,3.0,1.75],"texture":"#0"}}},{"from":[-3.8,-11.55,21.95],"to":[-4.2,-15.95,7.55],"rotation":{"origin":[1.0,-7.75,5.75],"axis":"x","angle":-22.5},"faces":{"north":{"uv":[1.0,8.625,1.125,9.125],"texture":"#0"},"east":{"uv":[6.875,1.0,8.625,1.5],"texture":"#0"},"south":{"uv":[1.125,8.625,1.25,9.125],"texture":"#0"},"west":{"uv":[6.875,1.5,8.625,2.0],"texture":"#0"},"up":{"uv":[5.5,10.125,5.375,8.375],"texture":"#0"},"down":{"uv":[5.625,8.375,5.5,10.125],"texture":"#0"}}},{"from":[20.2,-11.55,21.95],"to":[-4.2,-15.95,21.55],"rotation":{"origin":[1.0,-7.75,5.75],"axis":"x","angle":-22.5},"faces":{"north":{"uv":[6.0,2.125,9.0,2.625],"texture":"#0"},"east":{"uv":[6.125,7.75,6.25,8.25],"texture":"#0"},"south":{"uv":[6.0,2.625,9.0,3.125],"texture":"#0"},"west":{"uv":[6.25,7.75,6.375,8.25],"texture":"#0"},"up":{"uv":[9.875,2.125,6.875,2.0],"texture":"#0"},"down":{"uv":[10.875,7.125,7.875,7.25],"texture":"#0"}}},{"from":[20.2,-11.55,21.95],"to":[19.8,-15.95,7.55],"rotation":{"origin":[15.0,-7.75,5.75],"axis":"x","angle":-22.5},"faces":{"north":{"uv":[1.125,8.625,1.0,9.125],"texture":"#0"},"east":{"uv":[8.625,1.5,6.875,2.0],"texture":"#0"},"south":{"uv":[1.25,8.625,1.125,9.125],"texture":"#0"},"west":{"uv":[8.625,1.0,6.875,1.5],"texture":"#0"},"up":{"uv":[5.375,10.125,5.5,8.375],"texture":"#0"},"down":{"uv":[5.5,8.375,5.625,10.125],"texture":"#0"}}},{"from":[6.0,-5.25,22.0],"to":[10.0,3.75,22.0],"rotation":{"origin":[6.0,-5.25,20.0],"axis":"y","angle":0.0},"faces":{"north":{"uv":[0.0,0.0,4.0,9.0],"texture":"#1"},"east":{"uv":[0.0,0.0,0.0,9.0],"texture":"#1"},"south":{"uv":[0.0,0.0,4.0,9.0],"texture":"#1"},"west":{"uv":[0.0,0.0,0.0,9.0],"texture":"#1"},"up":{"uv":[4.0,0.0,0.0,0.0],"texture":"#1"},"down":{"uv":[4.0,0.0,0.0,0.0],"texture":"#1"}}},{"from":[-2.0,4.5,6.0],"to":[-2.0,14.5,10.0],"rotation":{"origin":[-2.0,4.5,6.0],"axis":"y","angle":0.0},"faces":{"north":{"uv":[0.0,0.0,0.0,10.0],"texture":"#2"},"east":{"uv":[0.0,0.0,4.0,10.0],"texture":"#2"},"south":{"uv":[0.0,0.0,0.0,10.0],"texture":"#2"},"west":{"uv":[4.0,0.0,8.0,10.0],"texture":"#2"},"up":{"uv":[0.0,4.0,0.0,0.0],"texture":"#2"},"down":{"uv":[0.0,0.0,0.0,4.0],"texture":"#2"}}},{"from":[18.0,4.5,6.0],"to":[18.0,14.5,10.0],"rotation":{"origin":[18.0,4.5,6.0],"axis":"y","angle":0.0},"faces":{"north":{"uv":[0.0,0.0,0.0,10.0],"texture":"#2"},"east":{"uv":[8.0,0.0,4.0,10.0],"texture":"#2"},"south":{"uv":[0.0,0.0,0.0,10.0],"texture":"#2"},"west":{"uv":[4.0,0.0,0.0,10.0],"texture":"#2"},"up":{"uv":[0.0,4.0,0.0,0.0],"texture":"#2"},"down":{"uv":[0.0,0.0,0.0,4.0],"texture":"#2"}}},{"from":[-5.25,-6.5,22.0],"to":[-1.25,2.5,22.0],"rotation":{"origin":[-5.25,-6.5,22.0],"axis":"y","angle":0.0},"faces":{"north":{"uv":[0.0,0.0,4.0,9.0],"texture":"#3"},"east":{"uv":[0.0,0.0,0.0,9.0],"texture":"#3"},"south":{"uv":[0.0,0.0,4.0,9.0],"texture":"#3"},"west":{"uv":[0.0,0.0,0.0,9.0],"texture":"#3"},"up":{"uv":[4.0,0.0,0.0,0.0],"texture":"#3"},"down":{"uv":[4.0,0.0,0.0,0.0],"texture":"#3"}}},{"from":[17.25,-6.5,22.0],"to":[21.25,2.5,22.0],"rotation":{"origin":[21.25,-6.5,22.0],"axis":"y","angle":0.0},"faces":{"north":{"uv":[4.0,0.0,0.0,9.0],"texture":"#3"},"east":{"uv":[0.0,0.0,0.0,9.0],"texture":"#3"},"south":{"uv":[4.0,0.0,0.0,9.0],"texture":"#3"},"west":{"uv":[0.0,0.0,0.0,9.0],"texture":"#3"},"up":{"uv":[0.0,0.0,4.0,0.0],"texture":"#3"},"down":{"uv":[0.0,0.0,4.0,0.0],"texture":"#3"}}}],"textures":{"particle":"cosmetic_packv6/ghost_backpack","0":"cosmetic_packv6/ghost_backpack","1":"cosmetic_packv6/ghost_animation1","2":"cosmetic_packv6/ghost_animation2","3":"cosmetic_packv6/ghost_animation4"},"gui_light":"front"}