{"display":{"gui":{"rotation":[180.0,-40.0,180.0],"translation":[0.0,3.25,0.0],"scale":[1.15625,1.15625,1.15625]},"head":{"translation":[0.0,7.0,0.0],"scale":[1.7,1.7,1.7]}},"elements":[{"from":[4.0,0.0,4.0],"to":[12.0,8.0,4.0],"rotation":{"origin":[4.0,0.0,4.0],"axis":"y","angle":0.0},"faces":{"north":{"uv":[4.0,0.0,8.0,4.0],"texture":"#0"},"east":{"uv":[0.0,0.0,0.0,4.0],"texture":"#0"},"south":{"uv":[4.0,0.0,8.0,4.0],"texture":"#0"},"west":{"uv":[0.0,0.0,0.0,4.0],"texture":"#0"},"up":{"uv":[4.0,0.0,0.0,0.0],"texture":"#0"},"down":{"uv":[4.0,0.0,0.0,0.0],"texture":"#0"}}},{"from":[4.0,8.0,4.0],"to":[12.0,8.0,10.0],"rotation":{"origin":[4.0,0.0,4.0],"axis":"y","angle":0.0},"faces":{"north":{"uv":[0.0,0.0,4.0,0.0],"texture":"#0"},"east":{"uv":[0.0,0.0,3.0,0.0],"texture":"#0"},"south":{"uv":[0.0,0.0,4.0,0.0],"texture":"#0"},"west":{"uv":[0.0,0.0,3.0,0.0],"texture":"#0"},"up":{"uv":[4.0,11.0,0.0,8.0],"texture":"#0"},"down":{"uv":[4.0,8.0,0.0,11.0],"texture":"#0"}}},{"from":[4.0,0.0,4.0],"to":[4.0,8.0,10.0],"rotation":{"origin":[4.0,0.0,4.0],"axis":"y","angle":0.0},"faces":{"north":{"uv":[0.0,0.0,0.0,4.0],"texture":"#0"},"east":{"uv":[8.0,3.0,11.0,7.0],"texture":"#0"},"south":{"uv":[0.0,0.0,0.0,4.0],"texture":"#0"},"west":{"uv":[4.0,8.0,7.0,12.0],"texture":"#0"},"up":{"uv":[0.0,3.0,0.0,0.0],"texture":"#0"},"down":{"uv":[0.0,0.0,0.0,3.0],"texture":"#0"}}},{"from":[12.0,0.0,4.0],"to":[12.0,8.0,10.0],"rotation":{"origin":[12.0,0.0,4.0],"axis":"y","angle":0.0},"faces":{"north":{"uv":[0.0,0.0,0.0,4.0],"texture":"#0"},"east":{"uv":[7.0,8.0,4.0,12.0],"texture":"#0"},"south":{"uv":[0.0,0.0,0.0,4.0],"texture":"#0"},"west":{"uv":[11.0,3.0,8.0,7.0],"texture":"#0"},"up":{"uv":[0.0,3.0,0.0,0.0],"texture":"#0"},"down":{"uv":[0.0,0.0,0.0,3.0],"texture":"#0"}}},{"from":[-4.0,5.0,7.0],"to":[4.0,13.0,7.0],"rotation":{"origin":[4.0,5.0,7.0],"axis":"y","angle":0.0},"faces":{"north":{"uv":[0.0,0.0,4.0,4.0],"texture":"#0"},"east":{"uv":[0.0,0.0,0.0,4.0],"texture":"#0"},"south":{"uv":[0.0,4.0,4.0,8.0],"texture":"#0"},"west":{"uv":[0.0,0.0,0.0,4.0],"texture":"#0"},"up":{"uv":[4.0,0.0,0.0,0.0],"texture":"#0"},"down":{"uv":[4.0,0.0,0.0,0.0],"texture":"#0"}}},{"from":[12.0,5.0,7.0],"to":[20.0,13.0,7.0],"rotation":{"origin":[12.0,5.0,7.0],"axis":"y","angle":0.0},"faces":{"north":{"uv":[4.0,0.0,0.0,4.0],"texture":"#0"},"east":{"uv":[0.0,0.0,0.0,4.0],"texture":"#0"},"south":{"uv":[4.0,4.0,0.0,8.0],"texture":"#0"},"west":{"uv":[0.0,0.0,0.0,4.0],"texture":"#0"},"up":{"uv":[0.0,0.0,4.0,0.0],"texture":"#0"},"down":{"uv":[0.0,0.0,4.0,0.0],"texture":"#0"}}}],"textures":{"particle":"cosmetic_packv6/ocultism_hat","0":"cosmetic_packv6/ocultism_hat"},"gui_light":"front"}