{"display":{"thirdperson_righthand":{"rotation":[53.5,0.0,0.0],"translation":[0.0,3.25,3.25]},"thirdperson_lefthand":{"rotation":[53.5,0.0,0.0],"translation":[0.0,3.25,3.25]},"firstperson_righthand":{"rotation":[10.5,0.0,0.0],"translation":[0.0,2.5,0.0],"scale":[0.85742,0.85742,0.85742]},"firstperson_lefthand":{"rotation":[-1.0,-3.75,-0.06],"translation":[2.25,0.5,-1.5],"scale":[0.93359,0.93359,0.93359]},"gui":{"rotation":[-156.69,-23.23,-155.42],"translation":[1.0,2.75,0.0],"scale":[0.76172,0.76172,0.76172]}},"elements":[{"from":[7.0,-10.0,7.0],"to":[9.0,9.0,9.0],"rotation":{"origin":[7.0,0.0,7.0],"axis":"y","angle":0.0},"faces":{"north":{"uv":[0.0,0.0,1.0,9.5],"texture":"#0"},"east":{"uv":[1.0,0.0,2.0,9.5],"texture":"#0"},"south":{"uv":[2.0,0.0,3.0,9.5],"texture":"#0"},"west":{"uv":[3.0,0.0,4.0,9.5],"texture":"#0"},"up":{"uv":[1.0,10.5,0.0,9.5],"texture":"#0"},"down":{"uv":[2.0,9.5,1.0,10.5],"texture":"#0"}}},{"from":[6.5,9.0,6.5],"to":[9.5,14.0,9.5],"rotation":{"origin":[6.5,19.0,6.5],"axis":"y","angle":0.0},"faces":{"north":{"uv":[4.0,7.5,5.5,10.0],"texture":"#0"},"east":{"uv":[5.5,7.5,7.0,10.0],"texture":"#0"},"south":{"uv":[7.0,7.5,8.5,10.0],"texture":"#0"},"west":{"uv":[8.5,7.5,10.0,10.0],"texture":"#0"},"up":{"uv":[10.5,1.5,9.0,0.0],"texture":"#0"},"down":{"uv":[10.5,1.5,9.0,3.0],"texture":"#0"}}},{"from":[5.5,14.5,5.0],"to":[10.5,19.5,10.0],"rotation":{"origin":[5.5,14.5,5.0],"axis":"x","angle":22.5},"faces":{"north":{"uv":[4.0,0.0,6.5,2.5],"texture":"#0"},"east":{"uv":[4.0,2.5,6.5,5.0],"texture":"#0"},"south":{"uv":[4.0,5.0,6.5,7.5],"texture":"#0"},"west":{"uv":[6.5,0.0,9.0,2.5],"texture":"#0"},"up":{"uv":[9.0,5.0,6.5,2.5],"texture":"#0"},"down":{"uv":[9.0,5.0,6.5,7.5],"texture":"#0"}}},{"from":[6.49,12.74,3.74],"to":[9.51,14.76,5.76],"rotation":{"origin":[6.5,11.75,3.75],"axis":"x","angle":22.5},"faces":{"north":{"uv":[9.0,3.0,10.5,4.0],"texture":"#0"},"east":{"uv":[2.0,9.5,3.0,10.5],"texture":"#0"},"south":{"uv":[9.0,4.0,10.5,5.0],"texture":"#0"},"west":{"uv":[3.0,9.5,4.0,10.5],"texture":"#0"},"up":{"uv":[10.5,6.0,9.0,5.0],"texture":"#0"},"down":{"uv":[10.5,6.0,9.0,7.0],"texture":"#0"}}}],"textures":{"particle":"cosmetic_packv6/ocultism_hand","0":"cosmetic_packv6/ocultism_hand"},"gui_light":"front"}