{"display":{"thirdperson_lefthand":{"rotation":[14.5,0.0,0.0],"translation":[0.0,2.5,2.0]},"gui":{"rotation":[-136.44,-47.76,-118.66],"translation":[-1.5,-2.75,0.0],"scale":[0.75586,0.75586,0.75586]}},"elements":[{"from":[6.5,0.0,6.5],"to":[9.5,1.0,9.5],"rotation":{"origin":[6.5,0.0,5.5],"axis":"y","angle":0.0},"faces":{"north":{"uv":[8.0,1.0,9.5,1.5],"texture":"#0"},"east":{"uv":[8.0,1.5,9.5,2.0],"texture":"#0"},"south":{"uv":[8.0,2.0,9.5,2.5],"texture":"#0"},"west":{"uv":[8.5,2.5,10.0,3.0],"texture":"#0"},"up":{"uv":[8.5,4.0,7.0,2.5],"texture":"#0"},"down":{"uv":[8.5,4.0,7.0,5.5],"texture":"#0"}}},{"from":[7.0,1.0,7.0],"to":[9.0,6.0,9.0],"rotation":{"origin":[6.0,1.0,5.0],"axis":"y","angle":0.0},"faces":{"north":{"uv":[6.0,0.0,7.0,2.5],"texture":"#0"},"east":{"uv":[6.0,2.5,7.0,5.0],"texture":"#0"},"south":{"uv":[6.0,5.0,7.0,7.5],"texture":"#0"},"west":{"uv":[7.0,0.0,8.0,2.5],"texture":"#0"},"up":{"uv":[7.0,8.5,6.0,7.5],"texture":"#0"},"down":{"uv":[9.0,0.0,8.0,1.0],"texture":"#0"}}},{"from":[6.5,6.0,6.5],"to":[9.5,7.0,9.5],"rotation":{"origin":[6.5,6.0,5.5],"axis":"y","angle":0.0},"faces":{"north":{"uv":[3.0,8.5,4.5,9.0],"texture":"#0"},"east":{"uv":[8.5,3.0,10.0,3.5],"texture":"#0"},"south":{"uv":[8.5,3.5,10.0,4.0],"texture":"#0"},"west":{"uv":[8.5,4.0,10.0,4.5],"texture":"#0"},"up":{"uv":[8.5,7.0,7.0,5.5],"texture":"#0"},"down":{"uv":[8.5,7.0,7.0,8.5],"texture":"#0"}}},{"from":[7.5,7.0,7.0],"to":[8.5,24.0,9.0],"rotation":{"origin":[5.5,7.0,5.0],"axis":"y","angle":0.0},"faces":{"north":{"uv":[5.0,0.0,5.5,8.5],"texture":"#0"},"east":{"uv":[3.0,0.0,4.0,8.5],"texture":"#0"},"south":{"uv":[5.5,0.0,6.0,8.5],"texture":"#0"},"west":{"uv":[4.0,0.0,5.0,8.5],"texture":"#0"},"up":{"uv":[5.0,9.5,4.5,8.5],"texture":"#0"},"down":{"uv":[9.0,4.5,8.5,5.5],"texture":"#0"}}},{"from":[8.0,6.5,6.0],"to":[8.0,26.5,9.0],"rotation":{"origin":[5.0,7.5,4.0],"axis":"y","angle":0.0},"faces":{"north":{"uv":[0.0,0.0,0.0,10.0],"texture":"#0"},"east":{"uv":[0.0,0.0,1.5,10.0],"texture":"#0"},"south":{"uv":[0.0,0.0,0.0,10.0],"texture":"#0"},"west":{"uv":[1.5,0.0,3.0,10.0],"texture":"#0"},"up":{"uv":[0.0,1.5,0.0,0.0],"texture":"#0"},"down":{"uv":[0.0,0.0,0.0,1.5],"texture":"#0"}}}],"textures":{"particle":"cosmetic_packv6/oni_hand","0":"cosmetic_packv6/oni_hand"},"gui_light":"front"}