{"display":{"thirdperson_righthand":{"translation":[0.0,10.75,0.0]},"thirdperson_lefthand":{"translation":[0.0,12.25,0.0]},"ground":{"translation":[0.0,15.25,0.0]},"gui":{"rotation":[180.0,-29.75,180.0],"translation":[0.0,9.5,0.0],"scale":[0.97461,0.97461,0.97461]},"head":{"translation":[0.0,-38.5,0.0],"scale":[1.7,1.7,1.7]},"fixed":{"translation":[0.0,10.0,-1.5]}},"elements":[{"from":[-1.75,-0.25,4.0],"to":[3.25,1.75,12.0],"rotation":{"origin":[1.25,-0.25,6.0],"axis":"z","angle":-22.5},"faces":{"north":{"uv":[8.0,1.0,10.5,2.0],"texture":"#0"},"east":{"uv":[0.0,7.0,4.0,8.0],"texture":"#0"},"south":{"uv":[8.0,2.0,10.5,3.0],"texture":"#0"},"west":{"uv":[7.5,3.0,11.5,4.0],"texture":"#0"},"up":{"uv":[2.5,4.0,0.0,0.0],"texture":"#0"},"down":{"uv":[5.0,0.0,2.5,4.0],"texture":"#0"}}},{"from":[4.0,-6.0,5.5],"to":[12.0,-4.0,5.5],"rotation":{"origin":[9.0,-6.0,7.5],"axis":"y","angle":0.0},"faces":{"north":{"uv":[7.5,4.0,11.5,5.0],"texture":"#0"},"east":{"uv":[0.0,0.0,0.0,1.0],"texture":"#0"},"south":{"uv":[7.5,4.0,11.5,5.0],"texture":"#0"},"west":{"uv":[0.0,0.0,0.0,1.0],"texture":"#0"},"up":{"uv":[4.0,0.0,0.0,0.0],"texture":"#0"},"down":{"uv":[4.0,0.0,0.0,0.0],"texture":"#0"}}},{"from":[6.0,-7.0,4.5],"to":[10.0,-3.0,5.5],"rotation":{"origin":[9.0,-7.0,7.5],"axis":"y","angle":0.0},"faces":{"north":{"uv":[4.0,7.0,6.0,9.0],"texture":"#0"},"east":{"uv":[7.5,9.5,8.0,11.5],"texture":"#0"},"south":{"uv":[7.5,6.0,9.5,8.0],"texture":"#0"},"west":{"uv":[8.0,9.5,8.5,11.5],"texture":"#0"},"up":{"uv":[11.5,7.0,9.5,6.5],"texture":"#0"},"down":{"uv":[11.5,7.0,9.5,7.5],"texture":"#0"}}},{"from":[4.0,-6.0,10.5],"to":[12.0,-4.0,10.5],"rotation":{"origin":[9.0,-6.0,12.5],"axis":"y","angle":0.0},"faces":{"north":{"uv":[8.0,0.0,12.0,1.0],"texture":"#0"},"east":{"uv":[0.0,0.0,0.0,1.0],"texture":"#0"},"south":{"uv":[8.0,0.0,12.0,1.0],"texture":"#0"},"west":{"uv":[0.0,0.0,0.0,1.0],"texture":"#0"},"up":{"uv":[4.0,0.0,0.0,0.0],"texture":"#0"},"down":{"uv":[4.0,0.0,0.0,0.0],"texture":"#0"}}},{"from":[4.0,-6.0,5.5],"to":[4.0,-4.0,10.5],"rotation":{"origin":[9.0,-6.0,7.5],"axis":"y","angle":0.0},"faces":{"north":{"uv":[0.0,0.0,0.0,1.0],"texture":"#0"},"east":{"uv":[7.5,8.0,10.0,9.0],"texture":"#0"},"south":{"uv":[0.0,0.0,0.0,1.0],"texture":"#0"},"west":{"uv":[0.0,9.0,2.5,10.0],"texture":"#0"},"up":{"uv":[0.0,2.5,0.0,0.0],"texture":"#0"},"down":{"uv":[0.0,0.0,0.0,2.5],"texture":"#0"}}},{"from":[12.0,-6.0,5.5],"to":[12.0,-4.0,10.5],"rotation":{"origin":[17.0,-6.0,7.5],"axis":"y","angle":0.0},"faces":{"north":{"uv":[0.0,0.0,0.0,1.0],"texture":"#0"},"east":{"uv":[2.5,9.0,5.0,10.0],"texture":"#0"},"south":{"uv":[0.0,0.0,0.0,1.0],"texture":"#0"},"west":{"uv":[5.0,9.0,7.5,10.0],"texture":"#0"},"up":{"uv":[0.0,2.5,0.0,0.0],"texture":"#0"},"down":{"uv":[0.0,0.0,0.0,2.5],"texture":"#0"}}},{"from":[0.25,-6.25,5.0],"to":[3.25,-0.25,11.0],"rotation":{"origin":[1.25,-0.25,6.0],"axis":"z","angle":-22.5},"faces":{"north":{"uv":[5.0,0.0,6.5,3.0],"texture":"#0"},"east":{"uv":[0.0,4.0,3.0,7.0],"texture":"#0"},"south":{"uv":[6.0,3.0,7.5,6.0],"texture":"#0"},"west":{"uv":[3.0,4.0,6.0,7.0],"texture":"#0"},"up":{"uv":[7.5,9.0,6.0,6.0],"texture":"#0"},"down":{"uv":[8.0,0.0,6.5,3.0],"texture":"#0"}}},{"from":[0.25,-7.25,5.0],"to":[0.25,-6.25,11.0],"rotation":{"origin":[1.25,-0.25,6.0],"axis":"z","angle":-22.5},"faces":{"north":{"uv":[0.0,0.0,0.0,0.5],"texture":"#0"},"east":{"uv":[7.5,9.0,10.5,9.5],"texture":"#0"},"south":{"uv":[0.0,0.0,0.0,0.5],"texture":"#0"},"west":{"uv":[9.5,6.0,12.5,6.5],"texture":"#0"},"up":{"uv":[0.0,3.0,0.0,0.0],"texture":"#0"},"down":{"uv":[0.0,0.0,0.0,3.0],"texture":"#0"}}},{"from":[0.25,-7.25,5.0],"to":[3.25,-6.25,5.0],"rotation":{"origin":[1.25,-0.25,6.0],"axis":"z","angle":-22.5},"faces":{"north":{"uv":[9.5,7.5,11.0,8.0],"texture":"#0"},"east":{"uv":[0.0,0.0,0.0,0.5],"texture":"#0"},"south":{"uv":[8.5,9.5,10.0,10.0],"texture":"#0"},"west":{"uv":[0.0,0.0,0.0,0.5],"texture":"#0"},"up":{"uv":[1.5,0.0,0.0,0.0],"texture":"#0"},"down":{"uv":[1.5,0.0,0.0,0.0],"texture":"#0"}}},{"from":[0.25,-7.25,11.0],"to":[3.25,-6.25,11.0],"rotation":{"origin":[1.25,-0.25,12.0],"axis":"z","angle":-22.5},"faces":{"north":{"uv":[9.5,7.5,11.0,8.0],"texture":"#0"},"east":{"uv":[0.0,0.0,0.0,0.5],"texture":"#0"},"south":{"uv":[8.5,9.5,10.0,10.0],"texture":"#0"},"west":{"uv":[0.0,0.0,0.0,0.5],"texture":"#0"},"up":{"uv":[1.5,0.0,0.0,0.0],"texture":"#0"},"down":{"uv":[1.5,0.0,0.0,0.0],"texture":"#0"}}},{"from":[12.75,-0.25,4.0],"to":[17.75,1.75,12.0],"rotation":{"origin":[14.75,-0.25,6.0],"axis":"z","angle":22.5},"faces":{"north":{"uv":[10.5,1.0,8.0,2.0],"texture":"#0"},"east":{"uv":[11.5,3.0,7.5,4.0],"texture":"#0"},"south":{"uv":[10.5,2.0,8.0,3.0],"texture":"#0"},"west":{"uv":[4.0,7.0,0.0,8.0],"texture":"#0"},"up":{"uv":[0.0,4.0,2.5,0.0],"texture":"#0"},"down":{"uv":[2.5,0.0,5.0,4.0],"texture":"#0"}}},{"from":[12.75,-6.25,5.0],"to":[15.75,-0.25,11.0],"rotation":{"origin":[14.75,-0.25,6.0],"axis":"z","angle":22.5},"faces":{"north":{"uv":[6.5,0.0,5.0,3.0],"texture":"#0"},"east":{"uv":[6.0,4.0,3.0,7.0],"texture":"#0"},"south":{"uv":[7.5,3.0,6.0,6.0],"texture":"#0"},"west":{"uv":[3.0,4.0,0.0,7.0],"texture":"#0"},"up":{"uv":[6.0,9.0,7.5,6.0],"texture":"#0"},"down":{"uv":[6.5,0.0,8.0,3.0],"texture":"#0"}}},{"from":[12.75,-7.25,5.0],"to":[15.75,-6.25,5.0],"rotation":{"origin":[14.75,-0.25,6.0],"axis":"z","angle":22.5},"faces":{"north":{"uv":[11.0,7.5,9.5,8.0],"texture":"#0"},"east":{"uv":[0.0,0.0,0.0,0.5],"texture":"#0"},"south":{"uv":[10.0,9.5,8.5,10.0],"texture":"#0"},"west":{"uv":[0.0,0.0,0.0,0.5],"texture":"#0"},"up":{"uv":[0.0,0.0,1.5,0.0],"texture":"#0"},"down":{"uv":[0.0,0.0,1.5,0.0],"texture":"#0"}}},{"from":[15.75,-7.25,5.0],"to":[15.75,-6.25,11.0],"rotation":{"origin":[14.75,-0.25,6.0],"axis":"z","angle":22.5},"faces":{"north":{"uv":[0.0,0.0,0.0,0.5],"texture":"#0"},"east":{"uv":[12.5,6.0,9.5,6.5],"texture":"#0"},"south":{"uv":[0.0,0.0,0.0,0.5],"texture":"#0"},"west":{"uv":[10.5,9.0,7.5,9.5],"texture":"#0"},"up":{"uv":[0.0,3.0,0.0,0.0],"texture":"#0"},"down":{"uv":[0.0,0.0,0.0,3.0],"texture":"#0"}}},{"from":[12.75,-7.25,11.0],"to":[15.75,-6.25,11.0],"rotation":{"origin":[14.75,-0.25,12.0],"axis":"z","angle":22.5},"faces":{"north":{"uv":[11.0,7.5,9.5,8.0],"texture":"#0"},"east":{"uv":[0.0,0.0,0.0,0.5],"texture":"#0"},"south":{"uv":[10.0,9.5,8.5,10.0],"texture":"#0"},"west":{"uv":[0.0,0.0,0.0,0.5],"texture":"#0"},"up":{"uv":[0.0,0.0,1.5,0.0],"texture":"#0"},"down":{"uv":[0.0,0.0,1.5,0.0],"texture":"#0"}}}],"textures":{"particle":"cosmetic_packv6/oni_backpack","0":"cosmetic_packv6/oni_backpack"},"gui_light":"front"}