{"credit":"Pologony Creation Co.,Ltd.","texture_size":[48,48],"textures":{"1":"plny_summer2025cosmeticsset/duck_floatie"},"elements":[{"from":[4,-15.5625,4],"to":[12,-14.0625,5.5],"rotation":{"angle":0,"axis":"y","origin":[4,-15.5625,4]},"faces":{"north":{"uv":[0,0,5.33333,1],"texture":"#1"},"east":{"uv":[11.33333,0,12.33333,1],"texture":"#1"},"south":{"uv":[0,1.33333,5.33333,2.33333],"texture":"#1"},"west":{"uv":[11.33333,1.33333,12.33333,2.33333],"texture":"#1"},"up":{"uv":[5.33333,3.66667,0,2.66667],"texture":"#1"},"down":{"uv":[5.33333,4,0,5],"texture":"#1"}}},{"from":[4,-15.5625,10.5],"to":[12,-14.0625,12],"rotation":{"angle":0,"axis":"y","origin":[4,-15.5625,4]},"faces":{"north":{"uv":[0,5.33333,5.33333,6.33333],"texture":"#1"},"east":{"uv":[2.66667,11.33333,3.66667,12.33333],"texture":"#1"},"south":{"uv":[5.66667,0,11,1],"texture":"#1"},"west":{"uv":[11.33333,2.66667,12.33333,3.66667],"texture":"#1"},"up":{"uv":[11,2.33333,5.66667,1.33333],"texture":"#1"},"down":{"uv":[11,2.66667,5.66667,3.66667],"texture":"#1"}}},{"from":[10.5,-15.5625,5.5],"to":[12,-14.0625,10.5],"rotation":{"angle":0,"axis":"y","origin":[4,-15.5625,4]},"faces":{"north":{"uv":[4,11.33333,5,12.33333],"texture":"#1"},"east":{"uv":[4.66667,8.66667,8,9.66667],"texture":"#1"},"south":{"uv":[5.33333,11.33333,6.33333,12.33333],"texture":"#1"},"west":{"uv":[8.33333,8.66667,11.66667,9.66667],"texture":"#1"},"up":{"uv":[1,12.33333,0,9],"texture":"#1"},"down":{"uv":[2.33333,9,1.33333,12.33333],"texture":"#1"}}},{"from":[4,-15.5625,5.5],"to":[5.5,-14.0625,10.5],"rotation":{"angle":0,"axis":"y","origin":[4,-15.5625,4]},"faces":{"north":{"uv":[6.66667,11.33333,7.66667,12.33333],"texture":"#1"},"east":{"uv":[2.66667,10,6,11],"texture":"#1"},"south":{"uv":[8,11.33333,9,12.33333],"texture":"#1"},"west":{"uv":[6.33333,10,9.66667,11],"texture":"#1"},"up":{"uv":[11,13.33333,10,10],"texture":"#1"},"down":{"uv":[11.33333,4,10.33333,7.33333],"texture":"#1"}}},{"from":[6.5,-14.625,2.77903],"to":[9.5,-11.625,5.77903],"rotation":{"angle":0,"axis":"y","origin":[7,-10.125,5.77903]},"faces":{"north":{"uv":[5.66667,4,7.66667,6],"texture":"#1"},"east":{"uv":[5.66667,6.33333,7.66667,8.33333],"texture":"#1"},"south":{"uv":[0,6.66667,2,8.66667],"texture":"#1"},"west":{"uv":[2.33333,6.66667,4.33333,8.66667],"texture":"#1"},"up":{"uv":[10,6,8,4],"texture":"#1"},"down":{"uv":[10,6.33333,8,8.33333],"texture":"#1"}}},{"from":[3.2,-15.625,7.15403],"to":[3.7,-14.125,8.65403],"rotation":{"angle":-22.5,"axis":"y","origin":[3.45,-14.875,8.65403]},"faces":{"north":{"uv":[9.33333,11.33333,9.66667,12.33333],"texture":"#1"},"east":{"uv":[11.33333,10,12.33333,11],"texture":"#1"},"south":{"uv":[0,12.66667,0.33333,13.66667],"texture":"#1"},"west":{"uv":[11.33333,11.33333,12.33333,12.33333],"texture":"#1"},"up":{"uv":[13,1,12.66667,0],"texture":"#1"},"down":{"uv":[1,12.66667,0.66667,13.66667],"texture":"#1"}}},{"from":[7,-13.625,1.77903],"to":[9,-13.125,2.77903],"rotation":{"angle":0,"axis":"y","origin":[7,-9.125,2.77903]},"faces":{"north":{"uv":[11.66667,6.33333,13,6.66667],"texture":"#1"},"east":{"uv":[4.66667,8,5.33333,8.33333],"texture":"#1"},"west":{"uv":[12,9,12.66667,9.33333],"texture":"#1"},"up":{"uv":[4,9.66667,2.66667,9],"texture":"#1"},"down":{"uv":[11.66667,7.66667,10.33333,8.33333],"texture":"#1"}}},{"from":[6.99875,-13.79289,11.25759],"to":[9.00125,-13.29289,11.75759],"rotation":{"angle":-45,"axis":"x","origin":[7.99875,-13.29289,12.38259]},"faces":{"east":{"uv":[3,12.66667,3.33333,13],"texture":"#1"},"south":{"uv":[11.66667,7,13,7.33333],"texture":"#1"},"west":{"uv":[12.66667,3,13,3.33333],"texture":"#1"},"up":{"uv":[13.33333,8,12,7.66667],"texture":"#1"},"down":{"uv":[13.33333,8.33333,12,8.66667],"texture":"#1"}}},{"from":[6.99875,-13.79289,11.75759],"to":[9.00125,-13.29289,12.75759],"rotation":{"angle":-45,"axis":"x","origin":[7.99875,-13.29289,12.38259]},"faces":{"east":{"uv":[1.33333,12.66667,2,13],"texture":"#1"},"west":{"uv":[12.66667,1.33333,13.33333,1.66667],"texture":"#1"},"up":{"uv":[13,4.66667,11.66667,4],"texture":"#1"}}},{"from":[3.2,-15.625,8.65403],"to":[3.7,-14.125,9.65403],"rotation":{"angle":-22.5,"axis":"y","origin":[3.45,-14.875,8.65403]},"faces":{"east":{"uv":[4.66667,6.66667,5.33333,7.66667],"texture":"#1"},"west":{"uv":[11.66667,5,12.33333,6],"texture":"#1"},"up":{"uv":[13,2.66667,12.66667,2],"texture":"#1"},"down":{"uv":[2.66667,12.66667,2.33333,13.33333],"texture":"#1"}}},{"name":"cube inverted","from":[9.00125,-13.29289,12.75759],"to":[6.99875,-13.79289,11.75759],"rotation":{"angle":-45,"axis":"x","origin":[7.99875,-13.29289,12.38259]},"faces":{"east":{"uv":[12.66667,1.66667,13.33333,1.33333],"texture":"#1"},"west":{"uv":[1.33333,13,2,12.66667],"texture":"#1"},"down":{"uv":[11.66667,4.66667,13,4],"texture":"#1"}}},{"name":"cube inverted","from":[3.7,-14.125,9.65403],"to":[3.2,-15.625,8.65403],"rotation":{"angle":-22.5,"axis":"y","origin":[3.45,-14.875,8.65403]},"faces":{"east":{"uv":[11.66667,6,12.33333,5],"texture":"#1"},"west":{"uv":[4.66667,7.66667,5.33333,6.66667],"texture":"#1"},"up":{"uv":[2.33333,12.66667,2.66667,13.33333],"texture":"#1"},"down":{"uv":[12.66667,2.66667,13,2],"texture":"#1"}}},{"from":[12.3,-15.625,7.15403],"to":[12.8,-14.125,8.65403],"rotation":{"angle":22.5,"axis":"y","origin":[12.55,-14.875,8.65403]},"faces":{"north":{"uv":[9.66667,11.33333,9.33333,12.33333],"texture":"#1"},"east":{"uv":[12.33333,11.33333,11.33333,12.33333],"texture":"#1"},"south":{"uv":[0.33333,12.66667,0,13.66667],"texture":"#1"},"west":{"uv":[12.33333,10,11.33333,11],"texture":"#1"},"up":{"uv":[12.66667,1,13,0],"texture":"#1"},"down":{"uv":[0.66667,12.66667,1,13.66667],"texture":"#1"}}},{"from":[12.3,-15.625,8.65403],"to":[12.8,-14.125,9.65403],"rotation":{"angle":22.5,"axis":"y","origin":[12.55,-14.875,8.65403]},"faces":{"east":{"uv":[12.33333,5,11.66667,6],"texture":"#1"},"west":{"uv":[5.33333,6.66667,4.66667,7.66667],"texture":"#1"},"up":{"uv":[12.66667,2.66667,13,2],"texture":"#1"},"down":{"uv":[2.33333,12.66667,2.66667,13.33333],"texture":"#1"}}},{"name":"cube inverted","from":[12.8,-14.125,9.65403],"to":[12.3,-15.625,8.65403],"rotation":{"angle":22.5,"axis":"y","origin":[12.55,-14.875,8.65403]},"faces":{"east":{"uv":[5.33333,7.66667,4.66667,6.66667],"texture":"#1"},"west":{"uv":[12.33333,6,11.66667,5],"texture":"#1"},"up":{"uv":[2.66667,12.66667,2.33333,13.33333],"texture":"#1"},"down":{"uv":[13,2.66667,12.66667,2],"texture":"#1"}}}],"gui_light":"front","display":{"thirdperson_righthand":{"rotation":[77.5,0,0],"translation":[0,0.25,0.75],"scale":[0.6,0.6,0.6]},"thirdperson_lefthand":{"rotation":[67,0,0],"translation":[-5.5,-4.75,3.25]},"firstperson_righthand":{"rotation":[134.5,0,-180],"translation":[2.5,-0.5,-1.75],"scale":[0.7,0.7,0.7]},"firstperson_lefthand":{"rotation":[134.5,0,-180],"translation":[2.5,-0.5,-1.75],"scale":[0,0,0]},"ground":{"translation":[0,5,0],"scale":[0.7,0.7,0.7]},"gui":{"rotation":[35,135,0],"translation":[0,31,0],"scale":[1.62,1.62,1.62]},"head":{"translation":[0,-44.25,-1],"scale":[3.2,3.2,3.2]},"fixed":{"rotation":[-90,0,0],"translation":[0,0,-7],"scale":[2,2,2]}},"groups":[{"name":"duck_floatie","origin":[-1.1,6.25,9.30806],"color":0,"children":[0,1,2,3,4,5,6,7,8,9,10,11,12,13,14]}],"USER":"41037","NONCE":"4727bc2f5a3026a95031052c5f40157d","TIMESTAMP":"1745618591","RESOURCE":"13954","MCMODELS":"1","mcmodels":"4727bc2f5a3026a95031052c5f40157d"}