{"credit":"Pologony Creation Co.,Ltd.","textures":{"0":"plny_summer2025cosmeticsset/mini_fan","1":"plny_summer2025cosmeticsset/mini_fan_animated","particle":"plny_summer2025cosmeticsset/mini_fan"},"elements":[{"from":[7,0,7],"to":[9,7,9],"rotation":{"angle":0,"axis":"y","origin":[7,0,7]},"faces":{"north":{"uv":[9.5,0,10.5,3.5],"texture":"#0"},"east":{"uv":[9.5,4,10.5,7.5],"texture":"#0"},"south":{"uv":[6,9.5,7,13],"texture":"#0"},"west":{"uv":[7.5,9.5,8.5,13],"texture":"#0"},"up":{"uv":[12,7.5,11,6.5],"texture":"#0"},"down":{"uv":[11,11.5,10,12.5],"texture":"#0"}}},{"from":[6,7,5],"to":[10,8,11],"rotation":{"angle":0,"axis":"y","origin":[7,0,7]},"faces":{"north":{"uv":[11.5,11.5,13.5,12],"texture":"#0"},"east":{"uv":[9.5,8,12.5,8.5],"texture":"#0"},"south":{"uv":[12,3,14,3.5],"texture":"#0"},"west":{"uv":[9,9.5,12,10],"texture":"#0"},"up":{"uv":[9,3,7,0],"texture":"#0"},"down":{"uv":[9,3.5,7,6.5],"texture":"#0"}}},{"from":[5,7,5],"to":[6,12,11],"rotation":{"angle":0,"axis":"y","origin":[7,0,7]},"faces":{"north":{"uv":[3,11.5,3.5,14],"texture":"#0"},"east":{"uv":[3.5,0,6.5,2.5],"texture":"#0"},"south":{"uv":[4,11.5,4.5,14],"texture":"#0"},"west":{"uv":[3.5,3,6.5,5.5],"texture":"#0"},"up":{"uv":[0.5,13,0,10],"texture":"#0"},"down":{"uv":[1.5,10,1,13],"texture":"#0"}}},{"from":[5,12,5],"to":[11,13,11],"rotation":{"angle":0,"axis":"y","origin":[7,0,7]},"faces":{"north":{"uv":[9,10.5,12,11],"texture":"#0"},"east":{"uv":[11,0,14,0.5],"texture":"#0"},"south":{"uv":[11,1,14,1.5],"texture":"#0"},"west":{"uv":[11,2,14,2.5],"texture":"#0"},"up":{"uv":[3,3,0,0],"texture":"#0"},"down":{"uv":[3,3.5,0,6.5],"texture":"#0"}}},{"from":[10,7,5],"to":[11,12,11],"rotation":{"angle":0,"axis":"y","origin":[7,0,7]},"faces":{"north":{"uv":[5,11.5,5.5,14],"texture":"#0"},"east":{"uv":[3.5,6,6.5,8.5],"texture":"#0"},"south":{"uv":[9,11.5,9.5,14],"texture":"#0"},"west":{"uv":[0,7,3,9.5],"texture":"#0"},"up":{"uv":[2.5,13,2,10],"texture":"#0"},"down":{"uv":[11.5,3,11,6],"texture":"#0"}}},{"from":[6,8,5.5],"to":[10,12,10.5],"rotation":{"angle":0,"axis":"y","origin":[7,0,6.5]},"faces":{"north":{"uv":[7,7,9,9],"texture":"#0"},"south":{"uv":[3.5,9,5.5,11],"texture":"#0"}}},{"from":[7.5,5,9],"to":[8.5,7,9.5],"rotation":{"angle":0,"axis":"y","origin":[7.5,5,9]},"faces":{"north":{"uv":[12,4,12.5,5],"texture":"#0"},"east":{"uv":[12.5,5.5,13,6.5],"texture":"#0"},"south":{"uv":[12.5,9,13,10],"texture":"#0"},"west":{"uv":[11.5,12.5,12,13.5],"texture":"#0"},"up":{"uv":[13,7.5,12.5,7],"texture":"#0"},"down":{"uv":[13,10.5,12.5,11],"texture":"#0"}}},{"from":[5,7,13],"to":[11,13,17],"rotation":{"angle":0,"axis":"y","origin":[5,7,14]},"faces":{"east":{"uv":[13,0,9,6],"texture":"#1"},"west":{"uv":[9,0,13,6],"texture":"#1"},"up":{"uv":[9,0,13,6],"rotation":90,"texture":"#1"},"down":{"uv":[13,0,9,6],"rotation":90,"texture":"#1"}}},{"from":[6,8,0],"to":[10,12,5],"rotation":{"angle":0,"axis":"y","origin":[5,7,3]},"faces":{"east":{"uv":[5,1,0,5],"texture":"#1"},"west":{"uv":[0,1,5,5],"texture":"#1"},"up":{"uv":[0,5,5,1],"rotation":90,"texture":"#1"},"down":{"uv":[5,5,0,1],"rotation":90,"texture":"#1"}}},{"from":[6,8,11],"to":[10,12,13],"rotation":{"angle":0,"axis":"y","origin":[5,7,11]},"faces":{"east":{"uv":[9,5,7,1],"texture":"#1"},"west":{"uv":[7,1,9,5],"texture":"#1"},"up":{"uv":[7,1,9,4],"rotation":90,"texture":"#1"},"down":{"uv":[9,1,7,5],"rotation":90,"texture":"#1"}}}],"gui_light":"front","display":{"thirdperson_righthand":{"translation":[0,3,1]},"thirdperson_lefthand":{"translation":[0,3,1]},"firstperson_righthand":{"rotation":[-15,0,0],"translation":[0.75,2.75,0]},"firstperson_lefthand":{"rotation":[-15,0,0],"translation":[0.75,2.75,0]},"ground":{"rotation":[45,0,0],"translation":[0,5,0],"scale":[0.7,0.7,0.7]},"gui":{"rotation":[35,-35,0],"translation":[0,0.5,0],"scale":[1.38,1.38,1.38]},"fixed":{"rotation":[-23.5,180,0],"translation":[0,3.25,-6.5],"scale":[2,2,2]}},"groups":[{"name":"mini_fan","origin":[7.5,5,9],"color":0,"children":[0,1,2,3,4,5,6,7,8,9]}],"USER":"41037","NONCE":"4727bc2f5a3026a95031052c5f40157d","TIMESTAMP":"1745618591","RESOURCE":"13954","MCMODELS":"1","mcmodels":"4727bc2f5a3026a95031052c5f40157d"}