{"credit":"Pologony Creation Co.,Ltd.","textures":{"0":"plny_summer2025cosmeticsset/popsicle_sword","1":"plny_summer2025cosmeticsset/popsicle_sword_animated","particle":"plny_summer2025cosmeticsset/popsicle_sword"},"elements":[{"from":[7,5,5],"to":[9,21,11],"rotation":{"angle":0,"axis":"y","origin":[7,5,5]},"faces":{"north":{"uv":[4.66667,0,5.33333,5.33333],"texture":"#0"},"east":{"uv":[0,0,2,5.33333],"texture":"#0"},"south":{"uv":[0,5.66667,0.66667,11],"texture":"#0"},"west":{"uv":[2.33333,0,4.33333,5.33333],"texture":"#0"},"up":{"uv":[6.33333,2,5.66667,0],"texture":"#0"},"down":{"uv":[1.66667,5.66667,1,7.66667],"texture":"#0"}}},{"from":[7.5,-1,7],"to":[8.5,5,9],"rotation":{"angle":0,"axis":"y","origin":[7.5,4,6.5]},"faces":{"north":{"uv":[4,5.66667,4.33333,7.66667],"texture":"#0"},"east":{"uv":[2,5.66667,2.66667,7.66667],"texture":"#0"},"south":{"uv":[4.66667,5.66667,5,7.66667],"texture":"#0"},"west":{"uv":[5.66667,2.33333,6.33333,4.33333],"texture":"#0"},"down":{"uv":[5.66667,6.33333,5.33333,7],"texture":"#0"}}},{"from":[7,21,6],"to":[9,22,10],"rotation":{"angle":0,"axis":"y","origin":[7,6,5]},"faces":{"north":{"uv":[6,6.33333,6.66667,6.66667],"texture":"#0"},"east":{"uv":[5.66667,4.66667,7,5],"texture":"#0"},"south":{"uv":[6.66667,0,7.33333,0.33333],"texture":"#0"},"west":{"uv":[5.33333,5.66667,6.66667,6],"texture":"#0"},"up":{"uv":[3.66667,7,3,5.66667],"texture":"#0"}}},{"from":[7.025,2,5.025],"to":[8.975,5,10.975],"rotation":{"angle":0,"axis":"y","origin":[7,2,5]},"faces":{"north":{"uv":[3,4,5,7],"texture":"#1"},"west":{"uv":[0,0,6,3],"texture":"#1"},"up":{"uv":[2,10,0,4],"texture":"#1"}}},{"name":"cube inverted","from":[9,5,11],"to":[7,2,5],"rotation":{"angle":0,"axis":"y","origin":[7,2,5]},"faces":{"east":{"uv":[0,3,6,0],"texture":"#1"},"south":{"uv":[3,7,5,4],"texture":"#1"},"down":{"uv":[0,10,2,4],"texture":"#1"}}}],"gui_light":"front","display":{"thirdperson_righthand":{"translation":[0.25,3,1]},"thirdperson_lefthand":{"translation":[0.25,3,1]},"firstperson_righthand":{"rotation":[10,0,0],"translation":[1.5,1.5,0],"scale":[0.7,0.7,0.7]},"firstperson_lefthand":{"rotation":[10,0,0],"translation":[1.5,1.5,0],"scale":[0.7,0.7,0.7]},"ground":{"rotation":[45,0,0],"translation":[0,5,0],"scale":[0.7,0.7,0.7]},"gui":{"rotation":[90,-135,90],"translation":[-2.25,-2.25,0]},"head":{"rotation":[0,90,0]},"fixed":{"rotation":[0,-90,0],"translation":[0,0,-1.75],"scale":[2,2,2]}},"groups":[{"name":"popsider_sword","origin":[7,6,5],"color":0,"children":[0,1,2,3,4]}],"USER":"41037","NONCE":"4727bc2f5a3026a95031052c5f40157d","TIMESTAMP":"1745618591","RESOURCE":"13954","MCMODELS":"1","mcmodels":"4727bc2f5a3026a95031052c5f40157d"}