{"credit":"Pologony Creation Co.,Ltd.","texture_size":[32,32],"textures":{"0":"plny_summer2025cosmeticsset/snorkel_mask","particle":"plny_summer2025cosmeticsset/snorkel_mask"},"elements":[{"from":[7.5,6.75,3],"to":[8.5,9.75,5],"rotation":{"angle":0,"axis":"y","origin":[6.5,5.75,3]},"faces":{"north":{"uv":[12,6,12.5,7.5],"texture":"#0"},"south":{"uv":[12,8,12.5,9.5],"texture":"#0"},"up":{"uv":[12.5,4,12,3],"texture":"#0"},"down":{"uv":[12.5,10,12,11],"texture":"#0"}}},{"from":[2.5,5.75,3],"to":[7.5,9.75,5],"rotation":{"angle":0,"axis":"y","origin":[2.5,5.75,3]},"faces":{"north":{"uv":[0,6,2.5,8],"texture":"#0"},"east":{"uv":[3,10,4,12],"texture":"#0"},"south":{"uv":[6,0,8.5,2],"texture":"#0"},"west":{"uv":[4.5,10,5.5,12],"texture":"#0"},"up":{"uv":[2.5,9.5,0,8.5],"texture":"#0"},"down":{"uv":[5.5,8.5,3,9.5],"texture":"#0"}}},{"from":[8.5,5.75,3],"to":[13.5,9.75,5],"rotation":{"angle":0,"axis":"y","origin":[9.5,5.75,3]},"faces":{"north":{"uv":[6,2.5,8.5,4.5],"texture":"#0"},"east":{"uv":[10.5,6.5,11.5,8.5],"texture":"#0"},"south":{"uv":[3,6,5.5,8],"texture":"#0"},"west":{"uv":[6,11,7,13],"texture":"#0"},"up":{"uv":[11.5,1,9,0],"texture":"#0"},"down":{"uv":[11.5,1.5,9,2.5],"texture":"#0"}}},{"from":[3.025,7,5.025],"to":[12.975,9,12.975],"rotation":{"angle":0,"axis":"y","origin":[3,7,3]},"faces":{"east":{"uv":[6,6.5,10,7.5],"texture":"#0"},"south":{"uv":[6,5,11,6],"texture":"#0"},"west":{"uv":[6,8,10,9],"texture":"#0"}}},{"from":[0.8,1,3.5],"to":[5.8,3,5.5],"rotation":{"angle":22.5,"axis":"x","origin":[4.05,8.5,5]},"faces":{"north":{"uv":[9,3,11.5,4],"texture":"#0"},"east":{"uv":[1.5,11.5,2.5,12.5],"texture":"#0"},"south":{"uv":[6,9.5,8.5,10.5],"texture":"#0"},"west":{"uv":[11.5,4.5,12.5,5.5],"texture":"#0"},"up":{"uv":[11.5,10.5,9,9.5],"texture":"#0"},"down":{"uv":[2.5,10,0,11],"texture":"#0"}}},{"from":[0.8,3,3.5],"to":[2.8,14,5.5],"rotation":{"angle":22.5,"axis":"x","origin":[4.05,8.5,5]},"faces":{"north":{"uv":[0,0,1,5.5],"texture":"#0"},"east":{"uv":[1.5,0,2.5,5.5],"texture":"#0"},"south":{"uv":[3,0,4,5.5],"texture":"#0"},"west":{"uv":[4.5,0,5.5,5.5],"texture":"#0"}}},{"from":[5.8,2.14806,1.74196],"to":[6.8,4.14806,2.74196],"rotation":{"angle":0,"axis":"x","origin":[6.3,3.14806,2.24196]},"faces":{"north":{"uv":[12,11.5,12.5,12.5],"texture":"#0"},"east":{"uv":[3,12.5,3.5,13.5],"texture":"#0"},"south":{"uv":[4,12.5,4.5,13.5],"texture":"#0"},"west":{"uv":[5,12.5,5.5,13.5],"texture":"#0"},"up":{"uv":[2,13.5,1.5,13],"texture":"#0"},"down":{"uv":[13.5,3,13,3.5],"texture":"#0"}}},{"from":[0.8,14,3.5],"to":[2.8,16,7.5],"rotation":{"angle":22.5,"axis":"x","origin":[4.05,8.5,5]},"faces":{"north":{"uv":[13,1.5,12,2.5],"rotation":180,"texture":"#0"},"east":{"uv":[9,11,10,13],"rotation":270,"texture":"#0"},"south":{"uv":[13,1,12,0],"texture":"#0"},"west":{"uv":[0,11.5,1,13.5],"rotation":90,"texture":"#0"},"up":{"uv":[7.5,11,8.5,13],"rotation":180,"texture":"#0"},"down":{"uv":[10.5,11,11.5,13],"texture":"#0"}}},{"name":"cube inverted","from":[13,9,13],"to":[3,7,5],"rotation":{"angle":0,"axis":"y","origin":[3,7,3]},"faces":{"north":{"uv":[6,6,11,5],"texture":"#0"},"east":{"uv":[6,9,10,8],"texture":"#0"},"west":{"uv":[6,7.5,10,6.5],"texture":"#0"}}}],"gui_light":"front","display":{"thirdperson_righthand":{"rotation":[92,0,0],"translation":[0,2.5,1.25],"scale":[0.7,0.7,0.7]},"thirdperson_lefthand":{"rotation":[92,0,0],"translation":[0,2.5,1.25],"scale":[0.7,0.7,0.7]},"firstperson_righthand":{"rotation":[119,0,-180],"translation":[0,1.75,0]},"firstperson_lefthand":{"rotation":[119,0,-180],"translation":[0,1.75,0]},"ground":{"translation":[0,5,0],"scale":[0.7,0.7,0.7]},"gui":{"rotation":[35,135,0],"translation":[0,3.5,0],"scale":[1.18,1.18,1.18]},"head":{"translation":[0,2,0],"scale":[1.6,1.6,1.6]},"fixed":{"rotation":[-64,0,0],"translation":[0,0,-7.5],"scale":[2,2,2]}},"groups":[{"name":"snorkel_mask","origin":[3,7,3],"color":0,"children":[0,1,2,3,4,5,6,7,8]}],"USER":"41037","NONCE":"4727bc2f5a3026a95031052c5f40157d","TIMESTAMP":"1745618591","RESOURCE":"13954","MCMODELS":"1","mcmodels":"4727bc2f5a3026a95031052c5f40157d"}