{"credit":"Pologony Creation Co.,Ltd.","texture_size":[48,48],"textures":{"1":"plny_summer2025cosmeticsset/sun_hat"},"elements":[{"from":[0,7,0],"to":[16,7.01,16],"rotation":{"angle":0,"axis":"y","origin":[8,8.0025,8]},"faces":{"up":{"uv":[5.33333,5.33333,0,0],"texture":"#1"},"down":{"uv":[5.33333,0,0,5.33333],"texture":"#1"}}},{"from":[3,7,3],"to":[13,11,13],"rotation":{"angle":0,"axis":"y","origin":[8,8.0025,8]},"faces":{"north":{"uv":[5.66667,0,9,1.33333],"texture":"#1"},"east":{"uv":[5.66667,1.66667,9,3],"texture":"#1"},"south":{"uv":[5.66667,3.33333,9,4.66667],"texture":"#1"},"west":{"uv":[3.66667,5.66667,7,7],"texture":"#1"},"up":{"uv":[3.33333,9,0,5.66667],"texture":"#1"}}},{"from":[0,1.63677,2.05202],"to":[16,1.64677,3.05202],"rotation":{"angle":45,"axis":"x","origin":[8,8.0025,8]},"faces":{"up":{"uv":[11,5.33333,5.66667,5],"texture":"#1"},"down":{"uv":[11,5,5.66667,5.33333],"texture":"#1"}}},{"from":[0,1.63677,12.94798],"to":[16,1.64677,13.94798],"rotation":{"angle":-45,"axis":"x","origin":[8,8.0025,8]},"faces":{"up":{"uv":[5.66667,5,11,5.33333],"texture":"#1"},"down":{"uv":[5.66667,5.33333,11,5],"texture":"#1"}}},{"from":[2.05202,1.63677,0],"to":[3.05202,1.64677,16],"rotation":{"angle":-45,"axis":"z","origin":[8,8.0025,8]},"faces":{"up":{"uv":[11,5.33333,5.66667,5],"rotation":270,"texture":"#1"},"down":{"uv":[11,5,5.66667,5.33333],"rotation":90,"texture":"#1"}}},{"from":[12.94798,1.63677,0],"to":[13.94798,1.64677,16],"rotation":{"angle":45,"axis":"z","origin":[8,8.0025,8]},"faces":{"up":{"uv":[5.66667,5,11,5.33333],"rotation":270,"texture":"#1"},"down":{"uv":[5.66667,5.33333,11,5],"rotation":90,"texture":"#1"}}}],"gui_light":"front","display":{"thirdperson_righthand":{"rotation":[90.25,0,0],"translation":[0,4.5,1.25],"scale":[0.7,0.7,0.7]},"thirdperson_lefthand":{"rotation":[90.25,0,0],"translation":[0,4.5,1.25],"scale":[0.7,0.7,0.7]},"firstperson_righthand":{"rotation":[44.25,0,0],"translation":[0.25,4.75,2],"scale":[0.5,0.5,0.5]},"firstperson_lefthand":{"rotation":[44.25,0,0],"translation":[0.25,4.75,2],"scale":[0.5,0.5,0.5]},"ground":{"translation":[0,5,0],"scale":[0.7,0.7,0.7]},"gui":{"rotation":[35,45,0],"scale":[0.83,0.83,0.83]},"head":{"rotation":[12,0,0],"translation":[0,3,0.25],"scale":[1.6,1.6,1.6]},"fixed":{"rotation":[-90,0,0],"translation":[0,0,-2.25],"scale":[2,2,2]}},"groups":[{"name":"sun_hat","origin":[8,7.35709,8],"color":0,"children":[0,1,2,3,4,5]}],"USER":"41037","NONCE":"4727bc2f5a3026a95031052c5f40157d","TIMESTAMP":"1745618591","RESOURCE":"13954","MCMODELS":"1","mcmodels":"4727bc2f5a3026a95031052c5f40157d"}