{"credit":"Pologony Creation Co.,Ltd.","texture_size":[48,48],"textures":{"0":"plny_summer2025cosmeticsset/surfboard","particle":"plny_summer2025cosmeticsset/surfboard"},"elements":[{"from":[5.5,-14,7.75],"to":[10.5,-2.5,8.25],"rotation":{"angle":0,"axis":"y","origin":[5,-14,7.75]},"faces":{"north":{"uv":[0,0,3.33333,7.66667],"texture":"#0"},"east":{"uv":[7.33333,0,7.66667,7.66667],"texture":"#0"},"south":{"uv":[3.66667,0,7,7.66667],"texture":"#0"},"west":{"uv":[0,8,0.33333,15.66667],"texture":"#0"},"up":{"uv":[7,8.33333,3.66667,8],"texture":"#0"},"down":{"uv":[11.33333,4.33333,8,4.66667],"texture":"#0"}}},{"from":[6,-2.5,7.75],"to":[10,-1.5,8.25],"rotation":{"angle":0,"axis":"y","origin":[5,-14,7.75]},"faces":{"north":{"uv":[8,0,10.66667,0.66667],"texture":"#0"},"east":{"uv":[9.33333,2.33333,9.66667,3],"texture":"#0"},"south":{"uv":[0.66667,8,3.33333,8.66667],"texture":"#0"},"west":{"uv":[9.33333,3.33333,9.66667,4],"texture":"#0"},"up":{"uv":[10.66667,5.33333,8,5],"texture":"#0"}}},{"from":[7,-1.5,7.75],"to":[9,-0.5,8.25],"rotation":{"angle":0,"axis":"y","origin":[5,-14,7.75]},"faces":{"north":{"uv":[8,5.66667,9.33333,6.33333],"texture":"#0"},"east":{"uv":[3.66667,9.33333,4,10],"texture":"#0"},"south":{"uv":[8,6.66667,9.33333,7.33333],"texture":"#0"},"west":{"uv":[4.33333,9.33333,4.66667,10],"texture":"#0"},"up":{"uv":[2,9.33333,0.66667,9],"texture":"#0"}}},{"from":[6,-14.5,7.75],"to":[10,-14,8.25],"rotation":{"angle":0,"axis":"y","origin":[5,-14,7.75]},"faces":{"north":{"uv":[7.33333,8,10,8.33333],"texture":"#0"},"east":{"uv":[5,9.33333,5.33333,9.66667],"texture":"#0"},"south":{"uv":[3.66667,8.66667,6.33333,9],"texture":"#0"},"west":{"uv":[5.66667,9.33333,6,9.66667],"texture":"#0"},"down":{"uv":[9.33333,8.66667,6.66667,9],"texture":"#0"}}},{"from":[7.75,-11.375,6.6],"to":[8.25,-9.375,8.1],"rotation":{"angle":22.5,"axis":"x","origin":[7.75,-10.875,7.1]},"faces":{"north":{"uv":[2.33333,9,2.66667,10.33333],"texture":"#0"},"east":{"uv":[8,1,9,2.33333],"texture":"#0"},"west":{"uv":[8,2.66667,9,4],"texture":"#0"},"up":{"uv":[3.33333,10,3,9],"texture":"#0"},"down":{"uv":[9.66667,1,9.33333,2],"texture":"#0"}}}],"gui_light":"front","display":{"thirdperson_righthand":{"rotation":[0,-90,0],"translation":[-1.5,-3,1.75]},"thirdperson_lefthand":{"rotation":[0,-90,0],"translation":[-1.5,-3,1.75]},"firstperson_righthand":{"rotation":[-12,0,0],"translation":[3,-0.25,1.5],"scale":[0.7,0.7,0.7]},"firstperson_lefthand":{"rotation":[-12,0,0],"translation":[3,-0.25,1.5],"scale":[0.7,0.7,0.7]},"ground":{"rotation":[-45,0,0],"translation":[0,5,0],"scale":[0.7,0.7,0.7]},"gui":{"rotation":[0,0,-45],"translation":[16.75,16.75,0],"scale":[1.5,1.5,1.5]},"head":{"rotation":[0,180,50],"translation":[43.25,-80,5.5],"scale":[3.2,3.2,3.2]},"fixed":{"rotation":[0,180,0],"translation":[0,0,-2.25],"scale":[2,2,2]}},"groups":[{"name":"surfboard","origin":[7.5,6.25,6.2],"color":0,"children":[0,1,2,3,4]}],"mcmodels":"4727bc2f5a3026a95031052c5f40157d"}