{"credit":"Pologony Creation Co.,Ltd.","texture_size":[64,64],"textures":{"0":"plny_summer2025cosmeticsset/umbrella","particle":"plny_summer2025cosmeticsset/umbrella"},"elements":[{"from":[7.75,-14,7.75],"to":[8.25,0,8.25],"rotation":{"angle":0,"axis":"y","origin":[7.75,-14,7.75]},"faces":{"north":{"uv":[7.5,7.75,7.75,14.75],"texture":"#0"},"east":{"uv":[8,7.75,8.25,14.75],"texture":"#0"},"south":{"uv":[3,8.5,3.25,15.5],"texture":"#0"},"west":{"uv":[3.5,8.5,3.75,15.5],"texture":"#0"},"up":{"uv":[4.75,4.25,4.5,4],"texture":"#0"},"down":{"uv":[5.25,4,5,4.25],"texture":"#0"}}},{"from":[3.75,-5,3.75],"to":[12.25,-1.5,12.25],"rotation":{"angle":0,"axis":"y","origin":[7.75,-7,7.75]},"faces":{"north":{"uv":[4.5,0,8.75,1.75],"texture":"#0"},"east":{"uv":[4.5,2,8.75,3.75],"texture":"#0"},"south":{"uv":[3,4.5,7.25,6.25],"texture":"#0"},"west":{"uv":[3,6.5,7.25,8.25],"texture":"#0"},"up":{"uv":[4.25,4.25,0,0],"texture":"#0"}}},{"from":[5.25,-1.5,5.25],"to":[10.75,0.5,10.75],"rotation":{"angle":0,"axis":"y","origin":[7.75,-3.5,7.75]},"faces":{"north":{"uv":[0,7.5,2.75,8.5],"texture":"#0"},"east":{"uv":[7.5,4,10.25,5],"texture":"#0"},"south":{"uv":[7.5,5.25,10.25,6.25],"texture":"#0"},"west":{"uv":[7.5,6.5,10.25,7.5],"texture":"#0"},"up":{"uv":[2.75,7.25,0,4.5],"texture":"#0"}}},{"name":"cube inverted","from":[12.25,-1.5,12.25],"to":[3.75,-5,3.75],"rotation":{"angle":0,"axis":"y","origin":[7.75,-7,7.75]},"faces":{"north":{"uv":[3,6.25,7.25,4.5],"texture":"#0"},"east":{"uv":[3,8.25,7.25,6.5],"texture":"#0"},"south":{"uv":[4.5,1.75,8.75,0],"texture":"#0"},"west":{"uv":[4.5,3.75,8.75,2],"texture":"#0"},"down":{"uv":[0,4.25,4.25,0],"texture":"#0"}}}],"gui_light":"front","display":{"thirdperson_righthand":{"rotation":[75,0,-9],"translation":[0,1.75,7]},"thirdperson_lefthand":{"rotation":[75,0,-9],"translation":[0,1.75,7]},"firstperson_righthand":{"rotation":[-5,0,0],"translation":[5,3.75,0]},"firstperson_lefthand":{"rotation":[-5,0,0],"translation":[5,3.75,0]},"ground":{"translation":[0,5,0],"scale":[0.7,0.7,0.7]},"gui":{"rotation":[35,45,0],"translation":[0,16.25,0],"scale":[1.36,1.36,1.36]},"head":{"rotation":[0,0,-21],"translation":[25.25,-50.75,4.5],"scale":[3.2,3.2,3.2]},"fixed":{"rotation":[-90,0,0],"translation":[0,0,-16],"scale":[2,2,2]}},"groups":[{"name":"umbrella","origin":[7.5,21,7.5],"color":0,"children":[0,1,2,3]}],"mcmodels":"4727bc2f5a3026a95031052c5f40157d"}