{"credit":"Pologony Creation Co.,Ltd.","textures":{"0":"plny_summer2025cosmeticsset/water_gun","1":"plny_summer2025cosmeticsset/water_gun_animated","particle":"plny_summer2025cosmeticsset/water_gun"},"elements":[{"from":[5,10.875,3.55806],"to":[11,16.875,9.55806],"rotation":{"angle":0,"axis":"y","origin":[6,10.875,3.55806]},"faces":{"north":{"uv":[0,0,3,3],"texture":"#0"},"east":{"uv":[0,3.5,3,6.5],"texture":"#0"},"south":{"uv":[3.5,0,6.5,3],"texture":"#0"},"west":{"uv":[3.5,3.5,6.5,6.5],"texture":"#0"},"up":{"uv":[3,10,0,7],"texture":"#0"},"down":{"uv":[10,0,7,3],"texture":"#0"}}},{"from":[6,7.875,4.55806],"to":[10,11.875,12.55806],"rotation":{"angle":0,"axis":"y","origin":[6,7.875,4.55806]},"faces":{"north":{"uv":[0,10.5,2,12.5],"texture":"#0"},"east":{"uv":[3.5,7,7.5,9],"texture":"#0"},"south":{"uv":[10.5,0,12.5,2],"texture":"#0"},"west":{"uv":[7,3.5,11,5.5],"texture":"#0"},"up":{"uv":[10,10,8,6],"texture":"#0"},"down":{"uv":[5.5,9.5,3.5,13.5],"texture":"#0"}}},{"from":[4.4,8.875,6.30806],"to":[5.4,11.875,9.30806],"rotation":{"angle":-22.5,"axis":"y","origin":[4.9,10.375,9.30806]},"faces":{"north":{"uv":[13.5,5.5,14,7],"texture":"#0"},"east":{"uv":[7.5,10.5,9,12],"texture":"#0"},"south":{"uv":[11.5,13.5,12,15],"texture":"#0"},"west":{"uv":[9.5,10.5,11,12],"texture":"#0"},"up":{"uv":[0.5,15.5,0,14],"texture":"#0"},"down":{"uv":[1.5,14,1,15.5],"texture":"#0"}}},{"from":[6,12.875,1.55806],"to":[10,13.875,3.55806],"rotation":{"angle":0,"axis":"y","origin":[6,12.875,-2.44194]},"faces":{"north":{"uv":[12,8,14,8.5],"texture":"#0"},"east":{"uv":[2,14,3,14.5],"texture":"#0"},"west":{"uv":[14,2,15,2.5],"texture":"#0"},"up":{"uv":[13.5,3.5,11.5,2.5],"texture":"#0"},"down":{"uv":[13.5,4,11.5,5],"texture":"#0"}}},{"from":[5.9975,12.28921,11.01517],"to":[10.0025,13.28921,12.01517],"rotation":{"angle":-45,"axis":"x","origin":[7.9975,13.28921,13.26517]},"faces":{"east":{"uv":[7,6,7.5,6.5],"texture":"#0"},"south":{"uv":[0,13,2,13.5],"texture":"#0"},"west":{"uv":[10.5,2.5,11,3],"texture":"#0"},"up":{"uv":[15,0.5,13,0],"texture":"#0"},"down":{"uv":[15,1,13,1.5],"texture":"#0"}}},{"from":[5.9975,12.28921,12.01517],"to":[10.0025,13.28921,14.01517],"rotation":{"angle":-45,"axis":"x","origin":[7.9975,13.28921,13.26517]},"faces":{"east":{"uv":[14,3,15,3.5],"texture":"#0"},"west":{"uv":[3.5,14,4.5,14.5],"texture":"#0"},"up":{"uv":[13.5,10.5,11.5,9.5],"texture":"#0"}}},{"from":[4.4,8.875,9.30806],"to":[5.4,11.875,11.30806],"rotation":{"angle":-22.5,"axis":"y","origin":[4.9,10.375,9.30806]},"faces":{"east":{"uv":[7.5,12.5,8.5,14],"texture":"#0"},"west":{"uv":[9,12.5,10,14],"texture":"#0"},"up":{"uv":[14.5,5,14,4],"texture":"#0"},"down":{"uv":[5.5,14,5,15],"texture":"#0"}}},{"from":[7.5,3.625,9.55806],"to":[8.5,9.625,11.55806],"rotation":{"angle":-22.5,"axis":"x","origin":[7.5,7.125,10.05806]},"faces":{"north":{"uv":[2.5,10.5,3,13.5],"texture":"#0"},"east":{"uv":[6,9.5,7,12.5],"texture":"#0"},"south":{"uv":[10.5,12.5,11,15.5],"texture":"#0"},"west":{"uv":[10.5,6,11.5,9],"texture":"#0"}}},{"from":[7,3.625,9.05806],"to":[9,4.625,13.05806],"rotation":{"angle":0,"axis":"x","origin":[8,6.125,11.55806]},"faces":{"north":{"uv":[14,9,15,9.5],"texture":"#0"},"east":{"uv":[13,11,15,11.5],"texture":"#0"},"south":{"uv":[14,10,15,10.5],"texture":"#0"},"west":{"uv":[13,12,15,12.5],"texture":"#0"},"up":{"uv":[12.5,13,11.5,11],"texture":"#0"},"down":{"uv":[13,5.5,12,7.5],"texture":"#0"}}},{"from":[7,6.625,10.05806],"to":[9,8.625,11.05806],"rotation":{"angle":-22.5,"axis":"x","origin":[7,7.125,10.05806]},"faces":{"north":{"uv":[6,13,7,14],"texture":"#0"},"east":{"uv":[14.5,5.5,15,6.5],"texture":"#0"},"south":{"uv":[13,13,14,14],"texture":"#0"},"west":{"uv":[6,14.5,6.5,15.5],"texture":"#0"},"down":{"uv":[8,14.5,7,15],"texture":"#0"}}},{"from":[7.75,6.125,8.55806],"to":[8.25,8.125,9.55806],"rotation":{"angle":-22.5,"axis":"x","origin":[7.5,7.125,8.05806]},"faces":{"north":{"uv":[14.5,7,15,8],"texture":"#0"},"east":{"uv":[8.5,14.5,9,15.5],"texture":"#0"},"west":{"uv":[9.5,14.5,10,15.5],"texture":"#0"},"down":{"uv":[11,9.5,10.5,10],"texture":"#0"}}},{"name":"cube inverted","from":[5.4,11.875,11.30806],"to":[4.4,8.875,9.30806],"rotation":{"angle":-22.5,"axis":"y","origin":[4.9,10.375,9.30806]},"faces":{"east":{"uv":[9,14,10,12.5],"texture":"#0"},"west":{"uv":[7.5,14,8.5,12.5],"texture":"#0"},"up":{"uv":[5,14,5.5,15],"texture":"#0"},"down":{"uv":[14,5,14.5,4],"texture":"#0"}}},{"name":"cube inverted","from":[10.0025,13.28921,14.01517],"to":[5.9975,12.28921,12.01517],"rotation":{"angle":-45,"axis":"x","origin":[7.9975,13.28921,13.26517]},"faces":{"east":{"uv":[3.5,14.5,4.5,14],"texture":"#0"},"west":{"uv":[14,3.5,15,3],"texture":"#0"},"down":{"uv":[11.5,10.5,13.5,9.5],"texture":"#0"}}},{"name":"cube inverted","from":[11.6,11.875,11.30806],"to":[10.6,8.875,9.30806],"rotation":{"angle":22.5,"axis":"y","origin":[11.1,10.375,9.30806]},"faces":{"east":{"uv":[8.5,14,7.5,12.5],"texture":"#0"},"west":{"uv":[10,14,9,12.5],"texture":"#0"},"up":{"uv":[5.5,14,5,15],"texture":"#0"},"down":{"uv":[14.5,5,14,4],"texture":"#0"}}},{"from":[10.6,8.875,9.30806],"to":[11.6,11.875,11.30806],"rotation":{"angle":22.5,"axis":"y","origin":[11.1,10.375,9.30806]},"faces":{"east":{"uv":[10,12.5,9,14],"texture":"#0"},"west":{"uv":[8.5,12.5,7.5,14],"texture":"#0"},"up":{"uv":[14,5,14.5,4],"texture":"#0"},"down":{"uv":[5,14,5.5,15],"texture":"#0"}}},{"from":[10.6,8.875,6.30806],"to":[11.6,11.875,9.30806],"rotation":{"angle":22.5,"axis":"y","origin":[11.1,10.375,9.30806]},"faces":{"north":{"uv":[14,5.5,13.5,7],"texture":"#0"},"east":{"uv":[11,10.5,9.5,12],"texture":"#0"},"south":{"uv":[12,13.5,11.5,15],"texture":"#0"},"west":{"uv":[9,10.5,7.5,12],"texture":"#0"},"up":{"uv":[0,15.5,0.5,14],"texture":"#0"},"down":{"uv":[1,14,1.5,15.5],"texture":"#0"}}},{"from":[7.995,8.875,-3.44194],"to":[8.005,12.875,3.55806],"rotation":{"angle":0,"axis":"y","origin":[7.995,7.875,-3.44194]},"faces":{"east":{"uv":[7,0,0,4],"texture":"#1"},"west":{"uv":[0,0,7,4],"texture":"#1"}}}],"gui_light":"front","display":{"thirdperson_righthand":{"translation":[0,0.25,-0.5]},"thirdperson_lefthand":{"translation":[0,0.25,-0.5]},"firstperson_righthand":{"translation":[-1,3.25,1.75],"scale":[0.7,0.7,0.7]},"firstperson_lefthand":{"translation":[-1,3.25,1.75],"scale":[0.7,0.7,0.7]},"ground":{"rotation":[30,0,0],"translation":[0,5,0],"scale":[0.7,0.7,0.7]},"gui":{"rotation":[35,135,0],"translation":[0,-3.75,0],"scale":[1.38,1.38,1.38]},"fixed":{"rotation":[-125,0,0],"translation":[0,-2.75,-4],"scale":[2,2,2]}},"groups":[{"name":"water_gun","origin":[11.1,9.375,9.30806],"color":0,"children":[0,1,2,3,4,5,6,7,8,9,10,11,12,13,14,15,16]}],"mcmodels":"4727bc2f5a3026a95031052c5f40157d"}