{
	"credit": "Made with Blockbench",
	"texture_size": [128, 128],
	"textures": {
		"0": "elitecreatures:witchcaster_animated/witchcaster_texture",
		"3": "elitecreatures:witchcaster_animated/witchcaster_animation_01",
		"4": "elitecreatures:witchcaster_animated/witchcaster_animation_03",
		"5": "elitecreatures:witchcaster_animated/witchcaster_animation_002-export",
		"particle": "elitecreatures:witchcaster_animated/witchcaster_texture"
	},
	"elements": [
		{
			"from": [6.75, -5, 8.45],
			"to": [9.25, 0, 10.95],
			"rotation": {"angle": 0, "axis": "y", "origin": [0, -5.5, 25]},
			"faces": {
				"north": {"uv": [1.5, 3, 1.1875, 3.625], "texture": "#0"},
				"east": {"uv": [1.9375, 2.8125, 2.25, 3.4375], "texture": "#0"},
				"south": {"uv": [1.8125, 3, 1.5, 3.625], "texture": "#0"},
				"west": {"uv": [2.25, 2.8125, 1.9375, 3.4375], "texture": "#0"},
				"up": {"uv": [2.25, 2.8125, 1.9375, 3.125], "texture": "#0"},
				"down": {"uv": [2.25, 2.8125, 1.9375, 3.125], "texture": "#0"}
			}
		},
		{
			"from": [6.7, -12.5, 8.2],
			"to": [9.3, -4, 10.7],
			"rotation": {"angle": 22.5, "axis": "x", "origin": [8, -5, 8.4]},
			"faces": {
				"north": {"uv": [2.875, 2.125, 3.1875, 3.1875], "texture": "#0"},
				"east": {"uv": [3.1875, 1.0625, 2.875, 2.125], "texture": "#0"},
				"south": {"uv": [2.875, 0, 3.1875, 1.0625], "texture": "#0"},
				"west": {"uv": [2.875, 1.0625, 3.1875, 2.125], "texture": "#0"},
				"up": {"uv": [2.4375, 3.5, 2.7625, 3.8125], "texture": "#0"},
				"down": {"uv": [2.4375, 3.5, 2.7625, 3.8125], "texture": "#0"}
			}
		},
		{
			"from": [7.6, 4.65, -1.65],
			"to": [8.4, 10.35, 4.35],
			"rotation": {"angle": 45, "axis": "x", "origin": [7.7, 6.82398, -0.79825]},
			"faces": {
				"north": {"uv": [2.0625, 0, 2.1875, 0.6875], "texture": "#0"},
				"east": {"uv": [1.125, 1.4375, 1.8125, 0.6875], "rotation": 270, "texture": "#0"},
				"south": {"uv": [2.0625, 0, 2.1875, 0.6875], "texture": "#0"},
				"west": {"uv": [1.125, 0.6875, 1.8125, 1.4375], "rotation": 270, "texture": "#0"},
				"up": {"uv": [2.0625, 0.6875, 1.9375, 1.4375], "texture": "#0"},
				"down": {"uv": [1.9375, 0.6875, 1.8125, 1.4375], "texture": "#0"}
			}
		},
		{
			"from": [6.2, -13.76897, 4.94129],
			"to": [9.8, -11.76897, 8.94129],
			"rotation": {"angle": 45, "axis": "x", "origin": [8, -11.86897, 6.69129]},
			"faces": {
				"north": {"uv": [2.25, 3.25, 2.7, 3.5], "texture": "#0"},
				"east": {"uv": [0.5, 4, 0, 4.25], "texture": "#0"},
				"south": {"uv": [2.7, 3.25, 2.25, 3.5], "texture": "#0"},
				"west": {"uv": [0, 4, 0.5, 4.25], "texture": "#0"},
				"up": {"uv": [0.45, 4, 0, 3.5], "texture": "#0"},
				"down": {"uv": [0.45, 4.75, 0, 4.25], "texture": "#0"}
			}
		},
		{
			"from": [6.75, -14.21897, 4.26026],
			"to": [9.25, -11.71897, 5.76026],
			"rotation": {"angle": -22.5, "axis": "x", "origin": [8, -11.86897, 6.69129]},
			"faces": {
				"north": {"uv": [2.25, 4.4375, 1.9375, 4.125], "rotation": 180, "texture": "#0"},
				"east": {"uv": [2.375, 3.75, 2.0625, 3.9375], "rotation": 270, "texture": "#0"},
				"south": {"uv": [2.25, 4.4375, 1.9375, 4.125], "texture": "#0"},
				"west": {"uv": [2.0625, 3.75, 2.375, 3.9375], "rotation": 90, "texture": "#0"},
				"up": {"uv": [1.9375, 3.9375, 2.25, 4.125], "rotation": 180, "texture": "#0"},
				"down": {"uv": [1.9375, 4.125, 2.25, 3.9375], "texture": "#0"}
			}
		},
		{
			"from": [8, 18.5, 5],
			"to": [8, 29.5, 11],
			"rotation": {"angle": 22.5, "axis": "y", "origin": [8, 23.5, 8]},
			"faces": {
				"north": {"uv": [0, 0, 0, 8], "texture": "#3"},
				"east": {"uv": [6, 0, 0, 11], "texture": "#3"},
				"south": {"uv": [0, 0, 0, 8], "texture": "#3"},
				"west": {"uv": [0, 0, 6, 11], "texture": "#3"},
				"up": {"uv": [0, 6, 0, 0], "texture": "#3"},
				"down": {"uv": [0, 0, 0, 6], "texture": "#3"}
			}
		},
		{
			"from": [8, 18.5, 5],
			"to": [8, 29.5, 11],
			"rotation": {"angle": -22.5, "axis": "y", "origin": [8, 23.5, 8]},
			"faces": {
				"north": {"uv": [0, 0, 0, 8], "texture": "#3"},
				"east": {"uv": [6, 0, 0, 11], "texture": "#3"},
				"south": {"uv": [0, 0, 0, 8], "texture": "#3"},
				"west": {"uv": [0, 0, 6, 11], "texture": "#3"},
				"up": {"uv": [0, 6, 0, 0], "texture": "#3"},
				"down": {"uv": [0, 0, 0, 6], "texture": "#3"}
			}
		},
		{
			"from": [6.7, -1, 8.7],
			"to": [9.3, 4, 11.2],
			"rotation": {"angle": -22.5, "axis": "x", "origin": [8, -1, 8.8]},
			"faces": {
				"north": {"uv": [2.5625, 1.375, 2.875, 0.75], "texture": "#0"},
				"east": {"uv": [2.25, 2.625, 2.5625, 2], "texture": "#0"},
				"south": {"uv": [2.25, 3.25, 2.5625, 2.625], "texture": "#0"},
				"west": {"uv": [2.25, 2.625, 2.5625, 2], "texture": "#0"},
				"up": {"uv": [2.1875, 2.5, 1.875, 2.8125], "texture": "#0"},
				"down": {"uv": [2.1875, 2.5, 1.875, 2.8125], "texture": "#0"}
			}
		},
		{
			"from": [6, 6, 6],
			"to": [10, 8, 10],
			"rotation": {"angle": 45, "axis": "y", "origin": [8, 7, 8]},
			"faces": {
				"north": {"uv": [0.625, 2.75, 1.125, 3], "texture": "#0"},
				"east": {"uv": [0.625, 2.75, 1.125, 3], "texture": "#0"},
				"south": {"uv": [0.625, 2.75, 1.125, 3], "texture": "#0"},
				"west": {"uv": [1.125, 2.75, 0.625, 3], "texture": "#0"},
				"up": {"uv": [0.875, 2.25, 1.375, 2.75], "texture": "#0"},
				"down": {"uv": [0.875, 2.25, 1.375, 2.75], "texture": "#0"}
			}
		},
		{
			"from": [6.5, 16.5, 6.5],
			"to": [9.5, 18.5, 9.5],
			"rotation": {"angle": 45, "axis": "y", "origin": [8, 17.5, 8]},
			"faces": {
				"north": {"uv": [2.25, 2.25, 1.875, 2.5], "texture": "#0"},
				"east": {"uv": [1.875, 2.25, 2.25, 2.5], "texture": "#0"},
				"south": {"uv": [2.25, 2.25, 1.875, 2.5], "texture": "#0"},
				"west": {"uv": [1.875, 2.25, 2.25, 2.5], "texture": "#0"},
				"up": {"uv": [1.875, 1.875, 2.25, 2.25], "texture": "#0"},
				"down": {"uv": [1.875, 1.875, 2.25, 2.25], "texture": "#0"}
			}
		},
		{
			"from": [8, 17.8, 5.5],
			"to": [8, 22.3, 10.5],
			"rotation": {"angle": -45, "axis": "y", "origin": [8, 17.5, 8]},
			"faces": {
				"north": {"uv": [2.25, 2.25, 1.875, 2.5], "texture": "#0"},
				"east": {"uv": [3.8125, 1.3125, 3.1875, 1.875], "texture": "#0"},
				"south": {"uv": [2.25, 2.25, 1.875, 2.5], "texture": "#0"},
				"west": {"uv": [3.1875, 1.3125, 3.8125, 1.875], "texture": "#0"},
				"up": {"uv": [1.875, 1.875, 2.25, 2.25], "texture": "#0"},
				"down": {"uv": [1.875, 1.875, 2.25, 2.25], "texture": "#0"}
			}
		},
		{
			"from": [8, 17.8, 5.5],
			"to": [8, 22.3, 10.5],
			"rotation": {"angle": 45, "axis": "y", "origin": [8, 17.5, 8]},
			"faces": {
				"north": {"uv": [2.25, 2.25, 1.875, 2.5], "texture": "#0"},
				"east": {"uv": [3.8125, 1.3125, 3.1875, 1.875], "texture": "#0"},
				"south": {"uv": [2.25, 2.25, 1.875, 2.5], "texture": "#0"},
				"west": {"uv": [3.1875, 1.3125, 3.8125, 1.875], "texture": "#0"},
				"up": {"uv": [1.875, 1.875, 2.25, 2.25], "texture": "#0"},
				"down": {"uv": [1.875, 1.875, 2.25, 2.25], "texture": "#0"}
			}
		},
		{
			"from": [5.5, 8.5, 5.5],
			"to": [10.5, 11, 10.5],
			"rotation": {"angle": 45, "axis": "y", "origin": [8, 9.75, 8]},
			"faces": {
				"north": {"uv": [0, 3.1875, 0.625, 3.5], "texture": "#0"},
				"east": {"uv": [0, 3.1875, 0.625, 3.5], "texture": "#0"},
				"south": {"uv": [0, 3.1875, 0.625, 3.5], "texture": "#0"},
				"west": {"uv": [0.625, 3.1875, 0, 3.5], "texture": "#0"},
				"up": {"uv": [0, 2.5625, 0.625, 3.1875], "texture": "#0"},
				"down": {"uv": [0, 2.5625, 0.625, 3.1875], "texture": "#0"}
			}
		},
		{
			"from": [6, 11, 6],
			"to": [10, 15.5, 10],
			"rotation": {"angle": -45, "axis": "y", "origin": [8, 13.75, 8]},
			"faces": {
				"north": {"uv": [1.875, 2.0625, 1.375, 2.625], "texture": "#0"},
				"east": {"uv": [1.375, 2.0625, 1.875, 2.625], "texture": "#0"},
				"south": {"uv": [1.875, 2.0625, 1.375, 2.625], "texture": "#0"},
				"west": {"uv": [1.375, 2.0625, 1.875, 2.625], "texture": "#0"}
			}
		},
		{
			"from": [5.75, 15.5, 5.75],
			"to": [10.25, 17.5, 10.25],
			"rotation": {"angle": 45, "axis": "y", "origin": [8, 16.75, 8]},
			"faces": {
				"north": {"uv": [1.125, 2.75, 1.6875, 3], "texture": "#0"},
				"east": {"uv": [1.6875, 2.75, 1.125, 3], "texture": "#0"},
				"south": {"uv": [1.125, 2.75, 1.6875, 3], "texture": "#0"},
				"west": {"uv": [1.6875, 2.75, 1.125, 3], "texture": "#0"},
				"up": {"uv": [0.625, 3, 1.1875, 3.5625], "rotation": 90, "texture": "#0"},
				"down": {"uv": [0.625, 3, 1.1875, 3.5625], "rotation": 90, "texture": "#0"}
			}
		},
		{
			"from": [6, -6.7, 5.5],
			"to": [10, -5.2, 9.5],
			"rotation": {"angle": 22.5, "axis": "x", "origin": [8, -10.05, 7.5]},
			"faces": {
				"north": {"uv": [1.375, 2.0625, 0.875, 2.25], "texture": "#0"},
				"east": {"uv": [1.375, 2.0625, 0.875, 2.25], "texture": "#0"},
				"south": {"uv": [1.375, 2.0625, 0.875, 2.25], "texture": "#0"},
				"west": {"uv": [1.375, 2.0625, 0.875, 2.25], "texture": "#0"},
				"up": {"uv": [0.375, 2.5625, 0.875, 2.0625], "texture": "#0"},
				"down": {"uv": [0.375, 2.5625, 0.875, 2.0625], "texture": "#0"}
			}
		},
		{
			"from": [6, -10.7, 5.5],
			"to": [10, -9.2, 9.5],
			"rotation": {"angle": 22.5, "axis": "x", "origin": [8, -10.05, 7.5]},
			"faces": {
				"north": {"uv": [1.375, 2.0625, 0.875, 2.25], "texture": "#0"},
				"east": {"uv": [1.375, 2.0625, 0.875, 2.25], "texture": "#0"},
				"south": {"uv": [1.375, 2.0625, 0.875, 2.25], "texture": "#0"},
				"west": {"uv": [1.375, 2.0625, 0.875, 2.25], "texture": "#0"},
				"up": {"uv": [0.375, 2.5625, 0.875, 2.0625], "texture": "#0"},
				"down": {"uv": [0.375, 2.5625, 0.875, 2.0625], "texture": "#0"}
			}
		},
		{
			"from": [6.5, -9.2, 6],
			"to": [9.5, -6.7, 9],
			"rotation": {"angle": 22.5, "axis": "x", "origin": [8, -10.05, 7.5]},
			"faces": {
				"north": {"uv": [0.375, 2.25, 0, 2.5625], "texture": "#0"},
				"east": {"uv": [0.375, 1.9375, 0, 2.25], "texture": "#0"},
				"south": {"uv": [0.375, 2.25, 0, 2.5625], "texture": "#0"},
				"west": {"uv": [0.375, 1.9375, 0, 2.25], "texture": "#0"}
			}
		},
		{
			"from": [6.75, 3.5, 6.75],
			"to": [9.25, 11, 9.25],
			"rotation": {"angle": 0, "axis": "y", "origin": [0, -5.5, 23.3]},
			"faces": {
				"north": {"uv": [2.875, 1.375, 2.5625, 2.3125], "texture": "#0"},
				"east": {"uv": [2.5625, 0.75, 2.25, 1.6875], "texture": "#0"},
				"south": {"uv": [2.875, 2.3125, 2.5625, 3.25], "texture": "#0"},
				"west": {"uv": [2.5625, 0.75, 2.25, 1.6875], "texture": "#0"},
				"up": {"uv": [2.5625, 1.6875, 2.25, 2], "texture": "#0"},
				"down": {"uv": [2.5625, 1.6875, 2.25, 2], "texture": "#0"}
			}
		},
		{
			"from": [7, 18, 6.75],
			"to": [9, 20.5, 9.25],
			"rotation": {"angle": -45, "axis": "x", "origin": [8, 19.25, 8]},
			"faces": {
				"north": {"uv": [1.4375, 4.4375, 1.6875, 4.125], "texture": "#0"},
				"east": {"uv": [1.1875, 4.4375, 0.875, 4.125], "texture": "#0"},
				"south": {"uv": [1.1875, 4.125, 1.4375, 4.4375], "texture": "#0"},
				"west": {"uv": [0.875, 4.4375, 1.1875, 4.125], "texture": "#0"},
				"up": {"uv": [1.1875, 4.4375, 1.4375, 4.125], "texture": "#0"},
				"down": {"uv": [1.4375, 4.4375, 1.6875, 4.125], "texture": "#0"}
			}
		},
		{
			"from": [5, 12, 6.75],
			"to": [6, 14.5, 9.25],
			"rotation": {"angle": -45, "axis": "x", "origin": [6, 13.25, 8]},
			"faces": {
				"north": {"uv": [1.4375, 4.75, 1.5625, 4.4375], "texture": "#0"},
				"east": {"uv": [1.1875, 4.75, 0.875, 4.4375], "texture": "#0"},
				"south": {"uv": [1.1875, 4.4375, 1.3125, 4.75], "texture": "#0"},
				"west": {"uv": [0.875, 4.75, 1.1875, 4.4375], "texture": "#0"},
				"up": {"uv": [1.1875, 4.75, 1.3125, 4.4375], "texture": "#0"},
				"down": {"uv": [1.4375, 4.75, 1.5625, 4.4375], "texture": "#0"}
			}
		},
		{
			"from": [4.9, 12, 6.75],
			"to": [4.9, 14.5, 9.25],
			"rotation": {"angle": -45, "axis": "x", "origin": [5.9, 13.25, 8]},
			"faces": {
				"north": {"uv": [0, 0, 0, 5], "texture": "#4"},
				"east": {"uv": [5, 0, 0, 5], "texture": "#4"},
				"south": {"uv": [0, 0, 0, 5], "texture": "#4"},
				"west": {"uv": [0, 0, 5, 5], "texture": "#4"},
				"up": {"uv": [0, 5, 0, 0], "texture": "#4"},
				"down": {"uv": [0, 0, 0, 5], "texture": "#4"}
			}
		},
		{
			"from": [4.9, 12, 6.75],
			"to": [4.9, 14.5, 9.25],
			"rotation": {"angle": -45, "axis": "x", "origin": [5.9, 13.25, 8]},
			"faces": {
				"north": {"uv": [0, 0, 0, 5], "texture": "#4"},
				"east": {"uv": [5, 0, 0, 5], "texture": "#4"},
				"south": {"uv": [0, 0, 0, 5], "texture": "#4"},
				"west": {"uv": [0, 0, 5, 5], "texture": "#4"},
				"up": {"uv": [0, 5, 0, 0], "texture": "#4"},
				"down": {"uv": [0, 0, 0, 5], "texture": "#4"}
			}
		},
		{
			"from": [5.5, 11.5, 6.25],
			"to": [6.5, 15, 9.75],
			"rotation": {"angle": -45, "axis": "x", "origin": [6, 13.25, 8]},
			"faces": {
				"north": {"uv": [0.5625, 5.1875, 0.4375, 4.75], "texture": "#0"},
				"east": {"uv": [0, 5.1875, 0.4375, 4.75], "texture": "#0"},
				"south": {"uv": [0.4375, 4.75, 0.5625, 5.1875], "texture": "#0"},
				"west": {"uv": [0, 5.1875, 0.4375, 4.75], "texture": "#0"},
				"up": {"uv": [0.4375, 5.1875, 0.5625, 4.75], "texture": "#0"},
				"down": {"uv": [0.4375, 5.1875, 0.5625, 4.75], "texture": "#0"}
			}
		},
		{
			"from": [10, 12, 6.75],
			"to": [11, 14.5, 9.25],
			"rotation": {"angle": -45, "axis": "x", "origin": [10, 13.25, 8]},
			"faces": {
				"north": {"uv": [1.5625, 4.75, 1.4375, 4.4375], "texture": "#0"},
				"east": {"uv": [1.1875, 4.75, 0.875, 4.4375], "texture": "#0"},
				"south": {"uv": [1.3125, 4.4375, 1.1875, 4.75], "texture": "#0"},
				"west": {"uv": [0.875, 4.75, 1.1875, 4.4375], "texture": "#0"},
				"up": {"uv": [1.3125, 4.75, 1.1875, 4.4375], "texture": "#0"},
				"down": {"uv": [1.5625, 4.75, 1.4375, 4.4375], "texture": "#0"}
			}
		},
		{
			"from": [9.5, 11.5, 6.25],
			"to": [10.5, 15, 9.75],
			"rotation": {"angle": -45, "axis": "x", "origin": [10, 13.25, 8]},
			"faces": {
				"north": {"uv": [0.4375, 5.1875, 0.5625, 4.75], "texture": "#0"},
				"east": {"uv": [0.4375, 5.1875, 0, 4.75], "texture": "#0"},
				"south": {"uv": [0.5625, 4.75, 0.4375, 5.1875], "texture": "#0"},
				"west": {"uv": [0.4375, 5.1875, 0, 4.75], "texture": "#0"},
				"up": {"uv": [0.5625, 5.1875, 0.4375, 4.75], "texture": "#0"},
				"down": {"uv": [0.5625, 5.1875, 0.4375, 4.75], "texture": "#0"}
			}
		},
		{
			"from": [7.75, 11, 0.5],
			"to": [8.25, 15, 5.5],
			"rotation": {"angle": 0, "axis": "y", "origin": [8, 14, 3.5]},
			"faces": {
				"north": {"uv": [0.5625, 1.4375, 0.625, 1.9375], "texture": "#0"},
				"east": {"uv": [0.625, 1.4375, 0, 1.9375], "texture": "#0"},
				"south": {"uv": [0.5625, 1.4375, 0.625, 1.9375], "texture": "#0"},
				"west": {"uv": [0, 1.4375, 0.625, 1.9375], "texture": "#0"},
				"up": {"uv": [2.1875, 0.75, 2.25, 1.375], "texture": "#0"},
				"down": {"uv": [2.1875, 0.75, 2.25, 1.375], "texture": "#0"}
			}
		},
		{
			"from": [7.55, 16.45, -5.05],
			"to": [8.45, 21.95, 0.95],
			"rotation": {"angle": 45, "axis": "x", "origin": [7.7, 16.5, -5]},
			"faces": {
				"north": {"uv": [1.8125, 0, 1.9375, 0.6875], "texture": "#0"},
				"east": {"uv": [1.8125, 0, 1.0625, 0.6875], "texture": "#0"},
				"south": {"uv": [1.95, 0, 2.075, 0.6875], "texture": "#0"},
				"west": {"uv": [1.0625, 0, 1.8125, 0.6875], "texture": "#0"},
				"up": {"uv": [0, 0.6875, 0.125, 1.4375], "texture": "#0"},
				"down": {"uv": [0.0125, 0.6875, 0.1375, 1.4375], "texture": "#0"}
			}
		},
		{
			"from": [7.5, 11, -5.1],
			"to": [8.5, 16.5, 1.4],
			"rotation": {"angle": 0, "axis": "y", "origin": [-0.3, -0.5, -1.5]},
			"faces": {
				"north": {"uv": [0.9375, 0, 0.8125, 0.6875], "texture": "#0"},
				"east": {"uv": [0, 0, 0.8125, 0.6875], "texture": "#0"},
				"south": {"uv": [1.0625, 0, 0.9375, 0.6875], "texture": "#0"},
				"west": {"uv": [0.8125, 0, 0, 0.6875], "texture": "#0"},
				"up": {"uv": [3.1875, 3.625, 3.3125, 4.4375], "texture": "#0"},
				"down": {"uv": [3.1875, 4.4375, 3.3125, 3.625], "texture": "#0"}
			}
		},
		{
			"from": [7.55, 5.5, -5.1],
			"to": [8.45, 11, 0.9],
			"rotation": {"angle": -22.5, "axis": "x", "origin": [7.7, 11, -5]},
			"faces": {
				"north": {"uv": [0.875, 0.6875, 0.9875, 1.375], "texture": "#0"},
				"east": {"uv": [0.875, 0.6875, 0.125, 1.375], "texture": "#0"},
				"south": {"uv": [1, 0.6875, 1.1125, 1.375], "texture": "#0"},
				"west": {"uv": [0.125, 0.6875, 0.875, 1.375], "texture": "#0"},
				"up": {"uv": [0.125, 0.6875, 0.2375, 1.4375], "texture": "#0"},
				"down": {"uv": [3.1875, 4.4375, 3.3, 3.6875], "texture": "#0"}
			}
		},
		{
			"from": [7.8, 10.31231, 1.46231],
			"to": [8.2, 11.81231, 6.46231],
			"rotation": {"angle": -22.5, "axis": "x", "origin": [8, 9.71231, 3.71231]},
			"faces": {
				"north": {"uv": [64, 24, 65.5, 26], "texture": "#0"},
				"east": {"uv": [1.25, 1.4375, 0.625, 1.625], "texture": "#0"},
				"south": {"uv": [64, 24, 65.5, 26], "texture": "#0"},
				"west": {"uv": [0.625, 1.4375, 1.25, 1.625], "texture": "#0"},
				"up": {"uv": [2.1875, 0.75, 2.25, 1.375], "texture": "#0"},
				"down": {"uv": [2.1875, 0.75, 2.25, 1.375], "texture": "#0"}
			}
		},
		{
			"from": [7.55, 16.7, 13.2],
			"to": [8.45, 19.2, 16.7],
			"rotation": {"angle": -22.5, "axis": "x", "origin": [7.7, 15.5, 19.9]},
			"faces": {
				"north": {"uv": [2.75, 0, 2.625, 0.3125], "texture": "#0"},
				"east": {"uv": [2.1875, 0, 2.625, 0.3125], "texture": "#0"},
				"south": {"uv": [3.3125, 0, 3.1875, 0.3125], "texture": "#0"},
				"west": {"uv": [2.625, 0, 2.1875, 0.3125], "texture": "#0"},
				"up": {"uv": [2.0625, 1.4375, 1.9375, 1.875], "texture": "#0"},
				"down": {"uv": [2.0625, 1.4375, 1.9375, 1.875], "texture": "#0"}
			}
		},
		{
			"from": [7.5, 11, 13],
			"to": [8.5, 15.5, 16.5],
			"rotation": {"angle": 0, "axis": "y", "origin": [-0.3, -1.5, 16.4]},
			"faces": {
				"north": {"uv": [1.6875, 1.4375, 1.8125, 2], "texture": "#0"},
				"east": {"uv": [1.25, 1.4375, 1.6875, 2], "texture": "#0"},
				"south": {"uv": [2.75, 0.1875, 2.875, 0.75], "texture": "#0"},
				"west": {"uv": [1.6875, 1.4375, 1.25, 2], "texture": "#0"},
				"up": {"uv": [1.8125, 1.875, 1.9375, 1.4375], "texture": "#0"},
				"down": {"uv": [1.8125, 1.875, 1.9375, 1.4375], "texture": "#0"}
			}
		},
		{
			"from": [7.55, 4.8, 14.3],
			"to": [8.45, 8.3, 16.8],
			"rotation": {"angle": 45, "axis": "x", "origin": [7.7, 10, 19.9]},
			"faces": {
				"north": {"uv": [2.75, 0.3125, 2.625, 0.75], "texture": "#0"},
				"east": {"uv": [2.1875, 0.3125, 2.5, 0.75], "texture": "#0"},
				"south": {"uv": [2.625, 0.3125, 2.5, 0.75], "texture": "#0"},
				"west": {"uv": [2.5, 0.3125, 2.1875, 0.75], "texture": "#0"},
				"up": {"uv": [2.0625, 1.625, 2.1875, 1.3125], "texture": "#0"},
				"down": {"uv": [2.0625, 1.625, 2.1875, 1.3125], "texture": "#0"}
			}
		},
		{
			"from": [7.75, 12, 10],
			"to": [8.25, 15, 13],
			"rotation": {"angle": 0, "axis": "y", "origin": [8, 14, 12.5]},
			"faces": {
				"north": {"uv": [0.6875, 0.8125, 0.625, 1.1875], "texture": "#0"},
				"east": {"uv": [0.625, 1.625, 1, 2], "texture": "#0"},
				"south": {"uv": [0.6875, 0.8125, 0.625, 1.1875], "texture": "#0"},
				"west": {"uv": [1, 1.625, 0.625, 2], "texture": "#0"},
				"up": {"uv": [1, 2, 1.0625, 1.625], "texture": "#0"},
				"down": {"uv": [1, 2, 1.0625, 1.625], "texture": "#0"}
			}
		},
		{
			"from": [6.5, -1, 7.75],
			"to": [9.5, 3, 10.75],
			"rotation": {"angle": -22.5, "axis": "x", "origin": [8, 0.5, 9.7]},
			"faces": {
				"north": {"uv": [0.875, 3.625, 1.25, 4.125], "texture": "#0"},
				"east": {"uv": [0.875, 3.5625, 0.5, 4.0625], "texture": "#0"},
				"south": {"uv": [0.5, 4.0625, 0.875, 4.5625], "texture": "#0"},
				"west": {"uv": [0.5, 3.5625, 0.875, 4.0625], "texture": "#0"},
				"up": {"uv": [1.25, 3.625, 1.625, 4], "texture": "#0"},
				"down": {"uv": [1.25, 3.625, 1.625, 4], "texture": "#0"}
			}
		},
		{
			"from": [6.55, -0.4, 5.2],
			"to": [9.45, 1.6, 9.2],
			"rotation": {"angle": 22.5, "axis": "x", "origin": [8, 0.5, 9.7]},
			"faces": {
				"north": {"uv": [2.0625, 3.5, 2.4375, 3.75], "rotation": 180, "texture": "#0"},
				"east": {"uv": [1.8125, 3.4375, 2.0625, 3.9375], "rotation": 270, "texture": "#0"},
				"south": {"uv": [2.0625, 3.5, 2.4375, 3.75], "rotation": 180, "texture": "#0"},
				"west": {"uv": [1.8125, 3.4375, 2.0625, 3.9375], "rotation": 270, "texture": "#0"},
				"up": {"uv": [2.75, 3.25, 3.125, 3.75], "texture": "#0"},
				"down": {"uv": [2.75, 3.25, 3.125, 3.75], "texture": "#0"}
			}
		},
		{
			"from": [8, -5.4, 12.2],
			"to": [8, -2.4, 15.2],
			"rotation": {"angle": 22.5, "axis": "x", "origin": [8, 0.5, 9.7]},
			"faces": {
				"north": {"uv": [2.0625, 3.5, 2.4375, 3.75], "rotation": 180, "texture": "#0"},
				"east": {"uv": [3.375, 0.375, 3.75, 0], "rotation": 270, "texture": "#0"},
				"south": {"uv": [2.0625, 3.5, 2.4375, 3.75], "rotation": 180, "texture": "#0"},
				"west": {"uv": [3.375, 0, 3.75, 0.375], "rotation": 270, "texture": "#0"},
				"up": {"uv": [2.75, 3.25, 3.125, 3.75], "texture": "#0"},
				"down": {"uv": [2.75, 3.25, 3.125, 3.75], "texture": "#0"}
			}
		},
		{
			"from": [6.75, 11.5, 4.5],
			"to": [9.25, 15, 6.5],
			"rotation": {"angle": 0, "axis": "y", "origin": [8, 13.24142, 8]},
			"faces": {
				"north": {"uv": [2.625, 3.8125, 2.9375, 4.25], "texture": "#0"},
				"east": {"uv": [3.1875, 3.8125, 2.9375, 4.25], "texture": "#0"},
				"south": {"uv": [2.625, 3.8125, 2.9375, 4.25], "texture": "#0"},
				"west": {"uv": [2.9375, 3.8125, 3.1875, 4.25], "texture": "#0"},
				"up": {"uv": [2.3125, 4.1875, 2.5625, 4.5], "rotation": 90, "texture": "#0"},
				"down": {"uv": [2.3125, 4.1875, 2.5625, 4.5], "rotation": 270, "texture": "#0"}
			}
		},
		{
			"from": [8.38744, 13.62886, 4.55],
			"to": [10.08744, 15.32886, 6.55],
			"rotation": {"angle": 45, "axis": "z", "origin": [8, 13.24142, 8]},
			"faces": {
				"north": {"uv": [3, 4.25, 3.1875, 4.4375], "texture": "#0"},
				"east": {"uv": [3, 4.25, 2.75, 4.4375], "texture": "#0"},
				"south": {"uv": [3, 4.25, 3.1875, 4.4375], "texture": "#0"},
				"west": {"uv": [2.75, 4.25, 3, 4.4375], "texture": "#0"},
				"up": {"uv": [2.75, 4.25, 3, 4.4375], "rotation": 90, "texture": "#0"},
				"down": {"uv": [2.75, 4.25, 3, 4.4375], "rotation": 270, "texture": "#0"}
			}
		},
		{
			"from": [5.91256, 11.15398, 4.55],
			"to": [7.61256, 12.85398, 6.55],
			"rotation": {"angle": 45, "axis": "z", "origin": [8, 13.24142, 8]},
			"faces": {
				"north": {"uv": [3.1875, 4.4375, 3, 4.25], "texture": "#0"},
				"east": {"uv": [2.75, 4.25, 3, 4.4375], "texture": "#0"},
				"south": {"uv": [3, 4.25, 3.1875, 4.4375], "texture": "#0"},
				"west": {"uv": [2.75, 4.4375, 3, 4.25], "texture": "#0"},
				"up": {"uv": [2.75, 4.25, 3, 4.4375], "rotation": 90, "texture": "#0"},
				"down": {"uv": [2.75, 4.25, 3, 4.4375], "rotation": 270, "texture": "#0"}
			}
		},
		{
			"from": [6.75, 11.5, 9.5],
			"to": [9.25, 15, 11.5],
			"rotation": {"angle": 0, "axis": "y", "origin": [8, 13.24142, 8]},
			"faces": {
				"north": {"uv": [2.9375, 3.8125, 2.625, 4.25], "texture": "#0"},
				"east": {"uv": [2.9375, 3.8125, 3.1875, 4.25], "texture": "#0"},
				"south": {"uv": [2.9375, 3.8125, 2.625, 4.25], "texture": "#0"},
				"west": {"uv": [3.1875, 3.8125, 2.9375, 4.25], "texture": "#0"},
				"up": {"uv": [2.5625, 4.1875, 2.3125, 4.5], "rotation": 90, "texture": "#0"},
				"down": {"uv": [2.5625, 4.1875, 2.3125, 4.5], "rotation": 270, "texture": "#0"}
			}
		},
		{
			"from": [5.91256, 11.15398, 9.45],
			"to": [7.61256, 12.85398, 11.45],
			"rotation": {"angle": 45, "axis": "z", "origin": [8, 13.24142, 8]},
			"faces": {
				"north": {"uv": [3.1875, 4.25, 3, 4.4375], "texture": "#0"},
				"east": {"uv": [3, 4.25, 2.75, 4.4375], "texture": "#0"},
				"south": {"uv": [3, 4.4375, 3.1875, 4.25], "texture": "#0"},
				"west": {"uv": [3, 4.4375, 2.75, 4.25], "texture": "#0"},
				"up": {"uv": [3, 4.25, 2.75, 4.4375], "rotation": 90, "texture": "#0"},
				"down": {"uv": [3, 4.25, 2.75, 4.4375], "rotation": 270, "texture": "#0"}
			}
		},
		{
			"from": [8.38744, 13.62886, 9.45],
			"to": [10.08744, 15.32886, 11.45],
			"rotation": {"angle": 45, "axis": "z", "origin": [8, 13.24142, 8]},
			"faces": {
				"north": {"uv": [3.1875, 4.25, 3, 4.4375], "texture": "#0"},
				"east": {"uv": [2.75, 4.25, 3, 4.4375], "texture": "#0"},
				"south": {"uv": [3.1875, 4.25, 3, 4.4375], "texture": "#0"},
				"west": {"uv": [3, 4.25, 2.75, 4.4375], "texture": "#0"},
				"up": {"uv": [3, 4.25, 2.75, 4.4375], "rotation": 90, "texture": "#0"},
				"down": {"uv": [3, 4.25, 2.75, 4.4375], "rotation": 270, "texture": "#0"}
			}
		},
		{
			"from": [8, 5.5, 15],
			"to": [8, 12.5, 18],
			"rotation": {"angle": 0, "axis": "y", "origin": [0, 2.5, 0]},
			"faces": {
				"north": {"uv": [0, 0, 0, 256], "texture": "#missing"},
				"east": {"uv": [3.75, 0.4375, 3.375, 1.3125], "texture": "#0"},
				"south": {"uv": [0, 0, 0, 256], "texture": "#missing"},
				"west": {"uv": [3.375, 0.4375, 3.75, 1.3125], "texture": "#0"},
				"up": {"uv": [0, 0, 0, 96], "texture": "#missing"},
				"down": {"uv": [0, 0, 0, 96], "texture": "#missing"}
			}
		},
		{
			"from": [7, 5, 15],
			"to": [9, 6.5, 17],
			"rotation": {"angle": 0, "axis": "y", "origin": [0, 2.5, 0]},
			"faces": {
				"north": {"uv": [1.6875, 3.9375, 1.9375, 4.125], "texture": "#0"},
				"east": {"uv": [1.6875, 3.9375, 1.9375, 4.125], "texture": "#0"},
				"south": {"uv": [1.6875, 3.9375, 1.9375, 4.125], "texture": "#0"},
				"west": {"uv": [1.6875, 3.9375, 1.9375, 4.125], "texture": "#0"},
				"up": {"uv": [1.6875, 4.125, 1.9375, 4.375], "texture": "#0"},
				"down": {"uv": [1.6875, 4.125, 1.9375, 4.375], "texture": "#0"}
			}
		},
		{
			"from": [7.06976, -10.5, 9.76976],
			"to": [9.06976, -9.5, 11.76976],
			"rotation": {"angle": 0, "axis": "y", "origin": [8.31976, -12.29834, 11.45]},
			"faces": {
				"north": {"uv": [2.375, 4.0625, 2.625, 4.1875], "texture": "#0"},
				"east": {"uv": [2.375, 4.0625, 2.625, 4.1875], "texture": "#0"},
				"south": {"uv": [2.375, 4.0625, 2.625, 4.1875], "texture": "#0"},
				"west": {"uv": [2.375, 4.0625, 2.625, 4.1875], "texture": "#0"},
				"up": {"uv": [2.375, 3.8125, 2.625, 4.0625], "rotation": 270, "texture": "#0"},
				"down": {"uv": [2.375, 3.8125, 2.625, 4.0625], "rotation": 270, "texture": "#0"}
			}
		},
		{
			"from": [8.06976, -9.5, 9.46976],
			"to": [8.06976, -6.5, 11.46976],
			"rotation": {"angle": 0, "axis": "y", "origin": [8.31976, -12.29834, 11.45]},
			"faces": {
				"north": {"uv": [2.375, 4.0625, 2.625, 4.1875], "texture": "#0"},
				"east": {"uv": [5.125, 0, 4.875, 0.375], "texture": "#0"},
				"south": {"uv": [2.375, 4.0625, 2.625, 4.1875], "texture": "#0"},
				"west": {"uv": [4.875, 0, 5.125, 0.375], "texture": "#0"},
				"up": {"uv": [2.375, 3.8125, 2.625, 4.0625], "rotation": 270, "texture": "#0"},
				"down": {"uv": [2.375, 3.8125, 2.625, 4.0625], "rotation": 270, "texture": "#0"}
			}
		},
		{
			"from": [6.36976, -12.31145, 11.55517],
			"to": [10.36976, -10.31145, 11.55517],
			"rotation": {"angle": -22.5, "axis": "x", "origin": [8.11976, -12.29834, 11.65]},
			"faces": {
				"north": {"uv": [4.375, 0, 3.875, 0.25], "texture": "#0"},
				"east": {"uv": [0, 0, 0, 192], "texture": "#missing"},
				"south": {"uv": [3.875, 0, 4.375, 0.25], "texture": "#0"},
				"west": {"uv": [0, 0, 0, 192], "texture": "#missing"},
				"up": {"uv": [0, 0, 0, 96], "rotation": 270, "texture": "#missing"},
				"down": {"uv": [0, 0, 0, 96], "rotation": 90, "texture": "#missing"}
			}
		},
		{
			"from": [6.36976, -15.27035, 11.53824],
			"to": [10.36976, -12.27035, 11.53824],
			"rotation": {"angle": -45, "axis": "x", "origin": [8.11976, -12.29834, 11.65]},
			"faces": {
				"north": {"uv": [4.375, 0.25, 3.875, 0.625], "texture": "#0"},
				"east": {"uv": [0, 0, 0, 192], "texture": "#missing"},
				"south": {"uv": [3.875, 0.25, 4.375, 0.625], "texture": "#0"},
				"west": {"uv": [0, 0, 0, 192], "texture": "#missing"},
				"up": {"uv": [0, 0, 0, 96], "rotation": 270, "texture": "#missing"},
				"down": {"uv": [0, 0, 0, 96], "rotation": 90, "texture": "#missing"}
			}
		},
		{
			"from": [6.36976, -13.52441, 14.34915],
			"to": [10.36976, -13.52441, 16.34915],
			"rotation": {"angle": 22.5, "axis": "x", "origin": [8.11976, -12.29834, 11.65]},
			"faces": {
				"north": {"uv": [0, 0, 0, 96], "rotation": 90, "texture": "#missing"},
				"east": {"uv": [0, 0, 0, 192], "rotation": 90, "texture": "#missing"},
				"south": {"uv": [0, 0, 0, 96], "rotation": 90, "texture": "#missing"},
				"west": {"uv": [0, 0, 0, 192], "rotation": 270, "texture": "#missing"},
				"up": {"uv": [3.875, 0.625, 4.375, 0.875], "texture": "#0"},
				"down": {"uv": [4.375, 0.625, 3.875, 0.875], "rotation": 180, "texture": "#0"}
			}
		},
		{
			"from": [9.45205, -13.09383, 9.2],
			"to": [9.45205, -10.09383, 12.2],
			"rotation": {"angle": 22.5, "axis": "z", "origin": [8.11976, -12.29834, 10.45]},
			"faces": {
				"north": {"uv": [0, 0, 0, 128], "texture": "#missing"},
				"east": {"uv": [4.8125, 0, 4.4375, 0.375], "texture": "#0"},
				"south": {"uv": [0, 0, 0, 128], "texture": "#missing"},
				"west": {"uv": [4.4375, 0, 4.8125, 0.375], "texture": "#0"},
				"up": {"uv": [0, 0, 0, 96], "texture": "#missing"},
				"down": {"uv": [0, 0, 0, 96], "texture": "#missing"}
			}
		},
		{
			"from": [9.08658, -16, 9.2],
			"to": [9.08658, -13.5, 12.2],
			"rotation": {"angle": 45, "axis": "z", "origin": [8.11976, -12.29834, 10.45]},
			"faces": {
				"north": {"uv": [0, 0, 0, 128], "texture": "#missing"},
				"east": {"uv": [4.8125, 0.3125, 4.4375, 0.625], "texture": "#0"},
				"south": {"uv": [0, 0, 0, 128], "texture": "#missing"},
				"west": {"uv": [4.4375, 0.3125, 4.8125, 0.625], "texture": "#0"},
				"up": {"uv": [0, 0, 0, 96], "texture": "#missing"},
				"down": {"uv": [0, 0, 0, 96], "texture": "#missing"}
			}
		},
		{
			"from": [8, 1, 12],
			"to": [8, 5, 20],
			"rotation": {"angle": 0, "axis": "y", "origin": [6, 5, 13]},
			"faces": {
				"north": {"uv": [0, 0, 0, 14], "texture": "#5"},
				"east": {"uv": [16, 6, 0, 14], "texture": "#5"},
				"south": {"uv": [0, 0, 0, 14], "texture": "#5"},
				"west": {"uv": [0, 6, 16, 14], "texture": "#5"},
				"up": {"uv": [0, 10, 0, 0], "texture": "#5"},
				"down": {"uv": [0, 0, 0, 10], "texture": "#5"}
			}
		}
	],
	"gui_light": "front",
	"display": {
		"thirdperson_righthand": {
			"translation": [0, 3.5, 0.5],
			"scale": [0.6, 0.6, 0.6]
		},
		"thirdperson_lefthand": {
			"translation": [0, 3.5, 0.5],
			"scale": [0.6, 0.6, 0.6]
		},
		"firstperson_righthand": {
			"rotation": [9, 13, -4],
			"translation": [3, 2.5, -3.25],
			"scale": [0.5, 0.5, 0.5]
		},
		"firstperson_lefthand": {
			"rotation": [9, 13, -4],
			"translation": [3, 2.5, -3.25],
			"scale": [0.5, 0.5, 0.5]
		},
		"ground": {
			"rotation": [0, 0, 90],
			"translation": [-4.75, 0.25, 0],
			"scale": [0.5, 0.5, 0.5]
		},
		"gui": {
			"rotation": [90, 135, -90],
			"translation": [-0.75, 1.5, -1.25],
			"scale": [0.5, 0.5, 0.5]
		},
		"head": {
			"rotation": [90, -168, 90],
			"translation": [-0.5, 12.25, 0],
			"scale": [0.56, 0.56, 0.56]
		},
		"fixed": {
			"rotation": [0, 90, 0],
			"translation": [0, 4, -2.25],
			"scale": [1.07898, 1.07898, 1.07898]
		}
	}
}