{
	"credit": "Made with Blockbench",
	"texture_size": [128, 128],
	"textures": {
		"0": "elitecreatures:witchcaster_animated/witchcaster_texture",
		"3": "elitecreatures:witchcaster_animated/witchcaster_animation_01",
		"5": "elitecreatures:witchcaster_animated/witchcaster_animation_002-export",
		"particle": "elitecreatures:witchcaster_animated/witchcaster_texture"
	},
	"elements": [
		{
			"from": [5.75, 4.5, 15],
			"to": [10.25, 8.5, 22],
			"rotation": {"angle": 0, "axis": "y", "origin": [8, 22.56168, 18.28682]},
			"faces": {
				"north": {"uv": [10.375, 11.4375, 10.9375, 11.9375], "rotation": 180, "texture": "#0"},
				"east": {"uv": [11.8125, 11.375, 10.9375, 10.875], "rotation": 180, "texture": "#0"},
				"south": {"uv": [10.375, 11.4375, 10.9375, 11.9375], "rotation": 180, "texture": "#0"},
				"west": {"uv": [10.9375, 11.375, 11.8125, 10.875], "rotation": 180, "texture": "#0"},
				"up": {"uv": [10.9375, 11.375, 11.8125, 11.9375], "rotation": 270, "texture": "#0"},
				"down": {"uv": [10.9375, 11.375, 11.8125, 11.9375], "rotation": 270, "texture": "#0"}
			}
		},
		{
			"from": [8, 4.5, -9.5],
			"to": [8, 13.5, 20.5],
			"rotation": {"angle": -22.5, "axis": "z", "origin": [8, 9, 5.75]},
			"faces": {
				"north": {"uv": [0, 6.25, 1.375, 6.25], "rotation": 90, "texture": "#missing"},
				"east": {"uv": [14.875, 7.0625, 16, 10.8125], "rotation": 270, "texture": "#0"},
				"south": {"uv": [0, 6.25, 1.375, 6.25], "rotation": 270, "texture": "#missing"},
				"west": {"uv": [14.875, 10.8125, 16, 7.0625], "rotation": 270, "texture": "#0"},
				"up": {"uv": [0, 6.25, 3.8125, 6.25], "rotation": 270, "texture": "#missing"},
				"down": {"uv": [0, 6.25, 3.8125, 6.25], "rotation": 270, "texture": "#missing"}
			}
		},
		{
			"from": [8, 4.5, -9.5],
			"to": [8, 13.5, 20.5],
			"rotation": {"angle": 22.5, "axis": "z", "origin": [8, 9, 5.75]},
			"faces": {
				"north": {"uv": [0, 6.25, 1.375, 6.25], "rotation": 90, "texture": "#missing"},
				"east": {"uv": [14.875, 7.0625, 16, 10.8125], "rotation": 270, "texture": "#0"},
				"south": {"uv": [0, 6.25, 1.375, 6.25], "rotation": 270, "texture": "#missing"},
				"west": {"uv": [14.875, 10.8125, 16, 7.0625], "rotation": 270, "texture": "#0"},
				"up": {"uv": [0, 6.25, 3.8125, 6.25], "rotation": 270, "texture": "#missing"},
				"down": {"uv": [0, 6.25, 3.8125, 6.25], "rotation": 270, "texture": "#missing"}
			}
		},
		{
			"from": [7.5, 6, 17.5],
			"to": [8.5, 10, 20.5],
			"rotation": {"angle": 45, "axis": "x", "origin": [8, 11.5, 17]},
			"faces": {
				"north": {"uv": [10.4375, 10.88125, 10.5625, 11.38125], "texture": "#0"},
				"east": {"uv": [10.9375, 10.88125, 10.5625, 11.38125], "texture": "#0"},
				"south": {"uv": [10.4375, 10.88125, 10.5625, 11.38125], "texture": "#0"},
				"west": {"uv": [10.5625, 10.88125, 10.9375, 11.38125], "texture": "#0"},
				"up": {"uv": [11.3125, 10.125, 11.4375, 10.4375], "texture": "#0"},
				"down": {"uv": [11.3125, 10.125, 11.4375, 10.4375], "texture": "#0"}
			}
		},
		{
			"from": [4.5, 4.5, 4],
			"to": [11.5, 8.5, 15],
			"rotation": {"angle": 0, "axis": "y", "origin": [8, 21.56168, 17.28682]},
			"faces": {
				"north": {"uv": [13.1875, 9.6875, 14.0625, 10.1875], "rotation": 180, "texture": "#0"},
				"east": {"uv": [11.8125, 11.9375, 13.1875, 11.4375], "rotation": 180, "texture": "#0"},
				"south": {"uv": [13.1875, 9.6875, 14.0625, 10.1875], "rotation": 180, "texture": "#0"},
				"west": {"uv": [13.1875, 11.9375, 11.8125, 11.4375], "rotation": 180, "texture": "#0"},
				"up": {"uv": [11.8125, 9.6875, 13.1875, 10.5625], "rotation": 270, "texture": "#0"},
				"down": {"uv": [11.8125, 10.5625, 13.1875, 11.4375], "rotation": 270, "texture": "#0"}
			}
		},
		{
			"from": [4.55, 1.55, 4],
			"to": [11.45, 4.55, 12],
			"rotation": {"angle": -22.5, "axis": "x", "origin": [8, 1.45, 4.05]},
			"faces": {
				"north": {"uv": [9.375, 6.5625, 10.2375, 6.9375], "texture": "#0"},
				"east": {"uv": [13.5625, 7.0625, 12.5625, 6.6875], "rotation": 180, "texture": "#0"},
				"south": {"uv": [9.375, 6.5625, 10.2375, 6.9375], "texture": "#0"},
				"west": {"uv": [13.5625, 7.0625, 12.5625, 6.6875], "rotation": 180, "texture": "#0"},
				"up": {"uv": [12.6875, 7.0625, 13.6875, 7.925], "rotation": 90, "texture": "#0"},
				"down": {"uv": [12.6875, 7.0625, 13.6875, 7.925], "rotation": 90, "texture": "#0"}
			}
		},
		{
			"from": [4.5, 1.5, -3.5],
			"to": [11.5, 8.5, 4],
			"rotation": {"angle": 0, "axis": "y", "origin": [8, 20.56168, 16.98682]},
			"faces": {
				"north": {"uv": [11.8125, 8.8125, 12.6875, 9.6875], "rotation": 180, "texture": "#0"},
				"east": {"uv": [12.6875, 9.6875, 13.625, 8.8125], "rotation": 180, "texture": "#0"},
				"south": {"uv": [11.8125, 8.8125, 12.6875, 9.6875], "rotation": 180, "texture": "#0"},
				"west": {"uv": [13.625, 9.6875, 12.6875, 8.8125], "rotation": 180, "texture": "#0"},
				"up": {"uv": [11.8125, 7.9375, 12.75, 8.8125], "rotation": 270, "texture": "#0"},
				"down": {"uv": [12.75, 7.9375, 13.6875, 8.8125], "rotation": 270, "texture": "#0"}
			}
		},
		{
			"from": [3.1, 4.5, -4.1],
			"to": [5.1, 10.5, 1.9],
			"rotation": {"angle": 0, "axis": "y", "origin": [-0.9, 0, 0.9]},
			"faces": {
				"north": {"uv": [11.4375, 9.375, 11.1875, 10.125], "texture": "#0"},
				"east": {"uv": [11.1875, 9.375, 10.4375, 10.125], "texture": "#0"},
				"south": {"uv": [11.4375, 9.375, 11.1875, 10.125], "texture": "#0"},
				"west": {"uv": [11.1875, 9.375, 10.4375, 10.125], "texture": "#0"},
				"up": {"uv": [11.6875, 9.375, 11.4375, 10.125], "texture": "#0"},
				"down": {"uv": [11.6875, 10.125, 11.4375, 9.375], "texture": "#0"}
			}
		},
		{
			"from": [-2.4, 4.55, -0.1],
			"to": [3.1, 10.45, 1.9],
			"rotation": {"angle": -45, "axis": "y", "origin": [3.1, 11, 1.9]},
			"faces": {
				"north": {"uv": [11.0625, 10.125, 10.375, 10.875], "texture": "#0"},
				"east": {"uv": [10.25, 9.0625, 10, 9.8125], "texture": "#0"},
				"south": {"uv": [11.0625, 10.125, 10.375, 10.875], "texture": "#0"},
				"west": {"uv": [10, 9.0625, 10.25, 9.8125], "texture": "#0"},
				"up": {"uv": [11.3125, 10.125, 11.0625, 10.8125], "rotation": 270, "texture": "#0"},
				"down": {"uv": [11.0625, 10.125, 11.3125, 10.8125], "rotation": 270, "texture": "#0"}
			}
		},
		{
			"from": [-8.40391, 6.14609, 8.5],
			"to": [-4.90391, 10.64609, 10.5],
			"rotation": {"angle": -22.5, "axis": "y", "origin": [1.09609, 1.59609, 3.5]},
			"faces": {
				"north": {"uv": [9.25, 10.625, 9.8125, 10.1875], "rotation": 270, "texture": "#0"},
				"east": {"uv": [9.8125, 10.125, 10.375, 10.375], "rotation": 90, "texture": "#0"},
				"south": {"uv": [9.25, 11.0625, 9.8125, 10.625], "rotation": 270, "texture": "#0"},
				"west": {"uv": [9.8125, 10.125, 10.375, 10.375], "rotation": 90, "texture": "#0"},
				"up": {"uv": [8.8125, 10.1875, 9.25, 10.4375], "texture": "#0"},
				"down": {"uv": [8.8125, 10.1875, 9.25, 10.4375], "texture": "#0"}
			}
		},
		{
			"from": [-9.52289, 6.64609, 6.93974],
			"to": [-7.02289, 10.14609, 8.43974],
			"rotation": {"angle": -22.5, "axis": "y", "origin": [-7.17289, 8.89609, 6.00871]},
			"faces": {
				"north": {"uv": [9.8125, 10.375, 10.25, 10.6875], "rotation": 90, "texture": "#0"},
				"east": {"uv": [9.8125, 10.875, 10.25, 10.6875], "rotation": 270, "texture": "#0"},
				"south": {"uv": [9.8125, 10.375, 10.25, 10.6875], "rotation": 90, "texture": "#0"},
				"west": {"uv": [9.8125, 10.6875, 10.25, 10.875], "rotation": 270, "texture": "#0"},
				"up": {"uv": [9.8125, 11.0625, 10.125, 10.875], "rotation": 180, "texture": "#0"},
				"down": {"uv": [9.8125, 10.875, 10.125, 11.0625], "rotation": 180, "texture": "#0"}
			}
		},
		{
			"from": [23.02289, 6.64609, 6.93974],
			"to": [25.52289, 10.14609, 8.43974],
			"rotation": {"angle": 22.5, "axis": "y", "origin": [23.17289, 8.89609, 6.00871]},
			"faces": {
				"north": {"uv": [9.8125, 10.6875, 10.25, 10.375], "rotation": 90, "texture": "#0"},
				"east": {"uv": [9.8125, 10.875, 10.25, 10.6875], "rotation": 270, "texture": "#0"},
				"south": {"uv": [9.8125, 10.6875, 10.25, 10.375], "rotation": 90, "texture": "#0"},
				"west": {"uv": [9.8125, 10.6875, 10.25, 10.875], "rotation": 270, "texture": "#0"},
				"up": {"uv": [10.125, 11.0625, 9.8125, 10.875], "rotation": 180, "texture": "#0"},
				"down": {"uv": [10.125, 10.875, 9.8125, 11.0625], "rotation": 180, "texture": "#0"}
			}
		},
		{
			"from": [-7.40391, 6.64609, 3.6],
			"to": [-5.90391, 10.14609, 8.6],
			"rotation": {"angle": -22.5, "axis": "y", "origin": [1.09609, 1.09609, 4.6]},
			"faces": {
				"east": {"uv": [9.8125, 9.5, 10.25, 10.125], "rotation": 90, "texture": "#0"},
				"west": {"uv": [9.8125, 10.125, 10.25, 9.5], "rotation": 90, "texture": "#0"},
				"up": {"uv": [10.25, 10.125, 10.4375, 9.5], "texture": "#0"},
				"down": {"uv": [10.25, 9.5, 10.4375, 10.125], "texture": "#0"}
			}
		},
		{
			"from": [-2.10391, 4.89609, -6.5],
			"to": [3.39609, 10.89609, -4.5],
			"rotation": {"angle": 45, "axis": "y", "origin": [3.89609, 1.89609, 2.5]},
			"faces": {
				"north": {"uv": [8.8125, 10.1875, 9.5625, 9.5], "rotation": 90, "texture": "#0"},
				"east": {"uv": [7.8125, 10.5, 8.5625, 10.25], "rotation": 270, "texture": "#0"},
				"south": {"uv": [8.8125, 9.5, 9.5625, 10.1875], "rotation": 90, "texture": "#0"},
				"west": {"uv": [7.8125, 10.5, 8.5625, 10.25], "rotation": 270, "texture": "#0"},
				"up": {"uv": [9.5625, 10.1875, 9.8125, 9.5], "rotation": 270, "texture": "#0"},
				"down": {"uv": [9.5625, 10.1875, 9.8125, 9.5], "rotation": 270, "texture": "#0"}
			}
		},
		{
			"from": [-9.30391, 8.39609, 3.1],
			"to": [1.79609, 9.39609, 4.6],
			"rotation": {"angle": 22.5, "axis": "y", "origin": [-10.80391, 1.29609, -4.4]},
			"faces": {
				"north": {"uv": [9.1875, 2.8125, 9.0625, 4.2], "rotation": 90, "texture": "#0"},
				"east": {"uv": [9.0625, 2.8125, 9.1875, 3], "rotation": 270, "texture": "#0"},
				"south": {"uv": [9.0625, 2.8125, 9.1875, 4.2], "rotation": 270, "texture": "#0"},
				"west": {"uv": [9.0625, 2.8125, 9.1875, 3], "rotation": 270, "texture": "#0"},
				"up": {"uv": [7.0125, 1.5625, 5.625, 1.375], "texture": "#0"},
				"down": {"uv": [5.625, 1.375, 7.0125, 1.5625], "texture": "#0"}
			}
		},
		{
			"from": [0.5, 3.5, -6],
			"to": [9.5, 11.5, -3],
			"rotation": {"angle": 22.5, "axis": "y", "origin": [4, 9.3, 5]},
			"faces": {
				"north": {"uv": [7.25, 11.625, 8.25, 10.5], "rotation": 90, "texture": "#0"},
				"east": {"uv": [8.8125, 9.6875, 7.8125, 10.0625], "rotation": 90, "texture": "#0"},
				"south": {"uv": [8.25, 11.625, 9.25, 10.5], "rotation": 90, "texture": "#0"},
				"west": {"uv": [8.8125, 10.0625, 7.8125, 9.6875], "rotation": 90, "texture": "#0"},
				"up": {"uv": [8.375, 11.625, 9.5, 12], "rotation": 180, "texture": "#0"},
				"down": {"uv": [7.25, 11.625, 8.375, 12], "rotation": 180, "texture": "#0"}
			}
		},
		{
			"from": [-7, 8.5, 5],
			"to": [14.3, 9, 5.5],
			"rotation": {"angle": -45, "axis": "y", "origin": [-6.75, 8.75, 5.25]},
			"faces": {
				"north": {"uv": [0, 9.8125, 0.0625, 7.9375], "rotation": 270, "texture": "#0"},
				"east": {"uv": [0, 7.9375, 0.0625, 8], "rotation": 270, "texture": "#0"},
				"south": {"uv": [0, 7.9375, 0.0625, 9.8125], "rotation": 270, "texture": "#0"},
				"west": {"uv": [0, 7.9375, 0.0625, 8], "rotation": 270, "texture": "#0"},
				"up": {"uv": [0, 7.9375, 0.0625, 9.8125], "rotation": 270, "texture": "#0"},
				"down": {"uv": [0, 7.9375, 0.0625, 9.8125], "rotation": 270, "texture": "#0"}
			}
		},
		{
			"from": [1.7, 8.5, 5],
			"to": [23, 9, 5.5],
			"rotation": {"angle": 45, "axis": "y", "origin": [22.75, 8.75, 5.25]},
			"faces": {
				"north": {"uv": [0, 7.9375, 0.0625, 9.8125], "rotation": 270, "texture": "#0"},
				"east": {"uv": [0, 8, 0.0625, 7.9375], "rotation": 270, "texture": "#0"},
				"south": {"uv": [0, 9.8125, 0.0625, 7.9375], "rotation": 270, "texture": "#0"},
				"west": {"uv": [0, 8, 0.0625, 7.9375], "rotation": 270, "texture": "#0"},
				"up": {"uv": [0, 9.8125, 0.0625, 7.9375], "rotation": 270, "texture": "#0"},
				"down": {"uv": [0, 9.8125, 0.0625, 7.9375], "rotation": 270, "texture": "#0"}
			}
		},
		{
			"from": [20.90391, 6.14609, 8.5],
			"to": [24.40391, 10.64609, 10.5],
			"rotation": {"angle": 22.5, "axis": "y", "origin": [14.90391, 1.59609, 3.5]},
			"faces": {
				"north": {"uv": [9.25, 10.1875, 9.8125, 10.625], "rotation": 270, "texture": "#0"},
				"east": {"uv": [9.8125, 10.375, 10.375, 10.125], "rotation": 90, "texture": "#0"},
				"south": {"uv": [9.25, 10.625, 9.8125, 11.0625], "rotation": 270, "texture": "#0"},
				"west": {"uv": [9.8125, 10.375, 10.375, 10.125], "rotation": 90, "texture": "#0"},
				"up": {"uv": [9.25, 10.1875, 8.8125, 10.4375], "texture": "#0"},
				"down": {"uv": [9.25, 10.1875, 8.8125, 10.4375], "texture": "#0"}
			}
		},
		{
			"from": [21.90391, 6.64609, 3.6],
			"to": [23.40391, 10.14609, 8.6],
			"rotation": {"angle": 22.5, "axis": "y", "origin": [14.90391, 1.09609, 4.6]},
			"faces": {
				"east": {"uv": [9.8125, 9.5, 10.25, 10.125], "rotation": 90, "texture": "#0"},
				"west": {"uv": [9.8125, 10.125, 10.25, 9.5], "rotation": 90, "texture": "#0"},
				"up": {"uv": [10.4375, 10.125, 10.25, 9.5], "texture": "#0"},
				"down": {"uv": [10.4375, 9.5, 10.25, 10.125], "texture": "#0"}
			}
		},
		{
			"from": [12.60391, 4.89609, -6.5],
			"to": [18.10391, 10.89609, -4.5],
			"rotation": {"angle": -45, "axis": "y", "origin": [12.10391, 1.89609, 2.5]},
			"faces": {
				"north": {"uv": [8.8125, 9.5, 9.5625, 10.1875], "rotation": 90, "texture": "#0"},
				"east": {"uv": [7.8125, 10.25, 8.5625, 10.5], "rotation": 270, "texture": "#0"},
				"south": {"uv": [8.8125, 10.1875, 9.5625, 9.5], "rotation": 90, "texture": "#0"},
				"west": {"uv": [7.8125, 10.25, 8.5625, 10.5], "rotation": 270, "texture": "#0"},
				"up": {"uv": [9.5625, 9.5, 9.8125, 10.1875], "rotation": 270, "texture": "#0"},
				"down": {"uv": [9.5625, 9.5, 9.8125, 10.1875], "rotation": 270, "texture": "#0"}
			}
		},
		{
			"from": [6.5, 3.5, -6],
			"to": [15.5, 11.5, -3],
			"rotation": {"angle": -22.5, "axis": "y", "origin": [12, 9.3, 5]},
			"faces": {
				"north": {"uv": [7.25, 10.5, 8.25, 11.625], "rotation": 90, "texture": "#0"},
				"east": {"uv": [8.8125, 9.6875, 7.8125, 10.0625], "rotation": 90, "texture": "#0"},
				"south": {"uv": [8.25, 10.5, 9.25, 11.625], "rotation": 90, "texture": "#0"},
				"west": {"uv": [8.8125, 10.0625, 7.8125, 9.6875], "rotation": 90, "texture": "#0"},
				"up": {"uv": [9.5, 11.625, 8.375, 12], "rotation": 180, "texture": "#0"},
				"down": {"uv": [8.375, 11.625, 7.25, 12], "rotation": 180, "texture": "#0"}
			}
		},
		{
			"from": [10.9, 4.5, -4.1],
			"to": [12.9, 10.5, 1.9],
			"rotation": {"angle": 0, "axis": "y", "origin": [16.9, 0, 0.9]},
			"faces": {
				"north": {"uv": [11.1875, 9.375, 11.4375, 10.125], "texture": "#0"},
				"east": {"uv": [10.4375, 9.375, 11.1875, 10.125], "texture": "#0"},
				"south": {"uv": [11.1875, 9.375, 11.4375, 10.125], "texture": "#0"},
				"west": {"uv": [10.4375, 9.375, 11.1875, 10.125], "texture": "#0"},
				"up": {"uv": [11.4375, 9.375, 11.6875, 10.125], "texture": "#0"},
				"down": {"uv": [11.4375, 10.125, 11.6875, 9.375], "texture": "#0"}
			}
		},
		{
			"from": [12.9, 4.55, -0.1],
			"to": [18.4, 10.45, 1.9],
			"rotation": {"angle": 45, "axis": "y", "origin": [12.9, 11, 1.9]},
			"faces": {
				"north": {"uv": [10.375, 10.125, 11.0625, 10.875], "texture": "#0"},
				"east": {"uv": [10.25, 9.0625, 10, 9.8125], "texture": "#0"},
				"south": {"uv": [10.375, 10.125, 11.0625, 10.875], "texture": "#0"},
				"west": {"uv": [10, 9.0625, 10.25, 9.8125], "texture": "#0"},
				"up": {"uv": [11.3125, 10.8125, 11.0625, 10.125], "rotation": 270, "texture": "#0"},
				"down": {"uv": [11.0625, 10.8125, 11.3125, 10.125], "rotation": 270, "texture": "#0"}
			}
		},
		{
			"from": [14.20391, 8.39609, 3.1],
			"to": [25.30391, 9.39609, 4.6],
			"rotation": {"angle": -22.5, "axis": "y", "origin": [26.80391, 1.29609, -4.4]},
			"faces": {
				"north": {"uv": [9.1875, 4.2, 9.0625, 2.8125], "rotation": 90, "texture": "#0"},
				"east": {"uv": [9.0625, 3, 9.1875, 2.8125], "rotation": 270, "texture": "#0"},
				"south": {"uv": [9.0625, 4.2, 9.1875, 2.8125], "rotation": 270, "texture": "#0"},
				"west": {"uv": [9.0625, 3, 9.1875, 2.8125], "rotation": 270, "texture": "#0"},
				"up": {"uv": [5.625, 1.5625, 7.0125, 1.375], "texture": "#0"},
				"down": {"uv": [7.0125, 1.375, 5.625, 1.5625], "texture": "#0"}
			}
		},
		{
			"from": [5, 12.5, -6],
			"to": [11, 23.5, -6],
			"rotation": {"angle": 22.5, "axis": "y", "origin": [8, 17.5, -6]},
			"faces": {
				"north": {"uv": [0, 0, 6, 11], "texture": "#3"},
				"east": {"uv": [0, 0, 0, 8], "texture": "#3"},
				"south": {"uv": [6, 0, 0, 11], "texture": "#3"},
				"west": {"uv": [0, 0, 0, 8], "texture": "#3"},
				"up": {"uv": [0, 6, 0, 0], "rotation": 90, "texture": "#3"},
				"down": {"uv": [0, 0, 0, 6], "rotation": 270, "texture": "#3"}
			}
		},
		{
			"from": [6.75, 13, -7],
			"to": [9.25, 15.5, -5],
			"rotation": {"angle": -45, "axis": "z", "origin": [8, 14.25, -6]},
			"faces": {
				"north": {"uv": [0.875, 4.4375, 1.1875, 4.125], "texture": "#0"},
				"east": {"uv": [1.4375, 4.4375, 1.6875, 4.125], "texture": "#0"},
				"south": {"uv": [1.1875, 4.4375, 0.875, 4.125], "texture": "#0"},
				"west": {"uv": [1.1875, 4.125, 1.4375, 4.4375], "texture": "#0"},
				"up": {"uv": [1.1875, 4.4375, 1.4375, 4.125], "rotation": 90, "texture": "#0"},
				"down": {"uv": [1.4375, 4.4375, 1.6875, 4.125], "rotation": 270, "texture": "#0"}
			}
		},
		{
			"from": [5, 12.5, -6],
			"to": [11, 23.5, -6],
			"rotation": {"angle": -45, "axis": "y", "origin": [8, 17.5, -6]},
			"faces": {
				"north": {"uv": [0, 0, 6, 11], "texture": "#3"},
				"east": {"uv": [0, 0, 0, 8], "texture": "#3"},
				"south": {"uv": [6, 0, 0, 11], "texture": "#3"},
				"west": {"uv": [0, 0, 0, 8], "texture": "#3"},
				"up": {"uv": [0, 6, 0, 0], "rotation": 90, "texture": "#3"},
				"down": {"uv": [0, 0, 0, 6], "rotation": 270, "texture": "#3"}
			}
		},
		{
			"from": [-8, 0.5, 5.5],
			"to": [-8, 7.5, 8.5],
			"rotation": {"angle": -22.5, "axis": "y", "origin": [-8, 1, 6.75]},
			"faces": {
				"north": {"uv": [0, 0, 0, 256], "texture": "#missing"},
				"east": {"uv": [3.75, 0.4375, 3.375, 1.3125], "texture": "#0"},
				"south": {"uv": [0, 0, 0, 256], "texture": "#missing"},
				"west": {"uv": [3.375, 0.4375, 3.75, 1.3125], "texture": "#0"},
				"up": {"uv": [0, 0, 0, 96], "texture": "#missing"},
				"down": {"uv": [0, 0, 0, 96], "texture": "#missing"}
			}
		},
		{
			"from": [-9, 0, 5.5],
			"to": [-7, 1.5, 7.5],
			"rotation": {"angle": -22.5, "axis": "y", "origin": [-8, 1, 6.75]},
			"faces": {
				"north": {"uv": [1.6875, 3.9375, 1.9375, 4.125], "texture": "#0"},
				"east": {"uv": [1.6875, 3.9375, 1.9375, 4.125], "texture": "#0"},
				"south": {"uv": [1.6875, 3.9375, 1.9375, 4.125], "texture": "#0"},
				"west": {"uv": [1.6875, 3.9375, 1.9375, 4.125], "texture": "#0"},
				"up": {"uv": [1.6875, 4.125, 1.9375, 4.375], "texture": "#0"},
				"down": {"uv": [1.6875, 4.125, 1.9375, 4.375], "texture": "#0"}
			}
		},
		{
			"from": [-8, -4, 2.5],
			"to": [-8, 0, 10.5],
			"rotation": {"angle": -22.5, "axis": "y", "origin": [-8, 1, 6.75]},
			"faces": {
				"north": {"uv": [0, 0, 0, 14], "texture": "#5"},
				"east": {"uv": [16, 6, 0, 14], "texture": "#5"},
				"south": {"uv": [0, 0, 0, 14], "texture": "#5"},
				"west": {"uv": [0, 6, 16, 14], "texture": "#5"},
				"up": {"uv": [0, 10, 0, 0], "texture": "#5"},
				"down": {"uv": [0, 0, 0, 10], "texture": "#5"}
			}
		}
	],
	"gui_light": "front",
	"display": {
		"thirdperson_righthand": {
			"translation": [0, 1.5, 2],
			"scale": [0.55, 0.55, 0.55]
		},
		"thirdperson_lefthand": {
			"translation": [0, 1.5, 2],
			"scale": [0.55, 0.55, 0.55]
		},
		"firstperson_righthand": {
			"rotation": [10, -1, 0],
			"translation": [9.75, -5.5, -8.25]
		},
		"firstperson_lefthand": {
			"rotation": [10, 8, 0],
			"translation": [-1, -4, -9]
		},
		"ground": {
			"translation": [0, 3, 0],
			"scale": [0.57, 0.57, 0.57]
		},
		"gui": {
			"rotation": [48, 128, 0],
			"translation": [0.5, 0.5, 0],
			"scale": [0.5, 0.5, 0.5]
		},
		"head": {
			"translation": [0, 14, 0]
		},
		"fixed": {
			"rotation": [-84, 0, 0],
			"translation": [0, 0, -8.25],
			"scale": [1.3, 1.3, 1.3]
		}
	}
}