{
	"credit": "Made with Blockbench",
	"texture_size": [128, 128],
	"textures": {
		"0": "elitecreatures:witchcaster_animated/witchcaster_texture",
		"3": "elitecreatures:witchcaster_animated/witchcaster_animation_01",
		"4": "elitecreatures:witchcaster_animated/witchcaster_animation_03",
		"5": "elitecreatures:witchcaster_animated/witchcaster_animation_002-export",
		"particle": "elitecreatures:witchcaster_animated/witchcaster_texture"
	},
	"elements": [
		{
			"from": [6.36976, -12.31145, 11.55517],
			"to": [10.36976, -10.31145, 11.55517],
			"rotation": {"angle": -22.5, "axis": "x", "origin": [8.11976, -12.29834, 11.65]},
			"faces": {
				"north": {"uv": [4.375, 0, 3.875, 0.25], "texture": "#0"},
				"east": {"uv": [0, 0, 0, 192], "texture": "#missing"},
				"south": {"uv": [3.875, 0, 4.375, 0.25], "texture": "#0"},
				"west": {"uv": [0, 0, 0, 192], "texture": "#missing"},
				"up": {"uv": [0, 0, 0, 96], "rotation": 270, "texture": "#missing"},
				"down": {"uv": [0, 0, 0, 96], "rotation": 90, "texture": "#missing"}
			}
		},
		{
			"from": [3.5, 5, -3.5],
			"to": [12.5, 18, 3],
			"rotation": {"angle": 0, "axis": "y", "origin": [8, 15, 3.5]},
			"faces": {
				"north": {"uv": [5, 10.5625, 6.125, 12.1875], "texture": "#0"},
				"east": {"uv": [4.1875, 10.5625, 5, 12.1875], "texture": "#0"},
				"south": {"uv": [7.25, 10.5625, 6.125, 12.1875], "texture": "#0"},
				"west": {"uv": [5, 10.5625, 4.1875, 12.1875], "texture": "#0"},
				"up": {"uv": [6.6875, 9.6875, 7.8125, 10.5], "texture": "#0"},
				"down": {"uv": [6.6875, 10.5, 7.8125, 9.6875], "texture": "#0"}
			}
		},
		{
			"from": [8, -5.7, -3.5],
			"to": [8, -1.7, 4.5],
			"rotation": {"angle": 0, "axis": "y", "origin": [6, -1.7, -2.5]},
			"faces": {
				"north": {"uv": [0, 0, 0, 14], "texture": "#5"},
				"east": {"uv": [16, 6, 0, 14], "texture": "#5"},
				"south": {"uv": [0, 0, 0, 14], "texture": "#5"},
				"west": {"uv": [0, 6, 16, 14], "texture": "#5"},
				"up": {"uv": [0, 10, 0, 0], "texture": "#5"},
				"down": {"uv": [0, 0, 0, 10], "texture": "#5"}
			}
		},
		{
			"from": [7, -1.7, -0.5],
			"to": [9, -0.2, 1.5],
			"rotation": {"angle": 0, "axis": "y", "origin": [0, -4.2, -15.5]},
			"faces": {
				"north": {"uv": [1.6875, 3.9375, 1.9375, 4.125], "texture": "#0"},
				"east": {"uv": [1.6875, 3.9375, 1.9375, 4.125], "texture": "#0"},
				"south": {"uv": [1.6875, 3.9375, 1.9375, 4.125], "texture": "#0"},
				"west": {"uv": [1.6875, 3.9375, 1.9375, 4.125], "texture": "#0"},
				"up": {"uv": [1.6875, 4.125, 1.9375, 4.375], "texture": "#0"},
				"down": {"uv": [1.6875, 4.125, 1.9375, 4.375], "texture": "#0"}
			}
		},
		{
			"from": [8, -1.2, -0.5],
			"to": [8, 5.8, 2.5],
			"rotation": {"angle": 0, "axis": "y", "origin": [0, -4.2, -15.5]},
			"faces": {
				"north": {"uv": [0, 0, 0, 256], "texture": "#missing"},
				"east": {"uv": [3.75, 0.4375, 3.375, 1.3125], "texture": "#0"},
				"south": {"uv": [0, 0, 0, 256], "texture": "#missing"},
				"west": {"uv": [3.375, 0.4375, 3.75, 1.3125], "texture": "#0"},
				"up": {"uv": [0, 0, 0, 96], "texture": "#missing"},
				"down": {"uv": [0, 0, 0, 96], "texture": "#missing"}
			}
		},
		{
			"from": [3.5, 5, 13],
			"to": [12.5, 18, 19.5],
			"rotation": {"angle": 0, "axis": "y", "origin": [8, 15, 12.5]},
			"faces": {
				"north": {"uv": [7.25, 10.5625, 6.125, 12.1875], "texture": "#0"},
				"east": {"uv": [5, 10.5625, 4.1875, 12.1875], "texture": "#0"},
				"south": {"uv": [6.125, 10.5625, 5, 12.1875], "texture": "#0"},
				"west": {"uv": [4.1875, 10.5625, 5, 12.1875], "texture": "#0"},
				"up": {"uv": [6.6875, 10.5, 7.8125, 9.6875], "texture": "#0"},
				"down": {"uv": [6.6875, 9.6875, 7.8125, 10.5], "texture": "#0"}
			}
		},
		{
			"from": [6.5, 16, 6.5],
			"to": [9.5, 17, 9.5],
			"rotation": {"angle": 45, "axis": "y", "origin": [8, 16, 8]},
			"faces": {
				"north": {"uv": [2.25, 2.25, 1.875, 2.375], "texture": "#0"},
				"east": {"uv": [1.875, 2.25, 2.25, 2.375], "texture": "#0"},
				"south": {"uv": [2.25, 2.25, 1.875, 2.375], "texture": "#0"},
				"west": {"uv": [1.875, 2.25, 2.25, 2.375], "texture": "#0"},
				"up": {"uv": [1.875, 1.875, 2.25, 2.25], "rotation": 180, "texture": "#0"},
				"down": {"uv": [1.875, 1.875, 2.25, 2.25], "rotation": 180, "texture": "#0"}
			}
		},
		{
			"from": [8, 16.3, 5.5],
			"to": [8, 20.8, 10.5],
			"rotation": {"angle": 45, "axis": "y", "origin": [8, 16, 8]},
			"faces": {
				"north": {"uv": [2.25, 2.25, 1.875, 2.5], "texture": "#0"},
				"east": {"uv": [3.1875, 1.3125, 3.8125, 1.875], "texture": "#0"},
				"south": {"uv": [2.25, 2.25, 1.875, 2.5], "texture": "#0"},
				"west": {"uv": [3.8125, 1.3125, 3.1875, 1.875], "texture": "#0"},
				"up": {"uv": [1.875, 1.875, 2.25, 2.25], "rotation": 180, "texture": "#0"},
				"down": {"uv": [1.875, 1.875, 2.25, 2.25], "rotation": 180, "texture": "#0"}
			}
		},
		{
			"from": [7, 16.5, 6.75],
			"to": [9, 19, 9.25],
			"rotation": {"angle": 45, "axis": "x", "origin": [8, 17.75, 8]},
			"faces": {
				"north": {"uv": [1.1875, 4.125, 1.4375, 4.4375], "texture": "#0"},
				"east": {"uv": [0.875, 4.4375, 1.1875, 4.125], "texture": "#0"},
				"south": {"uv": [1.4375, 4.4375, 1.6875, 4.125], "texture": "#0"},
				"west": {"uv": [1.1875, 4.4375, 0.875, 4.125], "texture": "#0"},
				"up": {"uv": [1.1875, 4.4375, 1.4375, 4.125], "rotation": 180, "texture": "#0"},
				"down": {"uv": [1.4375, 4.4375, 1.6875, 4.125], "rotation": 180, "texture": "#0"}
			}
		},
		{
			"from": [8, 16.3, 5.5],
			"to": [8, 20.8, 10.5],
			"rotation": {"angle": -45, "axis": "y", "origin": [8, 16, 8]},
			"faces": {
				"north": {"uv": [2.25, 2.25, 1.875, 2.5], "texture": "#0"},
				"east": {"uv": [3.1875, 1.3125, 3.8125, 1.875], "texture": "#0"},
				"south": {"uv": [2.25, 2.25, 1.875, 2.5], "texture": "#0"},
				"west": {"uv": [3.8125, 1.3125, 3.1875, 1.875], "texture": "#0"},
				"up": {"uv": [1.875, 1.875, 2.25, 2.25], "rotation": 180, "texture": "#0"},
				"down": {"uv": [1.875, 1.875, 2.25, 2.25], "rotation": 180, "texture": "#0"}
			}
		},
		{
			"from": [8, 18, 5],
			"to": [8, 27, 11],
			"rotation": {"angle": -22.5, "axis": "y", "origin": [8, 23, 8]},
			"faces": {
				"north": {"uv": [0, 0, 0, 8], "texture": "#3"},
				"east": {"uv": [0, 1, 6, 10], "texture": "#3"},
				"south": {"uv": [0, 0, 0, 8], "texture": "#3"},
				"west": {"uv": [6, 0, 0, 11], "texture": "#3"},
				"up": {"uv": [0, 6, 0, 0], "rotation": 180, "texture": "#3"},
				"down": {"uv": [0, 0, 0, 6], "rotation": 180, "texture": "#3"}
			}
		},
		{
			"from": [8, 17, 5],
			"to": [8, 26, 11],
			"rotation": {"angle": 22.5, "axis": "y", "origin": [8, 22, 8]},
			"faces": {
				"north": {"uv": [0, 0, 0, 8], "texture": "#3"},
				"east": {"uv": [0, 1, 6, 10], "texture": "#3"},
				"south": {"uv": [0, 0, 0, 8], "texture": "#3"},
				"west": {"uv": [6, 0, 0, 11], "texture": "#3"},
				"up": {"uv": [0, 6, 0, 0], "rotation": 180, "texture": "#3"},
				"down": {"uv": [0, 0, 0, 6], "rotation": 180, "texture": "#3"}
			}
		},
		{
			"from": [5.5, 7, 5],
			"to": [10.5, 16, 11],
			"rotation": {"angle": 0, "axis": "y", "origin": [8, 16, 10]},
			"faces": {
				"north": {"uv": [3.3125, 11.0625, 3.9375, 12.1875], "texture": "#0"},
				"east": {"uv": [2.5625, 11.0625, 3.3125, 12.1875], "texture": "#0"},
				"south": {"uv": [3.3125, 11.0625, 3.9375, 12.1875], "texture": "#0"},
				"west": {"uv": [2.5625, 11.0625, 3.3125, 12.1875], "texture": "#0"},
				"up": {"uv": [4.25, 9.75, 4.875, 10.5], "texture": "#0"},
				"down": {"uv": [4.25, 9.75, 4.875, 10.5], "texture": "#0"}
			}
		},
		{
			"from": [6, 7.5, 3],
			"to": [10, 15.5, 5],
			"rotation": {"angle": 0, "axis": "y", "origin": [7.5, 16.5, 8]},
			"faces": {
				"north": {"uv": [5.0625, 9.75, 5.5625, 10.75], "texture": "#0"},
				"east": {"uv": [3.9375, 11.1875, 4.1875, 12.1875], "texture": "#0"},
				"south": {"uv": [10.4375, 14.875, 10.9375, 15.875], "texture": "#0"},
				"west": {"uv": [3.9375, 11.1875, 4.1875, 12.1875], "texture": "#0"},
				"up": {"uv": [3.375, 10.8125, 3.875, 11.0625], "texture": "#0"},
				"down": {"uv": [3.375, 10.8125, 3.875, 11.0625], "texture": "#0"}
			}
		},
		{
			"from": [6, 7.5, 11],
			"to": [10, 15.5, 13],
			"rotation": {"angle": 0, "axis": "y", "origin": [7.5, 16.5, 8]},
			"faces": {
				"north": {"uv": [10.9375, 14.875, 10.4375, 15.875], "texture": "#0"},
				"east": {"uv": [4.1875, 11.1875, 3.9375, 12.1875], "texture": "#0"},
				"south": {"uv": [5.5625, 9.75, 5.0625, 10.75], "texture": "#0"},
				"west": {"uv": [4.1875, 11.1875, 3.9375, 12.1875], "texture": "#0"},
				"up": {"uv": [3.375, 11.0625, 3.875, 10.8125], "texture": "#0"},
				"down": {"uv": [3.375, 11.0625, 3.875, 10.8125], "texture": "#0"}
			}
		},
		{
			"from": [4.5, 9.5, 6.25],
			"to": [5.5, 13, 9.75],
			"rotation": {"angle": -45, "axis": "x", "origin": [5, 11.25, 8]},
			"faces": {
				"north": {"uv": [0.5625, 5.1875, 0.4375, 4.75], "texture": "#0"},
				"east": {"uv": [0, 5.1875, 0.4375, 4.75], "texture": "#0"},
				"south": {"uv": [0.4375, 4.75, 0.5625, 5.1875], "texture": "#0"},
				"west": {"uv": [0, 5.1875, 0.4375, 4.75], "texture": "#0"},
				"up": {"uv": [0.4375, 5.1875, 0.5625, 4.75], "texture": "#0"},
				"down": {"uv": [0.4375, 5.1875, 0.5625, 4.75], "texture": "#0"}
			}
		},
		{
			"from": [4, 10, 6.75],
			"to": [5, 12.5, 9.25],
			"rotation": {"angle": -45, "axis": "x", "origin": [5, 11.25, 8]},
			"faces": {
				"north": {"uv": [1.4375, 4.75, 1.5625, 4.4375], "texture": "#0"},
				"east": {"uv": [1.1875, 4.75, 0.875, 4.4375], "texture": "#0"},
				"south": {"uv": [1.1875, 4.4375, 1.3125, 4.75], "texture": "#0"},
				"west": {"uv": [0.875, 4.75, 1.1875, 4.4375], "texture": "#0"},
				"up": {"uv": [1.1875, 4.75, 1.3125, 4.4375], "texture": "#0"},
				"down": {"uv": [1.4375, 4.75, 1.5625, 4.4375], "texture": "#0"}
			}
		},
		{
			"from": [3.9, 10, 6.75],
			"to": [3.9, 12.5, 9.25],
			"rotation": {"angle": -45, "axis": "x", "origin": [4.9, 11.25, 8]},
			"faces": {
				"north": {"uv": [0, 0, 0, 5], "texture": "#4"},
				"east": {"uv": [5, 0, 0, 5], "texture": "#4"},
				"south": {"uv": [0, 0, 0, 5], "texture": "#4"},
				"west": {"uv": [0, 0, 5, 5], "texture": "#4"},
				"up": {"uv": [0, 5, 0, 0], "texture": "#4"},
				"down": {"uv": [0, 0, 0, 5], "texture": "#4"}
			}
		},
		{
			"from": [6.75, -13, 6.75],
			"to": [9.25, -11, 9.25],
			"rotation": {"angle": 45, "axis": "y", "origin": [8, -14, 8]},
			"faces": {
				"north": {"uv": [3.3125, 3.75, 3.625, 4], "texture": "#0"},
				"east": {"uv": [3.3125, 3.75, 3.625, 4], "texture": "#0"},
				"south": {"uv": [3.3125, 3.75, 3.625, 4], "texture": "#0"},
				"west": {"uv": [3.3125, 3.75, 3.625, 4], "texture": "#0"}
			}
		},
		{
			"from": [6.5, -11, 6.5],
			"to": [9.5, -9.5, 9.5],
			"rotation": {"angle": 45, "axis": "y", "origin": [8, -10, 8]},
			"faces": {
				"north": {"uv": [1.6875, 4.4375, 2.0625, 4.625], "texture": "#0"},
				"east": {"uv": [2.0625, 4.4375, 1.6875, 4.625], "texture": "#0"},
				"south": {"uv": [1.6875, 4.4375, 2.0625, 4.625], "texture": "#0"},
				"west": {"uv": [2.0625, 4.4375, 1.6875, 4.625], "texture": "#0"},
				"up": {"uv": [3.3125, 4, 3.6875, 4.375], "texture": "#0"},
				"down": {"uv": [3.3125, 4, 3.6875, 4.375], "texture": "#0"}
			}
		},
		{
			"from": [6.5, -14.5, 6.5],
			"to": [9.5, -13, 9.5],
			"rotation": {"angle": 45, "axis": "y", "origin": [8, -13.5, 8]},
			"faces": {
				"north": {"uv": [1.6875, 4.4375, 2.0625, 4.625], "texture": "#0"},
				"east": {"uv": [2.0625, 4.4375, 1.6875, 4.625], "texture": "#0"},
				"south": {"uv": [1.6875, 4.4375, 2.0625, 4.625], "texture": "#0"},
				"west": {"uv": [2.0625, 4.4375, 1.6875, 4.625], "texture": "#0"},
				"up": {"uv": [3.3125, 4, 3.6875, 4.375], "texture": "#0"},
				"down": {"uv": [3.3125, 4, 3.6875, 4.375], "texture": "#0"}
			}
		},
		{
			"from": [6.36976, -12.31145, 10.55517],
			"to": [10.36976, -10.31145, 10.55517],
			"rotation": {"angle": -22.5, "axis": "x", "origin": [8.11976, -12.29834, 10.65]},
			"faces": {
				"north": {"uv": [4.375, 0, 3.875, 0.25], "texture": "#0"},
				"east": {"uv": [0, 0, 0, 192], "texture": "#missing"},
				"south": {"uv": [3.875, 0, 4.375, 0.25], "texture": "#0"},
				"west": {"uv": [0, 0, 0, 192], "texture": "#missing"},
				"up": {"uv": [0, 0, 0, 96], "rotation": 270, "texture": "#missing"},
				"down": {"uv": [0, 0, 0, 96], "rotation": 90, "texture": "#missing"}
			}
		},
		{
			"from": [6.36976, -13.52441, 13.34915],
			"to": [10.36976, -13.52441, 15.34915],
			"rotation": {"angle": 22.5, "axis": "x", "origin": [8.11976, -12.29834, 10.65]},
			"faces": {
				"north": {"uv": [0, 0, 0, 96], "rotation": 90, "texture": "#missing"},
				"east": {"uv": [0, 0, 0, 192], "rotation": 90, "texture": "#missing"},
				"south": {"uv": [0, 0, 0, 96], "rotation": 90, "texture": "#missing"},
				"west": {"uv": [0, 0, 0, 192], "rotation": 270, "texture": "#missing"},
				"up": {"uv": [3.875, 0.625, 4.375, 0.875], "texture": "#0"},
				"down": {"uv": [4.375, 0.625, 3.875, 0.875], "rotation": 180, "texture": "#0"}
			}
		},
		{
			"from": [6.36976, -15.27035, 10.53824],
			"to": [10.36976, -12.27035, 10.53824],
			"rotation": {"angle": -45, "axis": "x", "origin": [8.11976, -12.29834, 10.65]},
			"faces": {
				"north": {"uv": [4.375, 0.25, 3.875, 0.625], "texture": "#0"},
				"east": {"uv": [0, 0, 0, 192], "texture": "#missing"},
				"south": {"uv": [3.875, 0.25, 4.375, 0.625], "texture": "#0"},
				"west": {"uv": [0, 0, 0, 192], "texture": "#missing"},
				"up": {"uv": [0, 0, 0, 96], "rotation": 270, "texture": "#missing"},
				"down": {"uv": [0, 0, 0, 96], "rotation": 90, "texture": "#missing"}
			}
		},
		{
			"from": [10.05205, -13.09383, 7],
			"to": [10.05205, -10.09383, 10],
			"rotation": {"angle": 22.5, "axis": "z", "origin": [8.71976, -12.29834, 8.25]},
			"faces": {
				"north": {"uv": [0, 0, 0, 128], "texture": "#missing"},
				"east": {"uv": [4.8125, 0, 4.4375, 0.375], "texture": "#0"},
				"south": {"uv": [0, 0, 0, 128], "texture": "#missing"},
				"west": {"uv": [4.4375, 0, 4.8125, 0.375], "texture": "#0"},
				"up": {"uv": [0, 0, 0, 96], "texture": "#missing"},
				"down": {"uv": [0, 0, 0, 96], "texture": "#missing"}
			}
		},
		{
			"from": [9.68658, -16, 7],
			"to": [9.68658, -13.5, 10],
			"rotation": {"angle": 45, "axis": "z", "origin": [8.71976, -12.29834, 8.25]},
			"faces": {
				"north": {"uv": [0, 0, 0, 128], "texture": "#missing"},
				"east": {"uv": [4.8125, 0.3125, 4.4375, 0.625], "texture": "#0"},
				"south": {"uv": [0, 0, 0, 128], "texture": "#missing"},
				"west": {"uv": [4.4375, 0.3125, 4.8125, 0.625], "texture": "#0"},
				"up": {"uv": [0, 0, 0, 96], "texture": "#missing"},
				"down": {"uv": [0, 0, 0, 96], "texture": "#missing"}
			}
		},
		{
			"from": [7, -16, 7],
			"to": [9, -14, 9],
			"rotation": {"angle": 45, "axis": "y", "origin": [8, -8, 8]},
			"faces": {
				"north": {"uv": [3.5625, 3.5, 3.3125, 3.75], "texture": "#0"},
				"east": {"uv": [3.5625, 3.5, 3.3125, 3.75], "texture": "#0"},
				"south": {"uv": [3.5625, 3.5, 3.3125, 3.75], "texture": "#0"},
				"west": {"uv": [3.5625, 3.5, 3.3125, 3.75], "texture": "#0"},
				"up": {"uv": [2.1875, 2.8125, 1.9375, 3.0625], "texture": "#0"},
				"down": {"uv": [4.1875, 4.125, 3.9375, 4.375], "texture": "#0"}
			}
		},
		{
			"from": [7, -9.5, 7],
			"to": [9, 4.5, 9],
			"rotation": {"angle": 45, "axis": "y", "origin": [8, -1.5, 8]},
			"faces": {
				"north": {"uv": [3.625, 6, 3.875, 7.75], "texture": "#0"},
				"east": {"uv": [3.875, 6, 3.625, 7.75], "texture": "#0"},
				"south": {"uv": [3.875, 6, 4.125, 7.75], "texture": "#0"},
				"west": {"uv": [4.125, 6, 3.875, 7.75], "texture": "#0"},
				"up": {"uv": [2.1875, 2.8125, 1.9375, 3.0625], "texture": "#0"},
				"down": {"uv": [4.1875, 4.125, 3.9375, 4.375], "texture": "#0"}
			}
		},
		{
			"from": [6.5, 5.5, 6.5],
			"to": [9.5, 7, 9.5],
			"rotation": {"angle": 45, "axis": "y", "origin": [8, 6.5, 8]},
			"faces": {
				"north": {"uv": [1.6875, 4.625, 2.0625, 4.4375], "texture": "#0"},
				"east": {"uv": [2.0625, 4.625, 1.6875, 4.4375], "texture": "#0"},
				"south": {"uv": [1.6875, 4.625, 2.0625, 4.4375], "texture": "#0"},
				"west": {"uv": [2.0625, 4.625, 1.6875, 4.4375], "texture": "#0"},
				"up": {"uv": [3.3125, 4, 3.6875, 4.375], "texture": "#0"},
				"down": {"uv": [3.3125, 4, 3.6875, 4.375], "texture": "#0"}
			}
		},
		{
			"from": [4.75, 9.5, 5.9],
			"to": [7.25, 13, 7.9],
			"rotation": {"angle": 0, "axis": "y", "origin": [6, 11.24142, 9.4]},
			"faces": {
				"north": {"uv": [2.625, 3.8125, 2.9375, 4.25], "texture": "#0"},
				"east": {"uv": [3.1875, 3.8125, 2.9375, 4.25], "texture": "#0"},
				"south": {"uv": [2.625, 3.8125, 2.9375, 4.25], "texture": "#0"},
				"west": {"uv": [2.9375, 3.8125, 3.1875, 4.25], "texture": "#0"},
				"up": {"uv": [2.3125, 4.1875, 2.5625, 4.5], "rotation": 90, "texture": "#0"},
				"down": {"uv": [2.3125, 4.1875, 2.5625, 4.5], "rotation": 270, "texture": "#0"}
			}
		},
		{
			"from": [6.38744, 11.62886, 5.95],
			"to": [8.08744, 13.32886, 7.95],
			"rotation": {"angle": 45, "axis": "z", "origin": [6, 11.24142, 9.4]},
			"faces": {
				"north": {"uv": [3, 4.25, 3.1875, 4.4375], "texture": "#0"},
				"east": {"uv": [3, 4.25, 2.75, 4.4375], "texture": "#0"},
				"south": {"uv": [3, 4.4375, 3.1875, 4.25], "texture": "#0"},
				"west": {"uv": [2.75, 4.25, 3, 4.4375], "texture": "#0"},
				"up": {"uv": [2.75, 4.25, 3, 4.4375], "rotation": 90, "texture": "#0"},
				"down": {"uv": [2.75, 4.25, 3, 4.4375], "rotation": 270, "texture": "#0"}
			}
		},
		{
			"from": [3.91256, 9.15398, 5.95],
			"to": [5.61256, 10.85398, 7.95],
			"rotation": {"angle": 45, "axis": "z", "origin": [6, 11.24142, 9.4]},
			"faces": {
				"north": {"uv": [3.1875, 4.4375, 3, 4.25], "texture": "#0"},
				"east": {"uv": [2.75, 4.25, 3, 4.4375], "texture": "#0"},
				"south": {"uv": [3, 4.25, 3.1875, 4.4375], "texture": "#0"},
				"west": {"uv": [2.75, 4.4375, 3, 4.25], "texture": "#0"},
				"up": {"uv": [2.75, 4.25, 3, 4.4375], "rotation": 90, "texture": "#0"},
				"down": {"uv": [2.75, 4.25, 3, 4.4375], "rotation": 270, "texture": "#0"}
			}
		},
		{
			"from": [6.38744, 11.62886, 8.05],
			"to": [8.08744, 13.32886, 10.05],
			"rotation": {"angle": 45, "axis": "z", "origin": [6, 11.24142, 6.6]},
			"faces": {
				"north": {"uv": [3.1875, 4.4375, 3, 4.25], "texture": "#0"},
				"east": {"uv": [2.75, 4.25, 3, 4.4375], "texture": "#0"},
				"south": {"uv": [3.1875, 4.25, 3, 4.4375], "texture": "#0"},
				"west": {"uv": [3, 4.25, 2.75, 4.4375], "texture": "#0"},
				"up": {"uv": [3, 4.25, 2.75, 4.4375], "rotation": 90, "texture": "#0"},
				"down": {"uv": [3, 4.25, 2.75, 4.4375], "rotation": 270, "texture": "#0"}
			}
		},
		{
			"from": [4.75, 9.5, 8.1],
			"to": [7.25, 13, 10.1],
			"rotation": {"angle": 0, "axis": "y", "origin": [6, 11.24142, 6.6]},
			"faces": {
				"north": {"uv": [2.9375, 3.8125, 2.625, 4.25], "texture": "#0"},
				"east": {"uv": [2.9375, 3.8125, 3.1875, 4.25], "texture": "#0"},
				"south": {"uv": [2.9375, 3.8125, 2.625, 4.25], "texture": "#0"},
				"west": {"uv": [3.1875, 3.8125, 2.9375, 4.25], "texture": "#0"},
				"up": {"uv": [2.5625, 4.1875, 2.3125, 4.5], "rotation": 90, "texture": "#0"},
				"down": {"uv": [2.5625, 4.1875, 2.3125, 4.5], "rotation": 270, "texture": "#0"}
			}
		},
		{
			"from": [3.91256, 9.15398, 8.05],
			"to": [5.61256, 10.85398, 10.05],
			"rotation": {"angle": 45, "axis": "z", "origin": [6, 11.24142, 6.6]},
			"faces": {
				"north": {"uv": [3.1875, 4.25, 3, 4.4375], "texture": "#0"},
				"east": {"uv": [3, 4.25, 2.75, 4.4375], "texture": "#0"},
				"south": {"uv": [3, 4.4375, 3.1875, 4.25], "texture": "#0"},
				"west": {"uv": [3, 4.4375, 2.75, 4.25], "texture": "#0"},
				"up": {"uv": [3, 4.25, 2.75, 4.4375], "rotation": 90, "texture": "#0"},
				"down": {"uv": [3, 4.25, 2.75, 4.4375], "rotation": 270, "texture": "#0"}
			}
		},
		{
			"from": [7.91256, 11.62886, 5.95],
			"to": [9.61256, 13.32886, 7.95],
			"rotation": {"angle": -45, "axis": "z", "origin": [10, 11.24142, 9.4]},
			"faces": {
				"north": {"uv": [3.1875, 4.25, 3, 4.4375], "texture": "#0"},
				"east": {"uv": [3, 4.25, 2.75, 4.4375], "texture": "#0"},
				"south": {"uv": [3.1875, 4.4375, 3, 4.25], "texture": "#0"},
				"west": {"uv": [2.75, 4.25, 3, 4.4375], "texture": "#0"},
				"up": {"uv": [2.75, 4.4375, 3, 4.25], "rotation": 90, "texture": "#0"},
				"down": {"uv": [2.75, 4.4375, 3, 4.25], "rotation": 270, "texture": "#0"}
			}
		},
		{
			"from": [8.75, 9.5, 5.9],
			"to": [11.25, 13, 7.9],
			"rotation": {"angle": 0, "axis": "y", "origin": [10, 11.24142, 9.4]},
			"faces": {
				"north": {"uv": [2.9375, 3.8125, 2.625, 4.25], "texture": "#0"},
				"east": {"uv": [3.1875, 3.8125, 2.9375, 4.25], "texture": "#0"},
				"south": {"uv": [2.9375, 3.8125, 2.625, 4.25], "texture": "#0"},
				"west": {"uv": [2.9375, 3.8125, 3.1875, 4.25], "texture": "#0"},
				"up": {"uv": [2.3125, 4.5, 2.5625, 4.1875], "rotation": 90, "texture": "#0"},
				"down": {"uv": [2.3125, 4.5, 2.5625, 4.1875], "rotation": 270, "texture": "#0"}
			}
		},
		{
			"from": [10.38744, 9.15398, 5.95],
			"to": [12.08744, 10.85398, 7.95],
			"rotation": {"angle": -45, "axis": "z", "origin": [10, 11.24142, 9.4]},
			"faces": {
				"north": {"uv": [3, 4.4375, 3.1875, 4.25], "texture": "#0"},
				"east": {"uv": [3, 4.4375, 2.75, 4.25], "texture": "#0"},
				"south": {"uv": [3.1875, 4.25, 3, 4.4375], "texture": "#0"},
				"west": {"uv": [3, 4.25, 2.75, 4.4375], "texture": "#0"},
				"up": {"uv": [2.75, 4.4375, 3, 4.25], "rotation": 90, "texture": "#0"},
				"down": {"uv": [2.75, 4.4375, 3, 4.25], "rotation": 270, "texture": "#0"}
			}
		},
		{
			"from": [7.91256, 11.62886, 8.05],
			"to": [9.61256, 13.32886, 10.05],
			"rotation": {"angle": -45, "axis": "z", "origin": [10, 11.24142, 6.6]},
			"faces": {
				"north": {"uv": [3, 4.4375, 3.1875, 4.25], "texture": "#0"},
				"east": {"uv": [2.75, 4.25, 3, 4.4375], "texture": "#0"},
				"south": {"uv": [3, 4.25, 3.1875, 4.4375], "texture": "#0"},
				"west": {"uv": [3, 4.25, 2.75, 4.4375], "texture": "#0"},
				"up": {"uv": [3, 4.4375, 2.75, 4.25], "rotation": 90, "texture": "#0"},
				"down": {"uv": [3, 4.4375, 2.75, 4.25], "rotation": 270, "texture": "#0"}
			}
		},
		{
			"from": [8.75, 9.5, 8.1],
			"to": [11.25, 13, 10.1],
			"rotation": {"angle": 0, "axis": "y", "origin": [10, 11.24142, 6.6]},
			"faces": {
				"north": {"uv": [2.625, 3.8125, 2.9375, 4.25], "texture": "#0"},
				"east": {"uv": [2.9375, 3.8125, 3.1875, 4.25], "texture": "#0"},
				"south": {"uv": [2.625, 3.8125, 2.9375, 4.25], "texture": "#0"},
				"west": {"uv": [3.1875, 3.8125, 2.9375, 4.25], "texture": "#0"},
				"up": {"uv": [2.5625, 4.5, 2.3125, 4.1875], "rotation": 90, "texture": "#0"},
				"down": {"uv": [2.5625, 4.5, 2.3125, 4.1875], "rotation": 270, "texture": "#0"}
			}
		},
		{
			"from": [10.38744, 9.15398, 8.05],
			"to": [12.08744, 10.85398, 10.05],
			"rotation": {"angle": -45, "axis": "z", "origin": [10, 11.24142, 6.6]},
			"faces": {
				"north": {"uv": [3, 4.25, 3.1875, 4.4375], "texture": "#0"},
				"east": {"uv": [2.75, 4.4375, 3, 4.25], "texture": "#0"},
				"south": {"uv": [3.1875, 4.4375, 3, 4.25], "texture": "#0"},
				"west": {"uv": [2.75, 4.25, 3, 4.4375], "texture": "#0"},
				"up": {"uv": [3, 4.4375, 2.75, 4.25], "rotation": 90, "texture": "#0"},
				"down": {"uv": [3, 4.4375, 2.75, 4.25], "rotation": 270, "texture": "#0"}
			}
		},
		{
			"from": [6, 4, 6],
			"to": [10, 6, 10],
			"rotation": {"angle": 45, "axis": "y", "origin": [8, 5, 8]},
			"faces": {
				"north": {"uv": [0.625, 2.75, 1.125, 3], "texture": "#0"},
				"east": {"uv": [0.625, 2.75, 1.125, 3], "texture": "#0"},
				"south": {"uv": [0.625, 2.75, 1.125, 3], "texture": "#0"},
				"west": {"uv": [1.125, 2.75, 0.625, 3], "texture": "#0"},
				"up": {"uv": [0.875, 2.25, 1.375, 2.75], "texture": "#0"},
				"down": {"uv": [0.875, 2.25, 1.375, 2.75], "texture": "#0"}
			}
		},
		{
			"from": [10.5, 9.5, 6.25],
			"to": [11.5, 13, 9.75],
			"rotation": {"angle": -45, "axis": "x", "origin": [11, 11.25, 8]},
			"faces": {
				"north": {"uv": [0.4375, 5.1875, 0.5625, 4.75], "texture": "#0"},
				"east": {"uv": [0.4375, 5.1875, 0, 4.75], "texture": "#0"},
				"south": {"uv": [0.5625, 4.75, 0.4375, 5.1875], "texture": "#0"},
				"west": {"uv": [0.4375, 5.1875, 0, 4.75], "texture": "#0"},
				"up": {"uv": [0.5625, 5.1875, 0.4375, 4.75], "texture": "#0"},
				"down": {"uv": [0.5625, 5.1875, 0.4375, 4.75], "texture": "#0"}
			}
		},
		{
			"from": [11, 10, 6.75],
			"to": [12, 12.5, 9.25],
			"rotation": {"angle": -45, "axis": "x", "origin": [11, 11.25, 8]},
			"faces": {
				"north": {"uv": [1.5625, 4.75, 1.4375, 4.4375], "texture": "#0"},
				"east": {"uv": [1.1875, 4.75, 0.875, 4.4375], "texture": "#0"},
				"south": {"uv": [1.3125, 4.4375, 1.1875, 4.75], "texture": "#0"},
				"west": {"uv": [0.875, 4.75, 1.1875, 4.4375], "texture": "#0"},
				"up": {"uv": [1.3125, 4.75, 1.1875, 4.4375], "texture": "#0"},
				"down": {"uv": [1.5625, 4.75, 1.4375, 4.4375], "texture": "#0"}
			}
		},
		{
			"from": [6.95, -3.5, 4.8],
			"to": [8.95, -1.5, 7.8],
			"rotation": {"angle": 22.5, "axis": "x", "origin": [8, -2.6, 9.3]},
			"faces": {
				"north": {"uv": [2.125, 3.5, 2.375, 3.75], "rotation": 180, "texture": "#0"},
				"east": {"uv": [1.8125, 3.8125, 2.0625, 3.4375], "rotation": 270, "texture": "#0"},
				"south": {"uv": [2.0625, 3.5, 2.3125, 3.75], "rotation": 180, "texture": "#0"},
				"west": {"uv": [1.8125, 3.4375, 2.0625, 3.8125], "rotation": 270, "texture": "#0"},
				"up": {"uv": [2.75, 3.25, 3, 3.625], "texture": "#0"},
				"down": {"uv": [2.75, 3.25, 3, 3.625], "texture": "#0"}
			}
		},
		{
			"from": [8, -8.4, 10.7],
			"to": [8, -5.4, 13.7],
			"rotation": {"angle": 22.5, "axis": "x", "origin": [8, -2.5, 8.2]},
			"faces": {
				"north": {"uv": [2.0625, 3.5, 2.4375, 3.75], "rotation": 180, "texture": "#0"},
				"east": {"uv": [3.375, 0.375, 3.75, 0], "rotation": 270, "texture": "#0"},
				"south": {"uv": [2.0625, 3.5, 2.4375, 3.75], "rotation": 180, "texture": "#0"},
				"west": {"uv": [3.375, 0, 3.75, 0.375], "rotation": 270, "texture": "#0"},
				"up": {"uv": [2.75, 3.25, 3.125, 3.75], "texture": "#0"},
				"down": {"uv": [2.75, 3.25, 3.125, 3.75], "texture": "#0"}
			}
		},
		{
			"from": [12.1, 10, 6.75],
			"to": [12.1, 12.5, 9.25],
			"rotation": {"angle": -45, "axis": "x", "origin": [11.1, 11.25, 8]},
			"faces": {
				"north": {"uv": [0, 0, 0, 5], "texture": "#4"},
				"east": {"uv": [5, 0, 0, 5], "texture": "#4"},
				"south": {"uv": [0, 0, 0, 5], "texture": "#4"},
				"west": {"uv": [0, 0, 5, 5], "texture": "#4"},
				"up": {"uv": [0, 5, 0, 0], "texture": "#4"},
				"down": {"uv": [0, 0, 0, 5], "texture": "#4"}
			}
		}
	],
	"gui_light": "front",
	"display": {
		"thirdperson_righthand": {
			"translation": [0, 6, 1.25],
			"scale": [0.6, 0.6, 0.6]
		},
		"thirdperson_lefthand": {
			"translation": [0, 6, 1.25],
			"scale": [0.6, 0.6, 0.6]
		},
		"firstperson_righthand": {
			"rotation": [16, 11, 0],
			"translation": [4.75, 2, -4.75],
			"scale": [0.5, 0.5, 0.5]
		},
		"firstperson_lefthand": {
			"rotation": [16, 11, 0],
			"translation": [4.75, 2, -4.75],
			"scale": [0.5, 0.5, 0.5]
		},
		"ground": {
			"rotation": [0, 0, 88],
			"translation": [-2, 2.5, 0.25],
			"scale": [0.45, 0.45, 0.45]
		},
		"gui": {
			"rotation": [-90, -135, -90],
			"translation": [-0.75, 0.75, -1.5],
			"scale": [0.45, 0.45, 0.45]
		},
		"head": {
			"rotation": [90, -156, 90],
			"translation": [-6.5, 10.5, 1.75],
			"scale": [0.6, 0.6, 0.6]
		},
		"fixed": {
			"rotation": [-90, -90, -90],
			"translation": [0, 2.75, -1.75],
			"scale": [1.2, 1.2, 1.2]
		}
	}
}