{
	"credit": "Made with Blockbench",
	"texture_size": [128, 128],
	"textures": {
		"0": "elitecreatures:witchcaster_animated/witchcaster_texture",
		"3": "elitecreatures:witchcaster_animated/witchcaster_animation_01",
		"4": "elitecreatures:witchcaster_animated/witchcaster_animation_03",
		"5": "elitecreatures:witchcaster_animated/witchcaster_animation_002-export",
		"particle": "elitecreatures:witchcaster_animated/witchcaster_texture"
	},
	"elements": [
		{
			"from": [8, 12.5, 7],
			"to": [8, 23.5, 13],
			"rotation": {"angle": 22.5, "axis": "y", "origin": [8, 17.5, 10]},
			"faces": {
				"north": {"uv": [0, 0, 0, 8], "texture": "#3"},
				"east": {"uv": [6, 0, 0, 11], "texture": "#3"},
				"south": {"uv": [0, 0, 0, 8], "texture": "#3"},
				"west": {"uv": [0, 0, 6, 11], "texture": "#3"},
				"up": {"uv": [0, 6, 0, 0], "texture": "#3"},
				"down": {"uv": [0, 0, 0, 6], "texture": "#3"}
			}
		},
		{
			"from": [8, 12.5, 6.5],
			"to": [8, 23.5, 12.5],
			"rotation": {"angle": -22.5, "axis": "y", "origin": [8, 17.5, 9.5]},
			"faces": {
				"north": {"uv": [0, 0, 0, 8], "texture": "#3"},
				"east": {"uv": [6, 0, 0, 11], "texture": "#3"},
				"south": {"uv": [0, 0, 0, 8], "texture": "#3"},
				"west": {"uv": [0, 0, 6, 11], "texture": "#3"},
				"up": {"uv": [0, 6, 0, 0], "texture": "#3"},
				"down": {"uv": [0, 0, 0, 6], "texture": "#3"}
			}
		},
		{
			"from": [6.45, 1.7, 0],
			"to": [9.55, 5.2, 3],
			"rotation": {"angle": 22.5, "axis": "x", "origin": [8, -0.71142, 11.1625]},
			"faces": {
				"north": {"uv": [4.5625, 4.125, 4.9375, 3.6875], "texture": "#0"},
				"east": {"uv": [4.9375, 3.25, 4.5625, 2.8125], "texture": "#0"},
				"south": {"uv": [4.5625, 4.125, 4.9375, 3.6875], "texture": "#0"},
				"west": {"uv": [4.5625, 3.25, 4.9375, 2.8125], "texture": "#0"},
				"up": {"uv": [5.3125, 2.8125, 4.9375, 3.1875], "rotation": 270, "texture": "#0"},
				"down": {"uv": [4.5625, 3.25, 4.9375, 3.625], "rotation": 270, "texture": "#0"}
			}
		},
		{
			"from": [6.45, 1.7, 13],
			"to": [9.55, 5.2, 16],
			"rotation": {"angle": -22.5, "axis": "x", "origin": [8, -0.71142, 4.8375]},
			"faces": {
				"north": {"uv": [4.1875, 4.125, 3.8125, 3.6875], "texture": "#0"},
				"east": {"uv": [3.8125, 3.25, 4.1875, 2.8125], "texture": "#0"},
				"south": {"uv": [4.1875, 4.125, 3.8125, 3.6875], "texture": "#0"},
				"west": {"uv": [4.1875, 3.25, 3.8125, 2.8125], "texture": "#0"},
				"up": {"uv": [4.5625, 2.8125, 4.1875, 3.1875], "rotation": 270, "texture": "#0"},
				"down": {"uv": [4.1875, 3.25, 3.8125, 3.625], "rotation": 270, "texture": "#0"}
			}
		},
		{
			"from": [7.95, 21.0247, 3.03363],
			"to": [7.95, 28.5247, 9.03363],
			"rotation": {"angle": -22.5, "axis": "x", "origin": [8, 24.7747, 6.53363]},
			"faces": {
				"north": {"uv": [6, 23.8, 6, 16], "texture": "#missing"},
				"east": {"uv": [5.25, 0.75, 6.1875, 0], "rotation": 270, "texture": "#0"},
				"south": {"uv": [6, 23.8, 6, 16], "texture": "#missing"},
				"west": {"uv": [5.25, 0, 6.1875, 0.75], "rotation": 270, "texture": "#0"},
				"up": {"uv": [0, 31, 0, 25.5], "rotation": 180, "texture": "#missing"},
				"down": {"uv": [5, 22, 5, 16.5], "rotation": 180, "texture": "#missing"}
			}
		},
		{
			"from": [8.05, 21.0247, 3.03363],
			"to": [8.05, 28.5247, 9.03363],
			"rotation": {"angle": -22.5, "axis": "x", "origin": [8, 24.7747, 6.53363]},
			"faces": {
				"north": {"uv": [6, 23.8, 6, 16], "texture": "#missing"},
				"east": {"uv": [5.25, 0.75, 6.1875, 0], "rotation": 270, "texture": "#0"},
				"south": {"uv": [6, 23.8, 6, 16], "texture": "#missing"},
				"west": {"uv": [5.25, 0, 6.1875, 0.75], "rotation": 270, "texture": "#0"},
				"up": {"uv": [0, 31, 0, 25.5], "rotation": 180, "texture": "#missing"},
				"down": {"uv": [5, 22, 5, 16.5], "rotation": 180, "texture": "#missing"}
			}
		},
		{
			"from": [7.75, 18.80069, -1.90737],
			"to": [8.25, 25.30069, 6.09263],
			"rotation": {"angle": 22.5, "axis": "x", "origin": [8, 16.70857, 3.97739]},
			"faces": {
				"north": {"uv": [6.125, 3.1875, 6.0625, 4], "texture": "#0"},
				"east": {"uv": [6.0625, 4, 5.0625, 3.1875], "texture": "#0"},
				"south": {"uv": [4.5625, 3.1875, 4.5, 4], "texture": "#0"},
				"west": {"uv": [5.0625, 4, 6.0625, 3.1875], "texture": "#0"},
				"up": {"uv": [4.25, 4.0625, 4.1875, 3.1875], "texture": "#0"},
				"down": {"uv": [4.25, 4.0625, 4.1875, 3.1875], "texture": "#0"}
			}
		},
		{
			"from": [7.5, 11.5, -0.7],
			"to": [8.5, 21, 7.8],
			"rotation": {"angle": 0, "axis": "y", "origin": [8, 15.40857, 3.87739]},
			"faces": {
				"north": {"uv": [6, 2.75, 6.125, 1.5625], "texture": "#0"},
				"east": {"uv": [6, 2.75, 4.9375, 1.5625], "texture": "#0"},
				"south": {"uv": [6.125, 2.75, 6.25, 1.5625], "texture": "#0"},
				"west": {"uv": [4.9375, 2.75, 6, 1.5625], "texture": "#0"},
				"up": {"uv": [4.9375, 4.25, 5.0625, 3.1875], "texture": "#0"},
				"down": {"uv": [4.9375, 4.25, 5.0625, 3.1875], "texture": "#0"}
			}
		},
		{
			"from": [7.55, 8.27423, 0.70778],
			"to": [8.45, 13.27423, 5.20778],
			"rotation": {"angle": -22.5, "axis": "x", "origin": [8, 17.40857, 3.97739]},
			"faces": {
				"north": {"uv": [4.375, 3.8125, 4.4875, 3.1875], "texture": "#0"},
				"east": {"uv": [6.8125, 2.1875, 6.25, 1.5625], "texture": "#0"},
				"south": {"uv": [6.8125, 2.1875, 6.925, 1.5625], "texture": "#0"},
				"west": {"uv": [6.25, 2.1875, 6.8125, 1.5625], "texture": "#0"},
				"up": {"uv": [2.9375, 3.0625, 3.05, 2.5], "texture": "#0"},
				"down": {"uv": [2.9375, 3.0625, 3.05, 2.5], "texture": "#0"}
			}
		},
		{
			"from": [6.5, 4.6, 4.5],
			"to": [9.5, 8.1, 11.5],
			"rotation": {"angle": 0, "axis": "y", "origin": [8, -0.51142, 8.0625]},
			"faces": {
				"north": {"uv": [4.25, 16, 4.625, 15.5625], "texture": "#0"},
				"east": {"uv": [3.9375, 2.4375, 4.8125, 2], "texture": "#0"},
				"south": {"uv": [4.25, 16, 4.625, 15.5625], "texture": "#0"},
				"west": {"uv": [3.9375, 2.4375, 4.8125, 2], "texture": "#0"},
				"up": {"uv": [3.9375, 1.625, 4.8125, 2], "rotation": 270, "texture": "#0"},
				"down": {"uv": [3.8125, 2.4375, 4.6875, 2.8125], "rotation": 270, "texture": "#0"}
			}
		},
		{
			"from": [7, 7, 4],
			"to": [9, 10, 10],
			"rotation": {"angle": -22.5, "axis": "x", "origin": [8, 7.5, 7]},
			"faces": {
				"north": {"uv": [6.3125, 2.8125, 6.0625, 3.1875], "texture": "#0"},
				"east": {"uv": [6.0625, 2.8125, 5.3125, 3.1875], "texture": "#0"},
				"south": {"uv": [6.3125, 2.8125, 6.0625, 3.1875], "texture": "#0"},
				"west": {"uv": [5.3125, 2.8125, 6.0625, 3.1875], "texture": "#0"},
				"up": {"uv": [6.1875, 3.1875, 6.4375, 3.9375], "texture": "#0"},
				"down": {"uv": [6.1875, 3.1875, 6.4375, 3.9375], "texture": "#0"}
			}
		},
		{
			"from": [9.45205, 9.09383, 10],
			"to": [9.45205, 12.09383, 13],
			"rotation": {"angle": -22.5, "axis": "z", "origin": [8.11976, 11.29834, 11.25]},
			"faces": {
				"north": {"uv": [0, 128, 0, 0], "texture": "#missing"},
				"east": {"uv": [4.8125, 0.375, 4.4375, 0], "texture": "#0"},
				"south": {"uv": [0, 128, 0, 0], "texture": "#missing"},
				"west": {"uv": [4.4375, 0.375, 4.8125, 0], "texture": "#0"},
				"up": {"uv": [0, 96, 0, 0], "texture": "#missing"},
				"down": {"uv": [0, 96, 0, 0], "texture": "#missing"}
			}
		},
		{
			"from": [9.08658, 12.5, 10],
			"to": [9.08658, 15, 13],
			"rotation": {"angle": -45, "axis": "z", "origin": [8.11976, 11.29834, 11.25]},
			"faces": {
				"north": {"uv": [0, 128, 0, 0], "texture": "#missing"},
				"east": {"uv": [4.8125, 0.625, 4.4375, 0.3125], "texture": "#0"},
				"south": {"uv": [0, 128, 0, 0], "texture": "#missing"},
				"west": {"uv": [4.4375, 0.625, 4.8125, 0.3125], "texture": "#0"},
				"up": {"uv": [0, 96, 0, 0], "texture": "#missing"},
				"down": {"uv": [0, 96, 0, 0], "texture": "#missing"}
			}
		},
		{
			"from": [6.36976, 11.27035, 12.33824],
			"to": [10.36976, 14.27035, 12.33824],
			"rotation": {"angle": 45, "axis": "x", "origin": [8.11976, 11.29834, 12.45]},
			"faces": {
				"north": {"uv": [4.375, 0.625, 3.875, 0.25], "texture": "#0"},
				"east": {"uv": [0, 192, 0, 0], "texture": "#missing"},
				"south": {"uv": [3.875, 0.625, 4.375, 0.25], "texture": "#0"},
				"west": {"uv": [0, 192, 0, 0], "texture": "#missing"},
				"up": {"uv": [0, 0, 0, 96], "rotation": 90, "texture": "#missing"},
				"down": {"uv": [0, 0, 0, 96], "rotation": 270, "texture": "#missing"}
			}
		},
		{
			"from": [6.36976, 9.31145, 12.35517],
			"to": [10.36976, 11.31145, 12.35517],
			"rotation": {"angle": 22.5, "axis": "x", "origin": [8.11976, 11.29834, 12.45]},
			"faces": {
				"north": {"uv": [4.375, 0.25, 3.875, 0], "texture": "#0"},
				"east": {"uv": [0, 192, 0, 0], "texture": "#missing"},
				"south": {"uv": [3.875, 0.25, 4.375, 0], "texture": "#0"},
				"west": {"uv": [0, 192, 0, 0], "texture": "#missing"},
				"up": {"uv": [0, 0, 0, 96], "rotation": 90, "texture": "#missing"},
				"down": {"uv": [0, 0, 0, 96], "rotation": 270, "texture": "#missing"}
			}
		},
		{
			"from": [6.36976, 12.52441, 15.14915],
			"to": [10.36976, 12.52441, 17.14915],
			"rotation": {"angle": -22.5, "axis": "x", "origin": [8.11976, 11.29834, 12.45]},
			"faces": {
				"north": {"uv": [0, 0, 0, 96], "rotation": 90, "texture": "#missing"},
				"east": {"uv": [0, 0, 0, 192], "rotation": 90, "texture": "#missing"},
				"south": {"uv": [0, 0, 0, 96], "rotation": 90, "texture": "#missing"},
				"west": {"uv": [0, 0, 0, 192], "rotation": 270, "texture": "#missing"},
				"up": {"uv": [4.375, 0.875, 3.875, 0.625], "rotation": 180, "texture": "#0"},
				"down": {"uv": [3.875, 0.875, 4.375, 0.625], "texture": "#0"}
			}
		},
		{
			"from": [7, 10.5, 9],
			"to": [9, 11.5, 11],
			"rotation": {"angle": 45, "axis": "y", "origin": [8, 11, 10]},
			"faces": {
				"north": {"uv": [2.375, 4.0625, 2.625, 4.1875], "texture": "#0"},
				"east": {"uv": [2.625, 4.0625, 2.375, 4.1875], "texture": "#0"},
				"south": {"uv": [2.375, 4.0625, 2.625, 4.1875], "texture": "#0"},
				"west": {"uv": [2.625, 4.0625, 2.375, 4.1875], "texture": "#0"},
				"up": {"uv": [2.375, 3.8125, 2.625, 4.0625], "rotation": 270, "texture": "#0"},
				"down": {"uv": [2.375, 3.8125, 2.625, 4.0625], "rotation": 270, "texture": "#0"}
			}
		},
		{
			"from": [8, 17, 8],
			"to": [8, 22, 10],
			"rotation": {"angle": 0, "axis": "y", "origin": [8.21976, 14.20166, 9.95]},
			"faces": {
				"north": {"uv": [2.375, 4.0625, 2.625, 4.1875], "texture": "#0"},
				"east": {"uv": [5.125, 0, 4.875, 0.625], "texture": "#0"},
				"south": {"uv": [2.375, 4.0625, 2.625, 4.1875], "texture": "#0"},
				"west": {"uv": [4.875, 0, 5.125, 0.625], "texture": "#0"},
				"up": {"uv": [2.375, 3.8125, 2.625, 4.0625], "rotation": 270, "texture": "#0"},
				"down": {"uv": [2.375, 3.8125, 2.625, 4.0625], "rotation": 270, "texture": "#0"}
			}
		},
		{
			"from": [6, 3, 6],
			"to": [10, 4, 10],
			"rotation": {"angle": 45, "axis": "y", "origin": [8, 3, 8]},
			"faces": {
				"north": {"uv": [0.625, 2.75, 1.125, 2.875], "texture": "#0"},
				"east": {"uv": [0.625, 2.75, 1.125, 2.875], "texture": "#0"},
				"south": {"uv": [0.625, 2.75, 1.125, 2.875], "texture": "#0"},
				"west": {"uv": [1.125, 2.75, 0.625, 2.875], "texture": "#0"},
				"up": {"uv": [0.875, 2.25, 1.375, 2.75], "texture": "#0"},
				"down": {"uv": [0.875, 2.25, 1.375, 2.75], "texture": "#0"}
			}
		},
		{
			"from": [6.5, 11.5, 8.5],
			"to": [9.5, 12.5, 11.5],
			"rotation": {"angle": 45, "axis": "y", "origin": [8, 11.5, 10]},
			"faces": {
				"north": {"uv": [2.25, 2.25, 1.875, 2.375], "texture": "#0"},
				"east": {"uv": [1.875, 2.25, 2.25, 2.375], "texture": "#0"},
				"south": {"uv": [2.25, 2.25, 1.875, 2.375], "texture": "#0"},
				"west": {"uv": [1.875, 2.25, 2.25, 2.375], "texture": "#0"},
				"up": {"uv": [1.875, 1.875, 2.25, 2.25], "texture": "#0"},
				"down": {"uv": [1.875, 1.875, 2.25, 2.25], "texture": "#0"}
			}
		},
		{
			"from": [8, 11.8, 7.5],
			"to": [8, 16.3, 12.5],
			"rotation": {"angle": -45, "axis": "y", "origin": [8, 11.5, 10]},
			"faces": {
				"north": {"uv": [2.25, 2.25, 1.875, 2.5], "texture": "#0"},
				"east": {"uv": [3.8125, 1.3125, 3.1875, 1.875], "texture": "#0"},
				"south": {"uv": [2.25, 2.25, 1.875, 2.5], "texture": "#0"},
				"west": {"uv": [3.1875, 1.3125, 3.8125, 1.875], "texture": "#0"},
				"up": {"uv": [1.875, 1.875, 2.25, 2.25], "texture": "#0"},
				"down": {"uv": [1.875, 1.875, 2.25, 2.25], "texture": "#0"}
			}
		},
		{
			"from": [8, 11.8, 7.5],
			"to": [8, 16.3, 12.5],
			"rotation": {"angle": 45, "axis": "y", "origin": [8, 11.5, 10]},
			"faces": {
				"north": {"uv": [2.25, 2.25, 1.875, 2.5], "texture": "#0"},
				"east": {"uv": [3.8125, 1.3125, 3.1875, 1.875], "texture": "#0"},
				"south": {"uv": [2.25, 2.25, 1.875, 2.5], "texture": "#0"},
				"west": {"uv": [3.1875, 1.3125, 3.8125, 1.875], "texture": "#0"},
				"up": {"uv": [1.875, 1.875, 2.25, 2.25], "texture": "#0"},
				"down": {"uv": [1.875, 1.875, 2.25, 2.25], "texture": "#0"}
			}
		},
		{
			"from": [6, 4, 6],
			"to": [10, 8.5, 10],
			"rotation": {"angle": -45, "axis": "y", "origin": [8, 6.75, 8]},
			"faces": {
				"north": {"uv": [1.875, 2.0625, 1.375, 2.625], "texture": "#0"},
				"east": {"uv": [1.375, 2.0625, 1.875, 2.625], "texture": "#0"},
				"south": {"uv": [1.875, 2.0625, 1.375, 2.625], "texture": "#0"},
				"west": {"uv": [1.375, 2.0625, 1.875, 2.625], "texture": "#0"}
			}
		},
		{
			"from": [7, 12, 8.75],
			"to": [9, 14.5, 11.25],
			"rotation": {"angle": -45, "axis": "x", "origin": [8, 13.25, 10]},
			"faces": {
				"north": {"uv": [1.4375, 4.4375, 1.6875, 4.125], "texture": "#0"},
				"east": {"uv": [1.1875, 4.4375, 0.875, 4.125], "texture": "#0"},
				"south": {"uv": [1.1875, 4.125, 1.4375, 4.4375], "texture": "#0"},
				"west": {"uv": [0.875, 4.4375, 1.1875, 4.125], "texture": "#0"},
				"up": {"uv": [1.1875, 4.4375, 1.4375, 4.125], "texture": "#0"},
				"down": {"uv": [1.4375, 4.4375, 1.6875, 4.125], "texture": "#0"}
			}
		},
		{
			"from": [5, 5, 6.75],
			"to": [6, 7.5, 9.25],
			"rotation": {"angle": -45, "axis": "x", "origin": [6, 6.25, 8]},
			"faces": {
				"north": {"uv": [1.4375, 4.75, 1.5625, 4.4375], "texture": "#0"},
				"east": {"uv": [1.1875, 4.75, 0.875, 4.4375], "texture": "#0"},
				"south": {"uv": [1.1875, 4.4375, 1.3125, 4.75], "texture": "#0"},
				"west": {"uv": [0.875, 4.75, 1.1875, 4.4375], "texture": "#0"},
				"up": {"uv": [1.1875, 4.75, 1.3125, 4.4375], "texture": "#0"},
				"down": {"uv": [1.4375, 4.75, 1.5625, 4.4375], "texture": "#0"}
			}
		},
		{
			"from": [4.9, 5, 6.75],
			"to": [4.9, 7.5, 9.25],
			"rotation": {"angle": -45, "axis": "x", "origin": [5.9, 6.25, 8]},
			"faces": {
				"north": {"uv": [0, 0, 0, 5], "texture": "#4"},
				"east": {"uv": [5, 0, 0, 5], "texture": "#4"},
				"south": {"uv": [0, 0, 0, 5], "texture": "#4"},
				"west": {"uv": [0, 0, 5, 5], "texture": "#4"},
				"up": {"uv": [0, 5, 0, 0], "texture": "#4"},
				"down": {"uv": [0, 0, 0, 5], "texture": "#4"}
			}
		},
		{
			"from": [11.1, 5, 6.75],
			"to": [11.1, 7.5, 9.25],
			"rotation": {"angle": -45, "axis": "x", "origin": [10.1, 6.25, 8]},
			"faces": {
				"north": {"uv": [0, 0, 0, 5], "texture": "#4"},
				"east": {"uv": [5, 0, 0, 5], "texture": "#4"},
				"south": {"uv": [0, 0, 0, 5], "texture": "#4"},
				"west": {"uv": [0, 0, 5, 5], "texture": "#4"},
				"up": {"uv": [0, 5, 0, 0], "texture": "#4"},
				"down": {"uv": [0, 0, 0, 5], "texture": "#4"}
			}
		},
		{
			"from": [5.5, 4.5, 6.25],
			"to": [6.5, 8, 9.75],
			"rotation": {"angle": -45, "axis": "x", "origin": [6, 6.25, 8]},
			"faces": {
				"north": {"uv": [0.5625, 5.1875, 0.4375, 4.75], "texture": "#0"},
				"east": {"uv": [0, 5.1875, 0.4375, 4.75], "texture": "#0"},
				"south": {"uv": [0.4375, 4.75, 0.5625, 5.1875], "texture": "#0"},
				"west": {"uv": [0, 5.1875, 0.4375, 4.75], "texture": "#0"},
				"up": {"uv": [0.4375, 5.1875, 0.5625, 4.75], "texture": "#0"},
				"down": {"uv": [0.4375, 5.1875, 0.5625, 4.75], "texture": "#0"}
			}
		},
		{
			"from": [10, 5, 6.75],
			"to": [11, 7.5, 9.25],
			"rotation": {"angle": -45, "axis": "x", "origin": [10, 6.25, 8]},
			"faces": {
				"north": {"uv": [1.5625, 4.75, 1.4375, 4.4375], "texture": "#0"},
				"east": {"uv": [1.1875, 4.75, 0.875, 4.4375], "texture": "#0"},
				"south": {"uv": [1.3125, 4.4375, 1.1875, 4.75], "texture": "#0"},
				"west": {"uv": [0.875, 4.75, 1.1875, 4.4375], "texture": "#0"},
				"up": {"uv": [1.3125, 4.75, 1.1875, 4.4375], "texture": "#0"},
				"down": {"uv": [1.5625, 4.75, 1.4375, 4.4375], "texture": "#0"}
			}
		},
		{
			"from": [9.5, 4.5, 6.25],
			"to": [10.5, 8, 9.75],
			"rotation": {"angle": -45, "axis": "x", "origin": [10, 6.25, 8]},
			"faces": {
				"north": {"uv": [0.4375, 5.1875, 0.5625, 4.75], "texture": "#0"},
				"east": {"uv": [0.4375, 5.1875, 0, 4.75], "texture": "#0"},
				"south": {"uv": [0.5625, 4.75, 0.4375, 5.1875], "texture": "#0"},
				"west": {"uv": [0.4375, 5.1875, 0, 4.75], "texture": "#0"},
				"up": {"uv": [0.5625, 5.1875, 0.4375, 4.75], "texture": "#0"},
				"down": {"uv": [0.5625, 5.1875, 0.4375, 4.75], "texture": "#0"}
			}
		},
		{
			"from": [5.91256, 4.25398, 4.55],
			"to": [7.61256, 5.95398, 6.55],
			"rotation": {"angle": 45, "axis": "z", "origin": [8, 6.34142, 8]},
			"faces": {
				"north": {"uv": [3.1875, 4.4375, 3, 4.25], "texture": "#0"},
				"east": {"uv": [2.75, 4.25, 3, 4.4375], "texture": "#0"},
				"south": {"uv": [3, 4.25, 3.1875, 4.4375], "texture": "#0"},
				"west": {"uv": [2.75, 4.4375, 3, 4.25], "texture": "#0"},
				"up": {"uv": [2.75, 4.25, 3, 4.4375], "rotation": 90, "texture": "#0"},
				"down": {"uv": [2.75, 4.25, 3, 4.4375], "rotation": 270, "texture": "#0"}
			}
		},
		{
			"from": [5.91256, 4.25398, 9.45],
			"to": [7.61256, 5.95398, 11.45],
			"rotation": {"angle": 45, "axis": "z", "origin": [8, 6.34142, 8]},
			"faces": {
				"north": {"uv": [3.1875, 4.25, 3, 4.4375], "texture": "#0"},
				"east": {"uv": [3, 4.25, 2.75, 4.4375], "texture": "#0"},
				"south": {"uv": [3, 4.4375, 3.1875, 4.25], "texture": "#0"},
				"west": {"uv": [3, 4.4375, 2.75, 4.25], "texture": "#0"},
				"up": {"uv": [3, 4.25, 2.75, 4.4375], "rotation": 90, "texture": "#0"},
				"down": {"uv": [3, 4.25, 2.75, 4.4375], "rotation": 270, "texture": "#0"}
			}
		},
		{
			"from": [8.38744, 6.62886, 9.45],
			"to": [10.08744, 8.32886, 11.45],
			"rotation": {"angle": 45, "axis": "z", "origin": [8, 6.24142, 8]},
			"faces": {
				"north": {"uv": [3.1875, 4.25, 3, 4.4375], "texture": "#0"},
				"east": {"uv": [2.75, 4.25, 3, 4.4375], "texture": "#0"},
				"south": {"uv": [3.1875, 4.25, 3, 4.4375], "texture": "#0"},
				"west": {"uv": [3, 4.25, 2.75, 4.4375], "texture": "#0"},
				"up": {"uv": [3, 4.25, 2.75, 4.4375], "rotation": 90, "texture": "#0"},
				"down": {"uv": [3, 4.25, 2.75, 4.4375], "rotation": 270, "texture": "#0"}
			}
		},
		{
			"from": [8, 0.5, 2],
			"to": [8, 7.5, 5],
			"rotation": {"angle": 0, "axis": "y", "origin": [8, 1, 3.75]},
			"faces": {
				"north": {"uv": [0, 0, 0, 256], "texture": "#missing"},
				"east": {"uv": [3.375, 0.4375, 3.75, 1.3125], "texture": "#0"},
				"south": {"uv": [0, 0, 0, 256], "texture": "#missing"},
				"west": {"uv": [3.75, 0.4375, 3.375, 1.3125], "texture": "#0"},
				"up": {"uv": [0, 96, 0, 0], "texture": "#missing"},
				"down": {"uv": [0, 96, 0, 0], "texture": "#missing"}
			}
		},
		{
			"from": [7, 0, 3],
			"to": [9, 1.5, 5],
			"rotation": {"angle": 0, "axis": "y", "origin": [8, 1, 3.75]},
			"faces": {
				"north": {"uv": [1.9375, 3.9375, 1.6875, 4.125], "texture": "#0"},
				"east": {"uv": [1.9375, 3.9375, 1.6875, 4.125], "texture": "#0"},
				"south": {"uv": [1.9375, 3.9375, 1.6875, 4.125], "texture": "#0"},
				"west": {"uv": [1.9375, 3.9375, 1.6875, 4.125], "texture": "#0"},
				"up": {"uv": [1.6875, 4.375, 1.9375, 4.125], "texture": "#0"},
				"down": {"uv": [1.6875, 4.375, 1.9375, 4.125], "texture": "#0"}
			}
		},
		{
			"from": [8, -4, 0],
			"to": [8, 0, 8],
			"rotation": {"angle": 0, "axis": "y", "origin": [8, 1, 3.75]},
			"faces": {
				"north": {"uv": [0, 0, 0, 14], "texture": "#5"},
				"east": {"uv": [0, 6, 16, 14], "texture": "#5"},
				"south": {"uv": [0, 0, 0, 14], "texture": "#5"},
				"west": {"uv": [16, 6, 0, 14], "texture": "#5"},
				"up": {"uv": [0, 0, 0, 10], "texture": "#5"},
				"down": {"uv": [0, 10, 0, 0], "texture": "#5"}
			}
		},
		{
			"from": [6.7, -1, 8.7],
			"to": [9.3, 4, 11.2],
			"rotation": {"angle": -22.5, "axis": "x", "origin": [8, -1, 8.8]},
			"faces": {
				"north": {"uv": [2.5625, 1.375, 2.875, 0.75], "texture": "#0"},
				"east": {"uv": [2.25, 2.625, 2.5625, 2], "texture": "#0"},
				"south": {"uv": [2.25, 3.25, 2.5625, 2.625], "texture": "#0"},
				"west": {"uv": [2.25, 2.625, 2.5625, 2], "texture": "#0"},
				"up": {"uv": [2.1875, 2.5, 1.875, 2.8125], "texture": "#0"},
				"down": {"uv": [2.1875, 2.5, 1.875, 2.8125], "texture": "#0"}
			}
		},
		{
			"from": [6.55, -0.4, 5.2],
			"to": [9.45, 1.6, 9.2],
			"rotation": {"angle": 22.5, "axis": "x", "origin": [8, 0.5, 9.7]},
			"faces": {
				"north": {"uv": [2.0625, 3.5, 2.4375, 3.75], "rotation": 180, "texture": "#0"},
				"east": {"uv": [1.8125, 3.4375, 2.0625, 3.9375], "rotation": 270, "texture": "#0"},
				"south": {"uv": [2.0625, 3.5, 2.4375, 3.75], "rotation": 180, "texture": "#0"},
				"west": {"uv": [1.8125, 3.4375, 2.0625, 3.9375], "rotation": 270, "texture": "#0"},
				"up": {"uv": [2.75, 3.25, 3.125, 3.75], "texture": "#0"},
				"down": {"uv": [2.75, 3.25, 3.125, 3.75], "texture": "#0"}
			}
		},
		{
			"from": [6.5, -1, 7.75],
			"to": [9.5, 3, 10.75],
			"rotation": {"angle": -22.5, "axis": "x", "origin": [8, 0.5, 9.7]},
			"faces": {
				"north": {"uv": [0.875, 3.625, 1.25, 4.125], "texture": "#0"},
				"east": {"uv": [0.875, 3.5625, 0.5, 4.0625], "texture": "#0"},
				"south": {"uv": [0.5, 4.0625, 0.875, 4.5625], "texture": "#0"},
				"west": {"uv": [0.5, 3.5625, 0.875, 4.0625], "texture": "#0"},
				"up": {"uv": [1.25, 3.625, 1.625, 4], "texture": "#0"},
				"down": {"uv": [1.25, 3.625, 1.625, 4], "texture": "#0"}
			}
		},
		{
			"from": [6.75, -5, 8.45],
			"to": [9.25, 0, 10.95],
			"rotation": {"angle": 0, "axis": "y", "origin": [0, -5.5, 25]},
			"faces": {
				"north": {"uv": [1.5, 3, 1.1875, 3.625], "texture": "#0"},
				"east": {"uv": [1.9375, 2.8125, 2.25, 3.4375], "texture": "#0"},
				"south": {"uv": [1.8125, 3, 1.5, 3.625], "texture": "#0"},
				"west": {"uv": [2.25, 2.8125, 1.9375, 3.4375], "texture": "#0"},
				"up": {"uv": [2.25, 2.8125, 1.9375, 3.125], "texture": "#0"},
				"down": {"uv": [2.25, 2.8125, 1.9375, 3.125], "texture": "#0"}
			}
		},
		{
			"from": [6.7, -12.5, 8.2],
			"to": [9.3, -4, 10.7],
			"rotation": {"angle": 22.5, "axis": "x", "origin": [8, -5, 8.4]},
			"faces": {
				"north": {"uv": [2.875, 2.125, 3.1875, 3.1875], "texture": "#0"},
				"east": {"uv": [3.1875, 1.0625, 2.875, 2.125], "texture": "#0"},
				"south": {"uv": [2.875, 0, 3.1875, 1.0625], "texture": "#0"},
				"west": {"uv": [2.875, 1.0625, 3.1875, 2.125], "texture": "#0"},
				"up": {"uv": [2.4375, 3.5, 2.7625, 3.8125], "texture": "#0"},
				"down": {"uv": [2.4375, 3.5, 2.7625, 3.8125], "texture": "#0"}
			}
		},
		{
			"from": [6.5, -9.2, 6],
			"to": [9.5, -6.7, 9],
			"rotation": {"angle": 22.5, "axis": "x", "origin": [8, -10.05, 7.5]},
			"faces": {
				"north": {"uv": [0.375, 2.25, 0, 2.5625], "texture": "#0"},
				"east": {"uv": [0.375, 1.9375, 0, 2.25], "texture": "#0"},
				"south": {"uv": [0.375, 2.25, 0, 2.5625], "texture": "#0"},
				"west": {"uv": [0.375, 1.9375, 0, 2.25], "texture": "#0"}
			}
		},
		{
			"from": [6, -6.7, 5.5],
			"to": [10, -5.2, 9.5],
			"rotation": {"angle": 22.5, "axis": "x", "origin": [8, -10.05, 7.5]},
			"faces": {
				"north": {"uv": [1.375, 2.0625, 0.875, 2.25], "texture": "#0"},
				"east": {"uv": [1.375, 2.0625, 0.875, 2.25], "texture": "#0"},
				"south": {"uv": [1.375, 2.0625, 0.875, 2.25], "texture": "#0"},
				"west": {"uv": [1.375, 2.0625, 0.875, 2.25], "texture": "#0"},
				"up": {"uv": [0.375, 2.5625, 0.875, 2.0625], "texture": "#0"},
				"down": {"uv": [0.375, 2.5625, 0.875, 2.0625], "texture": "#0"}
			}
		},
		{
			"from": [6, -10.7, 5.5],
			"to": [10, -9.2, 9.5],
			"rotation": {"angle": 22.5, "axis": "x", "origin": [8, -10.05, 7.5]},
			"faces": {
				"north": {"uv": [1.375, 2.0625, 0.875, 2.25], "texture": "#0"},
				"east": {"uv": [1.375, 2.0625, 0.875, 2.25], "texture": "#0"},
				"south": {"uv": [1.375, 2.0625, 0.875, 2.25], "texture": "#0"},
				"west": {"uv": [1.375, 2.0625, 0.875, 2.25], "texture": "#0"},
				"up": {"uv": [0.375, 2.5625, 0.875, 2.0625], "texture": "#0"},
				"down": {"uv": [0.375, 2.5625, 0.875, 2.0625], "texture": "#0"}
			}
		},
		{
			"from": [8, -5.4, 12.2],
			"to": [8, -2.4, 15.2],
			"rotation": {"angle": 22.5, "axis": "x", "origin": [8, 0.5, 9.7]},
			"faces": {
				"north": {"uv": [2.0625, 3.5, 2.4375, 3.75], "rotation": 180, "texture": "#0"},
				"east": {"uv": [3.375, 0.375, 3.75, 0], "rotation": 270, "texture": "#0"},
				"south": {"uv": [2.0625, 3.5, 2.4375, 3.75], "rotation": 180, "texture": "#0"},
				"west": {"uv": [3.375, 0, 3.75, 0.375], "rotation": 270, "texture": "#0"},
				"up": {"uv": [2.75, 3.25, 3.125, 3.75], "texture": "#0"},
				"down": {"uv": [2.75, 3.25, 3.125, 3.75], "texture": "#0"}
			}
		},
		{
			"from": [8.06976, -9.5, 9.46976],
			"to": [8.06976, -6.5, 11.46976],
			"rotation": {"angle": 0, "axis": "y", "origin": [8.31976, -12.29834, 11.45]},
			"faces": {
				"north": {"uv": [2.375, 4.0625, 2.625, 4.1875], "texture": "#0"},
				"east": {"uv": [5.125, 0, 4.875, 0.375], "texture": "#0"},
				"south": {"uv": [2.375, 4.0625, 2.625, 4.1875], "texture": "#0"},
				"west": {"uv": [4.875, 0, 5.125, 0.375], "texture": "#0"},
				"up": {"uv": [2.375, 3.8125, 2.625, 4.0625], "rotation": 270, "texture": "#0"},
				"down": {"uv": [2.375, 3.8125, 2.625, 4.0625], "rotation": 270, "texture": "#0"}
			}
		},
		{
			"from": [7.06976, -10.5, 9.76976],
			"to": [9.06976, -9.5, 11.76976],
			"rotation": {"angle": 0, "axis": "y", "origin": [8.31976, -12.29834, 11.45]},
			"faces": {
				"north": {"uv": [2.375, 4.0625, 2.625, 4.1875], "texture": "#0"},
				"east": {"uv": [2.375, 4.0625, 2.625, 4.1875], "texture": "#0"},
				"south": {"uv": [2.375, 4.0625, 2.625, 4.1875], "texture": "#0"},
				"west": {"uv": [2.375, 4.0625, 2.625, 4.1875], "texture": "#0"},
				"up": {"uv": [2.375, 3.8125, 2.625, 4.0625], "rotation": 270, "texture": "#0"},
				"down": {"uv": [2.375, 3.8125, 2.625, 4.0625], "rotation": 270, "texture": "#0"}
			}
		},
		{
			"from": [9.45205, -13.09383, 9.2],
			"to": [9.45205, -10.09383, 12.2],
			"rotation": {"angle": 22.5, "axis": "z", "origin": [8.11976, -12.29834, 10.45]},
			"faces": {
				"north": {"uv": [0, 0, 0, 128], "texture": "#missing"},
				"east": {"uv": [4.8125, 0, 4.4375, 0.375], "texture": "#0"},
				"south": {"uv": [0, 0, 0, 128], "texture": "#missing"},
				"west": {"uv": [4.4375, 0, 4.8125, 0.375], "texture": "#0"},
				"up": {"uv": [0, 0, 0, 96], "texture": "#missing"},
				"down": {"uv": [0, 0, 0, 96], "texture": "#missing"}
			}
		},
		{
			"from": [9.08658, -16, 9.2],
			"to": [9.08658, -13.5, 12.2],
			"rotation": {"angle": 45, "axis": "z", "origin": [8.11976, -12.29834, 10.45]},
			"faces": {
				"north": {"uv": [0, 0, 0, 128], "texture": "#missing"},
				"east": {"uv": [4.8125, 0.3125, 4.4375, 0.625], "texture": "#0"},
				"south": {"uv": [0, 0, 0, 128], "texture": "#missing"},
				"west": {"uv": [4.4375, 0.3125, 4.8125, 0.625], "texture": "#0"},
				"up": {"uv": [0, 0, 0, 96], "texture": "#missing"},
				"down": {"uv": [0, 0, 0, 96], "texture": "#missing"}
			}
		},
		{
			"from": [6.75, -14.21897, 4.26026],
			"to": [9.25, -11.71897, 5.76026],
			"rotation": {"angle": -22.5, "axis": "x", "origin": [8, -11.86897, 6.69129]},
			"faces": {
				"north": {"uv": [2.25, 4.4375, 1.9375, 4.125], "rotation": 180, "texture": "#0"},
				"east": {"uv": [2.375, 3.75, 2.0625, 3.9375], "rotation": 270, "texture": "#0"},
				"south": {"uv": [2.25, 4.4375, 1.9375, 4.125], "texture": "#0"},
				"west": {"uv": [2.0625, 3.75, 2.375, 3.9375], "rotation": 90, "texture": "#0"},
				"up": {"uv": [1.9375, 3.9375, 2.25, 4.125], "rotation": 180, "texture": "#0"},
				"down": {"uv": [1.9375, 4.125, 2.25, 3.9375], "texture": "#0"}
			}
		},
		{
			"from": [6.2, -13.76897, 4.94129],
			"to": [9.8, -11.76897, 8.94129],
			"rotation": {"angle": 45, "axis": "x", "origin": [8, -11.86897, 6.69129]},
			"faces": {
				"north": {"uv": [2.25, 3.25, 2.7, 3.5], "texture": "#0"},
				"east": {"uv": [0.5, 4, 0, 4.25], "texture": "#0"},
				"south": {"uv": [2.7, 3.25, 2.25, 3.5], "texture": "#0"},
				"west": {"uv": [0, 4, 0.5, 4.25], "texture": "#0"},
				"up": {"uv": [0.45, 4, 0, 3.5], "texture": "#0"},
				"down": {"uv": [0.45, 4.75, 0, 4.25], "texture": "#0"}
			}
		},
		{
			"from": [6.36976, -12.31145, 11.55517],
			"to": [10.36976, -10.31145, 11.55517],
			"rotation": {"angle": -22.5, "axis": "x", "origin": [8.11976, -12.29834, 11.65]},
			"faces": {
				"north": {"uv": [4.375, 0, 3.875, 0.25], "texture": "#0"},
				"east": {"uv": [0, 0, 0, 192], "texture": "#missing"},
				"south": {"uv": [3.875, 0, 4.375, 0.25], "texture": "#0"},
				"west": {"uv": [0, 0, 0, 192], "texture": "#missing"},
				"up": {"uv": [0, 0, 0, 96], "rotation": 270, "texture": "#missing"},
				"down": {"uv": [0, 0, 0, 96], "rotation": 90, "texture": "#missing"}
			}
		},
		{
			"from": [6.36976, -15.27035, 11.53824],
			"to": [10.36976, -12.27035, 11.53824],
			"rotation": {"angle": -45, "axis": "x", "origin": [8.11976, -12.29834, 11.65]},
			"faces": {
				"north": {"uv": [4.375, 0.25, 3.875, 0.625], "texture": "#0"},
				"east": {"uv": [0, 0, 0, 192], "texture": "#missing"},
				"south": {"uv": [3.875, 0.25, 4.375, 0.625], "texture": "#0"},
				"west": {"uv": [0, 0, 0, 192], "texture": "#missing"},
				"up": {"uv": [0, 0, 0, 96], "rotation": 270, "texture": "#missing"},
				"down": {"uv": [0, 0, 0, 96], "rotation": 90, "texture": "#missing"}
			}
		},
		{
			"from": [6.36976, -13.52441, 14.34915],
			"to": [10.36976, -13.52441, 16.34915],
			"rotation": {"angle": 22.5, "axis": "x", "origin": [8.11976, -12.29834, 11.65]},
			"faces": {
				"north": {"uv": [0, 0, 0, 96], "rotation": 90, "texture": "#missing"},
				"east": {"uv": [0, 0, 0, 192], "rotation": 90, "texture": "#missing"},
				"south": {"uv": [0, 0, 0, 96], "rotation": 90, "texture": "#missing"},
				"west": {"uv": [0, 0, 0, 192], "rotation": 270, "texture": "#missing"},
				"up": {"uv": [3.875, 0.625, 4.375, 0.875], "texture": "#0"},
				"down": {"uv": [4.375, 0.625, 3.875, 0.875], "rotation": 180, "texture": "#0"}
			}
		}
	],
	"gui_light": "front",
	"display": {
		"thirdperson_righthand": {
			"translation": [0, 3.25, 0.5],
			"scale": [0.6, 0.6, 0.6]
		},
		"thirdperson_lefthand": {
			"translation": [0, 3.25, 0.5],
			"scale": [0.6, 0.6, 0.6]
		},
		"firstperson_righthand": {
			"rotation": [0, 9, 0],
			"translation": [5.5, 0.5, -4.75],
			"scale": [0.6, 0.6, 0.6]
		},
		"firstperson_lefthand": {
			"rotation": [0, 9, 0],
			"translation": [5.5, 0.5, -4.75],
			"scale": [0.6, 0.6, 0.6]
		},
		"ground": {
			"rotation": [0, 0, 88],
			"translation": [-2, 2.5, 0.25],
			"scale": [0.45, 0.45, 0.45]
		},
		"gui": {
			"rotation": [-90, -135, -90],
			"translation": [-0.75, 0.75, -1.5],
			"scale": [0.45, 0.45, 0.45]
		},
		"head": {
			"rotation": [90, -156, 90],
			"translation": [-6.5, 10.5, 1.75],
			"scale": [0.6, 0.6, 0.6]
		},
		"fixed": {
			"rotation": [-90, -90, -90],
			"translation": [0, 2.75, -1.75],
			"scale": [1.2, 1.2, 1.2]
		}
	}
}