{"display":{"thirdperson_righthand":{"rotation":[-122.0,0.0,-180.0],"translation":[0.0,1.5,-2.75],"scale":[0.8,0.8,0.8]},"thirdperson_lefthand":{"rotation":[66.75,0.0,0.0],"translation":[-5.5,-8.5,12.0],"scale":[1.1,1.1,1.1]},"firstperson_righthand":{"rotation":[-26.25,0.0,0.0],"translation":[-1.5,5.25,0.0],"scale":[0.74414,0.74414,0.74414]},"firstperson_lefthand":{"rotation":[-26.25,0.0,0.0],"translation":[-1.5,7.75,0.0],"scale":[0.0,0.0,0.0]},"ground":{"rotation":[-40.0,0.0,0.0],"translation":[0.0,7.5,0.0],"scale":[0.7,0.7,0.7]},"gui":{"rotation":[0.0,-35.0,0.0],"translation":[-0.25,16.75,0.0],"scale":[1.02929,1.02929,1.02929]},"head":{"translation":[0.0,-79.75,10.25],"scale":[1.7,1.7,1.7]},"fixed":{"rotation":[-90.0,180.0,0.0],"translation":[0.0,0.0,-18.25],"scale":[2.53907,2.53907,2.53907]}},"elements":[{"from":[5.0,-8.0,5.0],"to":[11.0,-5.0,11.0],"rotation":{"origin":[4.0,-12.0,4.0],"axis":"y","angle":0.0},"faces":{"north":{"uv":[5.0,7.33333,7.0,8.33333],"texture":"#3"},"east":{"uv":[2.66667,7.66667,4.66667,8.66667],"texture":"#3"},"south":{"uv":[7.66667,2.66667,9.66667,3.66667],"texture":"#3"},"west":{"uv":[7.66667,3.66667,9.66667,4.66667],"texture":"#3"},"up":{"uv":[7.0,7.33333,5.0,5.33333],"texture":"#3"},"down":{"uv":[9.0,5.0,7.0,7.0],"texture":"#3"}}},{"from":[4.5,-5.0,4.5],"to":[11.5,-3.0,11.5],"rotation":{"origin":[4.0,-12.0,4.0],"axis":"y","angle":0.0},"faces":{"north":{"uv":[7.33333,8.33333,9.66667,9.0],"texture":"#3"},"east":{"uv":[9.0,4.66667,11.33333,5.33333],"texture":"#3"},"south":{"uv":[9.0,5.33333,11.33333,6.0],"texture":"#3"},"west":{"uv":[9.0,6.0,11.33333,6.66667],"texture":"#3"},"up":{"uv":[5.0,7.66667,2.66667,5.33333],"texture":"#3"},"down":{"uv":[7.66667,2.66667,5.33333,5.0],"texture":"#3"}}},{"from":[11.39035,-2.0803,6.375],"to":[11.42035,-0.7803,9.625],"rotation":{"origin":[11.39035,-3.3803,7.025],"axis":"z","angle":0.0},"faces":{"east":{"uv":[9.66667,4.0,10.83333,4.5],"texture":"#3"},"west":{"uv":[10.83333,4.0,9.66667,4.5],"texture":"#3"}}},{"from":[10.50111,-2.99954,6.375],"to":[11.80111,-2.96954,9.625],"rotation":{"origin":[10.50111,-2.99954,7.025],"axis":"z","angle":45.0},"faces":{"up":{"uv":[7.5,11.5,7.0,10.33333],"texture":"#3"},"down":{"uv":[7.5,10.33333,7.0,11.5],"texture":"#3"}}},{"from":[9.20111,0.10894,6.375],"to":[10.50111,0.13894,9.625],"rotation":{"origin":[10.40615,-0.12032,8.0],"axis":"z","angle":0.0},"faces":{"up":{"uv":[8.16667,11.5,7.66667,10.33333],"texture":"#3"},"down":{"uv":[8.16667,10.33333,7.66667,11.5],"texture":"#3"}}},{"from":[10.28905,0.11773,6.375],"to":[11.58905,0.14773,9.625],"rotation":{"origin":[10.38447,-0.11264,8.0],"axis":"z","angle":-45.0},"faces":{"up":{"uv":[8.83333,11.5,8.33333,10.33333],"texture":"#3"},"down":{"uv":[8.83333,10.33333,8.33333,11.5],"texture":"#3"}}},{"from":[8.11317,0.11773,6.375],"to":[9.41317,0.14773,9.625],"rotation":{"origin":[9.31775,-0.11264,8.0],"axis":"z","angle":45.0},"faces":{"up":{"uv":[9.5,11.5,9.0,10.33333],"texture":"#3"},"down":{"uv":[9.5,10.33333,9.0,11.5],"texture":"#3"}}},{"from":[8.28187,-3.0553,6.375],"to":[8.31187,-0.7803,9.625],"rotation":{"origin":[8.28187,-3.3803,7.025],"axis":"z","angle":0.0},"faces":{"east":{"uv":[10.83333,3.0,9.66667,3.83333],"texture":"#3"},"west":{"uv":[9.66667,3.0,10.83333,3.83333],"texture":"#3"}}},{"from":[11.37001,-1.83262,5.4],"to":[12.67001,-1.80262,10.6],"rotation":{"origin":[12.02001,-1.83262,6.7],"axis":"z","angle":22.5},"faces":{"up":{"uv":[4.5,10.33333,4.0,8.66667],"texture":"#3"},"down":{"uv":[4.5,8.66667,4.0,10.33333],"texture":"#3"}}},{"from":[12.60905,-1.58616,5.4],"to":[13.90905,-1.55616,10.6],"rotation":{"origin":[11.30905,-1.58616,6.7],"axis":"z","angle":0.0},"faces":{"up":{"uv":[5.16667,11.33333,4.66667,9.66667],"texture":"#3"},"down":{"uv":[5.16667,9.66667,4.66667,11.33333],"texture":"#3"}}},{"from":[13.82335,-1.95699,5.4],"to":[15.12335,-1.92699,10.6],"rotation":{"origin":[14.79835,-1.95699,8.0],"axis":"z","angle":-22.5},"faces":{"up":{"uv":[5.83333,11.33333,5.33333,9.66667],"texture":"#3"},"down":{"uv":[5.83333,9.66667,5.33333,11.33333],"texture":"#3"}}},{"from":[15.77831,-3.73929,5.4],"to":[15.80831,-1.78929,10.6],"rotation":{"origin":[15.77831,-2.76429,8.0],"axis":"z","angle":45.0},"faces":{"east":{"uv":[9.33333,0.0,11.0,0.66667],"texture":"#3"},"west":{"uv":[11.0,0.0,9.33333,0.66667],"texture":"#3"}}},{"from":[7.68813,-3.0553,6.375],"to":[7.71813,-0.7803,9.625],"rotation":{"origin":[7.71813,-3.3803,7.025],"axis":"z","angle":0.0},"faces":{"east":{"uv":[10.83333,3.0,9.66667,3.83333],"texture":"#3"},"west":{"uv":[9.66667,3.0,10.83333,3.83333],"texture":"#3"}}},{"from":[6.58683,0.11773,6.375],"to":[7.88683,0.14773,9.625],"rotation":{"origin":[6.68225,-0.11264,8.0],"axis":"z","angle":-45.0},"faces":{"up":{"uv":[9.0,11.5,9.5,10.33333],"texture":"#3"},"down":{"uv":[9.0,10.33333,9.5,11.5],"texture":"#3"}}},{"from":[5.49889,0.10894,6.375],"to":[6.79889,0.13894,9.625],"rotation":{"origin":[5.59385,-0.12032,8.0],"axis":"z","angle":0.0},"faces":{"up":{"uv":[7.66667,11.5,8.16667,10.33333],"texture":"#3"},"down":{"uv":[7.66667,10.33333,8.16667,11.5],"texture":"#3"}}},{"from":[4.41095,0.11773,6.375],"to":[5.71095,0.14773,9.625],"rotation":{"origin":[5.61553,-0.11264,8.0],"axis":"z","angle":45.0},"faces":{"up":{"uv":[8.33333,11.5,8.83333,10.33333],"texture":"#3"},"down":{"uv":[8.33333,10.33333,8.83333,11.5],"texture":"#3"}}},{"from":[4.57965,-2.0803,6.375],"to":[4.60965,-0.7803,9.625],"rotation":{"origin":[4.60965,-3.3803,7.025],"axis":"z","angle":0.0},"faces":{"east":{"uv":[9.66667,4.0,10.83333,4.5],"texture":"#3"},"west":{"uv":[10.83333,4.0,9.66667,4.5],"texture":"#3"}}},{"from":[4.19889,-2.99954,6.375],"to":[5.49889,-2.96954,9.625],"rotation":{"origin":[5.49889,-2.99954,7.025],"axis":"z","angle":-45.0},"faces":{"up":{"uv":[7.0,11.5,7.5,10.33333],"texture":"#3"},"down":{"uv":[7.0,10.33333,7.5,11.5],"texture":"#3"}}},{"from":[3.32999,-1.83262,5.4],"to":[4.62999,-1.80262,10.6],"rotation":{"origin":[3.97999,-1.83262,6.7],"axis":"z","angle":-22.5},"faces":{"up":{"uv":[4.0,10.33333,4.5,8.66667],"texture":"#3"},"down":{"uv":[4.0,8.66667,4.5,10.33333],"texture":"#3"}}},{"from":[2.09095,-1.58616,5.4],"to":[3.39095,-1.55616,10.6],"rotation":{"origin":[4.69095,-1.58616,6.7],"axis":"z","angle":0.0},"faces":{"up":{"uv":[4.66667,11.33333,5.16667,9.66667],"texture":"#3"},"down":{"uv":[4.66667,9.66667,5.16667,11.33333],"texture":"#3"}}},{"from":[0.87665,-1.95699,5.4],"to":[2.17665,-1.92699,10.6],"rotation":{"origin":[1.20165,-1.95699,8.0],"axis":"z","angle":22.5},"faces":{"up":{"uv":[5.33333,11.33333,5.83333,9.66667],"texture":"#3"},"down":{"uv":[5.33333,9.66667,5.83333,11.33333],"texture":"#3"}}},{"from":[0.19169,-3.73929,5.4],"to":[0.22169,-1.78929,10.6],"rotation":{"origin":[0.22169,-2.76429,8.0],"axis":"z","angle":-45.0},"faces":{"east":{"uv":[9.33333,0.0,11.0,0.66667],"texture":"#3"},"west":{"uv":[11.0,0.0,9.33333,0.66667],"texture":"#3"}}},{"from":[4.0,-16.0,4.0],"to":[12.0,-8.0,12.0],"rotation":{"origin":[3.0,-17.0,3.0],"axis":"y","angle":0.0},"faces":{"north":{"uv":[0.0,0.0,2.66667,2.66667],"texture":"#3"},"east":{"uv":[0.0,2.66667,2.66667,5.33333],"texture":"#3"},"south":{"uv":[2.66667,0.0,5.33333,2.66667],"texture":"#3"},"west":{"uv":[2.66667,2.66667,5.33333,5.33333],"texture":"#3"},"up":{"uv":[2.66667,8.0,0.0,5.33333],"texture":"#3"},"down":{"uv":[8.0,0.0,5.33333,2.66667],"texture":"#3"}}},{"from":[10.0,-8.0,4.0],"to":[11.5,-6.0,4.5],"rotation":{"origin":[11.0,-8.0,3.0],"axis":"x","angle":0.0},"faces":{"north":{"uv":[6.33333,10.66667,6.83333,11.33333],"texture":"#3"},"east":{"uv":[3.0,11.66667,3.16667,12.33333],"texture":"#3"},"south":{"uv":[10.66667,7.66667,11.16667,8.33333],"texture":"#3"},"west":{"uv":[11.66667,3.0,11.83333,3.66667],"texture":"#3"},"up":{"uv":[12.16667,9.5,11.66667,9.33333],"texture":"#3"}}},{"from":[10.0,-15.0,-0.5],"to":[11.5,-6.0,0.0],"rotation":{"origin":[11.0,-8.0,3.0],"axis":"x","angle":0.0},"faces":{"north":{"uv":[2.66667,8.66667,3.16667,11.66667],"texture":"#3"},"east":{"uv":[9.66667,10.33333,9.83333,13.33333],"texture":"#3"},"south":{"uv":[3.33333,8.66667,3.83333,11.66667],"texture":"#3"},"west":{"uv":[0.0,10.66667,0.16667,13.66667],"texture":"#3"},"up":{"uv":[12.16667,9.83333,11.66667,9.66667],"texture":"#3"},"down":{"uv":[10.5,11.66667,10.0,11.83333],"texture":"#3"}}},{"from":[10.0,-6.5,0.0],"to":[11.5,-6.0,4.0],"rotation":{"origin":[8.0,-5.25,1.5],"axis":"x","angle":0.0},"faces":{"east":{"uv":[11.0,10.33333,12.33333,10.5],"texture":"#3"},"west":{"uv":[11.33333,6.33333,12.66667,6.5],"texture":"#3"},"up":{"uv":[10.83333,2.0,10.33333,0.66667],"texture":"#3"},"down":{"uv":[1.83333,10.33333,1.33333,11.66667],"texture":"#3"}}},{"from":[10.0,-15.0,0.0],"to":[11.5,-14.5,4.0],"rotation":{"origin":[8.0,-5.25,1.5],"axis":"x","angle":0.0},"faces":{"east":{"uv":[10.66667,11.33333,12.0,11.5],"texture":"#3"},"west":{"uv":[11.33333,10.66667,12.66667,10.83333],"texture":"#3"},"up":{"uv":[2.5,11.66667,2.0,10.33333],"texture":"#3"},"down":{"uv":[4.5,10.33333,4.0,11.66667],"texture":"#3"}}},{"from":[4.5,-8.0,4.0],"to":[6.0,-6.0,4.5],"rotation":{"origin":[5.0,-8.0,3.0],"axis":"x","angle":0.0},"faces":{"north":{"uv":[6.83333,10.66667,6.33333,11.33333],"texture":"#3"},"east":{"uv":[11.83333,3.0,11.66667,3.66667],"texture":"#3"},"south":{"uv":[11.16667,7.66667,10.66667,8.33333],"texture":"#3"},"west":{"uv":[3.16667,11.66667,3.0,12.33333],"texture":"#3"},"up":{"uv":[11.66667,9.5,12.16667,9.33333],"texture":"#3"}}},{"from":[4.5,-6.5,0.0],"to":[6.0,-6.0,4.0],"rotation":{"origin":[8.0,-5.25,1.5],"axis":"x","angle":0.0},"faces":{"east":{"uv":[12.66667,6.33333,11.33333,6.5],"texture":"#3"},"west":{"uv":[12.33333,10.33333,11.0,10.5],"texture":"#3"},"up":{"uv":[10.33333,2.0,10.83333,0.66667],"texture":"#3"},"down":{"uv":[1.33333,10.33333,1.83333,11.66667],"texture":"#3"}}},{"from":[4.5,-15.0,-0.5],"to":[6.0,-6.0,0.0],"rotation":{"origin":[5.0,-8.0,3.0],"axis":"x","angle":0.0},"faces":{"north":{"uv":[3.16667,8.66667,2.66667,11.66667],"texture":"#3"},"east":{"uv":[0.16667,10.66667,0.0,13.66667],"texture":"#3"},"south":{"uv":[3.83333,8.66667,3.33333,11.66667],"texture":"#3"},"west":{"uv":[9.83333,10.33333,9.66667,13.33333],"texture":"#3"},"up":{"uv":[11.66667,9.83333,12.16667,9.66667],"texture":"#3"},"down":{"uv":[10.0,11.66667,10.5,11.83333],"texture":"#3"}}},{"from":[4.5,-15.0,0.0],"to":[6.0,-14.5,4.0],"rotation":{"origin":[8.0,-5.25,1.5],"axis":"x","angle":0.0},"faces":{"east":{"uv":[12.66667,10.66667,11.33333,10.83333],"texture":"#3"},"west":{"uv":[12.0,11.33333,10.66667,11.5],"texture":"#3"},"up":{"uv":[2.0,11.66667,2.5,10.33333],"texture":"#3"},"down":{"uv":[4.0,10.33333,4.5,11.66667],"texture":"#3"}}},{"from":[12.75,-12.5,6.5],"to":[15.75,-10.0,9.5],"rotation":{"origin":[14.25,-9.75,8.0],"axis":"z","angle":-22.5},"faces":{"north":{"uv":[6.0,9.66667,7.0,10.5],"texture":"#3"},"east":{"uv":[9.66667,6.66667,10.66667,7.5],"texture":"#3"},"south":{"uv":[9.66667,7.66667,10.66667,8.5],"texture":"#3"},"west":{"uv":[10.0,8.66667,11.0,9.5],"texture":"#3"},"down":{"uv":[10.66667,2.0,9.66667,3.0],"texture":"#3"}}},{"from":[12.5,-10.0,6.25],"to":[16.0,-9.0,9.75],"rotation":{"origin":[14.25,-9.75,8.0],"axis":"z","angle":-22.5},"faces":{"north":{"uv":[5.33333,5.0,6.5,5.33333],"texture":"#3"},"east":{"uv":[7.66667,4.66667,8.83333,5.0],"texture":"#3"},"south":{"uv":[10.66667,2.66667,11.83333,3.0],"texture":"#3"},"west":{"uv":[10.66667,7.33333,11.83333,7.66667],"texture":"#3"},"up":{"uv":[8.5,10.16667,7.33333,9.0],"texture":"#3"},"down":{"uv":[9.83333,9.0,8.66667,10.16667],"texture":"#3"}}},{"from":[6.875,-12.85,12.045],"to":[7.875,-11.85,13.045],"rotation":{"origin":[8.0,-11.2955,12.275],"axis":"y","angle":0.0},"faces":{"north":{"uv":[9.66667,8.66667,10.0,9.0],"texture":"#3"},"east":{"uv":[10.66667,8.33333,11.0,8.66667],"texture":"#3"},"south":{"uv":[11.0,4.33333,11.33333,4.66667],"texture":"#3"},"west":{"uv":[6.66667,5.0,7.0,5.33333],"texture":"#3"},"up":{"uv":[3.66667,12.0,3.33333,11.66667],"texture":"#3","rotation":270},"down":{"uv":[4.0,11.66667,3.66667,12.0],"texture":"#3","rotation":90}}},{"from":[6.75,-11.25,12.365],"to":[9.25,-7.25,12.395],"rotation":{"origin":[8.0,-11.2955,12.375],"axis":"z","angle":0.0},"faces":{"north":{"uv":[10.16667,0.66667,9.33333,2.0],"texture":"#3"},"south":{"uv":[9.33333,0.66667,10.16667,2.0],"texture":"#3"}}},{"from":[7.57138,-12.36688,11.945],"to":[9.07138,-10.86688,12.445],"rotation":{"origin":[8.0,-11.2955,12.275],"axis":"z","angle":-45.0},"faces":{"north":{"uv":[10.66667,10.66667,11.16667,11.16667],"texture":"#3"},"east":{"uv":[10.66667,11.66667,10.83333,12.16667],"texture":"#3"},"south":{"uv":[11.0,0.0,11.5,0.5],"texture":"#3"},"west":{"uv":[9.33333,11.66667,9.5,12.16667],"texture":"#3"},"up":{"uv":[11.16667,12.16667,11.0,11.66667],"texture":"#3","rotation":270},"down":{"uv":[11.5,11.66667,11.33333,12.16667],"texture":"#3","rotation":90}}},{"from":[4.0,-12.75,12.19],"to":[12.0,-8.75,12.22],"rotation":{"origin":[8.0,-11.2955,12.475],"axis":"y","angle":0.0},"faces":{"north":{"uv":[9.66667,7.0,7.0,8.33333],"texture":"#3"},"south":{"uv":[7.0,7.0,9.66667,8.33333],"texture":"#3"}}},{"from":[8.125,-12.85,12.045],"to":[9.125,-11.85,13.045],"rotation":{"origin":[8.0,-11.2955,12.275],"axis":"y","angle":0.0},"faces":{"north":{"uv":[4.0,11.66667,4.33333,12.0],"texture":"#3"},"east":{"uv":[11.66667,4.0,12.0,4.33333],"texture":"#3"},"south":{"uv":[4.33333,11.66667,4.66667,12.0],"texture":"#3"},"west":{"uv":[11.66667,3.66667,12.0,4.0],"texture":"#3"},"up":{"uv":[12.0,7.0,11.66667,6.66667],"texture":"#3","rotation":270},"down":{"uv":[7.33333,11.66667,7.0,12.0],"texture":"#3","rotation":90}}},{"from":[7.5,-11.6,12.045],"to":[8.5,-10.6,13.045],"rotation":{"origin":[8.0,-11.2955,12.275],"axis":"y","angle":0.0},"faces":{"north":{"uv":[7.33333,11.66667,7.66667,12.0],"texture":"#3"},"east":{"uv":[7.66667,11.66667,8.0,12.0],"texture":"#3"},"south":{"uv":[8.0,11.66667,8.33333,12.0],"texture":"#3"},"west":{"uv":[11.66667,7.0,12.0,7.33333],"texture":"#3"},"up":{"uv":[8.66667,12.0,8.33333,11.66667],"texture":"#3","rotation":270},"down":{"uv":[12.0,8.33333,11.66667,8.66667],"texture":"#3","rotation":90}}},{"from":[3.42861,-12.86688,12.365],"to":[7.42861,-10.36688,12.395],"rotation":{"origin":[8.0,-11.2955,12.375],"axis":"z","angle":45.0},"faces":{"north":{"uv":[2.66667,9.33333,1.33333,10.16667],"texture":"#3"},"south":{"uv":[1.33333,9.33333,2.66667,10.16667],"texture":"#3"}}},{"from":[8.57139,-12.86688,12.365],"to":[12.57139,-10.36688,12.395],"rotation":{"origin":[8.0,-11.2955,12.375],"axis":"z","angle":-45.0},"faces":{"north":{"uv":[1.33333,9.33333,2.66667,10.16667],"texture":"#3"},"south":{"uv":[2.66667,9.33333,1.33333,10.16667],"texture":"#3"}}},{"from":[13.75,-9.0,6.75],"to":[14.75,-7.5,9.25],"rotation":{"origin":[14.25,-9.75,8.0],"axis":"z","angle":-22.5},"faces":{"north":{"uv":[11.66667,0.66667,12.0,1.16667],"texture":"#3"},"east":{"uv":[10.66667,2.0,11.5,2.5],"texture":"#3"},"south":{"uv":[1.33333,11.66667,1.66667,12.16667],"texture":"#3"},"west":{"uv":[10.66667,6.66667,11.5,7.16667],"texture":"#3"},"up":{"uv":[10.33333,11.5,10.0,10.66667],"texture":"#3"},"down":{"uv":[10.66667,10.66667,10.33333,11.5],"texture":"#3"}}},{"from":[8.32154,-3.05056,9.33205],"to":[9.59654,-1.77556,10.60705],"rotation":{"origin":[7.75,-2.41306,10.0],"axis":"y","angle":22.5},"faces":{"north":{"uv":[11.5,8.83333,11.0,8.33333],"texture":"#3","rotation":270},"east":{"uv":[11.0,0.66667,11.5,1.16667],"texture":"#3","rotation":90},"west":{"uv":[11.0,3.0,11.5,3.5],"texture":"#3","rotation":270},"up":{"uv":[11.0,1.33333,11.5,1.83333],"texture":"#3"},"down":{"uv":[11.0,3.66667,11.5,4.16667],"texture":"#3","rotation":180}}},{"from":[8.10904,-3.26306,10.60705],"to":[9.80904,-1.56306,11.45705],"rotation":{"origin":[7.75,-2.41306,10.0],"axis":"y","angle":22.5},"faces":{"north":{"uv":[11.5,9.5,11.0,9.0],"texture":"#3","rotation":270},"east":{"uv":[9.0,6.66667,9.5,7.0],"texture":"#3","rotation":90},"south":{"uv":[11.5,9.66667,11.0,10.16667],"texture":"#3","rotation":270},"west":{"uv":[11.66667,1.33333,12.16667,1.66667],"texture":"#3","rotation":270},"up":{"uv":[11.33333,11.0,11.83333,11.33333],"texture":"#3"},"down":{"uv":[1.66667,11.66667,2.16667,12.0],"texture":"#3","rotation":180}}},{"from":[6.40346,-3.05056,9.33205],"to":[7.67846,-1.77556,10.60705],"rotation":{"origin":[8.25,-2.41306,10.0],"axis":"y","angle":-22.5},"faces":{"north":{"uv":[11.83333,6.16667,11.33333,5.66667],"texture":"#3","rotation":270},"east":{"uv":[11.33333,4.33333,11.83333,4.83333],"texture":"#3","rotation":90},"west":{"uv":[11.33333,5.0,11.83333,5.5],"texture":"#3","rotation":270},"up":{"uv":[4.66667,11.33333,5.16667,11.83333],"texture":"#3"},"down":{"uv":[5.33333,11.33333,5.83333,11.83333],"texture":"#3","rotation":180}}},{"from":[6.19096,-3.26306,10.60705],"to":[7.89096,-1.56306,11.45705],"rotation":{"origin":[8.25,-2.41306,10.0],"axis":"y","angle":-22.5},"faces":{"north":{"uv":[6.83333,11.83333,6.33333,11.33333],"texture":"#3","rotation":270},"east":{"uv":[11.66667,1.66667,12.16667,2.0],"texture":"#3","rotation":90},"south":{"uv":[11.83333,7.66667,11.33333,8.16667],"texture":"#3","rotation":270},"west":{"uv":[2.33333,11.66667,2.83333,12.0],"texture":"#3","rotation":270},"up":{"uv":[11.66667,2.0,12.16667,2.33333],"texture":"#3"},"down":{"uv":[11.66667,2.33333,12.16667,2.66667],"texture":"#3","rotation":180}}},{"from":[-0.25,-15.0,10.735],"to":[3.25,-11.5,10.765],"rotation":{"origin":[1.5,-13.25,10.75],"axis":"z","angle":22.5},"faces":{"north":{"uv":[0.0,9.33333,1.16667,10.5],"texture":"#3"},"south":{"uv":[1.16667,9.33333,0.0,10.5],"texture":"#3"}}},{"from":[1.0,-10.5,10.735],"to":[3.5,-8.0,10.765],"rotation":{"origin":[2.25,-9.25,10.75],"axis":"z","angle":-22.5},"faces":{"north":{"uv":[10.0,9.66667,10.83333,10.5],"texture":"#3"},"south":{"uv":[10.83333,9.66667,10.0,10.5],"texture":"#3"}}},{"from":[12.75,-15.0,10.735],"to":[16.25,-11.5,10.765],"rotation":{"origin":[14.5,-13.25,10.75],"axis":"z","angle":-22.5},"faces":{"north":{"uv":[1.16667,9.33333,0.0,10.5],"texture":"#3"},"south":{"uv":[0.0,9.33333,1.16667,10.5],"texture":"#3"}}},{"from":[12.5,-10.5,10.735],"to":[15.0,-8.0,10.765],"rotation":{"origin":[13.75,-9.25,10.75],"axis":"z","angle":22.5},"faces":{"north":{"uv":[10.83333,9.66667,10.0,10.5],"texture":"#3"},"south":{"uv":[10.0,9.66667,10.83333,10.5],"texture":"#3"}}},{"from":[1.84526,-13.02193,8.525],"to":[2.79526,-9.22193,9.475],"rotation":{"origin":[1.7439,-10.31825,9.0],"axis":"z","angle":45.0},"faces":{"north":{"uv":[0.66667,10.66667,1.0,12.0],"texture":"#3"},"east":{"uv":[1.0,10.66667,1.33333,12.0],"texture":"#3"},"south":{"uv":[6.0,10.66667,6.33333,12.0],"texture":"#3"},"west":{"uv":[0.33333,10.66667,0.66667,12.0],"texture":"#3"},"up":{"uv":[9.0,12.0,8.66667,11.66667],"texture":"#3","rotation":270},"down":{"uv":[12.0,8.66667,11.66667,9.0],"texture":"#3","rotation":90}}},{"from":[1.37026,-10.17193,8.525],"to":[1.84526,-9.22193,9.475],"rotation":{"origin":[1.7439,-10.31825,9.0],"axis":"z","angle":45.0},"faces":{"north":{"uv":[11.66667,10.0,11.83333,10.33333],"texture":"#3"},"south":{"uv":[11.66667,11.66667,11.83333,12.0],"texture":"#3"},"up":{"uv":[12.33333,0.16667,12.0,0.0],"texture":"#3","rotation":270},"down":{"uv":[0.66667,12.0,0.33333,12.16667],"texture":"#3","rotation":90}}},{"from":[0.42026,-11.12193,8.525],"to":[1.37026,-9.22193,9.475],"rotation":{"origin":[1.7439,-10.31825,9.0],"axis":"z","angle":45.0},"faces":{"north":{"uv":[9.33333,2.0,9.66667,2.66667],"texture":"#3"},"east":{"uv":[7.0,9.66667,7.33333,10.33333],"texture":"#3"},"south":{"uv":[11.66667,0.0,12.0,0.66667],"texture":"#3"},"west":{"uv":[4.66667,7.66667,5.0,8.33333],"texture":"#3"},"up":{"uv":[9.33333,12.0,9.0,11.66667],"texture":"#3","rotation":270},"down":{"uv":[12.0,9.0,11.66667,9.33333],"texture":"#3","rotation":90}}},{"from":[-1.00243,-11.7169,6.525],"to":[2.79757,-10.7669,7.475],"rotation":{"origin":[0.0939,-11.81825,7.0],"axis":"z","angle":-22.5},"faces":{"north":{"uv":[0.66667,10.66667,1.0,12.0],"texture":"#3","rotation":90},"east":{"uv":[12.0,8.66667,11.66667,9.0],"texture":"#3"},"south":{"uv":[6.0,10.66667,6.33333,12.0],"texture":"#3","rotation":270},"west":{"uv":[9.0,12.0,8.66667,11.66667],"texture":"#3","rotation":180},"up":{"uv":[1.0,10.66667,1.33333,12.0],"texture":"#3","rotation":270},"down":{"uv":[0.33333,10.66667,0.66667,12.0],"texture":"#3","rotation":270}}},{"from":[-1.00243,-12.1919,6.525],"to":[-0.05243,-11.7169,7.475],"rotation":{"origin":[0.0939,-11.81825,7.0],"axis":"z","angle":-22.5},"faces":{"north":{"uv":[11.66667,10.0,11.83333,10.33333],"texture":"#3","rotation":90},"east":{"uv":[0.66667,12.0,0.33333,12.16667],"texture":"#3"},"south":{"uv":[11.66667,11.66667,11.83333,12.0],"texture":"#3","rotation":270},"west":{"uv":[12.33333,0.16667,12.0,0.0],"texture":"#3","rotation":180}}},{"from":[-1.00243,-13.1419,6.525],"to":[0.89757,-12.1919,7.475],"rotation":{"origin":[0.0939,-11.81825,7.0],"axis":"z","angle":-22.5},"faces":{"north":{"uv":[9.33333,2.0,9.66667,2.66667],"texture":"#3","rotation":90},"east":{"uv":[12.0,9.0,11.66667,9.33333],"texture":"#3"},"south":{"uv":[11.66667,0.0,12.0,0.66667],"texture":"#3","rotation":270},"west":{"uv":[9.33333,12.0,9.0,11.66667],"texture":"#3","rotation":180},"up":{"uv":[7.0,9.66667,7.33333,10.33333],"texture":"#3","rotation":270},"down":{"uv":[4.66667,7.66667,5.0,8.33333],"texture":"#3","rotation":270}}},{"from":[0.19526,-13.02193,7.525],"to":[1.14526,-9.22193,8.475],"rotation":{"origin":[0.0939,-10.31825,8.0],"axis":"z","angle":22.5},"faces":{"north":{"uv":[0.66667,10.66667,1.0,12.0],"texture":"#3"},"east":{"uv":[1.0,10.66667,1.33333,12.0],"texture":"#3"},"south":{"uv":[6.0,10.66667,6.33333,12.0],"texture":"#3"},"west":{"uv":[0.33333,10.66667,0.66667,12.0],"texture":"#3"},"up":{"uv":[9.0,12.0,8.66667,11.66667],"texture":"#3","rotation":270},"down":{"uv":[12.0,8.66667,11.66667,9.0],"texture":"#3","rotation":90}}},{"from":[-0.27974,-10.17193,7.525],"to":[0.19526,-9.22193,8.475],"rotation":{"origin":[0.0939,-10.31825,8.0],"axis":"z","angle":22.5},"faces":{"north":{"uv":[11.66667,10.0,11.83333,10.33333],"texture":"#3"},"south":{"uv":[11.66667,11.66667,11.83333,12.0],"texture":"#3"},"up":{"uv":[12.33333,0.16667,12.0,0.0],"texture":"#3","rotation":270},"down":{"uv":[0.66667,12.0,0.33333,12.16667],"texture":"#3","rotation":90}}},{"from":[-1.22974,-11.12193,7.525],"to":[-0.27974,-9.22193,8.475],"rotation":{"origin":[0.0939,-10.31825,8.0],"axis":"z","angle":22.5},"faces":{"north":{"uv":[9.33333,2.0,9.66667,2.66667],"texture":"#3"},"east":{"uv":[7.0,9.66667,7.33333,10.33333],"texture":"#3"},"south":{"uv":[11.66667,0.0,12.0,0.66667],"texture":"#3"},"west":{"uv":[4.66667,7.66667,5.0,8.33333],"texture":"#3"},"up":{"uv":[9.33333,12.0,9.0,11.66667],"texture":"#3","rotation":270},"down":{"uv":[12.0,9.0,11.66667,9.33333],"texture":"#3","rotation":90}}},{"from":[2.6189,-9.67193,6.12636],"to":[3.5689,-8.72193,6.60136],"rotation":{"origin":[3.0939,-9.81825,6.5],"axis":"x","angle":-22.5},"faces":{"east":{"uv":[11.66667,10.0,11.83333,10.33333],"texture":"#3"},"west":{"uv":[11.66667,11.66667,11.83333,12.0],"texture":"#3"},"up":{"uv":[12.33333,0.16667,12.0,0.0],"texture":"#3"},"down":{"uv":[0.66667,12.0,0.33333,12.16667],"texture":"#3"}}},{"from":[2.6189,-12.52193,6.60136],"to":[3.5689,-8.72193,7.55136],"rotation":{"origin":[3.0939,-9.81825,6.5],"axis":"x","angle":-22.5},"faces":{"north":{"uv":[0.33333,10.66667,0.66667,12.0],"texture":"#3"},"east":{"uv":[0.66667,10.66667,1.0,12.0],"texture":"#3"},"south":{"uv":[1.0,10.66667,1.33333,12.0],"texture":"#3"},"west":{"uv":[6.0,10.66667,6.33333,12.0],"texture":"#3"},"up":{"uv":[9.0,12.0,8.66667,11.66667],"texture":"#3"},"down":{"uv":[12.0,8.66667,11.66667,9.0],"texture":"#3"}}},{"from":[2.6189,-10.62193,5.17636],"to":[3.5689,-8.72193,6.12636],"rotation":{"origin":[3.0939,-9.81825,6.5],"axis":"x","angle":-22.5},"faces":{"north":{"uv":[4.66667,7.66667,5.0,8.33333],"texture":"#3"},"east":{"uv":[9.33333,2.0,9.66667,2.66667],"texture":"#3"},"south":{"uv":[7.0,9.66667,7.33333,10.33333],"texture":"#3"},"west":{"uv":[11.66667,0.0,12.0,0.66667],"texture":"#3"},"up":{"uv":[9.33333,12.0,9.0,11.66667],"texture":"#3"},"down":{"uv":[12.0,9.0,11.66667,9.33333],"texture":"#3"}}},{"from":[10.85195,-14.77164,6.0],"to":[14.60195,-10.77164,10.0],"rotation":{"origin":[10.85195,-13.77164,5.5],"axis":"z","angle":-22.5},"faces":{"north":{"uv":[0.0,8.0,1.33333,9.33333],"texture":"#3"},"east":{"uv":[8.0,0.0,9.33333,1.33333],"texture":"#3"},"south":{"uv":[1.33333,8.0,2.66667,9.33333],"texture":"#3"},"west":{"uv":[8.0,1.33333,9.33333,2.66667],"texture":"#3"},"up":{"uv":[6.0,9.66667,4.66667,8.33333],"texture":"#3"},"down":{"uv":[7.33333,8.33333,6.0,9.66667],"texture":"#3"}}},{"from":[1.39805,-14.77164,6.0],"to":[5.14805,-10.77164,10.0],"rotation":{"origin":[5.14805,-13.77164,5.5],"axis":"z","angle":22.5},"faces":{"north":{"uv":[1.33333,8.0,0.0,9.33333],"texture":"#3"},"east":{"uv":[9.33333,1.33333,8.0,2.66667],"texture":"#3"},"south":{"uv":[2.66667,8.0,1.33333,9.33333],"texture":"#3"},"west":{"uv":[9.33333,0.0,8.0,1.33333],"texture":"#3"},"up":{"uv":[4.66667,9.66667,6.0,8.33333],"texture":"#3"},"down":{"uv":[6.0,8.33333,7.33333,9.66667],"texture":"#3"}}}],"textures":{"3":"merry_christmasset/backpack"},"gui_light":"front"}