{"display":{"thirdperson_righthand":{"rotation":[54.0,0.0,0.0],"translation":[0.0,6.5,3.5],"scale":[0.8,0.8,0.8]},"thirdperson_lefthand":{"rotation":[54.0,0.0,0.0],"translation":[0.0,6.5,3.5],"scale":[0.8,0.8,0.8]},"firstperson_righthand":{"rotation":[-26.25,180.0,0.0],"translation":[-1.5,5.25,0.0],"scale":[0.74414,0.74414,0.74414]},"firstperson_lefthand":{"rotation":[-26.25,180.0,0.0],"translation":[-1.5,5.25,0.0],"scale":[0.74414,0.74414,0.74414]},"ground":{"translation":[0.0,5.5,0.0],"scale":[0.7,0.7,0.7]},"gui":{"rotation":[0.0,135.0,0.0],"translation":[-0.25,1.0,0.0],"scale":[1.02929,1.02929,1.02929]},"head":{"rotation":[0.0,180.0,0.0],"translation":[0.0,-26.5,0.0],"scale":[2.0,2.0,2.0]},"fixed":{"rotation":[-90.0,0.0,0.0],"translation":[0.0,0.0,-23.25],"scale":[2.92188,2.92188,2.92188]}},"elements":[{"from":[2.1189,2.47807,12.44864],"to":[3.0689,6.27807,13.39864],"rotation":{"origin":[3.0939,5.09057,13.63614],"axis":"y","angle":-45.0},"faces":{"north":{"uv":[14.4,3.6,14.0,5.2],"texture":"#2"},"east":{"uv":[14.0,9.2,13.6,10.8],"texture":"#2"},"south":{"uv":[6.0,13.2,5.6,14.8],"texture":"#2"},"west":{"uv":[9.6,14.0,9.2,15.6],"texture":"#2"},"up":{"uv":[4.0,15.2,3.6,15.6],"texture":"#2"},"down":{"uv":[15.6,4.0,15.2,3.6],"texture":"#2"}}},{"from":[3.0,0.5,3.0],"to":[13.0,1.5,13.0],"rotation":{"origin":[16.0,0.0,0.0],"axis":"y","angle":0.0},"faces":{"north":{"uv":[11.6,1.6,15.6,2.0],"texture":"#2"},"east":{"uv":[11.6,2.0,15.6,2.4],"texture":"#2"},"south":{"uv":[11.6,2.4,15.6,2.8],"texture":"#2"},"west":{"uv":[11.6,2.8,15.6,3.2],"texture":"#2"},"up":{"uv":[4.0,4.0,0.0,0.0],"texture":"#2"},"down":{"uv":[4.0,4.0,0.0,8.0],"texture":"#2"}}},{"from":[3.5,1.5,3.5],"to":[12.5,4.5,12.5],"rotation":{"origin":[16.0,0.0,0.0],"axis":"y","angle":0.0},"faces":{"north":{"uv":[8.0,5.2,11.6,6.4],"texture":"#2"},"east":{"uv":[6.4,8.0,10.0,9.2],"texture":"#2"},"south":{"uv":[8.0,6.4,11.6,7.6],"texture":"#2"},"west":{"uv":[6.4,9.2,10.0,10.4],"texture":"#2"},"up":{"uv":[3.6,11.6,0.0,8.0],"texture":"#2"}}},{"from":[2.5,0.0,2.5],"to":[4.0,1.0,4.0],"faces":{"north":{"uv":[14.4,14.0,15.0,14.4],"texture":"#2"},"east":{"uv":[14.4,14.4,15.0,14.8],"texture":"#2"},"south":{"uv":[14.8,1.2,15.4,1.6],"texture":"#2"},"west":{"uv":[14.8,6.0,15.4,6.4],"texture":"#2"},"up":{"uv":[15.0,1.0,14.4,0.4],"texture":"#2"},"down":{"uv":[2.2,14.4,1.6,15.0],"texture":"#2"}}},{"from":[12.0,0.0,2.5],"to":[13.5,1.0,4.0],"rotation":{"origin":[16.0,0.0,0.0],"axis":"y","angle":0.0},"faces":{"north":{"uv":[14.8,6.4,15.4,6.8],"texture":"#2"},"east":{"uv":[14.8,6.8,15.4,7.2],"texture":"#2"},"south":{"uv":[14.8,7.2,15.4,7.6],"texture":"#2"},"west":{"uv":[10.8,14.8,11.4,15.2],"texture":"#2"},"up":{"uv":[3.0,15.0,2.4,14.4],"texture":"#2"},"down":{"uv":[3.8,14.4,3.2,15.0],"texture":"#2"}}},{"from":[3.0,1.5,3.0],"to":[4.0,5.0,4.0],"rotation":{"origin":[4.0,1.5,3.0],"axis":"y","angle":0.0},"faces":{"north":{"uv":[9.6,14.0,10.0,15.4],"texture":"#2"},"east":{"uv":[10.0,14.0,10.4,15.4],"texture":"#2"},"south":{"uv":[10.4,14.0,10.8,15.4],"texture":"#2"},"west":{"uv":[14.0,11.6,14.4,13.0],"texture":"#2"},"up":{"uv":[10.0,8.0,9.6,7.6],"texture":"#2"}}},{"from":[12.0,1.5,3.0],"to":[13.0,5.0,4.0],"rotation":{"origin":[12.0,1.5,3.0],"axis":"y","angle":0.0},"faces":{"north":{"uv":[10.0,14.0,9.6,15.4],"texture":"#2"},"east":{"uv":[14.4,11.6,14.0,13.0],"texture":"#2"},"south":{"uv":[10.8,14.0,10.4,15.4],"texture":"#2"},"west":{"uv":[10.4,14.0,10.0,15.4],"texture":"#2"},"up":{"uv":[9.6,8.0,10.0,7.6],"texture":"#2"}}},{"from":[12.0,1.5,12.0],"to":[13.0,5.0,13.0],"rotation":{"origin":[12.0,1.5,13.0],"axis":"y","angle":0.0},"faces":{"north":{"uv":[10.4,14.0,10.8,15.4],"texture":"#2"},"east":{"uv":[14.0,11.6,14.4,13.0],"texture":"#2"},"south":{"uv":[9.6,14.0,10.0,15.4],"texture":"#2"},"west":{"uv":[10.0,14.0,10.4,15.4],"texture":"#2"},"up":{"uv":[9.6,7.6,10.0,8.0],"texture":"#2"}}},{"from":[12.0,0.0,12.0],"to":[13.5,1.0,13.5],"rotation":{"origin":[16.0,0.0,16.0],"axis":"y","angle":0.0},"faces":{"north":{"uv":[15.4,7.2,14.8,7.6],"texture":"#2"},"east":{"uv":[15.4,6.8,14.8,7.2],"texture":"#2"},"south":{"uv":[15.4,6.4,14.8,6.8],"texture":"#2"},"west":{"uv":[11.4,14.8,10.8,15.2],"texture":"#2"},"up":{"uv":[3.0,14.4,2.4,15.0],"texture":"#2"},"down":{"uv":[3.8,15.0,3.2,14.4],"texture":"#2"}}},{"from":[3.0,1.5,12.0],"to":[4.0,5.0,13.0],"rotation":{"origin":[4.0,1.5,13.0],"axis":"y","angle":0.0},"faces":{"north":{"uv":[10.8,14.0,10.4,15.4],"texture":"#2"},"east":{"uv":[10.4,14.0,10.0,15.4],"texture":"#2"},"south":{"uv":[10.0,14.0,9.6,15.4],"texture":"#2"},"west":{"uv":[14.4,11.6,14.0,13.0],"texture":"#2"},"up":{"uv":[10.0,7.6,9.6,8.0],"texture":"#2"}}},{"from":[2.5,0.0,12.0],"to":[4.0,1.0,13.5],"rotation":{"origin":[0.0,0.0,16.0],"axis":"y","angle":0.0},"faces":{"north":{"uv":[14.8,7.2,15.4,7.6],"texture":"#2"},"east":{"uv":[10.8,14.8,11.4,15.2],"texture":"#2"},"south":{"uv":[14.8,6.4,15.4,6.8],"texture":"#2"},"west":{"uv":[14.8,6.8,15.4,7.2],"texture":"#2"},"up":{"uv":[2.4,14.4,3.0,15.0],"texture":"#2"},"down":{"uv":[3.2,15.0,3.8,14.4],"texture":"#2"}}},{"from":[4.0,4.0,3.0],"to":[12.0,5.0,4.0],"rotation":{"origin":[5.0,4.0,3.0],"axis":"y","angle":0.0},"faces":{"north":{"uv":[11.6,6.8,14.8,7.2],"texture":"#2"},"south":{"uv":[11.6,7.2,14.8,7.6],"texture":"#2"},"up":{"uv":[13.2,12.4,10.0,12.0],"texture":"#2"},"down":{"uv":[13.2,12.4,10.0,12.8],"texture":"#2"}}},{"from":[3.0,4.0,4.0],"to":[4.0,5.0,12.0],"rotation":{"origin":[8.0,4.5,8.0],"axis":"y","angle":0.0},"faces":{"east":{"uv":[8.4,12.8,11.6,13.2],"texture":"#2"},"west":{"uv":[12.8,11.2,16.0,11.6],"texture":"#2"},"up":{"uv":[6.4,15.2,6.0,12.0],"texture":"#2"},"down":{"uv":[6.8,12.0,6.4,15.2],"texture":"#2"}}},{"from":[4.0,4.0,12.0],"to":[12.0,5.0,13.0],"rotation":{"origin":[8.0,4.5,12.5],"axis":"y","angle":0.0},"faces":{"north":{"uv":[8.4,12.8,11.6,13.2],"texture":"#2"},"south":{"uv":[12.8,11.2,16.0,11.6],"texture":"#2"},"up":{"uv":[6.4,15.2,6.0,12.0],"texture":"#2","rotation":270},"down":{"uv":[6.8,12.0,6.4,15.2],"texture":"#2","rotation":90}}},{"from":[12.0,4.0,4.0],"to":[13.0,5.0,12.0],"rotation":{"origin":[8.0,4.5,8.0],"axis":"y","angle":0.0},"faces":{"east":{"uv":[16.0,11.2,12.8,11.6],"texture":"#2"},"west":{"uv":[11.6,12.8,8.4,13.2],"texture":"#2"},"up":{"uv":[6.0,15.2,6.4,12.0],"texture":"#2"},"down":{"uv":[6.4,12.0,6.8,15.2],"texture":"#2"}}},{"from":[6.75,3.0,2.5],"to":[9.25,5.5,3.5],"rotation":{"origin":[6.75,0.0,0.0],"axis":"y","angle":0.0},"faces":{"north":{"uv":[4.4,13.2,5.4,14.2],"texture":"#2"},"east":{"uv":[6.8,12.0,7.2,13.0],"texture":"#2"},"south":{"uv":[6.8,13.2,7.8,14.2],"texture":"#2"},"west":{"uv":[14.0,13.2,14.4,14.2],"texture":"#2"},"up":{"uv":[15.0,10.8,14.0,10.4],"texture":"#2"},"down":{"uv":[15.4,0.0,14.4,0.4],"texture":"#2"}}},{"from":[9.09057,2.57556,2.6125],"to":[10.36557,3.85056,3.8875],"rotation":{"origin":[8.75,3.08694,3.25],"axis":"z","angle":22.5},"faces":{"north":{"uv":[7.6,14.4,8.2,15.0],"texture":"#2"},"east":{"uv":[14.4,4.4,15.0,5.0],"texture":"#2"},"south":{"uv":[4.8,14.4,5.4,15.0],"texture":"#2"},"west":{"uv":[6.8,14.4,7.4,15.0],"texture":"#2"},"up":{"uv":[15.0,8.2,14.4,7.6],"texture":"#2","rotation":90}}},{"from":[8.87807,1.72556,2.4],"to":[10.57807,2.57556,4.1],"rotation":{"origin":[8.75,3.08694,3.25],"axis":"z","angle":22.5},"faces":{"north":{"uv":[14.8,12.4,15.4,12.8],"texture":"#2"},"east":{"uv":[14.8,11.6,15.4,12.0],"texture":"#2"},"south":{"uv":[12.0,14.8,12.6,15.2],"texture":"#2"},"west":{"uv":[14.8,12.0,15.4,12.4],"texture":"#2"},"up":{"uv":[9.0,15.0,8.4,14.4],"texture":"#2","rotation":90},"down":{"uv":[15.0,8.4,14.4,9.0],"texture":"#2","rotation":270}}},{"from":[5.63443,2.57556,2.6125],"to":[6.90943,3.85056,3.8875],"rotation":{"origin":[7.25,3.08694,3.25],"axis":"z","angle":-22.5},"faces":{"north":{"uv":[8.2,14.4,7.6,15.0],"texture":"#2"},"east":{"uv":[7.4,14.4,6.8,15.0],"texture":"#2"},"south":{"uv":[5.4,14.4,4.8,15.0],"texture":"#2"},"west":{"uv":[15.0,4.4,14.4,5.0],"texture":"#2"},"up":{"uv":[15.0,7.6,14.4,8.2],"texture":"#2","rotation":90}}},{"from":[5.42193,1.72556,2.4],"to":[7.12193,2.57556,4.1],"rotation":{"origin":[7.25,3.08694,3.25],"axis":"z","angle":-22.5},"faces":{"north":{"uv":[15.4,12.4,14.8,12.8],"texture":"#2"},"east":{"uv":[15.4,12.0,14.8,12.4],"texture":"#2"},"south":{"uv":[12.6,14.8,12.0,15.2],"texture":"#2"},"west":{"uv":[15.4,11.6,14.8,12.0],"texture":"#2"},"up":{"uv":[9.0,14.4,8.4,15.0],"texture":"#2","rotation":90},"down":{"uv":[15.0,9.0,14.4,8.4],"texture":"#2","rotation":270}}},{"from":[2.61,1.29575,6.25],"to":[2.61,4.79575,9.75],"rotation":{"origin":[2.625,4.89351,8.34645],"axis":"y","angle":0.0},"faces":{"west":{"uv":[1.6,11.6,3.0,13.0],"texture":"#2"}}},{"from":[13.39,1.29575,6.25],"to":[13.39,4.79575,9.75],"rotation":{"origin":[13.375,4.89351,8.34645],"axis":"y","angle":0.0},"faces":{"east":{"uv":[3.0,11.6,1.6,13.0],"texture":"#2"}}},{"from":[2.1189,5.32807,2.12636],"to":[3.0689,6.27807,2.60136],"rotation":{"origin":[3.0939,5.09057,2.36386],"axis":"y","angle":45.0},"faces":{"east":{"uv":[6.0,15.2,6.2,15.6],"texture":"#2"},"west":{"uv":[6.4,15.2,6.6,15.6],"texture":"#2"},"up":{"uv":[7.2,15.4,6.8,15.2],"texture":"#2"},"down":{"uv":[7.6,15.2,7.2,15.4],"texture":"#2"}}},{"from":[2.1189,2.47807,2.60136],"to":[3.0689,6.27807,3.55136],"rotation":{"origin":[3.0939,5.09057,2.36386],"axis":"y","angle":45.0},"faces":{"north":{"uv":[5.6,13.2,6.0,14.8],"texture":"#2"},"east":{"uv":[13.6,9.2,14.0,10.8],"texture":"#2"},"south":{"uv":[14.0,3.6,14.4,5.2],"texture":"#2"},"west":{"uv":[9.2,14.0,9.6,15.6],"texture":"#2"},"up":{"uv":[4.0,15.6,3.6,15.2],"texture":"#2"},"down":{"uv":[15.6,3.6,15.2,4.0],"texture":"#2"}}},{"from":[2.1189,4.37807,1.17636],"to":[3.0689,6.27807,2.12636],"rotation":{"origin":[3.0939,5.09057,2.36386],"axis":"y","angle":45.0},"faces":{"north":{"uv":[14.4,11.6,14.8,12.4],"texture":"#2"},"east":{"uv":[14.4,12.4,14.8,13.2],"texture":"#2"},"south":{"uv":[14.4,13.2,14.8,14.0],"texture":"#2"},"west":{"uv":[14.0,14.4,14.4,15.2],"texture":"#2"},"up":{"uv":[4.4,15.6,4.0,15.2],"texture":"#2"},"down":{"uv":[15.6,4.0,15.2,4.4],"texture":"#2"}}},{"from":[12.9311,5.32807,2.12636],"to":[13.8811,6.27807,2.60136],"rotation":{"origin":[12.9061,5.09057,2.36386],"axis":"y","angle":-45.0},"faces":{"east":{"uv":[6.6,15.2,6.4,15.6],"texture":"#2"},"west":{"uv":[6.2,15.2,6.0,15.6],"texture":"#2"},"up":{"uv":[6.8,15.4,7.2,15.2],"texture":"#2"},"down":{"uv":[7.2,15.2,7.6,15.4],"texture":"#2"}}},{"from":[12.9311,2.47807,2.60136],"to":[13.8811,6.27807,3.55136],"rotation":{"origin":[12.9061,5.09057,2.36386],"axis":"y","angle":-45.0},"faces":{"north":{"uv":[6.0,13.2,5.6,14.8],"texture":"#2"},"east":{"uv":[9.6,14.0,9.2,15.6],"texture":"#2"},"south":{"uv":[14.4,3.6,14.0,5.2],"texture":"#2"},"west":{"uv":[14.0,9.2,13.6,10.8],"texture":"#2"},"up":{"uv":[3.6,15.6,4.0,15.2],"texture":"#2"},"down":{"uv":[15.2,3.6,15.6,4.0],"texture":"#2"}}},{"from":[12.9311,4.37807,1.17636],"to":[13.8811,6.27807,2.12636],"rotation":{"origin":[12.9061,5.09057,2.36386],"axis":"y","angle":-45.0},"faces":{"north":{"uv":[14.8,11.6,14.4,12.4],"texture":"#2"},"east":{"uv":[14.4,14.4,14.0,15.2],"texture":"#2"},"south":{"uv":[14.8,13.2,14.4,14.0],"texture":"#2"},"west":{"uv":[14.8,12.4,14.4,13.2],"texture":"#2"},"up":{"uv":[4.0,15.6,4.4,15.2],"texture":"#2"},"down":{"uv":[15.2,4.0,15.6,4.4],"texture":"#2"}}},{"from":[12.9311,5.32807,13.39864],"to":[13.8811,6.27807,13.87364],"rotation":{"origin":[12.9061,5.09057,13.63614],"axis":"y","angle":45.0},"faces":{"east":{"uv":[6.4,15.2,6.6,15.6],"texture":"#2"},"west":{"uv":[6.0,15.2,6.2,15.6],"texture":"#2"},"up":{"uv":[6.8,15.2,7.2,15.4],"texture":"#2"},"down":{"uv":[7.2,15.4,7.6,15.2],"texture":"#2"}}},{"from":[12.9311,2.47807,12.44864],"to":[13.8811,6.27807,13.39864],"rotation":{"origin":[12.9061,5.09057,13.63614],"axis":"y","angle":45.0},"faces":{"north":{"uv":[14.0,3.6,14.4,5.2],"texture":"#2"},"east":{"uv":[9.2,14.0,9.6,15.6],"texture":"#2"},"south":{"uv":[5.6,13.2,6.0,14.8],"texture":"#2"},"west":{"uv":[13.6,9.2,14.0,10.8],"texture":"#2"},"up":{"uv":[3.6,15.2,4.0,15.6],"texture":"#2"},"down":{"uv":[15.2,4.0,15.6,3.6],"texture":"#2"}}},{"from":[12.9311,4.37807,13.87364],"to":[13.8811,6.27807,14.82364],"rotation":{"origin":[12.9061,5.09057,13.63614],"axis":"y","angle":45.0},"faces":{"north":{"uv":[14.4,13.2,14.8,14.0],"texture":"#2"},"east":{"uv":[14.0,14.4,14.4,15.2],"texture":"#2"},"south":{"uv":[14.4,11.6,14.8,12.4],"texture":"#2"},"west":{"uv":[14.4,12.4,14.8,13.2],"texture":"#2"},"up":{"uv":[4.0,15.2,4.4,15.6],"texture":"#2"},"down":{"uv":[15.2,4.4,15.6,4.0],"texture":"#2"}}},{"from":[2.1189,4.37807,13.87364],"to":[3.0689,6.27807,14.82364],"rotation":{"origin":[3.0939,5.09057,13.63614],"axis":"y","angle":-45.0},"faces":{"north":{"uv":[14.8,13.2,14.4,14.0],"texture":"#2"},"east":{"uv":[14.8,12.4,14.4,13.2],"texture":"#2"},"south":{"uv":[14.8,11.6,14.4,12.4],"texture":"#2"},"west":{"uv":[14.4,14.4,14.0,15.2],"texture":"#2"},"up":{"uv":[4.4,15.2,4.0,15.6],"texture":"#2"},"down":{"uv":[15.6,4.4,15.2,4.0],"texture":"#2"}}},{"from":[2.1189,5.32807,13.39864],"to":[3.0689,6.27807,13.87364],"rotation":{"origin":[3.0939,5.09057,13.63614],"axis":"y","angle":-45.0},"faces":{"east":{"uv":[6.2,15.2,6.0,15.6],"texture":"#2"},"west":{"uv":[6.6,15.2,6.4,15.6],"texture":"#2"},"up":{"uv":[7.2,15.2,6.8,15.4],"texture":"#2"},"down":{"uv":[7.6,15.4,7.2,15.2],"texture":"#2"}}},{"from":[3.5,6.0,3.5],"to":[12.5,9.0,12.5],"rotation":{"origin":[16.0,13.0,0.0],"axis":"y","angle":0.0},"faces":{"north":{"uv":[10.0,7.6,13.6,8.8],"texture":"#2"},"east":{"uv":[10.0,8.8,13.6,10.0],"texture":"#2"},"south":{"uv":[10.0,10.0,13.6,11.2],"texture":"#2"},"west":{"uv":[6.4,10.4,10.0,11.6],"texture":"#2"},"up":{"uv":[11.6,3.6,8.0,0.0],"texture":"#2"}}},{"from":[3.0,5.0,3.0],"to":[13.0,6.0,13.0],"rotation":{"origin":[5.0,9.0,3.0],"axis":"y","angle":0.0},"faces":{"north":{"uv":[3.2,11.6,7.2,12.0],"texture":"#2"},"east":{"uv":[11.6,3.2,15.6,3.6],"texture":"#2"},"south":{"uv":[11.6,5.2,15.6,5.6],"texture":"#2"},"west":{"uv":[11.6,5.6,15.6,6.0],"texture":"#2"},"up":{"uv":[8.0,4.0,4.0,0.0],"texture":"#2"},"down":{"uv":[8.0,4.0,4.0,8.0],"texture":"#2"}}},{"from":[4.5,9.0,4.5],"to":[11.5,11.0,11.5],"rotation":{"origin":[4.0,2.0,4.0],"axis":"y","angle":0.0},"faces":{"north":{"uv":[3.6,10.8,6.4,11.6],"texture":"#2"},"east":{"uv":[11.2,3.6,14.0,4.4],"texture":"#2"},"south":{"uv":[11.2,4.4,14.0,5.2],"texture":"#2"},"west":{"uv":[10.0,11.2,12.8,12.0],"texture":"#2"},"up":{"uv":[6.4,10.8,3.6,8.0],"texture":"#2"}}},{"from":[11.39035,11.9197,6.375],"to":[11.42035,13.2197,9.625],"rotation":{"origin":[11.39035,10.6197,7.025],"axis":"y","angle":0.0},"faces":{"east":{"uv":[9.2,13.2,10.6,13.8],"texture":"#2"},"west":{"uv":[10.6,13.2,9.2,13.8],"texture":"#2"}}},{"from":[10.50111,11.00046,6.375],"to":[11.80111,11.03046,9.625],"rotation":{"origin":[10.50111,11.00046,7.025],"axis":"z","angle":45.0},"faces":{"up":{"uv":[11.4,14.6,10.8,13.2],"texture":"#2"},"down":{"uv":[11.4,13.2,10.8,14.6],"texture":"#2"}}},{"from":[9.20111,14.10894,6.375],"to":[10.50111,14.13894,9.625],"rotation":{"origin":[10.40615,13.87968,8.0],"axis":"y","angle":0.0},"faces":{"up":{"uv":[13.8,13.0,13.2,11.6],"texture":"#2"},"down":{"uv":[13.8,11.6,13.2,13.0],"texture":"#2"}}},{"from":[10.28905,14.11773,6.375],"to":[11.58905,14.14773,9.625],"rotation":{"origin":[10.38447,13.88736,8.0],"axis":"z","angle":-45.0},"faces":{"up":{"uv":[13.8,14.6,13.2,13.2],"texture":"#2"},"down":{"uv":[13.8,13.2,13.2,14.6],"texture":"#2"}}},{"from":[8.11317,14.11773,6.375],"to":[9.41317,14.14773,9.625],"rotation":{"origin":[9.31775,13.88736,8.0],"axis":"z","angle":45.0},"faces":{"up":{"uv":[14.2,9.0,13.6,7.6],"texture":"#2"},"down":{"uv":[14.2,7.6,13.6,9.0],"texture":"#2"}}},{"from":[8.28187,10.9447,6.375],"to":[8.31187,13.2197,9.625],"rotation":{"origin":[8.28187,10.6197,7.025],"axis":"y","angle":0.0},"faces":{"east":{"uv":[5.8,12.0,4.4,13.0],"texture":"#2"},"west":{"uv":[4.4,12.0,5.8,13.0],"texture":"#2"}}},{"from":[11.37001,12.16738,5.4],"to":[12.67001,12.19738,10.6],"rotation":{"origin":[12.02001,12.16738,6.7],"axis":"z","angle":22.5},"faces":{"up":{"uv":[12.2,14.8,11.6,12.8],"texture":"#2"},"down":{"uv":[12.2,12.8,11.6,14.8],"texture":"#2"}}},{"from":[12.60905,12.41384,5.4],"to":[13.90905,12.44384,10.6],"rotation":{"origin":[11.30905,12.41384,6.7],"axis":"y","angle":0.0},"faces":{"up":{"uv":[13.0,14.8,12.4,12.8],"texture":"#2"},"down":{"uv":[13.0,12.8,12.4,14.8],"texture":"#2"}}},{"from":[13.82335,12.04301,5.4],"to":[15.12335,12.07301,10.6],"rotation":{"origin":[14.79835,12.04301,8.0],"axis":"z","angle":-22.5},"faces":{"up":{"uv":[0.6,15.2,0.0,13.2],"texture":"#2"},"down":{"uv":[0.6,13.2,0.0,15.2],"texture":"#2"}}},{"from":[15.77831,10.26071,5.4],"to":[15.80831,12.21071,10.6],"rotation":{"origin":[15.77831,11.23571,8.0],"axis":"z","angle":45.0},"faces":{"east":{"uv":[11.6,6.0,13.6,6.8],"texture":"#2"},"west":{"uv":[13.6,6.0,11.6,6.8],"texture":"#2"}}},{"from":[8.125,6.15,2.155],"to":[9.125,7.15,3.155],"rotation":{"origin":[8.0,7.7045,2.925],"axis":"y","angle":0.0},"faces":{"north":{"uv":[13.2,14.8,13.6,15.2],"texture":"#2"},"east":{"uv":[12.8,11.6,13.2,12.0],"texture":"#2"},"south":{"uv":[12.8,14.8,13.2,15.2],"texture":"#2"},"west":{"uv":[14.8,12.8,15.2,13.2],"texture":"#2"},"up":{"uv":[15.2,13.6,14.8,13.2],"texture":"#2","rotation":90},"down":{"uv":[14.0,14.8,13.6,15.2],"texture":"#2","rotation":270}}},{"from":[6.75,7.75,2.805],"to":[9.25,11.75,2.835],"rotation":{"origin":[8.0,7.7045,2.825],"axis":"y","angle":0.0},"faces":{"north":{"uv":[7.2,11.6,8.2,13.2],"texture":"#2"},"south":{"uv":[8.2,11.6,7.2,13.2],"texture":"#2"}}},{"from":[6.92862,6.63312,2.755],"to":[8.42862,8.13312,3.755],"rotation":{"origin":[8.0,7.7045,2.925],"axis":"z","angle":45.0},"faces":{"north":{"uv":[4.0,14.4,4.6,15.0],"texture":"#2"},"east":{"uv":[4.4,15.2,4.6,15.8],"texture":"#2"},"south":{"uv":[14.4,3.6,15.0,4.2],"texture":"#2"},"west":{"uv":[15.2,4.4,15.4,5.0],"texture":"#2"},"up":{"uv":[5.0,15.8,4.8,15.2],"texture":"#2","rotation":90},"down":{"uv":[5.4,15.2,5.2,15.8],"texture":"#2","rotation":270}}},{"from":[4.0,6.25,2.98],"to":[12.0,10.25,3.01],"rotation":{"origin":[8.0,7.7045,2.725],"axis":"y","angle":0.0},"faces":{"north":{"uv":[8.0,3.6,11.2,5.2],"texture":"#2"}}},{"from":[6.875,6.15,2.155],"to":[7.875,7.15,3.155],"rotation":{"origin":[8.0,7.7045,2.925],"axis":"y","angle":0.0},"faces":{"north":{"uv":[0.0,15.2,0.4,15.6],"texture":"#2"},"east":{"uv":[14.8,13.6,15.2,14.0],"texture":"#2"},"south":{"uv":[14.4,14.8,14.8,15.2],"texture":"#2"},"west":{"uv":[14.8,14.8,15.2,15.2],"texture":"#2"},"up":{"uv":[0.8,15.6,0.4,15.2],"texture":"#2","rotation":90},"down":{"uv":[15.6,0.4,15.2,0.8],"texture":"#2","rotation":270}}},{"from":[7.5,7.4,2.155],"to":[8.5,8.4,3.155],"rotation":{"origin":[8.0,7.7045,2.925],"axis":"y","angle":0.0},"faces":{"north":{"uv":[2.4,15.2,2.8,15.6],"texture":"#2"},"east":{"uv":[15.2,0.8,15.6,1.2],"texture":"#2"},"south":{"uv":[1.6,15.2,2.0,15.6],"texture":"#2"},"west":{"uv":[2.0,15.2,2.4,15.6],"texture":"#2"},"up":{"uv":[3.2,15.6,2.8,15.2],"texture":"#2","rotation":90},"down":{"uv":[3.6,15.2,3.2,15.6],"texture":"#2","rotation":270}}},{"from":[8.57139,6.13312,2.805],"to":[12.57139,8.63312,2.835],"rotation":{"origin":[8.0,7.7045,2.825],"axis":"z","angle":-45.0},"faces":{"north":{"uv":[8.4,11.6,10.0,12.6],"texture":"#2"},"south":{"uv":[10.0,11.6,8.4,12.6],"texture":"#2"}}},{"from":[3.26,6.49127,6.75],"to":[3.29,8.99127,9.25],"rotation":{"origin":[3.275,5.89351,7.65354],"axis":"y","angle":0.0},"faces":{"west":{"uv":[8.0,13.2,9.0,14.2],"texture":"#2"}}},{"from":[0.19169,10.26071,5.4],"to":[0.22169,12.21071,10.6],"rotation":{"origin":[0.22169,11.23571,8.0],"axis":"z","angle":-45.0},"faces":{"east":{"uv":[11.6,6.0,13.6,6.8],"texture":"#2"},"west":{"uv":[13.6,6.0,11.6,6.8],"texture":"#2"}}},{"from":[0.87665,12.04301,5.4],"to":[2.17665,12.07301,10.6],"rotation":{"origin":[1.20165,12.04301,8.0],"axis":"z","angle":22.5},"faces":{"up":{"uv":[0.0,15.2,0.6,13.2],"texture":"#2"},"down":{"uv":[0.0,13.2,0.6,15.2],"texture":"#2"}}},{"from":[2.09095,12.41384,5.4],"to":[3.39095,12.44384,10.6],"rotation":{"origin":[4.69095,12.41384,6.7],"axis":"y","angle":0.0},"faces":{"up":{"uv":[12.4,14.8,13.0,12.8],"texture":"#2"},"down":{"uv":[12.4,12.8,13.0,14.8],"texture":"#2"}}},{"from":[3.32999,12.16738,5.4],"to":[4.62999,12.19738,10.6],"rotation":{"origin":[3.97999,12.16738,6.7],"axis":"z","angle":-22.5},"faces":{"up":{"uv":[11.6,14.8,12.2,12.8],"texture":"#2"},"down":{"uv":[11.6,12.8,12.2,14.8],"texture":"#2"}}},{"from":[7.68813,10.9447,6.375],"to":[7.71813,13.2197,9.625],"rotation":{"origin":[7.71813,10.6197,7.025],"axis":"y","angle":0.0},"faces":{"east":{"uv":[5.8,12.0,4.4,13.0],"texture":"#2"},"west":{"uv":[4.4,12.0,5.8,13.0],"texture":"#2"}}},{"from":[6.58683,14.11773,6.375],"to":[7.88683,14.14773,9.625],"rotation":{"origin":[6.68225,13.88736,8.0],"axis":"z","angle":-45.0},"faces":{"up":{"uv":[13.6,9.0,14.2,7.6],"texture":"#2"},"down":{"uv":[13.6,7.6,14.2,9.0],"texture":"#2"}}},{"from":[4.41095,14.11773,6.375],"to":[5.71095,14.14773,9.625],"rotation":{"origin":[5.61553,13.88736,8.0],"axis":"z","angle":45.0},"faces":{"up":{"uv":[13.2,14.6,13.8,13.2],"texture":"#2"},"down":{"uv":[13.2,13.2,13.8,14.6],"texture":"#2"}}},{"from":[5.49889,14.10894,6.375],"to":[6.79889,14.13894,9.625],"rotation":{"origin":[5.59385,13.87968,8.0],"axis":"y","angle":0.0},"faces":{"up":{"uv":[13.2,13.0,13.8,11.6],"texture":"#2"},"down":{"uv":[13.2,11.6,13.8,13.0],"texture":"#2"}}},{"from":[4.19889,11.00046,6.375],"to":[5.49889,11.03046,9.625],"rotation":{"origin":[5.49889,11.00046,7.025],"axis":"z","angle":-45.0},"faces":{"up":{"uv":[10.8,14.6,11.4,13.2],"texture":"#2"},"down":{"uv":[10.8,13.2,11.4,14.6],"texture":"#2"}}},{"from":[4.57965,11.9197,6.375],"to":[4.60965,13.2197,9.625],"rotation":{"origin":[4.60965,10.6197,7.025],"axis":"y","angle":0.0},"faces":{"east":{"uv":[9.2,13.2,10.6,13.8],"texture":"#2"},"west":{"uv":[10.6,13.2,9.2,13.8],"texture":"#2"}}},{"from":[3.42861,6.13312,2.805],"to":[7.42861,8.63312,2.835],"rotation":{"origin":[8.0,7.7045,2.825],"axis":"z","angle":45.0},"faces":{"north":{"uv":[10.0,11.6,8.4,12.6],"texture":"#2"},"south":{"uv":[8.4,11.6,10.0,12.6],"texture":"#2"}}},{"from":[12.71,6.49127,6.75],"to":[12.74,8.99127,9.25],"rotation":{"origin":[12.725,5.89351,7.65354],"axis":"y","angle":0.0},"faces":{"east":{"uv":[9.0,13.2,8.0,14.2],"texture":"#2"}}}],"textures":{"2":"merry_christmasset/chest"},"gui_light":"front"}