{"display":{"thirdperson_righthand":{"translation":[0.0,1.75,1.0]},"thirdperson_lefthand":{"translation":[0.0,1.75,1.0]},"firstperson_righthand":{"rotation":[-10.0,0.0,0.0],"translation":[0.0,1.5,0.0]},"firstperson_lefthand":{"rotation":[-10.0,0.0,0.0],"translation":[0.0,1.5,0.0]},"ground":{"rotation":[-45.0,0.0,0.0],"translation":[0.0,3.0,0.0],"scale":[0.7,0.7,0.7]},"gui":{"rotation":[-90.0,45.0,90.0],"translation":[4.0,-4.0,0.0],"scale":[0.8,0.8,0.8]},"head":{"rotation":[0.0,-90.0,0.0]},"fixed":{"rotation":[0.0,-90.0,0.0],"translation":[0.0,-7.75,-1.25],"scale":[2.0,2.0,2.0]}},"elements":[{"from":[7.5,2.25,7.5],"to":[8.5,6.25,8.5],"rotation":{"origin":[7.5,1.25,7.5],"axis":"y","angle":0.0},"faces":{"north":{"uv":[4.5,8.0,5.0,10.0],"texture":"#3"},"east":{"uv":[5.0,8.0,5.5,10.0],"texture":"#3"},"south":{"uv":[5.5,8.0,6.0,10.0],"texture":"#3"},"west":{"uv":[8.0,7.0,8.5,9.0],"texture":"#3"}}},{"from":[7.25,0.35,7.25],"to":[8.75,1.85,8.75],"rotation":{"origin":[8.0,1.1,8.0],"axis":"x","angle":-45.0},"faces":{"north":{"uv":[8.5,7.0,9.25,7.75],"texture":"#3"},"east":{"uv":[8.5,8.0,9.25,8.75],"texture":"#3"},"south":{"uv":[13.25,2.5,14.0,3.25],"texture":"#3"},"west":{"uv":[14.25,2.5,15.0,3.25],"texture":"#3"},"up":{"uv":[9.75,4.75,9.0,4.0],"texture":"#3"},"down":{"uv":[9.75,5.0,9.0,5.75],"texture":"#3"}}},{"from":[7.3,1.75,7.3],"to":[8.7,2.25,8.7],"rotation":{"origin":[7.5,1.75,7.5],"axis":"y","angle":0.0},"faces":{"north":{"uv":[10.0,9.0,10.75,9.25],"texture":"#3"},"east":{"uv":[9.5,10.0,10.25,10.25],"texture":"#3"},"south":{"uv":[10.0,9.5,10.75,9.75],"texture":"#3"},"west":{"uv":[0.0,10.5,0.75,10.75],"texture":"#3"},"up":{"uv":[6.75,9.75,6.0,9.0],"texture":"#3"},"down":{"uv":[9.75,6.0,9.0,6.75],"texture":"#3"}}},{"from":[7.3,6.25,7.3],"to":[8.7,6.75,8.7],"rotation":{"origin":[7.5,2.75,7.5],"axis":"y","angle":0.0},"faces":{"north":{"uv":[10.5,0.0,11.25,0.25],"texture":"#3"},"east":{"uv":[10.5,0.5,11.25,0.75],"texture":"#3"},"south":{"uv":[1.0,10.5,1.75,10.75],"texture":"#3"},"west":{"uv":[10.5,1.0,11.25,1.25],"texture":"#3"},"down":{"uv":[8.75,9.0,8.0,9.75],"texture":"#3"}}},{"from":[6.5,6.75,6.5],"to":[9.5,9.25,9.5],"rotation":{"origin":[6.5,-1.75,6.5],"axis":"y","angle":0.0},"faces":{"north":{"uv":[6.5,1.5,8.0,2.75],"texture":"#3"},"east":{"uv":[6.5,3.0,8.0,4.25],"texture":"#3"},"south":{"uv":[6.5,4.5,8.0,5.75],"texture":"#3"},"west":{"uv":[6.0,7.5,7.5,8.75],"texture":"#3"},"down":{"uv":[8.0,0.0,6.5,1.5],"texture":"#3"}}},{"from":[6.25,9.25,6.25],"to":[9.75,10.25,9.75],"rotation":{"origin":[6.5,-1.75,6.5],"axis":"y","angle":0.0},"faces":{"north":{"uv":[8.5,2.0,10.25,2.5],"texture":"#3"},"east":{"uv":[8.5,2.5,10.25,3.0],"texture":"#3"},"south":{"uv":[8.5,3.0,10.25,3.5],"texture":"#3"},"west":{"uv":[8.5,3.5,10.25,4.0],"texture":"#3"},"up":{"uv":[6.25,3.75,4.5,2.0],"texture":"#3"},"down":{"uv":[6.25,4.0,4.5,5.75],"texture":"#3"}}},{"from":[7.75,11.75,7.75],"to":[8.25,25.5,9.25],"rotation":{"origin":[7.75,13.5,7.25],"axis":"y","angle":0.0},"faces":{"north":{"uv":[7.5,7.5,7.75,14.5],"texture":"#3"},"east":{"uv":[11.25,2.5,12.0,9.5],"texture":"#3"},"south":{"uv":[8.0,0.0,8.25,7.0],"texture":"#3"},"west":{"uv":[12.25,2.5,13.0,9.5],"texture":"#3"}}},{"from":[7.985,10.25,5.2],"to":[8.015,30.5,10.3],"rotation":{"origin":[7.485,12.0,6.3],"axis":"y","angle":0.0},"faces":{"east":{"uv":[2.5,0.0,0.0,10.25],"texture":"#3"},"west":{"uv":[0.0,0.0,2.5,10.25],"texture":"#3"}}},{"from":[7.7475,24.74976,8.5],"to":[8.2525,25.81076,10.561],"rotation":{"origin":[7.7475,24.74976,8.5],"axis":"x","angle":-45.0},"faces":{"north":{"uv":[3.5,10.5,3.75,11.0],"texture":"#3"},"east":{"uv":[9.5,8.0,10.5,8.5],"texture":"#3"},"south":{"uv":[10.5,3.5,10.75,4.0],"texture":"#3"},"west":{"uv":[9.5,8.5,10.5,9.0],"texture":"#3"},"up":{"uv":[10.25,2.0,10.0,1.0],"texture":"#3"},"down":{"uv":[4.25,10.5,4.0,11.5],"texture":"#3"}}},{"from":[7.5,10.25,6.75],"to":[8.5,11.75,9.25],"rotation":{"origin":[7.5,10.25,7.25],"axis":"y","angle":0.0},"faces":{"north":{"uv":[7.0,9.0,7.5,9.75],"texture":"#3"},"east":{"uv":[8.5,0.0,9.75,0.75],"texture":"#3"},"south":{"uv":[10.0,0.0,10.5,0.75],"texture":"#3"},"west":{"uv":[8.5,1.0,9.75,1.75],"texture":"#3"},"up":{"uv":[9.0,5.25,8.5,4.0],"texture":"#3"},"down":{"uv":[9.0,5.5,8.5,6.75],"texture":"#3"}}},{"from":[6.65,11.15,6.875],"to":[7.65,12.15,7.875],"rotation":{"origin":[6.65,11.15,6.875],"axis":"y","angle":0.0},"faces":{"north":{"uv":[3.0,10.0,3.5,10.5],"texture":"#3"},"east":{"uv":[3.5,10.0,4.0,10.5],"texture":"#3"},"south":{"uv":[4.0,10.0,4.5,10.5],"texture":"#3"},"west":{"uv":[10.0,4.0,10.5,4.5],"texture":"#3"},"up":{"uv":[5.0,10.5,4.5,10.0],"texture":"#3"},"down":{"uv":[10.5,4.5,10.0,5.0],"texture":"#3"}}},{"from":[7.4,12.75,6.75],"to":[7.43,16.75,9.25],"rotation":{"origin":[7.4,12.75,7.5],"axis":"y","angle":0.0},"faces":{"east":{"uv":[4.5,6.0,5.75,8.0],"texture":"#3"},"west":{"uv":[4.5,6.0,5.75,8.0],"texture":"#3"}}},{"from":[7.25,12.5,6.83579],"to":[7.75,14.0,8.33579],"rotation":{"origin":[7.25,12.25,6.58579],"axis":"x","angle":45.0},"faces":{"north":{"uv":[10.5,1.5,10.75,2.25],"texture":"#3"},"east":{"uv":[9.0,9.0,9.75,9.75],"texture":"#3"},"south":{"uv":[2.0,10.5,2.25,11.25],"texture":"#3"},"west":{"uv":[9.5,7.0,10.25,7.75],"texture":"#3"},"up":{"uv":[10.75,3.25,10.5,2.5],"texture":"#3"},"down":{"uv":[3.25,10.5,3.0,11.25],"texture":"#3"}}},{"from":[7.675,11.25,4.0],"to":[7.705,15.25,12.0],"rotation":{"origin":[6.675,10.0,5.0],"axis":"y","angle":0.0},"faces":{"east":{"uv":[15.5,0.0,11.5,2.0],"texture":"#3"},"west":{"uv":[11.5,0.0,15.5,2.0],"texture":"#3"}}},{"from":[6.65,11.15,8.125],"to":[7.65,12.15,9.125],"rotation":{"origin":[6.65,11.15,9.125],"axis":"y","angle":0.0},"faces":{"north":{"uv":[5.0,10.0,5.5,10.5],"texture":"#3"},"east":{"uv":[10.0,5.0,10.5,5.5],"texture":"#3"},"south":{"uv":[5.5,10.0,6.0,10.5],"texture":"#3"},"west":{"uv":[10.0,5.5,10.5,6.0],"texture":"#3"},"up":{"uv":[6.5,10.5,6.0,10.0],"texture":"#3"},"down":{"uv":[10.5,6.0,10.0,6.5],"texture":"#3"}}},{"from":[6.65,12.4,7.5],"to":[7.65,13.4,8.5],"rotation":{"origin":[6.65,12.4,7.5],"axis":"y","angle":0.0},"faces":{"north":{"uv":[6.5,10.0,7.0,10.5],"texture":"#3"},"east":{"uv":[10.0,6.5,10.5,7.0],"texture":"#3"},"south":{"uv":[7.0,10.0,7.5,10.5],"texture":"#3"},"west":{"uv":[8.0,10.0,8.5,10.5],"texture":"#3"},"up":{"uv":[9.0,10.5,8.5,10.0],"texture":"#3"},"down":{"uv":[9.5,10.0,9.0,10.5],"texture":"#3"}}},{"from":[7.4,10.51256,4.57322],"to":[7.43,13.01256,8.57322],"rotation":{"origin":[7.25,11.01256,7.82322],"axis":"x","angle":-45.0},"faces":{"east":{"uv":[8.0,6.0,6.0,7.25],"texture":"#3"},"west":{"uv":[6.0,6.0,8.0,7.25],"texture":"#3"}}},{"from":[7.4,10.51256,7.42678],"to":[7.43,13.01256,11.42678],"rotation":{"origin":[7.25,11.01256,8.17678],"axis":"x","angle":45.0},"faces":{"east":{"uv":[6.0,6.0,8.0,7.25],"texture":"#3"},"west":{"uv":[8.0,6.0,6.0,7.25],"texture":"#3"}}},{"from":[8.35,11.15,6.875],"to":[9.35,12.15,7.875],"rotation":{"origin":[9.35,11.15,6.875],"axis":"y","angle":0.0},"faces":{"north":{"uv":[3.5,10.0,3.0,10.5],"texture":"#3"},"east":{"uv":[10.5,4.0,10.0,4.5],"texture":"#3"},"south":{"uv":[4.5,10.0,4.0,10.5],"texture":"#3"},"west":{"uv":[4.0,10.0,3.5,10.5],"texture":"#3"},"up":{"uv":[4.5,10.5,5.0,10.0],"texture":"#3"},"down":{"uv":[10.0,4.5,10.5,5.0],"texture":"#3"}}},{"from":[8.57,12.75,6.75],"to":[8.6,16.75,9.25],"rotation":{"origin":[8.6,12.75,7.5],"axis":"y","angle":0.0},"faces":{"east":{"uv":[5.75,6.0,4.5,8.0],"texture":"#3"},"west":{"uv":[5.75,6.0,4.5,8.0],"texture":"#3"}}},{"from":[8.25,12.5,6.83579],"to":[8.75,14.0,8.33579],"rotation":{"origin":[8.75,12.25,6.58579],"axis":"x","angle":45.0},"faces":{"north":{"uv":[10.75,1.5,10.5,2.25],"texture":"#3"},"east":{"uv":[10.25,7.0,9.5,7.75],"texture":"#3"},"south":{"uv":[2.25,10.5,2.0,11.25],"texture":"#3"},"west":{"uv":[9.75,9.0,9.0,9.75],"texture":"#3"},"up":{"uv":[10.5,3.25,10.75,2.5],"texture":"#3"},"down":{"uv":[3.0,10.5,3.25,11.25],"texture":"#3"}}},{"from":[8.295,11.25,4.0],"to":[8.325,15.25,12.0],"rotation":{"origin":[9.325,10.0,5.0],"axis":"y","angle":0.0},"faces":{"east":{"uv":[15.5,0.0,11.5,2.0],"texture":"#3"},"west":{"uv":[11.5,0.0,15.5,2.0],"texture":"#3"}}},{"from":[8.35,11.15,8.125],"to":[9.35,12.15,9.125],"rotation":{"origin":[9.35,11.15,9.125],"axis":"y","angle":0.0},"faces":{"north":{"uv":[5.5,10.0,5.0,10.5],"texture":"#3"},"east":{"uv":[10.5,5.5,10.0,6.0],"texture":"#3"},"south":{"uv":[6.0,10.0,5.5,10.5],"texture":"#3"},"west":{"uv":[10.5,5.0,10.0,5.5],"texture":"#3"},"up":{"uv":[6.0,10.5,6.5,10.0],"texture":"#3"},"down":{"uv":[10.0,6.0,10.5,6.5],"texture":"#3"}}},{"from":[8.35,12.4,7.5],"to":[9.35,13.4,8.5],"rotation":{"origin":[9.35,12.4,7.5],"axis":"y","angle":0.0},"faces":{"north":{"uv":[7.0,10.0,6.5,10.5],"texture":"#3"},"east":{"uv":[8.5,10.0,8.0,10.5],"texture":"#3"},"south":{"uv":[7.5,10.0,7.0,10.5],"texture":"#3"},"west":{"uv":[10.5,6.5,10.0,7.0],"texture":"#3"},"up":{"uv":[8.5,10.5,9.0,10.0],"texture":"#3"},"down":{"uv":[9.0,10.0,9.5,10.5],"texture":"#3"}}},{"from":[8.57,10.51256,4.57322],"to":[8.6,13.01256,8.57322],"rotation":{"origin":[8.75,11.01256,7.82322],"axis":"x","angle":-45.0},"faces":{"east":{"uv":[8.0,6.0,6.0,7.25],"texture":"#3"},"west":{"uv":[6.0,6.0,8.0,7.25],"texture":"#3"}}},{"from":[8.57,10.51256,7.42678],"to":[8.6,13.01256,11.42678],"rotation":{"origin":[8.75,11.01256,8.17678],"axis":"x","angle":45.0},"faces":{"east":{"uv":[6.0,6.0,8.0,7.25],"texture":"#3"},"west":{"uv":[8.0,6.0,6.0,7.25],"texture":"#3"}}},{"from":[7.3625,6.26304,5.8912],"to":[8.6375,7.53804,7.1662],"rotation":{"origin":[8.0,5.94429,6.5287],"axis":"x","angle":22.5},"faces":{"north":{"uv":[5.0,4.0,6.5,5.5],"texture":"#2"},"east":{"uv":[6.0,0.0,7.5,1.5],"texture":"#2"},"south":{"uv":[6.0,2.0,7.5,3.5],"texture":"#2"},"west":{"uv":[5.0,6.0,6.5,7.5],"texture":"#2"},"up":{"uv":[1.5,8.5,0.0,7.0],"texture":"#2"}}},{"from":[7.15,5.41304,5.6787],"to":[8.85,6.26304,7.3787],"rotation":{"origin":[8.0,5.94429,6.5287],"axis":"x","angle":22.5},"faces":{"north":{"uv":[4.0,8.0,5.5,9.0],"texture":"#2"},"east":{"uv":[6.0,8.0,7.5,9.0],"texture":"#2"},"south":{"uv":[8.0,8.0,9.5,9.0],"texture":"#2"},"west":{"uv":[0.0,9.0,1.5,10.0],"texture":"#2"},"up":{"uv":[8.5,5.5,7.0,4.0],"texture":"#2"},"down":{"uv":[8.5,6.0,7.0,7.5],"texture":"#2"}}},{"from":[7.3625,6.26304,8.8338],"to":[8.6375,7.53804,10.1088],"rotation":{"origin":[8.0,5.94429,9.4713],"axis":"x","angle":-22.5},"faces":{"north":{"uv":[7.5,2.0,6.0,3.5],"texture":"#2"},"east":{"uv":[7.5,0.0,6.0,1.5],"texture":"#2"},"south":{"uv":[6.5,4.0,5.0,5.5],"texture":"#2"},"west":{"uv":[6.5,6.0,5.0,7.5],"texture":"#2"},"up":{"uv":[1.5,7.0,0.0,8.5],"texture":"#2"}}},{"from":[7.15,5.41304,8.6213],"to":[8.85,6.26304,10.3213],"rotation":{"origin":[8.0,5.94429,9.4713],"axis":"x","angle":-22.5},"faces":{"north":{"uv":[9.5,8.0,8.0,9.0],"texture":"#2"},"east":{"uv":[7.5,8.0,6.0,9.0],"texture":"#2"},"south":{"uv":[5.5,8.0,4.0,9.0],"texture":"#2"},"west":{"uv":[1.5,9.0,0.0,10.0],"texture":"#2"},"up":{"uv":[8.5,4.0,7.0,5.5],"texture":"#2"},"down":{"uv":[8.5,7.5,7.0,6.0],"texture":"#2"}}},{"from":[7.5,18.0,6.25],"to":[7.53,21.5,9.75],"rotation":{"origin":[7.515,19.75,8.0],"axis":"x","angle":-22.5},"faces":{"east":{"uv":[3.5,0.0,0.0,3.5],"texture":"#2"},"west":{"uv":[0.0,0.0,3.5,3.5],"texture":"#2"}}},{"from":[7.5,22.5,6.75],"to":[7.53,25.0,9.25],"rotation":{"origin":[7.515,23.75,8.0],"axis":"x","angle":22.5},"faces":{"east":{"uv":[2.5,4.0,0.0,6.5],"texture":"#2"},"west":{"uv":[0.0,4.0,2.5,6.5],"texture":"#2"}}},{"from":[8.47,18.0,6.25],"to":[8.5,21.5,9.75],"rotation":{"origin":[8.485,19.75,8.0],"axis":"x","angle":-22.5},"faces":{"east":{"uv":[3.5,0.0,0.0,3.5],"texture":"#2"},"west":{"uv":[0.0,0.0,3.5,3.5],"texture":"#2"}}},{"from":[8.47,22.5,6.75],"to":[8.5,25.0,9.25],"rotation":{"origin":[8.485,23.75,8.0],"axis":"x","angle":22.5},"faces":{"east":{"uv":[2.5,4.0,0.0,6.5],"texture":"#2"},"west":{"uv":[0.0,4.0,2.5,6.5],"texture":"#2"}}}],"textures":{"2":"merry_christmasset/detail","3":"merry_christmasset/greatsword"},"gui_light":"front"}