{"display":{"thirdperson_righthand":{"translation":[0.0,-3.25,1.0]},"thirdperson_lefthand":{"translation":[0.0,-3.25,1.0]},"firstperson_righthand":{"rotation":[-10.0,0.0,0.0],"translation":[0.0,-4.75,0.0]},"firstperson_lefthand":{"rotation":[-10.0,0.0,0.0],"translation":[0.0,-4.75,0.0]},"ground":{"rotation":[-45.0,0.0,0.0],"translation":[0.0,3.0,0.0],"scale":[0.7,0.7,0.7]},"gui":{"rotation":[-90.0,45.0,90.0],"translation":[4.25,-4.25,0.0],"scale":[0.7,0.7,0.7]},"head":{"rotation":[0.0,-90.0,0.0]},"fixed":{"rotation":[0.0,-90.0,0.0],"translation":[0.0,-8.5,-1.25],"scale":[2.0,2.0,2.0]}},"elements":[{"from":[7.5,12.25,7.5],"to":[8.5,16.25,8.5],"rotation":{"origin":[7.5,11.25,7.5],"axis":"y","angle":0.0},"faces":{"north":{"uv":[3.0,11.5,3.5,13.5],"texture":"#particle"},"east":{"uv":[3.5,11.5,4.0,13.5],"texture":"#particle"},"south":{"uv":[4.0,11.5,4.5,13.5],"texture":"#particle"},"west":{"uv":[10.5,11.5,11.0,13.5],"texture":"#particle"}}},{"from":[7.25,0.35,7.25],"to":[8.75,1.85,8.75],"rotation":{"origin":[8.0,1.1,8.0],"axis":"x","angle":-45.0},"faces":{"north":{"uv":[12.5,13.5,13.25,14.25],"texture":"#particle"},"east":{"uv":[13.5,12.5,14.25,13.25],"texture":"#particle"},"south":{"uv":[13.5,13.5,14.25,14.25],"texture":"#particle"},"west":{"uv":[0.0,14.0,0.75,14.75],"texture":"#particle"},"up":{"uv":[14.75,0.75,14.0,0.0],"texture":"#particle"},"down":{"uv":[1.75,14.0,1.0,14.75],"texture":"#particle"}}},{"from":[7.3,11.75,7.3],"to":[8.7,12.25,8.7],"rotation":{"origin":[7.5,11.75,7.5],"axis":"y","angle":0.0},"faces":{"north":{"uv":[13.5,14.5,14.25,14.75],"texture":"#particle"},"east":{"uv":[14.5,13.5,15.25,13.75],"texture":"#particle"},"south":{"uv":[14.5,14.0,15.25,14.25],"texture":"#particle"},"west":{"uv":[14.5,14.5,15.25,14.75],"texture":"#particle"},"up":{"uv":[14.75,1.75,14.0,1.0],"texture":"#particle"},"down":{"uv":[2.75,14.0,2.0,14.75],"texture":"#particle"}}},{"from":[7.3,16.25,7.3],"to":[8.7,16.75,8.7],"rotation":{"origin":[7.5,12.75,7.5],"axis":"y","angle":0.0},"faces":{"north":{"uv":[0.0,15.0,0.75,15.25],"texture":"#particle"},"east":{"uv":[15.0,0.0,15.75,0.25],"texture":"#particle"},"south":{"uv":[15.0,0.5,15.75,0.75],"texture":"#particle"},"west":{"uv":[1.0,15.0,1.75,15.25],"texture":"#particle"},"down":{"uv":[14.75,2.0,14.0,2.75],"texture":"#particle"}}},{"from":[7.5,2.25,7.5],"to":[8.5,6.25,8.5],"rotation":{"origin":[7.5,12.25,7.5],"axis":"y","angle":0.0},"faces":{"north":{"uv":[11.0,11.5,11.5,13.5],"texture":"#particle"},"east":{"uv":[11.5,11.5,12.0,13.5],"texture":"#particle"},"south":{"uv":[0.0,12.0,0.5,14.0],"texture":"#particle"},"west":{"uv":[12.0,0.0,12.5,2.0],"texture":"#particle"}}},{"from":[7.3,1.75,7.3],"to":[8.7,2.25,8.7],"rotation":{"origin":[7.5,12.75,7.5],"axis":"y","angle":0.0},"faces":{"north":{"uv":[15.0,4.0,15.75,4.25],"texture":"#particle"},"east":{"uv":[15.0,4.5,15.75,4.75],"texture":"#particle"},"south":{"uv":[5.0,15.0,5.75,15.25],"texture":"#particle"},"west":{"uv":[15.0,5.0,15.75,5.25],"texture":"#particle"},"up":{"uv":[14.75,9.25,14.0,8.5],"texture":"#particle"},"down":{"uv":[10.25,14.0,9.5,14.75],"texture":"#particle"}}},{"from":[6.5,21.75,6.5],"to":[9.5,24.25,9.5],"rotation":{"origin":[6.5,13.25,6.5],"axis":"y","angle":0.0},"faces":{"north":{"uv":[0.0,10.0,1.5,11.25],"texture":"#particle"},"east":{"uv":[1.5,10.0,3.0,11.25],"texture":"#particle"},"south":{"uv":[3.0,10.0,4.5,11.25],"texture":"#particle"},"west":{"uv":[10.0,9.5,11.5,10.75],"texture":"#particle"},"down":{"uv":[10.0,9.5,8.5,11.0],"texture":"#particle"}}},{"from":[6.25,24.25,6.25],"to":[9.75,25.25,9.75],"rotation":{"origin":[6.5,13.25,6.5],"axis":"y","angle":0.0},"faces":{"north":{"uv":[11.5,10.5,13.25,11.0],"texture":"#particle"},"east":{"uv":[12.0,2.0,13.75,2.5],"texture":"#particle"},"south":{"uv":[2.0,13.5,3.75,14.0],"texture":"#particle"},"west":{"uv":[4.0,13.5,5.75,14.0],"texture":"#particle"},"up":{"uv":[6.75,10.75,5.0,9.0],"texture":"#particle"},"down":{"uv":[10.75,6.0,9.0,7.75],"texture":"#particle"}}},{"from":[6.15,18.15,6.875],"to":[7.15,19.15,7.875],"rotation":{"origin":[6.15,18.15,6.875],"axis":"y","angle":0.0},"faces":{"north":{"uv":[8.5,9.0,9.0,9.5],"texture":"#particle"},"east":{"uv":[11.5,5.5,12.0,6.0],"texture":"#particle"},"south":{"uv":[2.0,13.0,2.5,13.5],"texture":"#particle"},"west":{"uv":[14.0,12.0,14.5,12.5],"texture":"#particle"},"up":{"uv":[15.0,4.5,14.5,4.0],"texture":"#particle"},"down":{"uv":[15.0,6.5,14.5,7.0],"texture":"#particle"}}},{"from":[6.4,19.75,6.75],"to":[6.43,23.75,9.25],"rotation":{"origin":[6.415,21.75,8.0],"axis":"z","angle":22.5},"faces":{"east":{"uv":[8.25,9.0,7.0,11.0],"texture":"#particle"},"west":{"uv":[7.0,9.0,8.25,11.0],"texture":"#particle"}}},{"from":[6.75,19.5,6.83579],"to":[7.25,21.0,8.33579],"rotation":{"origin":[6.75,19.25,6.58579],"axis":"x","angle":45.0},"faces":{"north":{"uv":[15.0,1.0,15.25,1.75],"texture":"#particle"},"east":{"uv":[3.0,14.0,3.75,14.75],"texture":"#particle"},"south":{"uv":[2.0,15.0,2.25,15.75],"texture":"#particle"},"west":{"uv":[14.0,3.0,14.75,3.75],"texture":"#particle"},"up":{"uv":[15.25,2.75,15.0,2.0],"texture":"#particle"},"down":{"uv":[2.75,15.0,2.5,15.75],"texture":"#particle"}}},{"from":[7.175,18.25,4.0],"to":[7.205,22.25,12.0],"rotation":{"origin":[6.175,17.0,5.0],"axis":"y","angle":0.0},"faces":{"east":{"uv":[4.0,6.0,0.0,8.0],"texture":"#particle"},"west":{"uv":[0.0,6.0,4.0,8.0],"texture":"#particle"}}},{"from":[6.15,18.15,8.125],"to":[7.15,19.15,9.125],"rotation":{"origin":[6.15,18.15,9.125],"axis":"y","angle":0.0},"faces":{"north":{"uv":[14.5,7.0,15.0,7.5],"texture":"#particle"},"east":{"uv":[14.5,7.5,15.0,8.0],"texture":"#particle"},"south":{"uv":[14.5,8.0,15.0,8.5],"texture":"#particle"},"west":{"uv":[14.5,9.5,15.0,10.0],"texture":"#particle"},"up":{"uv":[15.0,10.5,14.5,10.0],"texture":"#particle"},"down":{"uv":[15.0,11.0,14.5,11.5],"texture":"#particle"}}},{"from":[6.15,19.4,7.5],"to":[7.15,20.4,8.5],"rotation":{"origin":[6.15,19.4,7.5],"axis":"y","angle":0.0},"faces":{"north":{"uv":[14.5,11.5,15.0,12.0],"texture":"#particle"},"east":{"uv":[14.5,12.0,15.0,12.5],"texture":"#particle"},"south":{"uv":[12.5,14.5,13.0,15.0],"texture":"#particle"},"west":{"uv":[14.5,12.5,15.0,13.0],"texture":"#particle"},"up":{"uv":[13.5,15.0,13.0,14.5],"texture":"#particle"},"down":{"uv":[15.0,13.0,14.5,13.5],"texture":"#particle"}}},{"from":[6.9,17.51256,4.57322],"to":[6.93,20.01256,8.57322],"rotation":{"origin":[6.75,18.01256,7.82322],"axis":"x","angle":-45.0},"faces":{"east":{"uv":[11.0,8.0,9.0,9.25],"texture":"#particle"},"west":{"uv":[9.0,8.0,11.0,9.25],"texture":"#particle"}}},{"from":[6.9,17.51256,7.42678],"to":[6.93,20.01256,11.42678],"rotation":{"origin":[6.75,18.01256,8.17678],"axis":"x","angle":45.0},"faces":{"east":{"uv":[9.0,8.0,11.0,9.25],"texture":"#particle"},"west":{"uv":[11.0,8.0,9.0,9.25],"texture":"#particle"}}},{"from":[8.85,18.15,6.875],"to":[9.85,19.15,7.875],"rotation":{"origin":[9.85,18.15,6.875],"axis":"y","angle":0.0},"faces":{"north":{"uv":[9.0,9.0,8.5,9.5],"texture":"#particle"},"east":{"uv":[14.5,12.0,14.0,12.5],"texture":"#particle"},"south":{"uv":[2.5,13.0,2.0,13.5],"texture":"#particle"},"west":{"uv":[12.0,5.5,11.5,6.0],"texture":"#particle"},"up":{"uv":[14.5,4.5,15.0,4.0],"texture":"#particle"},"down":{"uv":[14.5,6.5,15.0,7.0],"texture":"#particle"}}},{"from":[9.57,19.75,6.75],"to":[9.6,23.75,9.25],"rotation":{"origin":[9.585,21.75,8.0],"axis":"z","angle":-22.5},"faces":{"east":{"uv":[8.25,9.0,7.0,11.0],"texture":"#particle"},"west":{"uv":[7.0,9.0,8.25,11.0],"texture":"#particle"}}},{"from":[8.75,19.5,6.83579],"to":[9.25,21.0,8.33579],"rotation":{"origin":[9.25,19.25,6.58579],"axis":"x","angle":45.0},"faces":{"north":{"uv":[15.25,1.0,15.0,1.75],"texture":"#particle"},"east":{"uv":[14.75,3.0,14.0,3.75],"texture":"#particle"},"south":{"uv":[2.25,15.0,2.0,15.75],"texture":"#particle"},"west":{"uv":[3.75,14.0,3.0,14.75],"texture":"#particle"},"up":{"uv":[15.0,2.75,15.25,2.0],"texture":"#particle"},"down":{"uv":[2.5,15.0,2.75,15.75],"texture":"#particle"}}},{"from":[8.795,18.25,4.0],"to":[8.825,22.25,12.0],"rotation":{"origin":[9.825,17.0,5.0],"axis":"y","angle":0.0},"faces":{"east":{"uv":[4.0,6.0,0.0,8.0],"texture":"#particle"},"west":{"uv":[0.0,6.0,4.0,8.0],"texture":"#particle"}}},{"from":[8.85,18.15,8.125],"to":[9.85,19.15,9.125],"rotation":{"origin":[9.85,18.15,9.125],"axis":"y","angle":0.0},"faces":{"north":{"uv":[15.0,7.0,14.5,7.5],"texture":"#particle"},"east":{"uv":[15.0,9.5,14.5,10.0],"texture":"#particle"},"south":{"uv":[15.0,8.0,14.5,8.5],"texture":"#particle"},"west":{"uv":[15.0,7.5,14.5,8.0],"texture":"#particle"},"up":{"uv":[14.5,10.5,15.0,10.0],"texture":"#particle"},"down":{"uv":[14.5,11.0,15.0,11.5],"texture":"#particle"}}},{"from":[8.85,19.4,7.5],"to":[9.85,20.4,8.5],"rotation":{"origin":[9.85,19.4,7.5],"axis":"y","angle":0.0},"faces":{"north":{"uv":[15.0,11.5,14.5,12.0],"texture":"#particle"},"east":{"uv":[15.0,12.5,14.5,13.0],"texture":"#particle"},"south":{"uv":[13.0,14.5,12.5,15.0],"texture":"#particle"},"west":{"uv":[15.0,12.0,14.5,12.5],"texture":"#particle"},"up":{"uv":[13.0,15.0,13.5,14.5],"texture":"#particle"},"down":{"uv":[14.5,13.0,15.0,13.5],"texture":"#particle"}}},{"from":[9.07,17.51256,4.57322],"to":[9.1,20.01256,8.57322],"rotation":{"origin":[9.25,18.01256,7.82322],"axis":"x","angle":-45.0},"faces":{"east":{"uv":[11.0,8.0,9.0,9.25],"texture":"#particle"},"west":{"uv":[9.0,8.0,11.0,9.25],"texture":"#particle"}}},{"from":[9.07,17.51256,7.42678],"to":[9.1,20.01256,11.42678],"rotation":{"origin":[9.25,18.01256,8.17678],"axis":"x","angle":45.0},"faces":{"east":{"uv":[9.0,8.0,11.0,9.25],"texture":"#particle"},"west":{"uv":[11.0,8.0,9.0,9.25],"texture":"#particle"}}},{"from":[7.25,16.75,7.25],"to":[8.75,21.75,8.75],"rotation":{"origin":[7.25,16.75,7.25],"axis":"y","angle":0.0},"faces":{"north":{"uv":[11.0,0.0,11.75,2.5],"texture":"#particle"},"east":{"uv":[4.5,11.0,5.25,13.5],"texture":"#particle"},"south":{"uv":[5.5,11.0,6.25,13.5],"texture":"#particle"},"west":{"uv":[11.0,6.0,11.75,8.5],"texture":"#particle"},"up":{"uv":[4.75,14.75,4.0,14.0],"texture":"#particle"},"down":{"uv":[14.75,4.5,14.0,5.25],"texture":"#particle"}}},{"from":[7.25,6.75,7.25],"to":[8.75,11.75,8.75],"rotation":{"origin":[7.25,16.75,7.25],"axis":"y","angle":0.0},"faces":{"north":{"uv":[6.5,11.0,7.25,13.5],"texture":"#particle"},"east":{"uv":[7.5,11.0,8.25,13.5],"texture":"#particle"},"south":{"uv":[8.5,11.0,9.25,13.5],"texture":"#particle"},"west":{"uv":[9.5,11.0,10.25,13.5],"texture":"#particle"},"up":{"uv":[8.25,14.75,7.5,14.0],"texture":"#particle"},"down":{"uv":[9.25,14.0,8.5,14.75],"texture":"#particle"}}},{"from":[7.3,6.25,7.3],"to":[8.7,6.75,8.7],"rotation":{"origin":[7.5,12.75,7.5],"axis":"y","angle":0.0},"faces":{"north":{"uv":[3.0,15.0,3.75,15.25],"texture":"#particle"},"east":{"uv":[15.0,3.0,15.75,3.25],"texture":"#particle"},"south":{"uv":[15.0,3.5,15.75,3.75],"texture":"#particle"},"west":{"uv":[4.0,15.0,4.75,15.25],"texture":"#particle"},"down":{"uv":[5.75,14.0,5.0,14.75],"texture":"#particle"}}},{"from":[7.5,25.25,6.75],"to":[8.5,26.75,9.25],"rotation":{"origin":[7.5,26.25,7.25],"axis":"y","angle":0.0},"faces":{"north":{"uv":[6.0,5.0,6.5,5.75],"texture":"#particle"},"east":{"uv":[12.0,11.5,13.25,12.25],"texture":"#particle"},"south":{"uv":[6.0,8.0,6.5,8.75],"texture":"#particle"},"west":{"uv":[12.5,0.0,13.75,0.75],"texture":"#particle"},"up":{"uv":[3.0,13.25,2.5,12.0],"texture":"#particle"},"down":{"uv":[6.5,13.5,6.0,14.75],"texture":"#particle"}}},{"from":[7.5,26.5,1.25],"to":[8.5,28.0,3.75],"rotation":{"origin":[8.0,27.25,2.5],"axis":"y","angle":45.0},"faces":{"north":{"uv":[8.5,4.0,9.0,4.75],"texture":"#particle"},"east":{"uv":[12.5,1.0,13.75,1.75],"texture":"#particle"},"south":{"uv":[4.5,10.0,5.0,10.75],"texture":"#particle"},"west":{"uv":[12.5,4.5,13.75,5.25],"texture":"#particle"},"up":{"uv":[7.0,14.75,6.5,13.5],"texture":"#particle"},"down":{"uv":[7.5,13.5,7.0,14.75],"texture":"#particle"}}},{"from":[6.75,26.5,2.0],"to":[9.25,28.0,3.0],"rotation":{"origin":[8.0,27.25,2.5],"axis":"y","angle":45.0},"faces":{"north":{"uv":[12.5,9.5,13.75,10.25],"texture":"#particle"},"east":{"uv":[14.0,9.5,14.5,10.25],"texture":"#particle"},"south":{"uv":[12.0,12.5,13.25,13.25],"texture":"#particle"},"west":{"uv":[10.5,14.0,11.0,14.75],"texture":"#particle"},"up":{"uv":[8.75,14.0,7.5,13.5],"texture":"#particle"},"down":{"uv":[10.25,13.5,9.0,14.0],"texture":"#particle"}}},{"from":[5.5,21.5,0.0],"to":[10.5,25.5,5.0],"rotation":{"origin":[5.5,0.0,7.5],"axis":"y","angle":0.0},"faces":{"north":{"uv":[4.0,6.0,6.5,8.0],"texture":"#particle"},"east":{"uv":[6.5,5.0,9.0,7.0],"texture":"#particle"},"south":{"uv":[6.5,7.0,9.0,9.0],"texture":"#particle"},"west":{"uv":[0.0,8.0,2.5,10.0],"texture":"#particle"},"down":{"uv":[8.5,0.0,6.0,2.5],"texture":"#particle"}}},{"from":[5.0,25.5,-0.5],"to":[11.0,26.5,5.5],"rotation":{"origin":[5.5,0.0,7.5],"axis":"y","angle":0.0},"faces":{"north":{"uv":[11.0,2.5,14.0,3.0],"texture":"#particle"},"east":{"uv":[11.0,3.0,14.0,3.5],"texture":"#particle"},"south":{"uv":[11.0,3.5,14.0,4.0],"texture":"#particle"},"west":{"uv":[11.0,8.5,14.0,9.0],"texture":"#particle"},"up":{"uv":[3.0,3.0,0.0,0.0],"texture":"#particle"},"down":{"uv":[3.0,3.0,0.0,6.0],"texture":"#particle"}}},{"from":[7.0,22.75,5.0],"to":[9.0,24.75,7.0],"rotation":{"origin":[7.0,23.25,3.0],"axis":"y","angle":0.0},"faces":{"east":{"uv":[5.0,8.0,6.0,9.0],"texture":"#particle"},"west":{"uv":[11.5,4.5,12.5,5.5],"texture":"#particle"},"up":{"uv":[12.5,10.5,11.5,9.5],"texture":"#particle"},"down":{"uv":[1.5,12.0,0.5,13.0],"texture":"#particle"}}},{"from":[5.5,21.5,11.0],"to":[10.5,25.5,16.0],"rotation":{"origin":[14.5,0.0,8.5],"axis":"y","angle":0.0},"faces":{"north":{"uv":[2.5,8.0,5.0,10.0],"texture":"#particle"},"east":{"uv":[8.5,0.0,11.0,2.0],"texture":"#particle"},"south":{"uv":[8.5,2.0,11.0,4.0],"texture":"#particle"},"west":{"uv":[9.0,4.0,11.5,6.0],"texture":"#particle"},"down":{"uv":[8.5,2.5,6.0,5.0],"texture":"#particle"}}},{"from":[5.0,25.5,10.5],"to":[11.0,26.5,16.5],"rotation":{"origin":[14.5,0.0,8.5],"axis":"y","angle":0.0},"faces":{"north":{"uv":[11.0,9.0,14.0,9.5],"texture":"#particle"},"east":{"uv":[10.5,11.0,13.5,11.5],"texture":"#particle"},"south":{"uv":[0.0,11.5,3.0,12.0],"texture":"#particle"},"west":{"uv":[11.5,4.0,14.5,4.5],"texture":"#particle"},"up":{"uv":[6.0,3.0,3.0,0.0],"texture":"#particle"},"down":{"uv":[6.0,3.0,3.0,6.0],"texture":"#particle"}}},{"from":[7.5,26.5,12.25],"to":[8.5,28.0,14.75],"rotation":{"origin":[8.0,27.25,13.5],"axis":"y","angle":45.0},"faces":{"north":{"uv":[11.5,14.0,12.0,14.75],"texture":"#particle"},"east":{"uv":[13.0,6.5,14.25,7.25],"texture":"#particle"},"south":{"uv":[14.5,5.5,15.0,6.25],"texture":"#particle"},"west":{"uv":[13.0,7.5,14.25,8.25],"texture":"#particle"},"up":{"uv":[14.0,12.25,13.5,11.0],"texture":"#particle"},"down":{"uv":[12.5,13.5,12.0,14.75],"texture":"#particle"}}},{"from":[6.75,26.5,13.0],"to":[9.25,28.0,14.0],"rotation":{"origin":[8.0,27.25,13.5],"axis":"y","angle":45.0},"faces":{"north":{"uv":[0.5,13.0,1.75,13.75],"texture":"#particle"},"east":{"uv":[11.0,14.0,11.5,14.75],"texture":"#particle"},"south":{"uv":[13.0,5.5,14.25,6.25],"texture":"#particle"},"west":{"uv":[14.0,11.0,14.5,11.75],"texture":"#particle"},"up":{"uv":[11.75,14.0,10.5,13.5],"texture":"#particle"},"down":{"uv":[14.75,10.5,13.5,11.0],"texture":"#particle"}}},{"from":[7.0,22.75,9.0],"to":[9.0,24.75,11.0],"rotation":{"origin":[7.0,23.25,13.0],"axis":"y","angle":0.0},"faces":{"east":{"uv":[1.5,12.0,2.5,13.0],"texture":"#particle"},"west":{"uv":[12.0,5.5,13.0,6.5],"texture":"#particle"},"up":{"uv":[13.0,7.5,12.0,6.5],"texture":"#particle"},"down":{"uv":[13.0,7.5,12.0,8.5],"texture":"#particle"}}},{"from":[7.3625,16.26304,5.8912],"to":[8.6375,17.53804,7.1662],"rotation":{"origin":[8.0,15.94429,6.5287],"axis":"x","angle":22.5},"faces":{"north":{"uv":[5.0,4.0,6.5,5.5],"texture":"#2"},"east":{"uv":[6.0,0.0,7.5,1.5],"texture":"#2"},"south":{"uv":[6.0,2.0,7.5,3.5],"texture":"#2"},"west":{"uv":[5.0,6.0,6.5,7.5],"texture":"#2"},"up":{"uv":[1.5,8.5,0.0,7.0],"texture":"#2"}}},{"from":[7.15,15.41304,5.6787],"to":[8.85,16.26304,7.3787],"rotation":{"origin":[8.0,15.94429,6.5287],"axis":"x","angle":22.5},"faces":{"north":{"uv":[4.0,8.0,5.5,9.0],"texture":"#2"},"east":{"uv":[6.0,8.0,7.5,9.0],"texture":"#2"},"south":{"uv":[8.0,8.0,9.5,9.0],"texture":"#2"},"west":{"uv":[0.0,9.0,1.5,10.0],"texture":"#2"},"up":{"uv":[8.5,5.5,7.0,4.0],"texture":"#2"},"down":{"uv":[8.5,6.0,7.0,7.5],"texture":"#2"}}},{"from":[7.3625,16.26304,8.8338],"to":[8.6375,17.53804,10.1088],"rotation":{"origin":[8.0,15.94429,9.4713],"axis":"x","angle":-22.5},"faces":{"north":{"uv":[7.5,2.0,6.0,3.5],"texture":"#2"},"east":{"uv":[7.5,0.0,6.0,1.5],"texture":"#2"},"south":{"uv":[6.5,4.0,5.0,5.5],"texture":"#2"},"west":{"uv":[6.5,6.0,5.0,7.5],"texture":"#2"},"up":{"uv":[1.5,7.0,0.0,8.5],"texture":"#2"}}},{"from":[7.15,15.41304,8.6213],"to":[8.85,16.26304,10.3213],"rotation":{"origin":[8.0,15.94429,9.4713],"axis":"x","angle":-22.5},"faces":{"north":{"uv":[9.5,8.0,8.0,9.0],"texture":"#2"},"east":{"uv":[7.5,8.0,6.0,9.0],"texture":"#2"},"south":{"uv":[5.5,8.0,4.0,9.0],"texture":"#2"},"west":{"uv":[1.5,9.0,0.0,10.0],"texture":"#2"},"up":{"uv":[8.5,4.0,7.0,5.5],"texture":"#2"},"down":{"uv":[8.5,7.5,7.0,6.0],"texture":"#2"}}}],"textures":{"particle":"merry_christmasset/hammer","2":"merry_christmasset/detail"},"gui_light":"front"}