{"display":{"thirdperson_righthand":{"translation":[0.0,0.0,-1.25]},"thirdperson_lefthand":{"translation":[0.0,0.0,-1.25]},"firstperson_righthand":{"rotation":[44.5,0.0,-16.0],"translation":[-2.0,4.25,3.0]},"firstperson_lefthand":{"rotation":[44.5,0.0,-16.0],"translation":[-2.0,4.25,3.0]},"ground":{"rotation":[45.0,0.0,0.0]},"gui":{"rotation":[-90.0,135.0,90.0],"translation":[0.25,-1.0,0.0],"scale":[2.80664,2.80664,2.80664]},"head":{"rotation":[40.0,0.0,0.0]},"fixed":{"rotation":[90.0,-45.0,90.0],"translation":[0.0,-1.0,-1.5],"scale":[2.57813,2.57813,2.57813]}},"elements":[{"from":[7.5,8.25,4.5],"to":[8.5,9.25,10.5],"rotation":{"origin":[7.5,8.25,5.5],"axis":"y","angle":0.0},"faces":{"north":{"uv":[6.0,5.0,7.0,6.0],"texture":"#0"},"east":{"uv":[0.0,0.0,6.0,1.0],"texture":"#0"},"south":{"uv":[7.0,2.0,8.0,3.0],"texture":"#0"},"west":{"uv":[0.0,1.0,6.0,2.0],"texture":"#0"},"up":{"uv":[1.0,8.0,0.0,2.0],"texture":"#0"},"down":{"uv":[2.0,2.0,1.0,8.0],"texture":"#0"}}},{"from":[7.5,6.75,8.5],"to":[8.5,7.75,10.5],"rotation":{"origin":[7.5,6.75,5.5],"axis":"y","angle":0.0},"faces":{"north":{"uv":[7.0,3.0,8.0,4.0],"texture":"#0"},"east":{"uv":[6.0,0.0,8.0,1.0],"texture":"#0"},"south":{"uv":[5.0,7.0,6.0,8.0],"texture":"#0"},"west":{"uv":[6.0,1.0,8.0,2.0],"texture":"#0"},"up":{"uv":[3.0,8.0,2.0,6.0],"texture":"#0"},"down":{"uv":[7.0,2.0,6.0,4.0],"texture":"#0"}}},{"from":[7.5,7.75,9.5],"to":[8.5,8.25,10.5],"rotation":{"origin":[7.5,7.25,5.5],"axis":"y","angle":0.0},"faces":{"north":{"uv":[7.0,6.0,8.0,6.5],"texture":"#0"},"east":{"uv":[7.0,7.0,8.0,7.5],"texture":"#0"},"south":{"uv":[0.0,8.0,1.0,8.5],"texture":"#0"},"west":{"uv":[8.0,0.0,9.0,0.5],"texture":"#0"}}},{"from":[7.75,7.25,4.75],"to":[8.25,8.25,5.25],"rotation":{"origin":[7.75,7.25,4.25],"axis":"y","angle":0.0},"faces":{"north":{"uv":[1.0,8.0,1.5,9.0],"texture":"#0"},"east":{"uv":[8.0,1.0,8.5,2.0],"texture":"#0"},"south":{"uv":[2.0,8.0,2.5,9.0],"texture":"#0"},"west":{"uv":[8.0,2.0,8.5,3.0],"texture":"#0"},"down":{"uv":[7.5,8.0,7.0,8.5],"texture":"#0"}}},{"from":[7.75,7.25,5.75],"to":[8.25,8.25,6.25],"rotation":{"origin":[7.75,7.25,5.25],"axis":"y","angle":0.0},"faces":{"north":{"uv":[3.0,8.0,3.5,9.0],"texture":"#0"},"east":{"uv":[8.0,3.0,8.5,4.0],"texture":"#0"},"south":{"uv":[4.0,8.0,4.5,9.0],"texture":"#0"},"west":{"uv":[8.0,4.0,8.5,5.0],"texture":"#0"},"down":{"uv":[9.5,0.0,9.0,0.5],"texture":"#0"}}},{"from":[7.75,7.75,5.25],"to":[8.25,8.25,5.75],"rotation":{"origin":[7.75,7.25,5.25],"axis":"y","angle":0.0},"faces":{"east":{"uv":[8.0,7.0,8.5,7.5],"texture":"#0"},"west":{"uv":[8.0,8.0,8.5,8.5],"texture":"#0"},"down":{"uv":[0.5,9.0,0.0,9.5],"texture":"#0"}}},{"from":[6.57612,9.13463,7.5],"to":[8.07612,10.63463,8.5],"rotation":{"origin":[7.07612,9.13463,7.5],"axis":"z","angle":22.5},"faces":{"north":{"uv":[2.0,2.0,3.5,3.5],"texture":"#0"},"east":{"uv":[3.0,6.0,4.0,7.5],"texture":"#0"},"south":{"uv":[2.0,4.0,3.5,5.5],"texture":"#0"},"west":{"uv":[4.0,6.0,5.0,7.5],"texture":"#0"},"up":{"uv":[7.5,5.0,6.0,4.0],"texture":"#0"},"down":{"uv":[6.5,6.0,5.0,7.0],"texture":"#0"}}},{"from":[7.5,9.15,7.5],"to":[8.5,9.65,8.5],"rotation":{"origin":[8.0,9.4,8.0],"axis":"y","angle":45.0},"faces":{"north":{"uv":[5.0,8.0,6.0,8.5],"texture":"#0"},"east":{"uv":[8.0,5.0,9.0,5.5],"texture":"#0"},"south":{"uv":[6.0,8.0,7.0,8.5],"texture":"#0"},"west":{"uv":[8.0,6.0,9.0,6.5],"texture":"#0"},"up":{"uv":[8.0,6.0,7.0,5.0],"texture":"#0"},"down":{"uv":[7.0,7.0,6.0,8.0],"texture":"#0"}}},{"from":[6.03806,9.32497,7.25],"to":[7.53806,9.35497,8.75],"rotation":{"origin":[7.53806,9.32597,7.25],"axis":"z","angle":45.0},"faces":{"up":{"uv":[5.5,3.5,4.0,2.0],"texture":"#0"},"down":{"uv":[5.5,2.0,4.0,3.5],"texture":"#0"}}},{"from":[6.16988,6.84291,7.25],"to":[6.19988,8.34291,8.75],"rotation":{"origin":[6.16988,7.59291,8.0],"axis":"z","angle":-22.5},"faces":{"east":{"uv":[5.5,4.0,4.0,5.5],"texture":"#0"},"west":{"uv":[4.0,4.0,5.5,5.5],"texture":"#0"}}},{"from":[7.92388,9.13463,7.5],"to":[9.42388,10.63463,8.5],"rotation":{"origin":[8.92388,9.13463,7.5],"axis":"z","angle":-22.5},"faces":{"north":{"uv":[3.5,2.0,2.0,3.5],"texture":"#0"},"east":{"uv":[5.0,6.0,4.0,7.5],"texture":"#0"},"south":{"uv":[3.5,4.0,2.0,5.5],"texture":"#0"},"west":{"uv":[4.0,6.0,3.0,7.5],"texture":"#0"},"up":{"uv":[6.0,5.0,7.5,4.0],"texture":"#0"},"down":{"uv":[5.0,6.0,6.5,7.0],"texture":"#0"}}},{"from":[8.46194,9.32497,7.25],"to":[9.96194,9.35497,8.75],"rotation":{"origin":[8.46194,9.32597,7.25],"axis":"z","angle":-45.0},"faces":{"up":{"uv":[4.0,3.5,5.5,2.0],"texture":"#0"},"down":{"uv":[4.0,2.0,5.5,3.5],"texture":"#0"}}},{"from":[9.80012,6.84291,7.25],"to":[9.83012,8.34291,8.75],"rotation":{"origin":[9.83012,7.59291,8.0],"axis":"z","angle":22.5},"faces":{"east":{"uv":[5.5,4.0,4.0,5.5],"texture":"#0"},"west":{"uv":[4.0,4.0,5.5,5.5],"texture":"#0"}}}],"textures":{"particle":"merry_christmasset/key","0":"merry_christmasset/key"},"gui_light":"front"}