{"display":{"thirdperson_righthand":{"rotation":[0.0,-55.0,0.0],"translation":[2.5,-2.0,-1.0]},"thirdperson_lefthand":{"rotation":[0.0,-55.0,0.0],"translation":[2.5,-2.0,-1.0]},"firstperson_righthand":{"rotation":[0.0,0.0,-11.0],"translation":[0.25,-0.25,0.5]},"firstperson_lefthand":{"rotation":[0.0,0.0,-11.0],"translation":[0.25,-0.25,0.5]},"ground":{"rotation":[45.0,0.0,0.0],"translation":[0.0,3.0,0.0],"scale":[0.7,0.7,0.7]},"gui":{"rotation":[0.0,180.0,-45.0],"translation":[-0.75,0.75,0.0],"scale":[0.7,0.7,0.7]},"fixed":{"translation":[0.0,0.0,-1.25],"scale":[2.0,2.0,2.0]}},"elements":[{"from":[9.10239,5.39761,10.2925],"to":[10.60239,6.89761,11.7925],"rotation":{"origin":[8.0,8.0,8.0],"axis":"z","angle":-45.0},"faces":{"north":{"uv":[12.0,4.0,12.75,4.75],"texture":"#1"},"east":{"uv":[11.5,11.0,12.25,11.75],"texture":"#1"},"south":{"uv":[12.0,0.0,12.75,0.75],"texture":"#1"},"west":{"uv":[12.0,1.0,12.75,1.75],"texture":"#1"},"up":{"uv":[8.75,12.75,8.0,12.0],"texture":"#1","rotation":90},"down":{"uv":[9.75,12.0,9.0,12.75],"texture":"#1","rotation":270}}},{"from":[7.5,6.53033,10.5425],"to":[8.5,10.53033,11.5425],"rotation":{"origin":[8.0,8.0,8.0],"axis":"y","angle":0.0},"faces":{"north":{"uv":[11.0,10.0,11.5,12.0],"texture":"#1"},"east":{"uv":[2.0,14.0,2.5,16.0],"texture":"#1"},"south":{"uv":[2.5,14.0,3.0,16.0],"texture":"#1"},"west":{"uv":[3.0,14.0,3.5,16.0],"texture":"#1"}}},{"from":[7.3,6.03033,10.3425],"to":[8.7,6.53033,11.7425],"rotation":{"origin":[8.0,8.0,8.0],"axis":"y","angle":0.0},"faces":{"north":{"uv":[8.0,13.5,8.75,13.75],"texture":"#1"},"east":{"uv":[7.0,13.5,7.75,13.75],"texture":"#1"},"south":{"uv":[13.5,7.0,14.25,7.25],"texture":"#1"},"west":{"uv":[13.5,7.5,14.25,7.75],"texture":"#1"},"up":{"uv":[12.75,10.25,12.0,9.5],"texture":"#1","rotation":90},"down":{"uv":[11.25,12.0,10.5,12.75],"texture":"#1","rotation":270}}},{"from":[9.85239,9.85239,10.2925],"to":[11.35239,11.35239,11.7925],"rotation":{"origin":[8.0,8.0,8.0],"axis":"z","angle":45.0},"faces":{"north":{"uv":[12.5,10.5,13.25,11.25],"texture":"#1"},"east":{"uv":[11.5,12.0,12.25,12.75],"texture":"#1"},"south":{"uv":[12.5,2.0,13.25,2.75],"texture":"#1"},"west":{"uv":[7.0,12.5,7.75,13.25],"texture":"#1"},"up":{"uv":[13.25,12.25,12.5,11.5],"texture":"#1","rotation":90},"down":{"uv":[13.25,12.5,12.5,13.25],"texture":"#1","rotation":270}}},{"from":[7.3,10.53033,10.3425],"to":[8.7,11.03033,11.7425],"rotation":{"origin":[8.0,8.0,8.0],"axis":"y","angle":0.0},"faces":{"north":{"uv":[13.5,9.0,14.25,9.25],"texture":"#1"},"east":{"uv":[13.5,8.0,14.25,8.25],"texture":"#1"},"south":{"uv":[13.5,8.5,14.25,8.75],"texture":"#1"},"west":{"uv":[9.0,13.5,9.75,13.75],"texture":"#1"},"up":{"uv":[0.75,13.75,0.0,13.0],"texture":"#1","rotation":90},"down":{"uv":[13.75,0.0,13.0,0.75],"texture":"#1","rotation":270}}},{"from":[6.5,14.06434,5.0425],"to":[9.5,16.56434,8.0425],"rotation":{"origin":[8.0,8.0,8.0],"axis":"y","angle":0.0},"faces":{"north":{"uv":[9.5,10.0,11.0,11.25],"texture":"#1"},"east":{"uv":[10.0,7.0,11.5,8.25],"texture":"#1"},"south":{"uv":[8.0,10.0,9.5,11.25],"texture":"#1"},"west":{"uv":[10.0,8.5,11.5,9.75],"texture":"#1"},"down":{"uv":[11.5,5.5,10.0,7.0],"texture":"#1","rotation":270}}},{"from":[6.25,16.56434,4.7925],"to":[9.75,17.56434,8.2925],"rotation":{"origin":[8.0,8.0,8.0],"axis":"y","angle":0.0},"faces":{"north":{"uv":[11.5,7.5,13.25,8.0],"texture":"#1"},"east":{"uv":[11.5,6.0,13.25,6.5],"texture":"#1"},"south":{"uv":[11.5,6.5,13.25,7.0],"texture":"#1"},"west":{"uv":[11.5,7.0,13.25,7.5],"texture":"#1"},"up":{"uv":[9.75,7.75,8.0,6.0],"texture":"#1","rotation":90},"down":{"uv":[9.75,8.0,8.0,9.75],"texture":"#1","rotation":270}}},{"from":[8.125,10.46434,4.6925],"to":[9.125,11.46434,5.6925],"rotation":{"origin":[8.0,8.0,8.0],"axis":"y","angle":0.0},"faces":{"north":{"uv":[13.0,5.5,13.5,6.0],"texture":"#1"},"east":{"uv":[11.0,5.0,11.5,5.5],"texture":"#1"},"south":{"uv":[10.5,11.5,11.0,12.0],"texture":"#1"},"west":{"uv":[12.0,10.5,12.5,11.0],"texture":"#1"},"up":{"uv":[8.5,13.5,8.0,13.0],"texture":"#1","rotation":90},"down":{"uv":[9.0,13.0,8.5,13.5],"texture":"#1","rotation":270}}},{"from":[6.75,12.76703,7.49482],"to":[9.25,16.76703,7.52482],"rotation":{"origin":[8.0,8.0,8.0],"axis":"x","angle":-22.5},"faces":{"north":{"uv":[9.0,2.0,10.25,4.0],"texture":"#1"},"south":{"uv":[10.25,2.0,9.0,4.0],"texture":"#1"}}},{"from":[9.77037,9.77037,5.2925],"to":[11.27037,11.27037,5.7925],"rotation":{"origin":[8.0,8.0,8.0],"axis":"z","angle":45.0},"faces":{"north":{"uv":[13.0,1.0,13.75,1.75],"texture":"#1"},"east":{"uv":[13.5,9.5,13.75,10.25],"texture":"#1"},"south":{"uv":[1.0,13.0,1.75,13.75],"texture":"#1"},"west":{"uv":[10.0,13.5,10.25,14.25],"texture":"#1"},"up":{"uv":[10.75,14.25,10.5,13.5],"texture":"#1","rotation":90},"down":{"uv":[13.75,10.5,13.5,11.25],"texture":"#1","rotation":270}}},{"from":[4.0,10.56434,5.7175],"to":[12.0,14.56434,5.7475],"rotation":{"origin":[8.0,8.0,8.0],"axis":"y","angle":0.0},"faces":{"north":{"uv":[7.0,0.0,11.0,2.0],"texture":"#1"},"south":{"uv":[11.0,0.0,7.0,2.0],"texture":"#1"}}},{"from":[6.875,10.46434,4.6925],"to":[7.875,11.46434,5.6925],"rotation":{"origin":[8.0,8.0,8.0],"axis":"y","angle":0.0},"faces":{"north":{"uv":[10.0,13.0,10.5,13.5],"texture":"#1"},"east":{"uv":[9.0,13.0,9.5,13.5],"texture":"#1"},"south":{"uv":[9.5,13.0,10.0,13.5],"texture":"#1"},"west":{"uv":[13.0,9.5,13.5,10.0],"texture":"#1"},"up":{"uv":[13.5,10.5,13.0,10.0],"texture":"#1","rotation":90},"down":{"uv":[11.0,13.0,10.5,13.5],"texture":"#1","rotation":270}}},{"from":[7.5,11.71434,4.6925],"to":[8.5,12.71434,5.6925],"rotation":{"origin":[8.0,8.0,8.0],"axis":"y","angle":0.0},"faces":{"north":{"uv":[2.0,13.5,2.5,14.0],"texture":"#1"},"east":{"uv":[11.0,13.0,11.5,13.5],"texture":"#1"},"south":{"uv":[11.5,13.0,12.0,13.5],"texture":"#1"},"west":{"uv":[12.0,13.0,12.5,13.5],"texture":"#1"},"up":{"uv":[14.0,2.5,13.5,2.0],"texture":"#1","rotation":90},"down":{"uv":[3.0,13.5,2.5,14.0],"texture":"#1","rotation":270}}},{"from":[5.72964,9.27037,5.4425],"to":[9.72964,11.77037,5.4725],"rotation":{"origin":[8.0,8.0,8.0],"axis":"z","angle":-45.0},"faces":{"north":{"uv":[9.0,4.0,11.0,5.25],"texture":"#1"},"south":{"uv":[11.0,4.0,9.0,5.25],"texture":"#1"}}},{"from":[6.27036,9.27037,5.4425],"to":[10.27036,11.77037,5.4725],"rotation":{"origin":[8.0,8.0,8.0],"axis":"z","angle":45.0},"faces":{"north":{"uv":[11.0,4.0,9.0,5.25],"texture":"#1"},"south":{"uv":[9.0,4.0,11.0,5.25],"texture":"#1"}}},{"from":[6.75,17.56434,6.0425],"to":[9.25,19.06434,7.0425],"rotation":{"origin":[8.0,8.0,8.0],"axis":"y","angle":0.0},"faces":{"north":{"uv":[11.5,5.0,12.75,5.75],"texture":"#1"},"east":{"uv":[6.0,13.0,6.5,13.75],"texture":"#1"},"south":{"uv":[11.5,3.0,12.75,3.75],"texture":"#1"},"west":{"uv":[6.5,13.0,7.0,13.75],"texture":"#1"},"up":{"uv":[12.0,10.75,11.5,9.5],"texture":"#1","rotation":90},"down":{"uv":[10.5,11.5,10.0,12.75],"texture":"#1","rotation":270}}},{"from":[7.49211,12.55733,6.0675],"to":[8.49211,17.55733,7.0175],"rotation":{"origin":[8.0,8.0,8.0],"axis":"z","angle":-22.5},"faces":{"north":{"uv":[15.5,13.5,16.0,16.0],"texture":"#1"},"east":{"uv":[14.0,13.5,14.5,16.0],"texture":"#1"},"south":{"uv":[14.5,13.5,15.0,16.0],"texture":"#1"},"west":{"uv":[15.0,13.5,15.5,16.0],"texture":"#1"},"up":{"uv":[14.0,3.0,13.5,2.5],"texture":"#1","rotation":90},"down":{"uv":[3.5,13.5,3.0,14.0],"texture":"#1","rotation":270}}},{"from":[8.49211,16.55733,6.0675],"to":[10.49211,17.55733,7.0175],"rotation":{"origin":[8.0,8.0,8.0],"axis":"z","angle":-22.5},"faces":{"north":{"uv":[13.0,3.0,14.0,3.5],"texture":"#1"},"east":{"uv":[3.5,13.5,4.0,14.0],"texture":"#1"},"south":{"uv":[9.0,5.5,10.0,6.0],"texture":"#1"},"up":{"uv":[13.5,4.5,13.0,3.5],"texture":"#1","rotation":90},"down":{"uv":[4.5,13.0,4.0,14.0],"texture":"#1","rotation":270}}},{"from":[9.49211,15.55733,6.0675],"to":[10.49211,16.55733,7.0175],"rotation":{"origin":[8.0,8.0,8.0],"axis":"z","angle":-22.5},"faces":{"north":{"uv":[13.5,5.0,14.0,5.5],"texture":"#1"},"east":{"uv":[13.5,3.5,14.0,4.0],"texture":"#1"},"south":{"uv":[13.5,4.0,14.0,4.5],"texture":"#1"},"west":{"uv":[13.5,4.5,14.0,5.0],"texture":"#1"},"down":{"uv":[14.0,5.5,13.5,6.0],"texture":"#1","rotation":270}}},{"from":[7.50789,12.55733,6.0675],"to":[8.50789,17.55733,7.0175],"rotation":{"origin":[8.0,8.0,8.0],"axis":"z","angle":22.5},"faces":{"north":{"uv":[16.0,13.5,15.5,16.0],"texture":"#1"},"east":{"uv":[15.5,13.5,15.0,16.0],"texture":"#1"},"south":{"uv":[15.0,13.5,14.5,16.0],"texture":"#1"},"west":{"uv":[14.5,13.5,14.0,16.0],"texture":"#1"},"up":{"uv":[14.0,2.5,13.5,3.0],"texture":"#1","rotation":90},"down":{"uv":[3.5,14.0,3.0,13.5],"texture":"#1","rotation":270}}},{"from":[5.50789,16.55733,6.0675],"to":[7.50789,17.55733,7.0175],"rotation":{"origin":[8.0,8.0,8.0],"axis":"z","angle":22.5},"faces":{"north":{"uv":[14.0,3.0,13.0,3.5],"texture":"#1"},"south":{"uv":[10.0,5.5,9.0,6.0],"texture":"#1"},"west":{"uv":[4.0,13.5,3.5,14.0],"texture":"#1"},"up":{"uv":[13.5,3.5,13.0,4.5],"texture":"#1","rotation":90},"down":{"uv":[4.5,14.0,4.0,13.0],"texture":"#1","rotation":270}}},{"from":[5.50789,15.55733,6.0675],"to":[6.50789,16.55733,7.0175],"rotation":{"origin":[8.0,8.0,8.0],"axis":"z","angle":22.5},"faces":{"north":{"uv":[14.0,5.0,13.5,5.5],"texture":"#1"},"east":{"uv":[14.0,4.5,13.5,5.0],"texture":"#1"},"south":{"uv":[14.0,4.0,13.5,4.5],"texture":"#1"},"west":{"uv":[14.0,3.5,13.5,4.0],"texture":"#1"},"down":{"uv":[14.0,6.0,13.5,5.5],"texture":"#1","rotation":270}}},{"from":[8.60615,8.60615,5.7925],"to":[12.60615,12.60615,7.2925],"rotation":{"origin":[8.0,8.0,8.0],"axis":"z","angle":45.0},"faces":{"north":{"uv":[7.0,4.0,9.0,6.0],"texture":"#1"},"east":{"uv":[10.5,2.0,11.25,4.0],"texture":"#1"},"south":{"uv":[7.0,2.0,9.0,4.0],"texture":"#1"},"west":{"uv":[0.0,14.0,0.75,16.0],"texture":"#1"},"up":{"uv":[11.75,2.0,11.0,0.0],"texture":"#1","rotation":90},"down":{"uv":[1.75,14.0,1.0,16.0],"texture":"#1","rotation":270}}},{"from":[6.5,-2.31434,6.0425],"to":[9.5,10.68566,7.0425],"rotation":{"origin":[8.0,8.0,8.0],"axis":"y","angle":0.0},"faces":{"north":{"uv":[14.5,0.0,16.0,6.5],"texture":"#1"},"east":{"uv":[7.0,6.0,7.5,12.5],"texture":"#1"},"south":{"uv":[14.5,6.75,16.0,13.25],"texture":"#1"},"west":{"uv":[7.5,6.0,8.0,12.5],"texture":"#1"}}},{"from":[-0.35584,-0.35584,6.0375],"to":[1.76916,1.76916,7.0475],"rotation":{"origin":[8.0,8.0,8.0],"axis":"z","angle":45.0},"faces":{"north":{"uv":[11.5,2.0,12.5,3.0],"texture":"#1"},"east":{"uv":[4.5,13.0,5.0,14.0],"texture":"#1"},"south":{"uv":[11.0,4.0,12.0,5.0],"texture":"#1"},"west":{"uv":[13.0,4.5,13.5,5.5],"texture":"#1"},"up":{"uv":[5.5,14.0,5.0,13.0],"texture":"#1","rotation":90},"down":{"uv":[6.0,13.0,5.5,14.0],"texture":"#1","rotation":270}}},{"from":[10.10239,10.10238,6.7925],"to":[11.10239,11.10238,10.2925],"rotation":{"origin":[8.0,8.0,8.0],"axis":"z","angle":45.0},"faces":{"north":{"uv":[13.5,6.5,14.0,7.0],"texture":"#1"},"east":{"uv":[8.0,11.5,9.75,12.0],"texture":"#1"},"south":{"uv":[13.5,6.0,14.0,6.5],"texture":"#1"},"west":{"uv":[11.5,8.0,13.25,8.5],"texture":"#1"},"up":{"uv":[13.25,9.0,11.5,8.5],"texture":"#1","rotation":90},"down":{"uv":[13.25,9.0,11.5,9.5],"texture":"#1","rotation":270}}},{"from":[5.64761,5.64761,6.7925],"to":[6.64761,6.64761,10.2925],"rotation":{"origin":[8.0,8.0,8.0],"axis":"z","angle":45.0},"faces":{"north":{"uv":[13.5,6.5,14.0,7.0],"texture":"#1"},"east":{"uv":[8.0,11.5,9.75,12.0],"texture":"#1"},"south":{"uv":[13.5,6.0,14.0,6.5],"texture":"#1"},"west":{"uv":[11.5,8.0,13.25,8.5],"texture":"#1"},"up":{"uv":[13.25,9.0,11.5,8.5],"texture":"#1","rotation":90},"down":{"uv":[13.25,9.0,11.5,9.5],"texture":"#1","rotation":270}}},{"from":[2.5,-8.09467,6.5425],"to":[13.5,13.90533,6.5725],"rotation":{"origin":[8.0,8.0,8.0],"axis":"y","angle":0.0},"faces":{"north":{"uv":[0.0,0.0,5.5,11.0],"texture":"#1"},"south":{"uv":[5.5,0.0,0.0,11.0],"texture":"#1"}}},{"from":[9.07154,7.72989,5.8625],"to":[10.34654,9.00489,7.1375],"rotation":{"origin":[8.5,8.33694,6.5],"axis":"z","angle":22.5},"faces":{"north":{"uv":[5.0,6.0,6.5,7.5],"texture":"#2"},"east":{"uv":[5.0,4.0,6.5,5.5],"texture":"#2"},"south":{"uv":[6.0,0.0,7.5,1.5],"texture":"#2"},"west":{"uv":[6.0,2.0,7.5,3.5],"texture":"#2"},"up":{"uv":[1.5,8.5,0.0,7.0],"texture":"#2","rotation":90}}},{"from":[8.85904,6.87989,5.65],"to":[10.55904,7.72989,7.35],"rotation":{"origin":[8.5,8.33694,6.5],"axis":"z","angle":22.5},"faces":{"north":{"uv":[0.0,9.0,1.5,10.0],"texture":"#2"},"east":{"uv":[4.0,8.0,5.5,9.0],"texture":"#2"},"south":{"uv":[6.0,8.0,7.5,9.0],"texture":"#2"},"west":{"uv":[8.0,8.0,9.5,9.0],"texture":"#2"},"up":{"uv":[8.5,5.5,7.0,4.0],"texture":"#2","rotation":90},"down":{"uv":[8.5,6.0,7.0,7.5],"texture":"#2","rotation":270}}},{"from":[5.65346,7.72989,5.8625],"to":[6.92846,9.00489,7.1375],"rotation":{"origin":[7.5,8.33694,6.5],"axis":"z","angle":-22.5},"faces":{"north":{"uv":[6.5,6.0,5.0,7.5],"texture":"#2"},"east":{"uv":[7.5,2.0,6.0,3.5],"texture":"#2"},"south":{"uv":[7.5,0.0,6.0,1.5],"texture":"#2"},"west":{"uv":[6.5,4.0,5.0,5.5],"texture":"#2"},"up":{"uv":[1.5,7.0,0.0,8.5],"texture":"#2","rotation":90}}},{"from":[5.44096,6.87989,5.65],"to":[7.14096,7.72989,7.35],"rotation":{"origin":[7.5,8.33694,6.5],"axis":"z","angle":-22.5},"faces":{"north":{"uv":[1.5,9.0,0.0,10.0],"texture":"#2"},"east":{"uv":[9.5,8.0,8.0,9.0],"texture":"#2"},"south":{"uv":[7.5,8.0,6.0,9.0],"texture":"#2"},"west":{"uv":[5.5,8.0,4.0,9.0],"texture":"#2"},"up":{"uv":[8.5,4.0,7.0,5.5],"texture":"#2","rotation":90},"down":{"uv":[8.5,7.5,7.0,6.0],"texture":"#2","rotation":270}}},{"from":[12.14,1.5,6.235],"to":[15.64,5.0,6.265],"rotation":{"origin":[13.89,3.25,6.25],"axis":"z","angle":-22.5},"faces":{"north":{"uv":[0.0,0.0,3.5,3.5],"texture":"#2"},"south":{"uv":[3.5,0.0,0.0,3.5],"texture":"#2"}}},{"from":[12.14,-2.0,6.235],"to":[14.64,0.5,6.265],"rotation":{"origin":[13.39,-0.75,6.25],"axis":"z","angle":22.5},"faces":{"north":{"uv":[0.0,4.0,2.5,6.5],"texture":"#2"},"south":{"uv":[2.5,4.0,0.0,6.5],"texture":"#2"}}},{"from":[1.36,-2.0,6.235],"to":[3.86,0.5,6.265],"rotation":{"origin":[2.61,-0.75,6.25],"axis":"z","angle":-22.5},"faces":{"north":{"uv":[2.5,4.0,0.0,6.5],"texture":"#2"},"south":{"uv":[0.0,4.0,2.5,6.5],"texture":"#2"}}},{"from":[0.36,1.5,6.235],"to":[3.86,5.0,6.265],"rotation":{"origin":[2.11,3.25,6.25],"axis":"z","angle":22.5},"faces":{"north":{"uv":[3.5,0.0,0.0,3.5],"texture":"#2"},"south":{"uv":[0.0,0.0,3.5,3.5],"texture":"#2"}}},{"from":[11.0625,9.375,6.025],"to":[12.0125,13.175,6.975],"rotation":{"origin":[12.25,12.1125,6.5],"axis":"z","angle":-45.0},"faces":{"north":{"uv":[5.0,0.0,6.0,4.0],"texture":"#2"},"east":{"uv":[4.0,0.0,5.0,4.0],"texture":"#2"},"south":{"uv":[3.0,4.0,4.0,8.0],"texture":"#2"},"west":{"uv":[4.0,4.0,5.0,8.0],"texture":"#2"},"up":{"uv":[10.0,1.0,9.0,0.0],"texture":"#2","rotation":90},"down":{"uv":[10.0,1.0,9.0,2.0],"texture":"#2","rotation":270}}},{"from":[12.0125,12.225,6.025],"to":[12.4875,13.175,6.975],"rotation":{"origin":[12.25,12.1125,6.5],"axis":"z","angle":-45.0},"faces":{"north":{"uv":[4.0,9.0,4.5,10.0],"texture":"#2"},"south":{"uv":[9.0,3.0,9.5,4.0],"texture":"#2"},"up":{"uv":[10.0,4.5,9.0,4.0],"texture":"#2","rotation":90},"down":{"uv":[6.0,9.0,5.0,9.5],"texture":"#2","rotation":270}}},{"from":[12.4875,11.275,6.025],"to":[13.4375,13.175,6.975],"rotation":{"origin":[12.25,12.1125,6.5],"axis":"z","angle":-45.0},"faces":{"north":{"uv":[3.0,8.0,4.0,10.0],"texture":"#2"},"east":{"uv":[2.0,7.0,3.0,9.0],"texture":"#2"},"south":{"uv":[8.0,0.0,9.0,2.0],"texture":"#2"},"west":{"uv":[8.0,2.0,9.0,4.0],"texture":"#2"},"up":{"uv":[3.0,10.0,2.0,9.0],"texture":"#2","rotation":90},"down":{"uv":[10.0,2.0,9.0,3.0],"texture":"#2","rotation":270}}},{"from":[3.9875,9.375,6.025],"to":[4.9375,13.175,6.975],"rotation":{"origin":[3.75,12.1125,6.5],"axis":"z","angle":45.0},"faces":{"north":{"uv":[6.0,0.0,5.0,4.0],"texture":"#2"},"east":{"uv":[5.0,4.0,4.0,8.0],"texture":"#2"},"south":{"uv":[4.0,4.0,3.0,8.0],"texture":"#2"},"west":{"uv":[5.0,0.0,4.0,4.0],"texture":"#2"},"up":{"uv":[10.0,0.0,9.0,1.0],"texture":"#2","rotation":90},"down":{"uv":[10.0,2.0,9.0,1.0],"texture":"#2","rotation":270}}},{"from":[3.5125,12.225,6.025],"to":[3.9875,13.175,6.975],"rotation":{"origin":[3.75,12.1125,6.5],"axis":"z","angle":45.0},"faces":{"north":{"uv":[4.5,9.0,4.0,10.0],"texture":"#2"},"south":{"uv":[9.5,3.0,9.0,4.0],"texture":"#2"},"up":{"uv":[10.0,4.0,9.0,4.5],"texture":"#2","rotation":90},"down":{"uv":[6.0,9.5,5.0,9.0],"texture":"#2","rotation":270}}},{"from":[2.5625,11.275,6.025],"to":[3.5125,13.175,6.975],"rotation":{"origin":[3.75,12.1125,6.5],"axis":"z","angle":45.0},"faces":{"north":{"uv":[4.0,8.0,3.0,10.0],"texture":"#2"},"east":{"uv":[9.0,2.0,8.0,4.0],"texture":"#2"},"south":{"uv":[9.0,0.0,8.0,2.0],"texture":"#2"},"west":{"uv":[3.0,7.0,2.0,9.0],"texture":"#2"},"up":{"uv":[3.0,9.0,2.0,10.0],"texture":"#2","rotation":90},"down":{"uv":[10.0,3.0,9.0,2.0],"texture":"#2","rotation":270}}}],"textures":{"particle":"merry_christmasset/shield","1":"merry_christmasset/shield","2":"merry_christmasset/detail"},"gui_light":"front"}