{"display":{"thirdperson_righthand":{"translation":[0.0,-3.25,1.0]},"thirdperson_lefthand":{"translation":[0.0,-3.25,1.0]},"firstperson_righthand":{"rotation":[-10.0,0.0,0.0],"translation":[0.0,-4.75,0.0]},"firstperson_lefthand":{"rotation":[-10.0,0.0,0.0],"translation":[0.0,-4.75,0.0]},"ground":{"rotation":[-45.0,0.0,0.0],"translation":[0.0,3.0,0.0],"scale":[0.7,0.7,0.7]},"gui":{"rotation":[-90.0,45.0,90.0],"translation":[4.25,-4.25,0.0],"scale":[0.7,0.7,0.7]},"head":{"rotation":[0.0,-90.0,0.0]},"fixed":{"rotation":[0.0,-90.0,0.0],"translation":[0.0,-8.5,-1.25],"scale":[2.0,2.0,2.0]}},"elements":[{"from":[7.5,12.25,7.5],"to":[8.5,16.25,8.5],"rotation":{"origin":[7.5,11.25,7.5],"axis":"y","angle":0.0},"faces":{"north":{"uv":[2.66667,9.33333,3.33333,12.0],"texture":"#particle"},"east":{"uv":[3.33333,9.33333,4.0,12.0],"texture":"#particle"},"south":{"uv":[9.33333,7.33333,10.0,10.0],"texture":"#particle"},"west":{"uv":[10.0,2.0,10.66667,4.66667],"texture":"#particle"}}},{"from":[7.25,0.35,7.25],"to":[8.75,1.85,8.75],"rotation":{"origin":[8.0,1.1,8.0],"axis":"x","angle":-45.0},"faces":{"north":{"uv":[10.66667,6.66667,11.66667,7.66667],"texture":"#particle"},"east":{"uv":[7.33333,10.66667,8.33333,11.66667],"texture":"#particle"},"south":{"uv":[10.66667,8.0,11.66667,9.0],"texture":"#particle"},"west":{"uv":[10.66667,9.33333,11.66667,10.33333],"texture":"#particle"},"up":{"uv":[11.66667,11.66667,10.66667,10.66667],"texture":"#particle"},"down":{"uv":[5.0,11.33333,4.0,12.33333],"texture":"#particle"}}},{"from":[7.3,11.75,7.3],"to":[8.7,12.25,8.7],"rotation":{"origin":[7.5,11.75,7.5],"axis":"y","angle":0.0},"faces":{"north":{"uv":[13.33333,2.66667,14.33333,3.0],"texture":"#particle"},"east":{"uv":[3.33333,13.33333,4.33333,13.66667],"texture":"#particle"},"south":{"uv":[13.33333,3.33333,14.33333,3.66667],"texture":"#particle"},"west":{"uv":[13.33333,4.0,14.33333,4.33333],"texture":"#particle"},"up":{"uv":[12.33333,5.66667,11.33333,4.66667],"texture":"#particle"},"down":{"uv":[6.33333,11.33333,5.33333,12.33333],"texture":"#particle"}}},{"from":[7.3,16.25,7.3],"to":[8.7,16.75,8.7],"rotation":{"origin":[7.5,12.75,7.5],"axis":"y","angle":0.0},"faces":{"north":{"uv":[4.66667,13.33333,5.66667,13.66667],"texture":"#particle"},"east":{"uv":[13.33333,4.66667,14.33333,5.0],"texture":"#particle"},"south":{"uv":[13.33333,5.33333,14.33333,5.66667],"texture":"#particle"},"west":{"uv":[6.0,13.33333,7.0,13.66667],"texture":"#particle"},"down":{"uv":[1.0,12.0,0.0,13.0],"texture":"#particle"}}},{"from":[7.5,2.25,7.5],"to":[8.5,6.25,8.5],"rotation":{"origin":[7.5,12.25,7.5],"axis":"y","angle":0.0},"faces":{"north":{"uv":[10.0,4.66667,10.66667,7.33333],"texture":"#particle"},"east":{"uv":[10.0,7.33333,10.66667,10.0],"texture":"#particle"},"south":{"uv":[9.33333,10.0,10.0,12.66667],"texture":"#particle"},"west":{"uv":[10.0,10.0,10.66667,12.66667],"texture":"#particle"}}},{"from":[7.3,1.75,7.3],"to":[8.7,2.25,8.7],"rotation":{"origin":[7.5,12.75,7.5],"axis":"y","angle":0.0},"faces":{"north":{"uv":[13.33333,10.0,14.33333,10.33333],"texture":"#particle"},"east":{"uv":[13.33333,10.66667,14.33333,11.0],"texture":"#particle"},"south":{"uv":[11.33333,13.33333,12.33333,13.66667],"texture":"#particle"},"west":{"uv":[13.33333,11.33333,14.33333,11.66667],"texture":"#particle"},"up":{"uv":[13.0,12.33333,12.0,11.33333],"texture":"#particle"},"down":{"uv":[13.66667,0.0,12.66667,1.0],"texture":"#particle"}}},{"from":[6.5,21.75,6.5],"to":[9.5,24.25,9.5],"rotation":{"origin":[6.5,13.25,6.5],"axis":"y","angle":0.0},"faces":{"north":{"uv":[0.0,6.66667,2.0,8.33333],"texture":"#particle"},"east":{"uv":[6.66667,5.33333,8.66667,7.0],"texture":"#particle"},"south":{"uv":[7.33333,0.0,9.33333,1.66667],"texture":"#particle"},"west":{"uv":[2.0,7.33333,4.0,9.0],"texture":"#particle"},"down":{"uv":[6.66667,5.33333,4.66667,7.33333],"texture":"#particle"}}},{"from":[6.25,24.25,6.25],"to":[9.75,25.25,9.75],"rotation":{"origin":[6.5,13.25,6.5],"axis":"y","angle":0.0},"faces":{"north":{"uv":[10.66667,2.66667,13.0,3.33333],"texture":"#particle"},"east":{"uv":[10.66667,3.33333,13.0,4.0],"texture":"#particle"},"south":{"uv":[4.0,10.66667,6.33333,11.33333],"texture":"#particle"},"west":{"uv":[10.66667,4.0,13.0,4.66667],"texture":"#particle"},"up":{"uv":[4.33333,5.0,2.0,2.66667],"texture":"#particle"},"down":{"uv":[7.0,2.66667,4.66667,5.0],"texture":"#particle"}}},{"from":[6.15,18.15,6.875],"to":[7.15,19.15,7.875],"rotation":{"origin":[6.15,18.15,6.875],"axis":"y","angle":0.0},"faces":{"north":{"uv":[1.33333,8.66667,2.0,9.33333],"texture":"#particle"},"east":{"uv":[11.33333,6.0,12.0,6.66667],"texture":"#particle"},"south":{"uv":[12.66667,1.33333,13.33333,2.0],"texture":"#particle"},"west":{"uv":[12.66667,2.0,13.33333,2.66667],"texture":"#particle"},"up":{"uv":[4.66667,13.33333,4.0,12.66667],"texture":"#particle"},"down":{"uv":[5.33333,12.66667,4.66667,13.33333],"texture":"#particle"}}},{"from":[6.4,19.75,6.75],"to":[6.43,23.75,9.25],"rotation":{"origin":[6.415,21.75,8.0],"axis":"z","angle":22.5},"faces":{"east":{"uv":[7.0,0.0,5.33333,2.66667],"texture":"#particle"},"west":{"uv":[5.33333,0.0,7.0,2.66667],"texture":"#particle"}}},{"from":[6.75,19.5,6.83579],"to":[7.25,21.0,8.33579],"rotation":{"origin":[6.75,19.25,6.58579],"axis":"x","angle":45.0},"faces":{"north":{"uv":[13.33333,6.0,13.66667,7.0],"texture":"#particle"},"east":{"uv":[2.66667,12.0,3.66667,13.0],"texture":"#particle"},"south":{"uv":[7.33333,13.33333,7.66667,14.33333],"texture":"#particle"},"west":{"uv":[12.0,6.0,13.0,7.0],"texture":"#particle"},"up":{"uv":[13.66667,8.33333,13.33333,7.33333],"texture":"#particle"},"down":{"uv":[8.33333,13.33333,8.0,14.33333],"texture":"#particle"}}},{"from":[7.175,18.25,4.0],"to":[7.205,22.25,12.0],"rotation":{"origin":[6.175,17.0,5.0],"axis":"y","angle":0.0},"faces":{"east":{"uv":[5.33333,0.0,0.0,2.66667],"texture":"#particle"},"west":{"uv":[0.0,0.0,5.33333,2.66667],"texture":"#particle"}}},{"from":[6.15,18.15,8.125],"to":[7.15,19.15,9.125],"rotation":{"origin":[6.15,18.15,9.125],"axis":"y","angle":0.0},"faces":{"north":{"uv":[12.66667,4.66667,13.33333,5.33333],"texture":"#particle"},"east":{"uv":[5.33333,12.66667,6.0,13.33333],"texture":"#particle"},"south":{"uv":[12.66667,5.33333,13.33333,6.0],"texture":"#particle"},"west":{"uv":[6.0,12.66667,6.66667,13.33333],"texture":"#particle"},"up":{"uv":[7.33333,13.33333,6.66667,12.66667],"texture":"#particle"},"down":{"uv":[10.0,12.66667,9.33333,13.33333],"texture":"#particle"}}},{"from":[6.15,19.4,7.5],"to":[7.15,20.4,8.5],"rotation":{"origin":[6.15,19.4,7.5],"axis":"y","angle":0.0},"faces":{"north":{"uv":[10.0,12.66667,10.66667,13.33333],"texture":"#particle"},"east":{"uv":[12.0,12.66667,12.66667,13.33333],"texture":"#particle"},"south":{"uv":[12.66667,12.66667,13.33333,13.33333],"texture":"#particle"},"west":{"uv":[0.0,13.33333,0.66667,14.0],"texture":"#particle"},"up":{"uv":[1.33333,14.0,0.66667,13.33333],"texture":"#particle"},"down":{"uv":[14.0,1.33333,13.33333,2.0],"texture":"#particle"}}},{"from":[6.9,17.51256,4.57322],"to":[6.93,20.01256,8.57322],"rotation":{"origin":[6.75,18.01256,7.82322],"axis":"x","angle":-45.0},"faces":{"east":{"uv":[4.66667,5.33333,2.0,7.0],"texture":"#particle"},"west":{"uv":[2.0,5.33333,4.66667,7.0],"texture":"#particle"}}},{"from":[6.9,17.51256,7.42678],"to":[6.93,20.01256,11.42678],"rotation":{"origin":[6.75,18.01256,8.17678],"axis":"x","angle":45.0},"faces":{"east":{"uv":[2.0,5.33333,4.66667,7.0],"texture":"#particle"},"west":{"uv":[4.66667,5.33333,2.0,7.0],"texture":"#particle"}}},{"from":[8.85,18.15,6.875],"to":[9.85,19.15,7.875],"rotation":{"origin":[9.85,18.15,6.875],"axis":"y","angle":0.0},"faces":{"north":{"uv":[2.0,8.66667,1.33333,9.33333],"texture":"#particle"},"east":{"uv":[13.33333,2.0,12.66667,2.66667],"texture":"#particle"},"south":{"uv":[13.33333,1.33333,12.66667,2.0],"texture":"#particle"},"west":{"uv":[12.0,6.0,11.33333,6.66667],"texture":"#particle"},"up":{"uv":[4.0,13.33333,4.66667,12.66667],"texture":"#particle"},"down":{"uv":[4.66667,12.66667,5.33333,13.33333],"texture":"#particle"}}},{"from":[9.57,19.75,6.75],"to":[9.6,23.75,9.25],"rotation":{"origin":[9.585,21.75,8.0],"axis":"z","angle":-22.5},"faces":{"east":{"uv":[7.0,0.0,5.33333,2.66667],"texture":"#particle"},"west":{"uv":[5.33333,0.0,7.0,2.66667],"texture":"#particle"}}},{"from":[8.75,19.5,6.83579],"to":[9.25,21.0,8.33579],"rotation":{"origin":[9.25,19.25,6.58579],"axis":"x","angle":45.0},"faces":{"north":{"uv":[13.66667,6.0,13.33333,7.0],"texture":"#particle"},"east":{"uv":[13.0,6.0,12.0,7.0],"texture":"#particle"},"south":{"uv":[7.66667,13.33333,7.33333,14.33333],"texture":"#particle"},"west":{"uv":[3.66667,12.0,2.66667,13.0],"texture":"#particle"},"up":{"uv":[13.33333,8.33333,13.66667,7.33333],"texture":"#particle"},"down":{"uv":[8.0,13.33333,8.33333,14.33333],"texture":"#particle"}}},{"from":[8.795,18.25,4.0],"to":[8.825,22.25,12.0],"rotation":{"origin":[9.825,17.0,5.0],"axis":"y","angle":0.0},"faces":{"east":{"uv":[5.33333,0.0,0.0,2.66667],"texture":"#particle"},"west":{"uv":[0.0,0.0,5.33333,2.66667],"texture":"#particle"}}},{"from":[8.85,18.15,8.125],"to":[9.85,19.15,9.125],"rotation":{"origin":[9.85,18.15,9.125],"axis":"y","angle":0.0},"faces":{"north":{"uv":[13.33333,4.66667,12.66667,5.33333],"texture":"#particle"},"east":{"uv":[6.66667,12.66667,6.0,13.33333],"texture":"#particle"},"south":{"uv":[13.33333,5.33333,12.66667,6.0],"texture":"#particle"},"west":{"uv":[6.0,12.66667,5.33333,13.33333],"texture":"#particle"},"up":{"uv":[6.66667,13.33333,7.33333,12.66667],"texture":"#particle"},"down":{"uv":[9.33333,12.66667,10.0,13.33333],"texture":"#particle"}}},{"from":[8.85,19.4,7.5],"to":[9.85,20.4,8.5],"rotation":{"origin":[9.85,19.4,7.5],"axis":"y","angle":0.0},"faces":{"north":{"uv":[10.66667,12.66667,10.0,13.33333],"texture":"#particle"},"east":{"uv":[0.66667,13.33333,0.0,14.0],"texture":"#particle"},"south":{"uv":[13.33333,12.66667,12.66667,13.33333],"texture":"#particle"},"west":{"uv":[12.66667,12.66667,12.0,13.33333],"texture":"#particle"},"up":{"uv":[0.66667,14.0,1.33333,13.33333],"texture":"#particle"},"down":{"uv":[13.33333,1.33333,14.0,2.0],"texture":"#particle"}}},{"from":[9.07,17.51256,4.57322],"to":[9.1,20.01256,8.57322],"rotation":{"origin":[9.25,18.01256,7.82322],"axis":"x","angle":-45.0},"faces":{"east":{"uv":[4.66667,5.33333,2.0,7.0],"texture":"#particle"},"west":{"uv":[2.0,5.33333,4.66667,7.0],"texture":"#particle"}}},{"from":[9.07,17.51256,7.42678],"to":[9.1,20.01256,11.42678],"rotation":{"origin":[9.25,18.01256,8.17678],"axis":"x","angle":45.0},"faces":{"east":{"uv":[2.0,5.33333,4.66667,7.0],"texture":"#particle"},"west":{"uv":[4.66667,5.33333,2.0,7.0],"texture":"#particle"}}},{"from":[7.25,16.75,7.25],"to":[8.75,21.75,8.75],"rotation":{"origin":[7.25,16.75,7.25],"axis":"y","angle":0.0},"faces":{"north":{"uv":[7.33333,2.0,8.33333,5.33333],"texture":"#particle"},"east":{"uv":[4.0,7.33333,5.0,10.66667],"texture":"#particle"},"south":{"uv":[5.33333,7.33333,6.33333,10.66667],"texture":"#particle"},"west":{"uv":[6.66667,7.33333,7.66667,10.66667],"texture":"#particle"},"up":{"uv":[8.33333,13.0,7.33333,12.0],"texture":"#particle"},"down":{"uv":[13.0,7.33333,12.0,8.33333],"texture":"#particle"}}},{"from":[7.25,6.75,7.25],"to":[8.75,11.75,8.75],"rotation":{"origin":[7.25,16.75,7.25],"axis":"y","angle":0.0},"faces":{"north":{"uv":[8.0,7.33333,9.0,10.66667],"texture":"#particle"},"east":{"uv":[0.0,8.66667,1.0,12.0],"texture":"#particle"},"south":{"uv":[8.66667,2.0,9.66667,5.33333],"texture":"#particle"},"west":{"uv":[1.33333,9.33333,2.33333,12.66667],"texture":"#particle"},"up":{"uv":[13.0,11.0,12.0,10.0],"texture":"#particle"},"down":{"uv":[11.66667,12.0,10.66667,13.0],"texture":"#particle"}}},{"from":[7.3,6.25,7.3],"to":[8.7,6.75,8.7],"rotation":{"origin":[7.5,12.75,7.5],"axis":"y","angle":0.0},"faces":{"north":{"uv":[8.66667,13.33333,9.66667,13.66667],"texture":"#particle"},"east":{"uv":[13.33333,8.66667,14.33333,9.0],"texture":"#particle"},"south":{"uv":[13.33333,9.33333,14.33333,9.66667],"texture":"#particle"},"west":{"uv":[10.0,13.33333,11.0,13.66667],"texture":"#particle"},"down":{"uv":[13.0,8.66667,12.0,9.66667],"texture":"#particle"}}},{"from":[7.5,25.25,6.75],"to":[8.5,26.75,9.25],"rotation":{"origin":[7.5,26.25,7.25],"axis":"y","angle":0.0},"faces":{"north":{"uv":[8.66667,10.66667,9.33333,11.66667],"texture":"#particle"},"east":{"uv":[10.66667,0.0,12.33333,1.0],"texture":"#particle"},"south":{"uv":[8.66667,12.0,9.33333,13.0],"texture":"#particle"},"west":{"uv":[10.66667,1.33333,12.33333,2.33333],"texture":"#particle"},"up":{"uv":[11.33333,6.33333,10.66667,4.66667],"texture":"#particle"},"down":{"uv":[7.33333,10.66667,6.66667,12.33333],"texture":"#particle"}}},{"from":[7.75,26.75,7.25],"to":[8.25,29.75,8.75],"rotation":{"origin":[7.75,26.75,7.25],"axis":"y","angle":0.0},"faces":{"north":{"uv":[1.33333,12.66667,1.66667,14.66667],"texture":"#particle"},"east":{"uv":[8.66667,5.33333,9.66667,7.33333],"texture":"#particle"},"south":{"uv":[2.0,12.66667,2.33333,14.66667],"texture":"#particle"},"west":{"uv":[9.33333,0.0,10.33333,2.0],"texture":"#particle"}}},{"from":[7.749,28.99693,8.0],"to":[8.251,30.06193,9.065],"rotation":{"origin":[7.749,28.99693,8.0],"axis":"x","angle":-45.0},"faces":{"north":{"uv":[13.33333,12.0,13.66667,12.66667],"texture":"#particle"},"east":{"uv":[13.33333,2.0,14.0,2.66667],"texture":"#particle"},"south":{"uv":[12.66667,13.33333,13.0,14.0],"texture":"#particle"},"west":{"uv":[2.66667,13.33333,3.33333,14.0],"texture":"#particle"},"up":{"uv":[13.66667,13.33333,13.33333,12.66667],"texture":"#particle"},"down":{"uv":[13.66667,13.33333,13.33333,14.0],"texture":"#particle"}}},{"from":[7.985,26.75,6.75],"to":[8.015,32.0,9.25],"rotation":{"origin":[7.985,26.75,7.25],"axis":"y","angle":0.0},"faces":{"east":{"uv":[1.66667,2.66667,0.0,6.33333],"texture":"#particle"},"west":{"uv":[0.0,2.66667,1.66667,6.33333],"texture":"#particle"}}},{"from":[7.3625,16.26304,5.8912],"to":[8.6375,17.53804,7.1662],"rotation":{"origin":[8.0,15.94429,6.5287],"axis":"x","angle":22.5},"faces":{"north":{"uv":[5.0,4.0,6.5,5.5],"texture":"#2"},"east":{"uv":[6.0,0.0,7.5,1.5],"texture":"#2"},"south":{"uv":[6.0,2.0,7.5,3.5],"texture":"#2"},"west":{"uv":[5.0,6.0,6.5,7.5],"texture":"#2"},"up":{"uv":[1.5,8.5,0.0,7.0],"texture":"#2"}}},{"from":[7.15,15.41304,5.6787],"to":[8.85,16.26304,7.3787],"rotation":{"origin":[8.0,15.94429,6.5287],"axis":"x","angle":22.5},"faces":{"north":{"uv":[4.0,8.0,5.5,9.0],"texture":"#2"},"east":{"uv":[6.0,8.0,7.5,9.0],"texture":"#2"},"south":{"uv":[8.0,8.0,9.5,9.0],"texture":"#2"},"west":{"uv":[0.0,9.0,1.5,10.0],"texture":"#2"},"up":{"uv":[8.5,5.5,7.0,4.0],"texture":"#2"},"down":{"uv":[8.5,6.0,7.0,7.5],"texture":"#2"}}},{"from":[7.3625,16.26304,8.8338],"to":[8.6375,17.53804,10.1088],"rotation":{"origin":[8.0,15.94429,9.4713],"axis":"x","angle":-22.5},"faces":{"north":{"uv":[7.5,2.0,6.0,3.5],"texture":"#2"},"east":{"uv":[7.5,0.0,6.0,1.5],"texture":"#2"},"south":{"uv":[6.5,4.0,5.0,5.5],"texture":"#2"},"west":{"uv":[6.5,6.0,5.0,7.5],"texture":"#2"},"up":{"uv":[1.5,7.0,0.0,8.5],"texture":"#2"}}},{"from":[7.15,15.41304,8.6213],"to":[8.85,16.26304,10.3213],"rotation":{"origin":[8.0,15.94429,9.4713],"axis":"x","angle":-22.5},"faces":{"north":{"uv":[9.5,8.0,8.0,9.0],"texture":"#2"},"east":{"uv":[7.5,8.0,6.0,9.0],"texture":"#2"},"south":{"uv":[5.5,8.0,4.0,9.0],"texture":"#2"},"west":{"uv":[1.5,9.0,0.0,10.0],"texture":"#2"},"up":{"uv":[8.5,4.0,7.0,5.5],"texture":"#2"},"down":{"uv":[8.5,7.5,7.0,6.0],"texture":"#2"}}},{"from":[7.525,22.75,5.3],"to":[8.475,26.55,6.25],"rotation":{"origin":[8.0,25.3625,5.0625],"axis":"x","angle":-22.5},"faces":{"north":{"uv":[4.0,0.0,5.0,4.0],"texture":"#2"},"east":{"uv":[3.0,4.0,4.0,8.0],"texture":"#2"},"south":{"uv":[4.0,4.0,5.0,8.0],"texture":"#2"},"west":{"uv":[5.0,0.0,6.0,4.0],"texture":"#2"},"up":{"uv":[10.0,1.0,9.0,0.0],"texture":"#2"},"down":{"uv":[10.0,1.0,9.0,2.0],"texture":"#2"}}},{"from":[7.525,25.6,4.825],"to":[8.475,26.55,5.3],"rotation":{"origin":[8.0,25.3625,5.0625],"axis":"x","angle":-22.5},"faces":{"east":{"uv":[9.0,3.0,9.5,4.0],"texture":"#2"},"west":{"uv":[4.0,9.0,4.5,10.0],"texture":"#2"},"up":{"uv":[10.0,4.5,9.0,4.0],"texture":"#2"},"down":{"uv":[6.0,9.0,5.0,9.5],"texture":"#2"}}},{"from":[7.525,24.65,3.875],"to":[8.475,26.55,4.825],"rotation":{"origin":[8.0,25.3625,5.0625],"axis":"x","angle":-22.5},"faces":{"north":{"uv":[2.0,7.0,3.0,9.0],"texture":"#2"},"east":{"uv":[8.0,0.0,9.0,2.0],"texture":"#2"},"south":{"uv":[8.0,2.0,9.0,4.0],"texture":"#2"},"west":{"uv":[3.0,8.0,4.0,10.0],"texture":"#2"},"up":{"uv":[3.0,10.0,2.0,9.0],"texture":"#2"},"down":{"uv":[10.0,2.0,9.0,3.0],"texture":"#2"}}},{"from":[7.525,22.75,9.75],"to":[8.475,26.55,10.7],"rotation":{"origin":[8.0,25.3625,10.9375],"axis":"x","angle":22.5},"faces":{"north":{"uv":[5.0,4.0,4.0,8.0],"texture":"#2"},"east":{"uv":[4.0,4.0,3.0,8.0],"texture":"#2"},"south":{"uv":[5.0,0.0,4.0,4.0],"texture":"#2"},"west":{"uv":[6.0,0.0,5.0,4.0],"texture":"#2"},"up":{"uv":[10.0,0.0,9.0,1.0],"texture":"#2"},"down":{"uv":[10.0,2.0,9.0,1.0],"texture":"#2"}}},{"from":[7.525,25.6,10.7],"to":[8.475,26.55,11.175],"rotation":{"origin":[8.0,25.3625,10.9375],"axis":"x","angle":22.5},"faces":{"east":{"uv":[9.5,3.0,9.0,4.0],"texture":"#2"},"west":{"uv":[4.5,9.0,4.0,10.0],"texture":"#2"},"up":{"uv":[10.0,4.0,9.0,4.5],"texture":"#2"},"down":{"uv":[6.0,9.5,5.0,9.0],"texture":"#2"}}},{"from":[7.525,24.65,11.175],"to":[8.475,26.55,12.125],"rotation":{"origin":[8.0,25.3625,10.9375],"axis":"x","angle":22.5},"faces":{"north":{"uv":[9.0,2.0,8.0,4.0],"texture":"#2"},"east":{"uv":[9.0,0.0,8.0,2.0],"texture":"#2"},"south":{"uv":[3.0,7.0,2.0,9.0],"texture":"#2"},"west":{"uv":[4.0,8.0,3.0,10.0],"texture":"#2"},"up":{"uv":[3.0,9.0,2.0,10.0],"texture":"#2"},"down":{"uv":[10.0,3.0,9.0,2.0],"texture":"#2"}}}],"textures":{"particle":"merry_christmasset/spear","2":"merry_christmasset/detail"},"gui_light":"front"}