{"display":{"gui":{"rotation":[-178.0,-50.75,180.0],"translation":[1.5,5.75,0.0],"scale":[0.92578,0.92578,0.92578]},"head":{"translation":[0.0,-49.5,-0.75],"scale":[3.4,3.4,3.4]}},"elements":[{"from":[2.995,-12.505,6.995],"to":[6.505,-10.995,9.505],"rotation":{"origin":[4.0,-13.5,7.0],"axis":"z","angle":-22.5},"faces":{"north":{"uv":[8.0,0.0,11.5,1.5],"texture":"#0"},"east":{"uv":[8.0,3.0,10.5,4.5],"texture":"#0"},"south":{"uv":[8.0,1.5,11.5,3.0],"texture":"#0"},"west":{"uv":[8.0,4.5,10.5,6.0],"texture":"#0"},"up":{"uv":[8.0,2.5,4.5,0.0],"texture":"#0"},"down":{"uv":[8.0,2.5,4.5,5.0],"texture":"#0"}}},{"from":[3.75,-14.375,7.0],"to":[7.25,-12.375,7.5],"rotation":{"origin":[4.75,-15.375,7.0],"axis":"z","angle":22.5},"faces":{"north":{"uv":[4.5,5.0,8.0,7.0],"texture":"#0"},"east":{"uv":[9.5,7.0,10.0,9.0],"texture":"#0"},"south":{"uv":[8.0,5.0,4.5,7.0],"texture":"#0"},"west":{"uv":[9.5,9.0,10.0,11.0],"texture":"#0"},"up":{"uv":[13.0,6.5,9.5,6.0],"texture":"#0"},"down":{"uv":[13.0,6.5,9.5,7.0],"texture":"#0"}}},{"from":[2.75,-14.375,7.0],"to":[3.75,-12.375,7.0],"rotation":{"origin":[4.75,-15.375,7.0],"axis":"z","angle":22.5},"faces":{"north":{"uv":[6.0,9.0,7.0,11.0],"texture":"#0"},"east":{"uv":[0.0,0.0,0.0,2.0],"texture":"#0"},"south":{"uv":[7.0,9.0,6.0,11.0],"texture":"#0"},"west":{"uv":[0.0,0.0,0.0,2.0],"texture":"#0"},"up":{"uv":[1.0,0.0,0.0,0.0],"texture":"#0"},"down":{"uv":[1.0,0.0,0.0,0.0],"texture":"#0"}}},{"from":[2.75,-12.375,7.0],"to":[3.75,-12.375,7.5],"rotation":{"origin":[4.75,-15.375,7.0],"axis":"z","angle":22.5},"faces":{"north":{"uv":[0.0,0.0,1.0,0.0],"texture":"#0"},"east":{"uv":[0.0,0.0,0.5,0.0],"texture":"#0"},"south":{"uv":[0.0,0.0,1.0,0.0],"texture":"#0"},"west":{"uv":[0.0,0.0,0.5,0.0],"texture":"#0"},"up":{"uv":[11.0,7.5,10.0,7.0],"texture":"#0"},"down":{"uv":[11.0,7.5,10.0,8.0],"texture":"#0"}}},{"from":[3.75,-14.375,9.0],"to":[7.25,-12.375,9.5],"rotation":{"origin":[4.75,-15.375,9.5],"axis":"z","angle":22.5},"faces":{"north":{"uv":[4.5,5.0,8.0,7.0],"texture":"#0"},"east":{"uv":[10.0,7.0,9.5,9.0],"texture":"#0"},"south":{"uv":[8.0,5.0,4.5,7.0],"texture":"#0"},"west":{"uv":[10.0,9.0,9.5,11.0],"texture":"#0"},"up":{"uv":[13.0,6.0,9.5,6.5],"texture":"#0"},"down":{"uv":[13.0,7.0,9.5,6.5],"texture":"#0"}}},{"from":[2.75,-14.375,9.5],"to":[3.75,-12.375,9.5],"rotation":{"origin":[4.75,-15.375,9.5],"axis":"z","angle":22.5},"faces":{"north":{"uv":[6.0,9.0,7.0,11.0],"texture":"#0"},"east":{"uv":[0.0,0.0,0.0,2.0],"texture":"#0"},"south":{"uv":[7.0,9.0,6.0,11.0],"texture":"#0"},"west":{"uv":[0.0,0.0,0.0,2.0],"texture":"#0"},"up":{"uv":[1.0,0.0,0.0,0.0],"texture":"#0"},"down":{"uv":[1.0,0.0,0.0,0.0],"texture":"#0"}}},{"from":[2.75,-12.375,9.0],"to":[3.75,-12.375,9.5],"rotation":{"origin":[4.75,-15.375,9.5],"axis":"z","angle":22.5},"faces":{"north":{"uv":[1.0,0.0,0.0,0.0],"texture":"#0"},"east":{"uv":[0.5,0.0,0.0,0.0],"texture":"#0"},"south":{"uv":[1.0,0.0,0.0,0.0],"texture":"#0"},"west":{"uv":[0.5,0.0,0.0,0.0],"texture":"#0"},"up":{"uv":[11.0,7.0,10.0,7.5],"texture":"#0"},"down":{"uv":[11.0,8.0,10.0,7.5],"texture":"#0"}}},{"from":[1.5,-11.0,7.0],"to":[3.0,-11.0,9.5],"rotation":{"origin":[4.0,-13.5,7.0],"axis":"z","angle":-22.5},"faces":{"north":{"uv":[0.0,0.0,1.5,0.0],"texture":"#0"},"east":{"uv":[0.0,0.0,2.5,0.0],"texture":"#0"},"south":{"uv":[0.0,0.0,1.5,0.0],"texture":"#0"},"west":{"uv":[0.0,0.0,2.5,0.0],"texture":"#0"},"up":{"uv":[9.5,8.5,8.0,6.0],"texture":"#0"},"down":{"uv":[9.5,6.0,8.0,8.5],"texture":"#0"}}},{"from":[1.5,-12.5,7.0],"to":[3.0,-11.0,7.0],"rotation":{"origin":[4.0,-13.5,7.0],"axis":"z","angle":-22.5},"faces":{"north":{"uv":[0.0,9.0,1.5,10.5],"texture":"#0"},"east":{"uv":[0.0,0.0,0.0,1.5],"texture":"#0"},"south":{"uv":[1.5,9.0,3.0,10.5],"texture":"#0"},"west":{"uv":[0.0,0.0,0.0,1.5],"texture":"#0"},"up":{"uv":[1.5,0.0,0.0,0.0],"texture":"#0"},"down":{"uv":[1.5,0.0,0.0,0.0],"texture":"#0"}}},{"from":[1.5,-12.5,9.5],"to":[3.0,-11.0,9.5],"rotation":{"origin":[4.0,-13.5,9.5],"axis":"z","angle":-22.5},"faces":{"north":{"uv":[3.0,9.0,4.5,10.5],"texture":"#0"},"east":{"uv":[0.0,0.0,0.0,1.5],"texture":"#0"},"south":{"uv":[4.5,9.0,6.0,10.5],"texture":"#0"},"west":{"uv":[0.0,0.0,0.0,1.5],"texture":"#0"},"up":{"uv":[1.5,0.0,0.0,0.0],"texture":"#0"},"down":{"uv":[1.5,0.0,0.0,0.0],"texture":"#0"}}},{"from":[5.125,-15.125,10.75],"to":[5.125,-10.625,15.25],"rotation":{"origin":[5.125,-15.125,10.75],"axis":"x","angle":-22.5},"faces":{"north":{"uv":[0.0,0.0,0.0,4.5],"texture":"#0"},"east":{"uv":[0.0,4.5,4.5,9.0],"texture":"#0"},"south":{"uv":[0.0,0.0,0.0,4.5],"texture":"#0"},"west":{"uv":[0.0,0.0,4.5,4.5],"texture":"#0"},"up":{"uv":[4.5,0.0,0.0,0.0],"texture":"#0","rotation":270},"down":{"uv":[4.5,0.0,0.0,0.0],"texture":"#0","rotation":90}}},{"from":[9.495,-12.505,6.995],"to":[13.005,-10.995,9.505],"rotation":{"origin":[12.0,-13.5,7.0],"axis":"z","angle":22.5},"faces":{"north":{"uv":[11.5,0.0,8.0,1.5],"texture":"#0"},"east":{"uv":[10.5,4.5,8.0,6.0],"texture":"#0"},"south":{"uv":[11.5,1.5,8.0,3.0],"texture":"#0"},"west":{"uv":[10.5,3.0,8.0,4.5],"texture":"#0"},"up":{"uv":[4.5,2.5,8.0,0.0],"texture":"#0"},"down":{"uv":[4.5,2.5,8.0,5.0],"texture":"#0"}}},{"from":[13.0,-11.0,7.0],"to":[14.5,-11.0,9.5],"rotation":{"origin":[12.0,-13.5,7.0],"axis":"z","angle":22.5},"faces":{"north":{"uv":[1.5,0.0,0.0,0.0],"texture":"#0"},"east":{"uv":[2.5,0.0,0.0,0.0],"texture":"#0"},"south":{"uv":[1.5,0.0,0.0,0.0],"texture":"#0"},"west":{"uv":[2.5,0.0,0.0,0.0],"texture":"#0"},"up":{"uv":[8.0,8.5,9.5,6.0],"texture":"#0"},"down":{"uv":[8.0,6.0,9.5,8.5],"texture":"#0"}}},{"from":[13.0,-12.5,7.0],"to":[14.5,-11.0,7.0],"rotation":{"origin":[12.0,-13.5,7.0],"axis":"z","angle":22.5},"faces":{"north":{"uv":[1.5,9.0,0.0,10.5],"texture":"#0"},"east":{"uv":[0.0,0.0,0.0,1.5],"texture":"#0"},"south":{"uv":[3.0,9.0,1.5,10.5],"texture":"#0"},"west":{"uv":[0.0,0.0,0.0,1.5],"texture":"#0"},"up":{"uv":[0.0,0.0,1.5,0.0],"texture":"#0"},"down":{"uv":[0.0,0.0,1.5,0.0],"texture":"#0"}}},{"from":[13.0,-12.5,9.5],"to":[14.5,-11.0,9.5],"rotation":{"origin":[12.0,-13.5,9.5],"axis":"z","angle":22.5},"faces":{"north":{"uv":[4.5,9.0,3.0,10.5],"texture":"#0"},"east":{"uv":[0.0,0.0,0.0,1.5],"texture":"#0"},"south":{"uv":[6.0,9.0,4.5,10.5],"texture":"#0"},"west":{"uv":[0.0,0.0,0.0,1.5],"texture":"#0"},"up":{"uv":[0.0,0.0,1.5,0.0],"texture":"#0"},"down":{"uv":[0.0,0.0,1.5,0.0],"texture":"#0"}}},{"from":[8.75,-14.375,7.0],"to":[12.25,-12.375,7.5],"rotation":{"origin":[11.25,-15.375,7.0],"axis":"z","angle":-22.5},"faces":{"north":{"uv":[8.0,5.0,4.5,7.0],"texture":"#0"},"east":{"uv":[10.0,9.0,9.5,11.0],"texture":"#0"},"south":{"uv":[4.5,5.0,8.0,7.0],"texture":"#0"},"west":{"uv":[10.0,7.0,9.5,9.0],"texture":"#0"},"up":{"uv":[9.5,6.5,13.0,6.0],"texture":"#0"},"down":{"uv":[9.5,6.5,13.0,7.0],"texture":"#0"}}},{"from":[12.25,-14.375,7.0],"to":[13.25,-12.375,7.0],"rotation":{"origin":[11.25,-15.375,7.0],"axis":"z","angle":-22.5},"faces":{"north":{"uv":[7.0,9.0,6.0,11.0],"texture":"#0"},"east":{"uv":[0.0,0.0,0.0,2.0],"texture":"#0"},"south":{"uv":[6.0,9.0,7.0,11.0],"texture":"#0"},"west":{"uv":[0.0,0.0,0.0,2.0],"texture":"#0"},"up":{"uv":[0.0,0.0,1.0,0.0],"texture":"#0"},"down":{"uv":[0.0,0.0,1.0,0.0],"texture":"#0"}}},{"from":[12.25,-12.375,7.0],"to":[13.25,-12.375,7.5],"rotation":{"origin":[11.25,-15.375,7.0],"axis":"z","angle":-22.5},"faces":{"north":{"uv":[1.0,0.0,0.0,0.0],"texture":"#0"},"east":{"uv":[0.5,0.0,0.0,0.0],"texture":"#0"},"south":{"uv":[1.0,0.0,0.0,0.0],"texture":"#0"},"west":{"uv":[0.5,0.0,0.0,0.0],"texture":"#0"},"up":{"uv":[10.0,7.5,11.0,7.0],"texture":"#0"},"down":{"uv":[10.0,7.5,11.0,8.0],"texture":"#0"}}},{"from":[10.875,-15.125,10.75],"to":[10.875,-10.625,15.25],"rotation":{"origin":[10.875,-15.125,10.75],"axis":"x","angle":-22.5},"faces":{"north":{"uv":[0.0,0.0,0.0,4.5],"texture":"#0"},"east":{"uv":[4.5,0.0,0.0,4.5],"texture":"#0"},"south":{"uv":[0.0,0.0,0.0,4.5],"texture":"#0"},"west":{"uv":[4.5,4.5,0.0,9.0],"texture":"#0"},"up":{"uv":[4.5,0.0,0.0,0.0],"texture":"#0","rotation":270},"down":{"uv":[4.5,0.0,0.0,0.0],"texture":"#0","rotation":90}}},{"from":[12.25,-12.375,9.0],"to":[13.25,-12.375,9.5],"rotation":{"origin":[11.25,-15.375,9.5],"axis":"z","angle":-22.5},"faces":{"north":{"uv":[0.0,0.0,1.0,0.0],"texture":"#0"},"east":{"uv":[0.0,0.0,0.5,0.0],"texture":"#0"},"south":{"uv":[0.0,0.0,1.0,0.0],"texture":"#0"},"west":{"uv":[0.0,0.0,0.5,0.0],"texture":"#0"},"up":{"uv":[10.0,7.0,11.0,7.5],"texture":"#0"},"down":{"uv":[10.0,8.0,11.0,7.5],"texture":"#0"}}},{"from":[12.25,-14.375,9.5],"to":[13.25,-12.375,9.5],"rotation":{"origin":[11.25,-15.375,9.5],"axis":"z","angle":-22.5},"faces":{"north":{"uv":[7.0,9.0,6.0,11.0],"texture":"#0"},"east":{"uv":[0.0,0.0,0.0,2.0],"texture":"#0"},"south":{"uv":[6.0,9.0,7.0,11.0],"texture":"#0"},"west":{"uv":[0.0,0.0,0.0,2.0],"texture":"#0"},"up":{"uv":[0.0,0.0,1.0,0.0],"texture":"#0"},"down":{"uv":[0.0,0.0,1.0,0.0],"texture":"#0"}}},{"from":[8.75,-14.375,9.0],"to":[12.25,-12.375,9.5],"rotation":{"origin":[11.25,-15.375,9.5],"axis":"z","angle":-22.5},"faces":{"north":{"uv":[8.0,5.0,4.5,7.0],"texture":"#0"},"east":{"uv":[9.5,9.0,10.0,11.0],"texture":"#0"},"south":{"uv":[4.5,5.0,8.0,7.0],"texture":"#0"},"west":{"uv":[9.5,7.0,10.0,9.0],"texture":"#0"},"up":{"uv":[9.5,6.0,13.0,6.5],"texture":"#0"},"down":{"uv":[9.5,7.0,13.0,6.5],"texture":"#0"}}}],"textures":{"particle":"cosmetic_packv7/creaking_backpack","0":"cosmetic_packv7/creaking_backpack"},"gui_light":"front"}