{"display":{"thirdperson_righthand":{"rotation":[36.52,0.91,-1.5],"translation":[0.0,-1.75,-0.5]},"thirdperson_lefthand":{"rotation":[36.52,0.91,-1.5],"translation":[0.0,-1.75,-0.5]},"gui":{"rotation":[-110.38,-65.99,-120.58],"translation":[-1.5,-3.5,0.0],"scale":[0.76758,0.76758,0.76758]}},"elements":[{"from":[7.0,0.0,7.0],"to":[9.0,16.0,9.0],"rotation":{"origin":[8.0,13.25,8.0],"axis":"y","angle":0.0},"faces":{"north":{"uv":[4.5,0.0,5.5,8.0],"texture":"#0"},"east":{"uv":[5.5,0.0,6.5,8.0],"texture":"#0"},"south":{"uv":[6.5,0.0,7.5,8.0],"texture":"#0"},"west":{"uv":[7.5,0.0,8.5,8.0],"texture":"#0"},"up":{"uv":[14.5,1.0,13.5,0.0],"texture":"#0"},"down":{"uv":[14.5,1.0,13.5,2.0],"texture":"#0"}}},{"from":[6.8,-0.2,6.8],"to":[9.2,16.2,9.2],"rotation":{"origin":[8.0,13.25,8.0],"axis":"y","angle":0.0},"faces":{"north":{"uv":[4.5,8.0,5.5,16.0],"texture":"#0"},"east":{"uv":[5.5,8.0,6.5,16.0],"texture":"#0"},"south":{"uv":[6.5,8.0,7.5,16.0],"texture":"#0"},"west":{"uv":[7.5,8.0,8.5,16.0],"texture":"#0"},"up":{"uv":[14.5,3.0,13.5,2.0],"texture":"#0"},"down":{"uv":[14.5,3.0,13.5,4.0],"texture":"#0"}}},{"from":[6.0,16.0,6.0],"to":[10.0,20.0,10.0],"rotation":{"origin":[7.0,29.25,7.0],"axis":"y","angle":0.0},"faces":{"north":{"uv":[2.5,9.0,4.5,11.0],"texture":"#0"},"east":{"uv":[2.5,11.0,4.5,13.0],"texture":"#0"},"south":{"uv":[8.5,12.5,10.5,14.5],"texture":"#0"},"west":{"uv":[10.5,12.5,12.5,14.5],"texture":"#0"},"up":{"uv":[14.5,14.5,12.5,12.5],"texture":"#0"},"down":{"uv":[4.5,13.0,2.5,15.0],"texture":"#0"}}},{"from":[5.5,21.0,5.5],"to":[10.5,26.0,10.5],"rotation":{"origin":[6.5,34.25,6.5],"axis":"y","angle":0.0},"faces":{"north":{"uv":[11.0,0.0,13.5,2.5],"texture":"#0"},"east":{"uv":[11.0,2.5,13.5,5.0],"texture":"#0"},"south":{"uv":[11.0,5.0,13.5,7.5],"texture":"#0"},"west":{"uv":[11.0,7.5,13.5,10.0],"texture":"#0"},"up":{"uv":[13.5,12.5,11.0,10.0],"texture":"#0"},"down":{"uv":[2.5,11.5,0.0,14.0],"texture":"#0"}}},{"from":[5.3,20.8,5.3],"to":[10.7,26.2,10.7],"rotation":{"origin":[6.5,34.25,6.5],"axis":"y","angle":0.0},"faces":{"north":{"uv":[8.5,0.0,11.0,2.5],"texture":"#0"},"east":{"uv":[8.5,2.5,11.0,5.0],"texture":"#0"},"south":{"uv":[8.5,5.0,11.0,7.5],"texture":"#0"},"west":{"uv":[8.5,7.5,11.0,10.0],"texture":"#0"},"up":{"uv":[2.5,11.5,0.0,9.0],"texture":"#0"},"down":{"uv":[11.0,10.0,8.5,12.5],"texture":"#0"}}},{"from":[-3.25,14.75,10.25],"to":[5.75,23.75,10.25],"rotation":{"origin":[5.75,14.75,10.25],"axis":"y","angle":45.0},"faces":{"north":{"uv":[0.0,0.0,4.5,4.5],"texture":"#0"},"east":{"uv":[0.0,0.0,0.0,4.5],"texture":"#0"},"south":{"uv":[0.0,4.5,4.5,9.0],"texture":"#0"},"west":{"uv":[0.0,0.0,0.0,4.5],"texture":"#0"},"up":{"uv":[4.5,0.0,0.0,0.0],"texture":"#0"},"down":{"uv":[4.5,0.0,0.0,0.0],"texture":"#0"}}}],"textures":{"particle":"cosmetic_packv7/creaking_hand","0":"cosmetic_packv7/creaking_hand"},"gui_light":"front"}