{"display":{"ground":{"translation":[0.0,6.5,0.0]},"gui":{"rotation":[180.0,1.25,180.0],"translation":[0.5,1.0,0.0],"scale":[0.83203,0.83203,0.83203]},"head":{"translation":[0.0,7.25,0.0],"scale":[1.7,1.7,1.7]}},"elements":[{"from":[4.0,0.0,4.0],"to":[12.0,9.0,12.0],"rotation":{"origin":[4.0,0.0,4.0],"axis":"y","angle":0.0},"faces":{"north":{"uv":[2.25,0.0,4.25,2.25],"texture":"#0"},"east":{"uv":[2.25,2.25,4.25,4.5],"texture":"#0"},"south":{"uv":[4.25,0.0,6.25,2.25],"texture":"#0"},"west":{"uv":[4.25,2.25,6.25,4.5],"texture":"#0"},"up":{"uv":[8.25,2.0,6.25,0.0],"texture":"#0"},"down":{"uv":[8.25,2.0,6.25,4.0],"texture":"#0"}}},{"from":[-5.0,0.0,8.0],"to":[4.0,9.0,8.0],"rotation":{"origin":[4.0,0.0,8.0],"axis":"y","angle":22.5},"faces":{"north":{"uv":[0.0,0.0,2.25,2.25],"texture":"#0"},"east":{"uv":[0.0,0.0,0.0,2.25],"texture":"#0"},"south":{"uv":[0.0,2.25,2.25,4.5],"texture":"#0"},"west":{"uv":[0.0,0.0,0.0,2.25],"texture":"#0"},"up":{"uv":[2.25,0.0,0.0,0.0],"texture":"#0"},"down":{"uv":[2.25,0.0,0.0,0.0],"texture":"#0"}}},{"from":[12.0,1.25,8.0],"to":[21.0,10.25,8.0],"rotation":{"origin":[12.0,1.25,8.0],"axis":"y","angle":-22.5},"faces":{"north":{"uv":[2.25,0.0,0.0,2.25],"texture":"#0"},"east":{"uv":[0.0,0.0,0.0,2.25],"texture":"#0"},"south":{"uv":[2.25,2.25,0.0,4.5],"texture":"#0"},"west":{"uv":[0.0,0.0,0.0,2.25],"texture":"#0"},"up":{"uv":[0.0,0.0,2.25,0.0],"texture":"#0"},"down":{"uv":[0.0,0.0,2.25,0.0],"texture":"#0"}}},{"from":[3.75,9.0,3.75],"to":[12.25,14.0,3.75],"rotation":{"origin":[4.25,9.0,3.75],"axis":"y","angle":0.0},"faces":{"north":{"uv":[4.0,6.75,6.25,8.0],"texture":"#0"},"east":{"uv":[0.0,0.0,0.0,1.25],"texture":"#0"},"south":{"uv":[6.25,6.75,8.5,8.0],"texture":"#0"},"west":{"uv":[0.0,0.0,0.0,1.25],"texture":"#0"},"up":{"uv":[2.25,0.0,0.0,0.0],"texture":"#0"},"down":{"uv":[2.25,0.0,0.0,0.0],"texture":"#0"}}},{"from":[3.75,9.0,12.25],"to":[12.25,14.0,12.25],"rotation":{"origin":[11.75,9.0,12.25],"axis":"y","angle":0.0},"faces":{"north":{"uv":[6.25,6.75,8.5,8.0],"texture":"#0"},"east":{"uv":[0.0,0.0,0.0,1.25],"texture":"#0"},"south":{"uv":[4.0,6.75,6.25,8.0],"texture":"#0"},"west":{"uv":[0.0,0.0,0.0,1.25],"texture":"#0"},"up":{"uv":[0.0,0.0,2.25,0.0],"texture":"#0"},"down":{"uv":[0.0,0.0,2.25,0.0],"texture":"#0"}}},{"from":[3.75,9.0,3.75],"to":[3.75,14.0,12.25],"rotation":{"origin":[4.25,9.0,3.75],"axis":"y","angle":0.0},"faces":{"north":{"uv":[0.0,0.0,0.0,1.25],"texture":"#0"},"east":{"uv":[4.0,8.0,6.25,9.25],"texture":"#0"},"south":{"uv":[0.0,0.0,0.0,1.25],"texture":"#0"},"west":{"uv":[8.0,4.0,10.25,5.25],"texture":"#0"},"up":{"uv":[0.0,2.25,0.0,0.0],"texture":"#0"},"down":{"uv":[0.0,0.0,0.0,2.25],"texture":"#0"}}},{"from":[12.25,9.0,3.75],"to":[12.25,14.0,12.25],"rotation":{"origin":[11.75,9.0,12.25],"axis":"y","angle":0.0},"faces":{"north":{"uv":[0.0,0.0,0.0,1.25],"texture":"#0"},"east":{"uv":[8.0,4.0,10.25,5.25],"texture":"#0"},"south":{"uv":[0.0,0.0,0.0,1.25],"texture":"#0"},"west":{"uv":[4.0,8.0,6.25,9.25],"texture":"#0"},"up":{"uv":[0.0,0.0,0.0,2.25],"texture":"#0"},"down":{"uv":[0.0,2.25,0.0,0.0],"texture":"#0"}}},{"from":[3.8,-0.2,3.8],"to":[12.2,9.2,12.2],"rotation":{"origin":[4.0,0.0,4.0],"axis":"y","angle":0.0},"faces":{"north":{"uv":[0.0,4.5,2.0,6.75],"texture":"#0"},"east":{"uv":[2.0,4.5,4.0,6.75],"texture":"#0"},"south":{"uv":[4.0,4.5,6.0,6.75],"texture":"#0"},"west":{"uv":[6.0,4.5,8.0,6.75],"texture":"#0"},"up":{"uv":[2.0,8.75,0.0,6.75],"texture":"#0"},"down":{"uv":[4.0,6.75,2.0,8.75],"texture":"#0"}}}],"textures":{"particle":"cosmetic_packv7/creaking_hat","0":"cosmetic_packv7/creaking_hat"},"gui_light":"front"}