{"display":{"thirdperson_righthand":{"translation":[0.0,6.0,0.0]},"gui":{"rotation":[-180.0,-53.25,-180.0],"translation":[0.75,10.0,0.0],"scale":[0.89258,0.89258,0.89258]},"head":{"translation":[0.0,-38.0,0.25],"scale":[1.7,1.7,1.7]}},"elements":[{"from":[-0.75,-2.0,6.0],"to":[0.25,0.0,8.0],"rotation":{"origin":[-1.75,-2.0,6.0],"axis":"z","angle":-22.5},"faces":{"north":{"uv":[13.0,0.0,13.5,1.0],"texture":"#0"},"east":{"uv":[14.0,1.0,15.0,2.0],"texture":"#0"},"south":{"uv":[13.5,0.0,14.0,1.0],"texture":"#0"},"west":{"uv":[14.0,0.0,15.0,1.0],"texture":"#0"},"up":{"uv":[13.5,1.0,14.0,2.0],"texture":"#0"},"down":{"uv":[13.0,1.0,13.5,2.0],"texture":"#0"}}},{"from":[4.0,-9.75,14.5],"to":[6.0,-7.75,15.5],"rotation":{"origin":[4.0,-7.75,16.5],"axis":"x","angle":-22.5},"faces":{"north":{"uv":[14.0,1.0,15.0,2.0],"texture":"#0","rotation":270},"east":{"uv":[13.5,1.0,14.0,2.0],"texture":"#0"},"south":{"uv":[14.0,0.0,15.0,1.0],"texture":"#0","rotation":90},"west":{"uv":[13.0,1.0,13.5,2.0],"texture":"#0","rotation":180},"up":{"uv":[13.0,0.0,13.5,1.0],"texture":"#0","rotation":90},"down":{"uv":[13.5,0.0,14.0,1.0],"texture":"#0","rotation":90}}},{"from":[10.0,-9.75,14.5],"to":[12.0,-7.75,15.5],"rotation":{"origin":[12.0,-7.75,16.5],"axis":"x","angle":-22.5},"faces":{"north":{"uv":[14.0,2.0,15.0,1.0],"texture":"#0","rotation":270},"east":{"uv":[13.5,1.0,13.0,2.0],"texture":"#0","rotation":180},"south":{"uv":[14.0,1.0,15.0,0.0],"texture":"#0","rotation":90},"west":{"uv":[14.0,1.0,13.5,2.0],"texture":"#0"},"up":{"uv":[13.0,1.0,13.5,0.0],"texture":"#0","rotation":90},"down":{"uv":[13.5,1.0,14.0,0.0],"texture":"#0","rotation":90}}},{"from":[1.75,1.75,8.75],"to":[3.75,2.75,10.75],"rotation":{"origin":[1.75,3.75,10.75],"axis":"z","angle":-22.5},"faces":{"north":{"uv":[13.5,1.0,14.0,2.0],"texture":"#0","rotation":90},"east":{"uv":[13.5,0.0,14.0,1.0],"texture":"#0","rotation":90},"south":{"uv":[13.0,1.0,13.5,2.0],"texture":"#0","rotation":90},"west":{"uv":[13.0,0.0,13.5,1.0],"texture":"#0","rotation":270},"up":{"uv":[14.0,0.0,15.0,1.0],"texture":"#0"},"down":{"uv":[14.0,1.0,15.0,2.0],"texture":"#0","rotation":180}}},{"from":[0.5,-6.25,5.0],"to":[3.5,-0.25,11.0],"rotation":{"origin":[1.5,-0.25,6.0],"axis":"z","angle":-22.5},"faces":{"north":{"uv":[5.0,6.0,6.5,9.0],"texture":"#0"},"east":{"uv":[5.0,0.0,8.0,3.0],"texture":"#0"},"south":{"uv":[6.5,6.0,8.0,9.0],"texture":"#0"},"west":{"uv":[5.0,3.0,8.0,6.0],"texture":"#0"},"up":{"uv":[1.5,11.0,0.0,8.0],"texture":"#0"},"down":{"uv":[9.5,0.0,8.0,3.0],"texture":"#0"}}},{"from":[0.5,-7.25,5.0],"to":[3.5,-6.25,5.0],"rotation":{"origin":[1.5,-0.25,6.0],"axis":"z","angle":-22.5},"faces":{"north":{"uv":[9.5,0.0,11.0,0.5],"texture":"#0"},"east":{"uv":[0.0,0.0,0.0,0.5],"texture":"#0"},"south":{"uv":[9.5,0.5,11.0,1.0],"texture":"#0"},"west":{"uv":[0.0,0.0,0.0,0.5],"texture":"#0"},"up":{"uv":[1.5,0.0,0.0,0.0],"texture":"#0"},"down":{"uv":[1.5,0.0,0.0,0.0],"texture":"#0"}}},{"from":[2.75,-7.0,4.75],"to":[3.75,0.0,4.75],"rotation":{"origin":[0.75,0.0,5.75],"axis":"z","angle":-22.5},"faces":{"north":{"uv":[4.0,8.0,4.5,11.5],"texture":"#0"},"east":{"uv":[0.0,0.0,0.0,3.5],"texture":"#0"},"south":{"uv":[4.5,8.0,5.0,11.5],"texture":"#0"},"west":{"uv":[0.0,0.0,0.0,3.5],"texture":"#0"},"up":{"uv":[0.5,0.0,0.0,0.0],"texture":"#0"},"down":{"uv":[0.5,0.0,0.0,0.0],"texture":"#0"}}},{"from":[2.75,-7.0,11.25],"to":[3.75,0.0,11.25],"rotation":{"origin":[0.75,0.0,10.25],"axis":"z","angle":-22.5},"faces":{"north":{"uv":[5.0,8.0,4.5,11.5],"texture":"#0"},"east":{"uv":[0.0,0.0,0.0,3.5],"texture":"#0"},"south":{"uv":[4.5,8.0,4.0,11.5],"texture":"#0"},"west":{"uv":[0.0,0.0,0.0,3.5],"texture":"#0"},"up":{"uv":[0.5,0.0,0.0,0.0],"texture":"#0"},"down":{"uv":[0.5,0.0,0.0,0.0],"texture":"#0"}}},{"from":[0.5,-7.25,5.0],"to":[0.5,-6.25,11.0],"rotation":{"origin":[1.5,-0.25,6.0],"axis":"z","angle":-22.5},"faces":{"north":{"uv":[0.0,0.0,0.0,0.5],"texture":"#0"},"east":{"uv":[5.0,9.0,8.0,9.5],"texture":"#0"},"south":{"uv":[0.0,0.0,0.0,0.5],"texture":"#0"},"west":{"uv":[8.0,9.0,11.0,9.5],"texture":"#0"},"up":{"uv":[0.0,3.0,0.0,0.0],"texture":"#0"},"down":{"uv":[0.0,0.0,0.0,3.0],"texture":"#0"}}},{"from":[0.5,-7.25,11.0],"to":[3.5,-6.25,11.0],"rotation":{"origin":[1.5,-0.25,12.0],"axis":"z","angle":-22.5},"faces":{"north":{"uv":[9.5,1.0,11.0,1.5],"texture":"#0"},"east":{"uv":[0.0,0.0,0.0,0.5],"texture":"#0"},"south":{"uv":[9.5,1.5,11.0,2.0],"texture":"#0"},"west":{"uv":[0.0,0.0,0.0,0.5],"texture":"#0"},"up":{"uv":[1.5,0.0,0.0,0.0],"texture":"#0"},"down":{"uv":[1.5,0.0,0.0,0.0],"texture":"#0"}}},{"from":[-1.5,-0.25,4.0],"to":[3.5,1.75,12.0],"rotation":{"origin":[1.5,-0.25,6.0],"axis":"z","angle":-22.5},"faces":{"north":{"uv":[1.5,8.0,4.0,9.0],"texture":"#0"},"east":{"uv":[8.0,3.0,12.0,4.0],"texture":"#0"},"south":{"uv":[8.0,7.0,10.5,8.0],"texture":"#0"},"west":{"uv":[8.0,4.0,12.0,5.0],"texture":"#0"},"up":{"uv":[2.5,4.0,0.0,0.0],"texture":"#0"},"down":{"uv":[5.0,0.0,2.5,4.0],"texture":"#0"}}},{"from":[-1.7,-0.45,3.8],"to":[3.7,1.95,12.2],"rotation":{"origin":[1.5,-0.25,6.0],"axis":"z","angle":-22.5},"faces":{"north":{"uv":[8.0,8.0,10.5,9.0],"texture":"#0"},"east":{"uv":[8.0,5.0,12.0,6.0],"texture":"#0"},"south":{"uv":[1.5,9.0,4.0,10.0],"texture":"#0"},"west":{"uv":[8.0,6.0,12.0,7.0],"texture":"#0"},"up":{"uv":[2.5,8.0,0.0,4.0],"texture":"#0"},"down":{"uv":[5.0,4.0,2.5,8.0],"texture":"#0"}}},{"from":[12.5,-6.25,5.0],"to":[15.5,-0.25,11.0],"rotation":{"origin":[14.5,-0.25,6.0],"axis":"z","angle":22.5},"faces":{"north":{"uv":[6.5,6.0,5.0,9.0],"texture":"#0"},"east":{"uv":[8.0,3.0,5.0,6.0],"texture":"#0"},"south":{"uv":[8.0,6.0,6.5,9.0],"texture":"#0"},"west":{"uv":[8.0,0.0,5.0,3.0],"texture":"#0"},"up":{"uv":[0.0,11.0,1.5,8.0],"texture":"#0"},"down":{"uv":[8.0,0.0,9.5,3.0],"texture":"#0"}}},{"from":[12.5,-7.25,5.0],"to":[15.5,-6.25,5.0],"rotation":{"origin":[14.5,-0.25,6.0],"axis":"z","angle":22.5},"faces":{"north":{"uv":[11.0,0.0,9.5,0.5],"texture":"#0"},"east":{"uv":[0.0,0.0,0.0,0.5],"texture":"#0"},"south":{"uv":[11.0,0.5,9.5,1.0],"texture":"#0"},"west":{"uv":[0.0,0.0,0.0,0.5],"texture":"#0"},"up":{"uv":[0.0,0.0,1.5,0.0],"texture":"#0"},"down":{"uv":[0.0,0.0,1.5,0.0],"texture":"#0"}}},{"from":[15.5,-7.25,5.0],"to":[15.5,-6.25,11.0],"rotation":{"origin":[14.5,-0.25,6.0],"axis":"z","angle":22.5},"faces":{"north":{"uv":[0.0,0.0,0.0,0.5],"texture":"#0"},"east":{"uv":[11.0,9.0,8.0,9.5],"texture":"#0"},"south":{"uv":[0.0,0.0,0.0,0.5],"texture":"#0"},"west":{"uv":[8.0,9.0,5.0,9.5],"texture":"#0"},"up":{"uv":[0.0,3.0,0.0,0.0],"texture":"#0"},"down":{"uv":[0.0,0.0,0.0,3.0],"texture":"#0"}}},{"from":[12.5,-7.25,11.0],"to":[15.5,-6.25,11.0],"rotation":{"origin":[14.5,-0.25,12.0],"axis":"z","angle":22.5},"faces":{"north":{"uv":[11.0,1.0,9.5,1.5],"texture":"#0"},"east":{"uv":[0.0,0.0,0.0,0.5],"texture":"#0"},"south":{"uv":[11.0,1.5,9.5,2.0],"texture":"#0"},"west":{"uv":[0.0,0.0,0.0,0.5],"texture":"#0"},"up":{"uv":[0.0,0.0,1.5,0.0],"texture":"#0"},"down":{"uv":[0.0,0.0,1.5,0.0],"texture":"#0"}}},{"from":[12.5,-0.25,4.0],"to":[17.5,1.75,12.0],"rotation":{"origin":[14.5,-0.25,6.0],"axis":"z","angle":22.5},"faces":{"north":{"uv":[4.0,8.0,1.5,9.0],"texture":"#0"},"east":{"uv":[12.0,4.0,8.0,5.0],"texture":"#0"},"south":{"uv":[10.5,7.0,8.0,8.0],"texture":"#0"},"west":{"uv":[12.0,3.0,8.0,4.0],"texture":"#0"},"up":{"uv":[0.0,4.0,2.5,0.0],"texture":"#0"},"down":{"uv":[2.5,0.0,5.0,4.0],"texture":"#0"}}},{"from":[12.25,-7.0,4.75],"to":[13.25,0.0,4.75],"rotation":{"origin":[15.25,0.0,5.75],"axis":"z","angle":22.5},"faces":{"north":{"uv":[4.5,8.0,4.0,11.5],"texture":"#0"},"east":{"uv":[0.0,0.0,0.0,3.5],"texture":"#0"},"south":{"uv":[5.0,8.0,4.5,11.5],"texture":"#0"},"west":{"uv":[0.0,0.0,0.0,3.5],"texture":"#0"},"up":{"uv":[0.0,0.0,0.5,0.0],"texture":"#0"},"down":{"uv":[0.0,0.0,0.5,0.0],"texture":"#0"}}},{"from":[12.3,-0.45,3.8],"to":[17.7,1.95,12.2],"rotation":{"origin":[14.5,-0.25,6.0],"axis":"z","angle":22.5},"faces":{"north":{"uv":[10.5,8.0,8.0,9.0],"texture":"#0"},"east":{"uv":[12.0,6.0,8.0,7.0],"texture":"#0"},"south":{"uv":[4.0,9.0,1.5,10.0],"texture":"#0"},"west":{"uv":[12.0,5.0,8.0,6.0],"texture":"#0"},"up":{"uv":[0.0,8.0,2.5,4.0],"texture":"#0"},"down":{"uv":[2.5,4.0,5.0,8.0],"texture":"#0"}}},{"from":[15.75,-2.0,6.0],"to":[16.75,0.0,8.0],"rotation":{"origin":[17.75,-2.0,6.0],"axis":"z","angle":22.5},"faces":{"north":{"uv":[13.5,0.0,13.0,1.0],"texture":"#0"},"east":{"uv":[15.0,0.0,14.0,1.0],"texture":"#0"},"south":{"uv":[14.0,0.0,13.5,1.0],"texture":"#0"},"west":{"uv":[15.0,1.0,14.0,2.0],"texture":"#0"},"up":{"uv":[14.0,1.0,13.5,2.0],"texture":"#0"},"down":{"uv":[13.5,1.0,13.0,2.0],"texture":"#0"}}},{"from":[12.25,-7.0,11.25],"to":[13.25,0.0,11.25],"rotation":{"origin":[15.25,0.0,10.25],"axis":"z","angle":22.5},"faces":{"north":{"uv":[4.5,8.0,5.0,11.5],"texture":"#0"},"east":{"uv":[0.0,0.0,0.0,3.5],"texture":"#0"},"south":{"uv":[4.0,8.0,4.5,11.5],"texture":"#0"},"west":{"uv":[0.0,0.0,0.0,3.5],"texture":"#0"},"up":{"uv":[0.0,0.0,0.5,0.0],"texture":"#0"},"down":{"uv":[0.0,0.0,0.5,0.0],"texture":"#0"}}},{"from":[12.25,1.75,8.75],"to":[14.25,2.75,10.75],"rotation":{"origin":[14.25,3.75,10.75],"axis":"z","angle":22.5},"faces":{"north":{"uv":[13.5,2.0,14.0,1.0],"texture":"#0","rotation":90},"east":{"uv":[13.0,1.0,13.5,0.0],"texture":"#0","rotation":270},"south":{"uv":[13.0,2.0,13.5,1.0],"texture":"#0","rotation":90},"west":{"uv":[13.5,1.0,14.0,0.0],"texture":"#0","rotation":90},"up":{"uv":[15.0,0.0,14.0,1.0],"texture":"#0"},"down":{"uv":[15.0,1.0,14.0,2.0],"texture":"#0","rotation":180}}},{"from":[0.0,1.25,8.0],"to":[0.0,9.25,14.0],"rotation":{"origin":[0.0,2.5,11.0],"axis":"y","angle":0.0},"faces":{"north":{"uv":[0.0,0.0,0.0,8.0],"texture":"#1"},"east":{"uv":[0.0,0.0,6.0,8.0],"texture":"#1"},"south":{"uv":[0.0,0.0,0.0,8.0],"texture":"#1"},"west":{"uv":[6.0,0.0,12.0,8.0],"texture":"#1"},"up":{"uv":[0.0,6.0,0.0,0.0],"texture":"#1"},"down":{"uv":[0.0,0.0,0.0,6.0],"texture":"#1"}}},{"from":[-3.0,1.25,11.0],"to":[3.0,9.25,11.0],"rotation":{"origin":[0.0,2.5,11.0],"axis":"y","angle":0.0},"faces":{"north":{"uv":[12.0,0.0,6.0,8.0],"texture":"#1"},"east":{"uv":[0.0,0.0,0.0,8.0],"texture":"#1"},"south":{"uv":[6.0,0.0,0.0,8.0],"texture":"#1"},"west":{"uv":[0.0,0.0,0.0,8.0],"texture":"#1"},"up":{"uv":[0.0,0.0,0.0,6.0],"texture":"#1","rotation":90},"down":{"uv":[0.0,6.0,0.0,0.0],"texture":"#1","rotation":270}}},{"from":[16.0,1.25,8.0],"to":[16.0,9.25,14.0],"rotation":{"origin":[16.0,2.5,11.0],"axis":"y","angle":0.0},"faces":{"north":{"uv":[0.0,0.0,0.0,8.0],"texture":"#1"},"east":{"uv":[12.0,0.0,6.0,8.0],"texture":"#1"},"south":{"uv":[0.0,0.0,0.0,8.0],"texture":"#1"},"west":{"uv":[6.0,0.0,0.0,8.0],"texture":"#1"},"up":{"uv":[0.0,6.0,0.0,0.0],"texture":"#1"},"down":{"uv":[0.0,0.0,0.0,6.0],"texture":"#1"}}},{"from":[13.0,1.25,11.0],"to":[19.0,9.25,11.0],"rotation":{"origin":[16.0,2.5,11.0],"axis":"y","angle":0.0},"faces":{"north":{"uv":[6.0,0.0,12.0,8.0],"texture":"#1"},"east":{"uv":[0.0,0.0,0.0,8.0],"texture":"#1"},"south":{"uv":[0.0,0.0,6.0,8.0],"texture":"#1"},"west":{"uv":[0.0,0.0,0.0,8.0],"texture":"#1"},"up":{"uv":[0.0,6.0,0.0,0.0],"texture":"#1","rotation":90},"down":{"uv":[0.0,0.0,0.0,6.0],"texture":"#1","rotation":270}}},{"from":[1.0,-15.25,11.75],"to":[15.0,1.25,11.75],"rotation":{"origin":[4.0,-0.75,11.75],"axis":"x","angle":-22.5},"faces":{"north":{"uv":[3.5,0.0,7.0,4.25],"texture":"#2"},"east":{"uv":[0.0,0.0,0.0,4.25],"texture":"#2"},"south":{"uv":[3.5,0.0,7.0,4.25],"texture":"#2"},"west":{"uv":[0.0,0.0,0.0,4.25],"texture":"#2"},"up":{"uv":[3.5,0.0,0.0,0.0],"texture":"#2"},"down":{"uv":[3.5,0.0,0.0,0.0],"texture":"#2"}}},{"from":[1.0,-15.25,8.75],"to":[1.0,1.25,11.75],"rotation":{"origin":[4.0,-0.75,11.75],"axis":"x","angle":-22.5},"faces":{"north":{"uv":[0.0,0.0,0.0,4.25],"texture":"#2"},"east":{"uv":[0.0,4.25,0.75,8.5],"texture":"#2"},"south":{"uv":[0.0,0.0,0.0,4.25],"texture":"#2"},"west":{"uv":[0.75,4.25,1.5,8.5],"texture":"#2"},"up":{"uv":[0.0,0.75,0.0,0.0],"texture":"#2"},"down":{"uv":[0.0,0.0,0.0,0.75],"texture":"#2"}}},{"from":[15.0,-15.25,8.75],"to":[15.0,1.25,11.75],"rotation":{"origin":[12.0,-0.75,11.75],"axis":"x","angle":-22.5},"faces":{"north":{"uv":[0.0,0.0,0.0,4.25],"texture":"#2"},"east":{"uv":[1.5,4.25,0.75,8.5],"texture":"#2"},"south":{"uv":[0.0,0.0,0.0,4.25],"texture":"#2"},"west":{"uv":[0.75,4.25,0.0,8.5],"texture":"#2"},"up":{"uv":[0.0,0.75,0.0,0.0],"texture":"#2"},"down":{"uv":[0.0,0.0,0.0,0.75],"texture":"#2"}}}],"textures":{"particle":"cosmetic_packv7/fire_backpack","0":"cosmetic_packv7/fire_backpack","1":"cosmetic_packv7/fire_animation","2":"cosmetic_packv7/fire_cape"}}