{"display":{"gui":{"rotation":[180.0,-34.0,180.0],"translation":[-0.75,3.5,0.0],"scale":[1.28125,1.28125,1.28125]},"head":{"translation":[0.0,5.0,0.0],"scale":[1.7,1.7,1.7]}},"elements":[{"from":[4.0,4.0,4.0],"to":[4.0,6.0,12.0],"rotation":{"origin":[4.0,0.0,4.0],"axis":"y","angle":0.0},"faces":{"north":{"uv":[0.0,0.0,0.0,1.0],"texture":"#0"},"east":{"uv":[4.0,2.0,8.0,3.0],"texture":"#0"},"south":{"uv":[0.0,0.0,0.0,1.0],"texture":"#0"},"west":{"uv":[4.0,3.0,8.0,4.0],"texture":"#0"},"up":{"uv":[0.0,4.0,0.0,0.0],"texture":"#0"},"down":{"uv":[0.0,0.0,0.0,4.0],"texture":"#0"}}},{"from":[12.0,4.0,4.0],"to":[12.0,6.0,12.0],"rotation":{"origin":[12.0,0.0,4.0],"axis":"y","angle":0.0},"faces":{"north":{"uv":[0.0,0.0,0.0,1.0],"texture":"#0"},"east":{"uv":[4.0,4.0,8.0,5.0],"texture":"#0"},"south":{"uv":[0.0,0.0,0.0,1.0],"texture":"#0"},"west":{"uv":[4.0,5.0,8.0,6.0],"texture":"#0"},"up":{"uv":[0.0,4.0,0.0,0.0],"texture":"#0"},"down":{"uv":[0.0,0.0,0.0,4.0],"texture":"#0"}}},{"from":[4.0,4.0,12.0],"to":[12.0,6.0,12.0],"rotation":{"origin":[4.0,0.0,4.0],"axis":"y","angle":0.0},"faces":{"north":{"uv":[0.0,6.0,4.0,7.0],"texture":"#0"},"east":{"uv":[0.0,0.0,0.0,1.0],"texture":"#0"},"south":{"uv":[4.0,6.0,8.0,7.0],"texture":"#0"},"west":{"uv":[0.0,0.0,0.0,1.0],"texture":"#0"},"up":{"uv":[4.0,0.0,0.0,0.0],"texture":"#0"},"down":{"uv":[4.0,0.0,0.0,0.0],"texture":"#0"}}},{"from":[4.0,3.0,3.0],"to":[12.0,7.0,4.0],"rotation":{"origin":[4.0,0.0,-4.0],"axis":"y","angle":0.0},"faces":{"north":{"uv":[0.0,0.0,4.0,2.0],"texture":"#0"},"east":{"uv":[1.0,8.0,1.5,10.0],"texture":"#0"},"south":{"uv":[0.0,2.0,4.0,4.0],"texture":"#0"},"west":{"uv":[8.0,1.0,8.5,3.0],"texture":"#0"},"up":{"uv":[5.0,7.5,1.0,7.0],"texture":"#0"},"down":{"uv":[9.0,7.0,5.0,7.5],"texture":"#0"}}},{"from":[3.0,1.0,3.75],"to":[8.0,2.0,3.75],"rotation":{"origin":[4.0,-3.0,-3.25],"axis":"y","angle":0.0},"faces":{"north":{"uv":[8.0,0.0,10.5,0.5],"texture":"#0"},"east":{"uv":[0.0,0.0,0.0,0.5],"texture":"#0"},"south":{"uv":[8.0,0.5,10.5,1.0],"texture":"#0"},"west":{"uv":[0.0,0.0,0.0,0.5],"texture":"#0"},"up":{"uv":[2.5,0.0,0.0,0.0],"texture":"#0"},"down":{"uv":[2.5,0.0,0.0,0.0],"texture":"#0"}}},{"from":[3.0,1.0,3.75],"to":[3.0,11.0,4.75],"rotation":{"origin":[4.0,-3.0,-3.25],"axis":"y","angle":0.0},"faces":{"north":{"uv":[0.0,0.0,0.0,5.0],"texture":"#0"},"east":{"uv":[0.0,7.0,0.5,12.0],"texture":"#0"},"south":{"uv":[0.0,0.0,0.0,5.0],"texture":"#0"},"west":{"uv":[0.5,7.0,1.0,12.0],"texture":"#0"},"up":{"uv":[0.0,0.5,0.0,0.0],"texture":"#0"},"down":{"uv":[0.0,0.0,0.0,0.5],"texture":"#0"}}},{"from":[3.8,2.8,2.8],"to":[12.2,7.2,4.2],"rotation":{"origin":[4.0,0.0,-4.0],"axis":"y","angle":0.0},"faces":{"north":{"uv":[0.0,4.0,4.0,6.0],"texture":"#0"},"east":{"uv":[1.5,8.0,2.0,10.0],"texture":"#0"},"south":{"uv":[4.0,0.0,8.0,2.0],"texture":"#0"},"west":{"uv":[2.0,8.0,2.5,10.0],"texture":"#0"},"up":{"uv":[5.0,8.0,1.0,7.5],"texture":"#0"},"down":{"uv":[9.0,7.5,5.0,8.0],"texture":"#0"}}},{"from":[3.0,11.0,2.25],"to":[3.0,20.0,6.25],"rotation":{"origin":[3.0,11.0,6.25],"axis":"y","angle":0.0},"faces":{"north":{"uv":[0.0,0.0,0.0,9.0],"texture":"#1"},"east":{"uv":[0.0,0.0,4.0,9.0],"texture":"#1"},"south":{"uv":[0.0,0.0,0.0,9.0],"texture":"#1"},"west":{"uv":[0.0,0.0,4.0,9.0],"texture":"#1"},"up":{"uv":[4.0,0.0,0.0,0.0],"texture":"#1","rotation":270},"down":{"uv":[4.0,0.0,0.0,0.0],"texture":"#1","rotation":90}}}],"textures":{"particle":"cosmetic_packv7/summer_hat","0":"cosmetic_packv7/summer_hat","1":"cosmetic_packv7/summer_animation"},"gui_light":"front"}