{"display":{"thirdperson_righthand":{"rotation":[12.75,0.0,0.0],"translation":[0.0,5.0,2.0]},"thirdperson_lefthand":{"rotation":[12.75,0.0,0.0],"translation":[0.0,5.0,2.0]},"firstperson_righthand":{"rotation":[-15.61,-6.1,-6.71],"translation":[5.25,0.5,-4.5]},"firstperson_lefthand":{"rotation":[-15.61,-6.1,-6.71],"translation":[1.75,1.75,-0.75]},"gui":{"rotation":[-66.22,-48.49,-71.73],"translation":[-0.5,-1.5,0.0],"scale":[0.78516,0.78516,0.78516]}},"elements":[{"from":[7.0,-1.0,7.0],"to":[9.0,6.0,9.0],"rotation":{"origin":[7.0,0.0,7.0],"axis":"y","angle":0.0},"faces":{"north":{"uv":[4.0,9.0,5.0,12.5],"texture":"#0"},"east":{"uv":[5.0,9.0,6.0,12.5],"texture":"#0"},"south":{"uv":[6.0,9.0,7.0,12.5],"texture":"#0"},"west":{"uv":[7.0,9.0,8.0,12.5],"texture":"#0"},"up":{"uv":[12.0,8.5,11.0,7.5],"texture":"#0"},"down":{"uv":[12.0,10.5,11.0,11.5],"texture":"#0"}}},{"from":[6.99,-3.51,9.24],"to":[9.01,-0.49,11.26],"rotation":{"origin":[7.0,-6.5,9.25],"axis":"x","angle":-22.5},"faces":{"north":{"uv":[10.0,7.5,11.0,9.0],"texture":"#0"},"east":{"uv":[9.0,10.5,10.0,12.0],"texture":"#0"},"south":{"uv":[10.5,9.0,11.5,10.5],"texture":"#0"},"west":{"uv":[10.0,10.5,11.0,12.0],"texture":"#0"},"up":{"uv":[12.5,1.0,11.5,0.0],"texture":"#0"},"down":{"uv":[12.5,1.0,11.5,2.0],"texture":"#0"}}},{"from":[7.5,6.0,6.0],"to":[8.5,17.0,10.0],"rotation":{"origin":[7.5,6.0,7.0],"axis":"y","angle":0.0},"faces":{"north":{"uv":[8.0,9.0,8.5,14.5],"texture":"#0"},"east":{"uv":[0.0,9.0,2.0,14.5],"texture":"#0"},"south":{"uv":[8.5,9.0,9.0,14.5],"texture":"#0"},"west":{"uv":[2.0,9.0,4.0,14.5],"texture":"#0"},"up":{"uv":[12.0,4.0,11.5,2.0],"texture":"#0"},"down":{"uv":[12.0,4.0,11.5,6.0],"texture":"#0"}}},{"from":[8.0,5.0,3.0],"to":[8.0,23.0,13.0],"rotation":{"origin":[8.0,5.0,7.0],"axis":"y","angle":0.0},"faces":{"north":{"uv":[0.0,0.0,0.0,9.0],"texture":"#0"},"east":{"uv":[0.0,0.0,5.0,9.0],"texture":"#0"},"south":{"uv":[0.0,0.0,0.0,9.0],"texture":"#0"},"west":{"uv":[5.0,0.0,10.0,9.0],"texture":"#0"},"up":{"uv":[0.0,5.0,0.0,0.0],"texture":"#0"},"down":{"uv":[0.0,0.0,0.0,5.0],"texture":"#0"}}},{"from":[6.5,4.75,5.25],"to":[9.5,7.75,8.25],"rotation":{"origin":[6.5,4.75,7.25],"axis":"x","angle":45.0},"faces":{"north":{"uv":[9.0,9.0,10.5,10.5],"texture":"#0"},"east":{"uv":[10.0,0.0,11.5,1.5],"texture":"#0"},"south":{"uv":[10.0,1.5,11.5,3.0],"texture":"#0"},"west":{"uv":[10.0,3.0,11.5,4.5],"texture":"#0"},"up":{"uv":[11.5,6.0,10.0,4.5],"texture":"#0"},"down":{"uv":[11.5,6.0,10.0,7.5],"texture":"#0"}}}],"textures":{"particle":"cosmetic_packv6/end_hand","0":"cosmetic_packv6/end_hand"},"gui_light":"front"}