{"display":{"gui":{"rotation":[93.05,-2.14,-35.5],"translation":[2.0,0.25,0.0],"scale":[0.84961,0.84961,0.84961]},"head":{"rotation":[82.5,0.0,0.0],"translation":[0.0,-70.0,80.0],"scale":[3.4,3.4,3.4]}},"elements":[{"from":[4.0,-14.5,5.0],"to":[7.5,-14.5,11.0],"rotation":{"origin":[8.0,-14.3125,5.53369],"axis":"y","angle":0.0},"faces":{"north":{"uv":[0.0,0.0,3.5,0.0],"texture":"#0"},"east":{"uv":[0.0,0.0,6.0,0.0],"texture":"#0"},"south":{"uv":[0.0,0.0,3.5,0.0],"texture":"#0"},"west":{"uv":[0.0,0.0,6.0,0.0],"texture":"#0"},"up":{"uv":[3.5,6.0,0.0,0.0],"texture":"#0"},"down":{"uv":[3.5,0.0,0.0,6.0],"texture":"#0"}}},{"from":[4.0,-15.0,5.0],"to":[7.5,-14.0,6.0],"rotation":{"origin":[8.0,-14.3125,5.53369],"axis":"y","angle":0.0},"faces":{"north":{"uv":[7.0,0.0,10.5,1.0],"texture":"#0"},"east":{"uv":[7.0,10.0,8.0,11.0],"texture":"#0"},"south":{"uv":[7.0,1.0,10.5,2.0],"texture":"#0"},"west":{"uv":[8.0,10.0,9.0,11.0],"texture":"#0"},"up":{"uv":[10.5,3.0,7.0,2.0],"texture":"#0"},"down":{"uv":[10.5,3.0,7.0,4.0],"texture":"#0"}}},{"from":[3.00779,-15.005,6.50849],"to":[4.51779,-13.995,7.51849],"rotation":{"origin":[8.0,-14.3125,5.53369],"axis":"y","angle":-22.5},"faces":{"north":{"uv":[7.0,8.0,8.5,9.0],"texture":"#0"},"east":{"uv":[10.0,8.0,11.0,9.0],"texture":"#0"},"south":{"uv":[8.5,8.0,10.0,9.0],"texture":"#0"},"west":{"uv":[9.0,10.0,10.0,11.0],"texture":"#0"},"up":{"uv":[8.5,10.0,7.0,9.0],"texture":"#0"},"down":{"uv":[10.0,9.0,8.5,10.0],"texture":"#0"}}},{"from":[0.64685,-15.005,8.97471],"to":[2.15685,-13.995,9.98471],"rotation":{"origin":[8.0,-14.3125,5.53369],"axis":"y","angle":-22.5},"faces":{"north":{"uv":[7.0,8.0,8.5,9.0],"texture":"#0"},"east":{"uv":[10.0,8.0,11.0,9.0],"texture":"#0"},"south":{"uv":[8.5,8.0,10.0,9.0],"texture":"#0"},"west":{"uv":[9.0,10.0,10.0,11.0],"texture":"#0"},"up":{"uv":[8.5,10.0,7.0,9.0],"texture":"#0"},"down":{"uv":[10.0,9.0,8.5,10.0],"texture":"#0"}}},{"from":[0.77958,-15.0,3.79027],"to":[4.27958,-14.0,4.79027],"rotation":{"origin":[8.0,-14.3125,5.53369],"axis":"y","angle":22.5},"faces":{"north":{"uv":[7.0,4.0,10.5,5.0],"texture":"#0"},"east":{"uv":[10.0,9.0,11.0,10.0],"texture":"#0"},"south":{"uv":[7.0,5.0,10.5,6.0],"texture":"#0"},"west":{"uv":[10.0,10.0,11.0,11.0],"texture":"#0"},"up":{"uv":[10.5,7.0,7.0,6.0],"texture":"#0"},"down":{"uv":[10.5,7.0,7.0,8.0],"texture":"#0"}}},{"from":[0.77958,-14.625,3.79027],"to":[4.27958,-14.625,9.79027],"rotation":{"origin":[8.0,-14.3125,5.53369],"axis":"y","angle":22.5},"faces":{"north":{"uv":[0.0,0.0,3.5,0.0],"texture":"#0"},"east":{"uv":[0.0,0.0,6.0,0.0],"texture":"#0"},"south":{"uv":[0.0,0.0,3.5,0.0],"texture":"#0"},"west":{"uv":[0.0,0.0,6.0,0.0],"texture":"#0"},"up":{"uv":[3.5,12.0,0.0,6.0],"texture":"#0"},"down":{"uv":[3.5,6.0,0.0,12.0],"texture":"#0"}}},{"from":[8.5,-15.0,5.0],"to":[12.0,-14.0,6.0],"rotation":{"origin":[8.0,-14.3125,5.53369],"axis":"y","angle":0.0},"faces":{"north":{"uv":[10.5,0.0,7.0,1.0],"texture":"#0"},"east":{"uv":[9.0,10.0,8.0,11.0],"texture":"#0"},"south":{"uv":[10.5,1.0,7.0,2.0],"texture":"#0"},"west":{"uv":[8.0,10.0,7.0,11.0],"texture":"#0"},"up":{"uv":[7.0,3.0,10.5,2.0],"texture":"#0"},"down":{"uv":[7.0,3.0,10.5,4.0],"texture":"#0"}}},{"from":[8.5,-14.5,5.0],"to":[12.0,-14.5,11.0],"rotation":{"origin":[8.0,-14.3125,5.53369],"axis":"y","angle":0.0},"faces":{"north":{"uv":[3.5,0.0,0.0,0.0],"texture":"#0"},"east":{"uv":[6.0,0.0,0.0,0.0],"texture":"#0"},"south":{"uv":[3.5,0.0,0.0,0.0],"texture":"#0"},"west":{"uv":[6.0,0.0,0.0,0.0],"texture":"#0"},"up":{"uv":[0.0,6.0,3.5,0.0],"texture":"#0"},"down":{"uv":[0.0,0.0,3.5,6.0],"texture":"#0"}}},{"from":[11.72042,-14.625,3.79027],"to":[15.22042,-14.625,9.79027],"rotation":{"origin":[8.0,-14.3125,5.53369],"axis":"y","angle":-22.5},"faces":{"north":{"uv":[3.5,0.0,0.0,0.0],"texture":"#0"},"east":{"uv":[6.0,0.0,0.0,0.0],"texture":"#0"},"south":{"uv":[3.5,0.0,0.0,0.0],"texture":"#0"},"west":{"uv":[6.0,0.0,0.0,0.0],"texture":"#0"},"up":{"uv":[0.0,12.0,3.5,6.0],"texture":"#0"},"down":{"uv":[0.0,6.0,3.5,12.0],"texture":"#0"}}},{"from":[11.72042,-15.0,3.79027],"to":[15.22042,-14.0,4.79027],"rotation":{"origin":[8.0,-14.3125,5.53369],"axis":"y","angle":-22.5},"faces":{"north":{"uv":[10.5,4.0,7.0,5.0],"texture":"#0"},"east":{"uv":[11.0,10.0,10.0,11.0],"texture":"#0"},"south":{"uv":[10.5,5.0,7.0,6.0],"texture":"#0"},"west":{"uv":[11.0,9.0,10.0,10.0],"texture":"#0"},"up":{"uv":[7.0,7.0,10.5,6.0],"texture":"#0"},"down":{"uv":[7.0,7.0,10.5,8.0],"texture":"#0"}}},{"from":[11.48222,-15.005,6.50849],"to":[12.99222,-13.995,7.51849],"rotation":{"origin":[8.0,-14.3125,5.53369],"axis":"y","angle":22.5},"faces":{"north":{"uv":[8.5,8.0,7.0,9.0],"texture":"#0"},"east":{"uv":[10.0,10.0,9.0,11.0],"texture":"#0"},"south":{"uv":[10.0,8.0,8.5,9.0],"texture":"#0"},"west":{"uv":[11.0,8.0,10.0,9.0],"texture":"#0"},"up":{"uv":[7.0,10.0,8.5,9.0],"texture":"#0"},"down":{"uv":[8.5,9.0,10.0,10.0],"texture":"#0"}}},{"from":[13.84315,-15.005,8.97471],"to":[15.35315,-13.995,9.98471],"rotation":{"origin":[8.0,-14.3125,5.53369],"axis":"y","angle":22.5},"faces":{"north":{"uv":[8.5,8.0,7.0,9.0],"texture":"#0"},"east":{"uv":[10.0,10.0,9.0,11.0],"texture":"#0"},"south":{"uv":[10.0,8.0,8.5,9.0],"texture":"#0"},"west":{"uv":[11.0,8.0,10.0,9.0],"texture":"#0"},"up":{"uv":[7.0,10.0,8.5,9.0],"texture":"#0"},"down":{"uv":[8.5,9.0,10.0,10.0],"texture":"#0"}}}],"textures":{"particle":"cosmetic_packv6/end_backpack","0":"cosmetic_packv6/end_backpack"},"gui_light":"front"}