{"display":{"gui":{"rotation":[93.05,-2.14,-35.5],"translation":[2.0,0.25,0.0],"scale":[0.84961,0.84961,0.84961]},"head":{"rotation":[82.5,0.0,0.0],"translation":[0.0,-62.0,12.5],"scale":[1.7,1.7,1.7]}},"elements":[{"from":[0.0,4.0,2.0],"to":[7.0,4.0,14.0],"rotation":{"origin":[8.0,4.375,3.06738],"axis":"y","angle":0.0},"faces":{"north":{"uv":[0.0,0.0,3.5,0.0],"texture":"#0"},"east":{"uv":[0.0,0.0,6.0,0.0],"texture":"#0"},"south":{"uv":[0.0,0.0,3.5,0.0],"texture":"#0"},"west":{"uv":[0.0,0.0,6.0,0.0],"texture":"#0"},"up":{"uv":[3.5,6.0,0.0,0.0],"texture":"#0"},"down":{"uv":[3.5,0.0,0.0,6.0],"texture":"#0"}}},{"from":[0.0,3.0,2.0],"to":[7.0,5.0,4.0],"rotation":{"origin":[8.0,4.375,3.06738],"axis":"y","angle":0.0},"faces":{"north":{"uv":[7.0,0.0,10.5,1.0],"texture":"#0"},"east":{"uv":[7.0,10.0,8.0,11.0],"texture":"#0"},"south":{"uv":[7.0,1.0,10.5,2.0],"texture":"#0"},"west":{"uv":[8.0,10.0,9.0,11.0],"texture":"#0"},"up":{"uv":[10.5,3.0,7.0,2.0],"texture":"#0"},"down":{"uv":[10.5,3.0,7.0,4.0],"texture":"#0"}}},{"from":[-1.98443,2.99,5.01697],"to":[1.03557,5.01,7.03697],"rotation":{"origin":[8.0,4.375,3.06738],"axis":"y","angle":-22.5},"faces":{"north":{"uv":[7.0,8.0,8.5,9.0],"texture":"#0"},"east":{"uv":[10.0,8.0,11.0,9.0],"texture":"#0"},"south":{"uv":[8.5,8.0,10.0,9.0],"texture":"#0"},"west":{"uv":[9.0,10.0,10.0,11.0],"texture":"#0"},"up":{"uv":[8.5,10.0,7.0,9.0],"texture":"#0"},"down":{"uv":[10.0,9.0,8.5,10.0],"texture":"#0"}}},{"from":[-6.7063,2.99,9.94941],"to":[-3.6863,5.01,11.96941],"rotation":{"origin":[8.0,4.375,3.06738],"axis":"y","angle":-22.5},"faces":{"north":{"uv":[7.0,8.0,8.5,9.0],"texture":"#0"},"east":{"uv":[10.0,8.0,11.0,9.0],"texture":"#0"},"south":{"uv":[8.5,8.0,10.0,9.0],"texture":"#0"},"west":{"uv":[9.0,10.0,10.0,11.0],"texture":"#0"},"up":{"uv":[8.5,10.0,7.0,9.0],"texture":"#0"},"down":{"uv":[10.0,9.0,8.5,10.0],"texture":"#0"}}},{"from":[-6.44084,3.0,-0.41947],"to":[0.55916,5.0,1.58053],"rotation":{"origin":[8.0,4.375,3.06738],"axis":"y","angle":22.5},"faces":{"north":{"uv":[7.0,4.0,10.5,5.0],"texture":"#0"},"east":{"uv":[10.0,9.0,11.0,10.0],"texture":"#0"},"south":{"uv":[7.0,5.0,10.5,6.0],"texture":"#0"},"west":{"uv":[10.0,10.0,11.0,11.0],"texture":"#0"},"up":{"uv":[10.5,7.0,7.0,6.0],"texture":"#0"},"down":{"uv":[10.5,7.0,7.0,8.0],"texture":"#0"}}},{"from":[-6.44084,3.75,-0.41947],"to":[0.55916,3.75,11.58053],"rotation":{"origin":[8.0,4.375,3.06738],"axis":"y","angle":22.5},"faces":{"north":{"uv":[0.0,0.0,3.5,0.0],"texture":"#0"},"east":{"uv":[0.0,0.0,6.0,0.0],"texture":"#0"},"south":{"uv":[0.0,0.0,3.5,0.0],"texture":"#0"},"west":{"uv":[0.0,0.0,6.0,0.0],"texture":"#0"},"up":{"uv":[3.5,12.0,0.0,6.0],"texture":"#0"},"down":{"uv":[3.5,6.0,0.0,12.0],"texture":"#0"}}},{"from":[9.0,3.0,2.0],"to":[16.0,5.0,4.0],"rotation":{"origin":[8.0,4.375,3.06738],"axis":"y","angle":0.0},"faces":{"north":{"uv":[10.5,0.0,7.0,1.0],"texture":"#0"},"east":{"uv":[9.0,10.0,8.0,11.0],"texture":"#0"},"south":{"uv":[10.5,1.0,7.0,2.0],"texture":"#0"},"west":{"uv":[8.0,10.0,7.0,11.0],"texture":"#0"},"up":{"uv":[7.0,3.0,10.5,2.0],"texture":"#0"},"down":{"uv":[7.0,3.0,10.5,4.0],"texture":"#0"}}},{"from":[9.0,4.0,2.0],"to":[16.0,4.0,14.0],"rotation":{"origin":[8.0,4.375,3.06738],"axis":"y","angle":0.0},"faces":{"north":{"uv":[3.5,0.0,0.0,0.0],"texture":"#0"},"east":{"uv":[6.0,0.0,0.0,0.0],"texture":"#0"},"south":{"uv":[3.5,0.0,0.0,0.0],"texture":"#0"},"west":{"uv":[6.0,0.0,0.0,0.0],"texture":"#0"},"up":{"uv":[0.0,6.0,3.5,0.0],"texture":"#0"},"down":{"uv":[0.0,0.0,3.5,6.0],"texture":"#0"}}},{"from":[15.44084,3.75,-0.41947],"to":[22.44084,3.75,11.58053],"rotation":{"origin":[8.0,4.375,3.06738],"axis":"y","angle":-22.5},"faces":{"north":{"uv":[3.5,0.0,0.0,0.0],"texture":"#0"},"east":{"uv":[6.0,0.0,0.0,0.0],"texture":"#0"},"south":{"uv":[3.5,0.0,0.0,0.0],"texture":"#0"},"west":{"uv":[6.0,0.0,0.0,0.0],"texture":"#0"},"up":{"uv":[0.0,12.0,3.5,6.0],"texture":"#0"},"down":{"uv":[0.0,6.0,3.5,12.0],"texture":"#0"}}},{"from":[15.44084,3.0,-0.41947],"to":[22.44084,5.0,1.58053],"rotation":{"origin":[8.0,4.375,3.06738],"axis":"y","angle":-22.5},"faces":{"north":{"uv":[10.5,4.0,7.0,5.0],"texture":"#0"},"east":{"uv":[11.0,10.0,10.0,11.0],"texture":"#0"},"south":{"uv":[10.5,5.0,7.0,6.0],"texture":"#0"},"west":{"uv":[11.0,9.0,10.0,10.0],"texture":"#0"},"up":{"uv":[7.0,7.0,10.5,6.0],"texture":"#0"},"down":{"uv":[7.0,7.0,10.5,8.0],"texture":"#0"}}},{"from":[14.96443,2.99,5.01697],"to":[17.98443,5.01,7.03697],"rotation":{"origin":[8.0,4.375,3.06738],"axis":"y","angle":22.5},"faces":{"north":{"uv":[8.5,8.0,7.0,9.0],"texture":"#0"},"east":{"uv":[10.0,10.0,9.0,11.0],"texture":"#0"},"south":{"uv":[10.0,8.0,8.5,9.0],"texture":"#0"},"west":{"uv":[11.0,8.0,10.0,9.0],"texture":"#0"},"up":{"uv":[7.0,10.0,8.5,9.0],"texture":"#0"},"down":{"uv":[8.5,9.0,10.0,10.0],"texture":"#0"}}},{"from":[19.6863,2.99,9.94941],"to":[22.7063,5.01,11.96941],"rotation":{"origin":[8.0,4.375,3.06738],"axis":"y","angle":22.5},"faces":{"north":{"uv":[8.5,8.0,7.0,9.0],"texture":"#0"},"east":{"uv":[10.0,10.0,9.0,11.0],"texture":"#0"},"south":{"uv":[10.0,8.0,8.5,9.0],"texture":"#0"},"west":{"uv":[11.0,8.0,10.0,9.0],"texture":"#0"},"up":{"uv":[7.0,10.0,8.5,9.0],"texture":"#0"},"down":{"uv":[8.5,9.0,10.0,10.0],"texture":"#0"}}}],"textures":{"particle":"cosmetic_packv6/end_backpack","0":"cosmetic_packv6/end_backpack"},"gui_light":"front"}