{"display":{"thirdperson_righthand":{"translation":[0.0,7.25,0.0]},"thirdperson_lefthand":{"translation":[0.0,7.25,0.0]},"gui":{"rotation":[-158.76,-32.36,-176.38],"translation":[0.75,4.5,0.0],"scale":[0.89648,0.89648,0.89648]},"head":{"translation":[0.0,14.25,-2.25],"scale":[1.7,1.7,1.7]}},"elements":[{"from":[3.0,0.0,5.0],"to":[13.0,5.0,14.0],"rotation":{"origin":[3.0,0.0,5.0],"axis":"y","angle":0.0},"faces":{"north":{"uv":[5.0,0.0,10.0,2.5],"texture":"#0"},"east":{"uv":[5.0,5.0,9.5,7.5],"texture":"#0"},"south":{"uv":[5.0,2.5,10.0,5.0],"texture":"#0"},"west":{"uv":[5.0,7.5,9.5,10.0],"texture":"#0"},"up":{"uv":[5.0,4.5,0.0,0.0],"texture":"#0"},"down":{"uv":[5.0,4.5,0.0,9.0],"texture":"#0"}}},{"from":[5.0,0.0,-1.0],"to":[11.0,3.0,5.0],"rotation":{"origin":[5.0,0.0,-1.0],"axis":"y","angle":0.0},"faces":{"north":{"uv":[9.5,8.0,12.5,9.5],"texture":"#0"},"east":{"uv":[9.5,9.5,12.5,11.0],"texture":"#0"},"south":{"uv":[10.0,0.0,13.0,1.5],"texture":"#0"},"west":{"uv":[10.0,1.5,13.0,3.0],"texture":"#0"},"up":{"uv":[3.0,12.0,0.0,9.0],"texture":"#0"},"down":{"uv":[12.5,5.0,9.5,8.0],"texture":"#0"}}},{"from":[5.0,-3.0,-1.0],"to":[11.0,0.0,-1.0],"rotation":{"origin":[5.0,-3.0,-1.0],"axis":"y","angle":0.0},"faces":{"north":{"uv":[3.0,10.0,6.0,11.5],"texture":"#0"},"east":{"uv":[0.0,0.0,0.0,1.5],"texture":"#0"},"south":{"uv":[10.0,3.0,13.0,4.5],"texture":"#0"},"west":{"uv":[0.0,0.0,0.0,1.5],"texture":"#0"},"up":{"uv":[3.0,0.0,0.0,0.0],"texture":"#0"},"down":{"uv":[3.0,0.0,0.0,0.0],"texture":"#0"}}},{"from":[5.0,-3.0,-1.0],"to":[5.0,0.0,5.0],"rotation":{"origin":[5.0,-3.0,-1.0],"axis":"y","angle":0.0},"faces":{"north":{"uv":[0.0,0.0,0.0,1.5],"texture":"#0"},"east":{"uv":[6.0,10.0,9.0,11.5],"texture":"#0"},"south":{"uv":[0.0,0.0,0.0,1.5],"texture":"#0"},"west":{"uv":[9.0,11.0,12.0,12.5],"texture":"#0"},"up":{"uv":[0.0,3.0,0.0,0.0],"texture":"#0"},"down":{"uv":[0.0,0.0,0.0,3.0],"texture":"#0"}}},{"from":[11.0,-3.0,-1.0],"to":[11.0,0.0,5.0],"rotation":{"origin":[11.0,-3.0,-1.0],"axis":"y","angle":0.0},"faces":{"north":{"uv":[0.0,0.0,0.0,1.5],"texture":"#0"},"east":{"uv":[12.0,11.0,9.0,12.5],"texture":"#0"},"south":{"uv":[0.0,0.0,0.0,1.5],"texture":"#0"},"west":{"uv":[9.0,10.0,6.0,11.5],"texture":"#0"},"up":{"uv":[0.0,3.0,0.0,0.0],"texture":"#0"},"down":{"uv":[0.0,0.0,0.0,3.0],"texture":"#0"}}},{"from":[3.25,6.0,11.75],"to":[6.25,8.0,14.75],"rotation":{"origin":[4.25,7.0,8.75],"axis":"x","angle":22.5},"faces":{"north":{"uv":[3.0,9.0,4.5,10.0],"texture":"#0"},"east":{"uv":[6.0,11.5,7.5,12.5],"texture":"#0"},"south":{"uv":[7.5,11.5,9.0,12.5],"texture":"#0"},"west":{"uv":[0.0,12.0,1.5,13.0],"texture":"#0"},"up":{"uv":[4.5,13.0,3.0,11.5],"texture":"#0"},"down":{"uv":[6.0,11.5,4.5,13.0],"texture":"#0"}}},{"from":[3.75,7.5,13.0],"to":[5.75,10.5,15.0],"rotation":{"origin":[4.75,8.5,10.0],"axis":"x","angle":22.5},"faces":{"north":{"uv":[1.5,12.0,2.5,13.5],"texture":"#0"},"east":{"uv":[12.0,11.0,13.0,12.5],"texture":"#0"},"south":{"uv":[12.5,4.5,13.5,6.0],"texture":"#0"},"west":{"uv":[6.0,12.5,7.0,14.0],"texture":"#0"},"up":{"uv":[13.5,7.0,12.5,6.0],"texture":"#0"},"down":{"uv":[8.0,12.5,7.0,13.5],"texture":"#0"}}},{"from":[10.25,7.5,13.0],"to":[12.25,10.5,15.0],"rotation":{"origin":[11.25,8.5,10.0],"axis":"x","angle":22.5},"faces":{"north":{"uv":[2.5,12.0,1.5,13.5],"texture":"#0"},"east":{"uv":[7.0,12.5,6.0,14.0],"texture":"#0"},"south":{"uv":[13.5,4.5,12.5,6.0],"texture":"#0"},"west":{"uv":[13.0,11.0,12.0,12.5],"texture":"#0"},"up":{"uv":[12.5,7.0,13.5,6.0],"texture":"#0"},"down":{"uv":[7.0,12.5,8.0,13.5],"texture":"#0"}}},{"from":[9.75,6.0,11.75],"to":[12.75,8.0,14.75],"rotation":{"origin":[11.75,7.0,8.75],"axis":"x","angle":22.5},"faces":{"north":{"uv":[4.5,9.0,3.0,10.0],"texture":"#0"},"east":{"uv":[1.5,12.0,0.0,13.0],"texture":"#0"},"south":{"uv":[9.0,11.5,7.5,12.5],"texture":"#0"},"west":{"uv":[7.5,11.5,6.0,12.5],"texture":"#0"},"up":{"uv":[3.0,13.0,4.5,11.5],"texture":"#0"},"down":{"uv":[4.5,11.5,6.0,13.0],"texture":"#0"}}}],"textures":{"particle":"cosmetic_packv6/end_hat","0":"cosmetic_packv6/end_hat"},"gui_light":"front"}