{"display":{"thirdperson_righthand":{"rotation":[-0.01,-0.58,-1.38],"translation":[-0.25,5.25,-0.25]},"thirdperson_lefthand":{"rotation":[5.25,0.91,-1.01],"translation":[-0.25,5.75,-0.75]},"firstperson_righthand":{"rotation":[-27.99,-3.31,-6.0],"scale":[0.69531,0.69531,0.69531]},"firstperson_lefthand":{"rotation":[-26.88,-1.03,-2.39],"translation":[0.0,-0.25,-0.75],"scale":[0.69531,0.69531,0.69531]},"gui":{"rotation":[-137.51,-46.83,-141.52],"translation":[0.25,-0.75,0.0],"scale":[0.53516,0.53516,0.53516]}},"elements":[{"from":[5.5,9.0,1.0],"to":[10.5,14.0,12.0],"rotation":{"origin":[5.5,9.0,3.0],"axis":"y","angle":0.0},"faces":{"north":{"uv":[3.75,9.0,5.0,10.25],"texture":"#0"},"east":{"uv":[2.5,2.5,5.25,3.75],"texture":"#0"},"south":{"uv":[9.5,0.0,10.75,1.25],"texture":"#0"},"west":{"uv":[3.75,0.0,6.5,1.25],"texture":"#0"},"up":{"uv":[3.75,6.5,2.5,3.75],"texture":"#0"},"down":{"uv":[5.0,3.75,3.75,6.5],"texture":"#0"}}},{"from":[5.5,23.0,4.0],"to":[10.5,28.0,19.0],"rotation":{"origin":[5.5,23.0,10.0],"axis":"y","angle":0.0},"faces":{"north":{"uv":[9.5,1.25,10.75,2.5],"texture":"#0"},"east":{"uv":[0.0,0.0,3.75,1.25],"texture":"#0"},"south":{"uv":[7.5,9.5,8.75,10.75],"texture":"#0"},"west":{"uv":[0.0,1.25,3.75,2.5],"texture":"#0"},"up":{"uv":[1.25,6.25,0.0,2.5],"texture":"#0"},"down":{"uv":[2.5,2.5,1.25,6.25],"texture":"#0"}}},{"from":[5.5,23.0,-2.0],"to":[10.5,26.0,4.0],"rotation":{"origin":[5.5,23.0,-5.0],"axis":"y","angle":0.0},"faces":{"north":{"uv":[5.75,10.25,7.0,11.0],"texture":"#0"},"east":{"uv":[2.25,9.75,3.75,10.5],"texture":"#0"},"south":{"uv":[10.25,9.5,11.5,10.25],"texture":"#0"},"west":{"uv":[9.75,4.25,11.25,5.0],"texture":"#0"},"up":{"uv":[9.25,4.5,8.0,3.0],"texture":"#0"},"down":{"uv":[2.25,8.25,1.0,9.75],"texture":"#0"}}},{"from":[5.0,12.0,0.5],"to":[11.0,15.0,4.5],"rotation":{"origin":[5.0,14.0,-4.5],"axis":"y","angle":0.0},"faces":{"north":{"uv":[9.75,5.0,11.25,5.75],"texture":"#0"},"east":{"uv":[10.25,10.25,11.25,11.0],"texture":"#0"},"south":{"uv":[9.75,5.75,11.25,6.5],"texture":"#0"},"west":{"uv":[2.25,10.5,3.25,11.25],"texture":"#0"},"up":{"uv":[10.25,10.5,8.75,9.5],"texture":"#0"},"down":{"uv":[1.5,9.75,0.0,10.75],"texture":"#0"}}},{"from":[6.0,9.0,12.0],"to":[10.0,21.0,16.0],"rotation":{"origin":[6.0,9.0,12.0],"axis":"y","angle":0.0},"faces":{"north":{"uv":[5.0,3.75,6.0,6.75],"texture":"#0"},"east":{"uv":[6.0,1.25,7.0,4.25],"texture":"#0"},"south":{"uv":[6.0,4.25,7.0,7.25],"texture":"#0"},"west":{"uv":[0.0,6.25,1.0,9.25],"texture":"#0"},"up":{"uv":[10.75,7.5,9.75,6.5],"texture":"#0"},"down":{"uv":[10.75,7.5,9.75,8.5],"texture":"#0"}}},{"from":[6.0,-12.0,7.5],"to":[10.0,-2.0,11.5],"rotation":{"origin":[6.0,-12.0,7.5],"axis":"y","angle":0.0},"faces":{"north":{"uv":[4.0,6.5,5.0,9.0],"texture":"#0"},"east":{"uv":[5.0,6.75,6.0,9.25],"texture":"#0"},"south":{"uv":[7.0,0.0,8.0,2.5],"texture":"#0"},"west":{"uv":[7.0,2.5,8.0,5.0],"texture":"#0"},"up":{"uv":[10.75,9.5,9.75,8.5],"texture":"#0"},"down":{"uv":[4.75,10.25,3.75,11.25],"texture":"#0"}}},{"from":[6.5,-2.0,8.0],"to":[9.5,5.0,11.0],"rotation":{"origin":[6.5,-7.0,8.0],"axis":"y","angle":0.0},"faces":{"north":{"uv":[5.25,1.25,6.0,3.0],"texture":"#0"},"east":{"uv":[6.0,7.25,6.75,9.0],"texture":"#0"},"south":{"uv":[5.0,9.25,5.75,11.0],"texture":"#0"},"west":{"uv":[1.5,9.75,2.25,11.5],"texture":"#0"},"up":{"uv":[6.0,3.75,5.25,3.0],"texture":"#0"},"down":{"uv":[11.5,0.5,10.75,1.25],"texture":"#0"}}},{"from":[5.0,5.0,7.0],"to":[11.0,13.0,12.0],"rotation":{"origin":[5.0,8.0,6.0],"axis":"y","angle":0.0},"faces":{"north":{"uv":[1.0,6.25,2.5,8.25],"texture":"#0"},"east":{"uv":[7.0,5.0,8.25,7.0],"texture":"#0"},"south":{"uv":[2.5,6.5,4.0,8.5],"texture":"#0"},"west":{"uv":[7.0,7.0,8.25,9.0],"texture":"#0"},"up":{"uv":[5.25,2.5,3.75,1.25],"texture":"#0"},"down":{"uv":[9.75,4.5,8.25,5.75],"texture":"#0"}}},{"from":[5.0,10.0,12.0],"to":[11.0,12.0,17.0],"rotation":{"origin":[5.0,7.0,11.0],"axis":"y","angle":0.0},"faces":{"north":{"uv":[9.5,2.5,11.0,3.0],"texture":"#0"},"east":{"uv":[0.0,10.75,1.25,11.25],"texture":"#0"},"south":{"uv":[8.75,10.5,10.25,11.0],"texture":"#0"},"west":{"uv":[10.75,0.0,12.0,0.5],"texture":"#0"},"up":{"uv":[9.75,7.0,8.25,5.75],"texture":"#0"},"down":{"uv":[9.75,7.0,8.25,8.25],"texture":"#0"}}},{"from":[5.0,21.0,11.0],"to":[11.0,26.0,17.0],"rotation":{"origin":[5.0,18.0,10.0],"axis":"y","angle":0.0},"faces":{"north":{"uv":[8.25,8.25,9.75,9.5],"texture":"#0"},"east":{"uv":[2.25,8.5,3.75,9.75],"texture":"#0"},"south":{"uv":[6.0,9.0,7.5,10.25],"texture":"#0"},"west":{"uv":[9.25,3.0,10.75,4.25],"texture":"#0"},"up":{"uv":[9.5,1.5,8.0,0.0],"texture":"#0"},"down":{"uv":[9.5,1.5,8.0,3.0],"texture":"#0"}}}],"textures":{"particle":"cosmetic_packv6/engineer_hand","0":"cosmetic_packv6/engineer_hand"},"gui_light":"front"}