{"display":{"thirdperson_lefthand":{"translation":[0.0,10.25,0.0]},"firstperson_righthand":{"translation":[0.0,9.25,0.0]},"firstperson_lefthand":{"rotation":[-10.92,-4.1,0.99],"translation":[-0.25,9.0,0.0],"scale":[0.81641,0.81641,0.81641]},"gui":{"rotation":[-151.67,-40.92,-144.76],"translation":[2.5,5.25,0.0],"scale":[0.83008,0.83008,0.83008]}},"elements":[{"from":[6.0,13.25,6.0],"to":[10.0,22.25,6.0],"rotation":{"origin":[6.0,21.5,6.0],"axis":"y","angle":0.0},"faces":{"north":{"uv":[0.0,0.0,4.0,9.0],"texture":"#2"},"east":{"uv":[0.0,0.0,0.0,9.0],"texture":"#2"},"south":{"uv":[0.0,0.0,4.0,9.0],"texture":"#2"},"west":{"uv":[0.0,0.0,0.0,9.0],"texture":"#2"},"up":{"uv":[4.0,0.0,0.0,0.0],"texture":"#2"},"down":{"uv":[4.0,0.0,0.0,0.0],"texture":"#2"}}},{"from":[-2.0,-1.5,6.75],"to":[-2.0,8.5,10.75],"rotation":{"origin":[-2.0,11.0,6.75],"axis":"z","angle":45.0},"faces":{"north":{"uv":[0.0,0.0,0.0,10.0],"texture":"#3"},"east":{"uv":[0.0,0.0,4.0,10.0],"texture":"#3"},"south":{"uv":[0.0,0.0,0.0,10.0],"texture":"#3"},"west":{"uv":[4.0,0.0,8.0,10.0],"texture":"#3"},"up":{"uv":[0.0,4.0,0.0,0.0],"texture":"#3"},"down":{"uv":[0.0,0.0,0.0,4.0],"texture":"#3"}}},{"from":[18.0,-1.5,6.75],"to":[18.0,8.5,10.75],"rotation":{"origin":[18.0,11.0,6.75],"axis":"z","angle":-45.0},"faces":{"north":{"uv":[0.0,0.0,0.0,10.0],"texture":"#3"},"east":{"uv":[8.0,0.0,4.0,10.0],"texture":"#3"},"south":{"uv":[0.0,0.0,0.0,10.0],"texture":"#3"},"west":{"uv":[4.0,0.0,0.0,10.0],"texture":"#3"},"up":{"uv":[0.0,4.0,0.0,0.0],"texture":"#3"},"down":{"uv":[0.0,0.0,0.0,4.0],"texture":"#3"}}},{"from":[9.2,6.2,11.45],"to":[6.8,3.8,6.05],"rotation":{"origin":[8.0,8.0,9.0],"axis":"x","angle":22.5},"faces":{"north":{"uv":[5.0,10.5,6.0,11.5],"texture":"#0"},"east":{"uv":[7.0,5.5,9.5,6.5],"texture":"#0"},"south":{"uv":[6.0,10.5,7.0,11.5],"texture":"#0"},"west":{"uv":[2.0,8.0,4.5,9.0],"texture":"#0"},"up":{"uv":[6.5,10.5,5.5,8.0],"texture":"#0"},"down":{"uv":[7.5,8.0,6.5,10.5],"texture":"#0"}}},{"from":[9.2,10.2,11.45],"to":[6.8,5.8,9.05],"rotation":{"origin":[8.0,8.0,9.0],"axis":"x","angle":22.5},"faces":{"north":{"uv":[3.0,9.0,4.0,11.0],"texture":"#0"},"east":{"uv":[7.5,9.0,8.5,11.0],"texture":"#0"},"south":{"uv":[8.5,9.0,9.5,11.0],"texture":"#0"},"west":{"uv":[9.5,5.5,10.5,7.5],"texture":"#0"},"up":{"uv":[11.5,7.0,10.5,6.0],"texture":"#0"},"down":{"uv":[11.5,8.5,10.5,9.5],"texture":"#0"}}},{"from":[9.2,12.2,11.45],"to":[6.8,9.8,4.05],"rotation":{"origin":[8.0,8.0,9.0],"axis":"x","angle":22.5},"faces":{"north":{"uv":[10.5,9.5,11.5,10.5],"texture":"#0"},"east":{"uv":[7.0,0.0,10.5,1.0],"texture":"#0"},"south":{"uv":[10.5,10.5,11.5,11.5],"texture":"#0"},"west":{"uv":[1.0,7.0,4.5,8.0],"texture":"#0"},"up":{"uv":[8.0,4.5,7.0,1.0],"texture":"#0"},"down":{"uv":[5.5,7.0,4.5,10.5],"texture":"#0"}}},{"from":[6.99,3.99,6.24],"to":[9.01,6.01,11.26],"rotation":{"origin":[8.0,8.0,9.0],"axis":"x","angle":22.5},"faces":{"north":{"uv":[11.0,3.0,12.0,4.0],"texture":"#0"},"east":{"uv":[7.5,8.0,10.0,9.0],"texture":"#0"},"south":{"uv":[7.0,11.0,8.0,12.0],"texture":"#0"},"west":{"uv":[9.0,1.0,11.5,2.0],"texture":"#0"},"up":{"uv":[3.0,11.5,2.0,9.0],"texture":"#0"},"down":{"uv":[10.0,2.0,9.0,4.5],"texture":"#0"}}},{"from":[7.0,6.0,9.25],"to":[9.0,10.0,11.25],"rotation":{"origin":[8.0,8.0,9.0],"axis":"x","angle":22.5},"faces":{"north":{"uv":[9.5,9.0,10.5,11.0],"texture":"#0"},"east":{"uv":[10.0,2.0,11.0,4.0],"texture":"#0"},"south":{"uv":[4.0,10.5,5.0,12.5],"texture":"#0"},"west":{"uv":[10.5,4.0,11.5,6.0],"texture":"#0"},"up":{"uv":[12.0,8.0,11.0,7.0],"texture":"#0"},"down":{"uv":[9.0,11.0,8.0,12.0],"texture":"#0"}}},{"from":[7.0,10.0,4.25],"to":[9.0,12.0,11.25],"rotation":{"origin":[8.0,8.0,9.0],"axis":"x","angle":22.5},"faces":{"north":{"uv":[9.0,11.0,10.0,12.0],"texture":"#0"},"east":{"uv":[7.0,4.5,10.5,5.5],"texture":"#0"},"south":{"uv":[11.5,0.0,12.5,1.0],"texture":"#0"},"west":{"uv":[5.5,7.0,9.0,8.0],"texture":"#0"},"up":{"uv":[2.0,11.5,1.0,8.0],"texture":"#0"},"down":{"uv":[9.0,1.0,8.0,4.5],"texture":"#0"}}},{"from":[9.2,4.2,9.95],"to":[6.8,-10.2,7.55],"rotation":{"origin":[7.0,-0.5,5.75],"axis":"y","angle":0.0},"faces":{"north":{"uv":[0.0,0.0,1.0,7.0],"texture":"#0"},"east":{"uv":[1.0,0.0,2.0,7.0],"texture":"#0"},"south":{"uv":[2.0,0.0,3.0,7.0],"texture":"#0"},"west":{"uv":[3.0,0.0,4.0,7.0],"texture":"#0"},"up":{"uv":[11.0,8.5,10.0,7.5],"texture":"#0"},"down":{"uv":[11.5,0.0,10.5,1.0],"texture":"#0"}}},{"from":[7.0,-10.0,7.75],"to":[9.0,4.0,9.75],"rotation":{"origin":[7.0,-0.5,5.75],"axis":"y","angle":0.0},"faces":{"north":{"uv":[4.0,0.0,5.0,7.0],"texture":"#0"},"east":{"uv":[5.0,0.0,6.0,7.0],"texture":"#0"},"south":{"uv":[6.0,0.0,7.0,7.0],"texture":"#0"},"west":{"uv":[0.0,7.0,1.0,14.0],"texture":"#0"},"up":{"uv":[12.0,3.0,11.0,2.0],"texture":"#0"},"down":{"uv":[4.0,11.0,3.0,12.0],"texture":"#0"}}}],"textures":{"particle":"cosmetic_packv6/ghost_hand","0":"cosmetic_packv6/ghost_hand","2":"cosmetic_packv6/ghost_animation1","3":"cosmetic_packv6/ghost_animation3"},"gui_light":"front"}