{"display":{"firstperson_righthand":{"translation":[0.0,10.0,0.0]},"firstperson_lefthand":{"translation":[2.75,9.25,-0.75]},"ground":{"translation":[0.0,11.75,0.0]},"gui":{"rotation":[0.0,36.75,0.0],"translation":[3.5,7.75,0.0],"scale":[1.06836,1.06836,1.06836]},"head":{"rotation":[18.74,-5.23,0.99],"translation":[0.0,-57.0,17.0],"scale":[1.7,1.7,1.7]}},"elements":[{"from":[4.75,4.0,0.0],"to":[10.75,10.0,6.0],"rotation":{"origin":[4.75,4.0,0.0],"axis":"z","angle":-22.5},"faces":{"north":{"uv":[0.0,0.0,3.0,3.0],"texture":"#0"},"east":{"uv":[0.0,3.0,3.0,6.0],"texture":"#0"},"south":{"uv":[3.0,0.0,6.0,3.0],"texture":"#0"},"west":{"uv":[3.0,3.0,6.0,6.0],"texture":"#0"},"up":{"uv":[3.0,9.0,0.0,6.0],"texture":"#0"},"down":{"uv":[9.0,0.0,6.0,3.0],"texture":"#0"}}},{"from":[5.0,-4.0,3.75],"to":[10.0,3.0,6.75],"rotation":{"origin":[5.0,-4.0,3.75],"axis":"x","angle":-22.5},"faces":{"north":{"uv":[3.0,6.0,5.5,9.5],"texture":"#0"},"east":{"uv":[5.5,6.5,7.0,10.0],"texture":"#0"},"south":{"uv":[6.0,3.0,8.5,6.5],"texture":"#0"},"west":{"uv":[7.0,6.5,8.5,10.0],"texture":"#0"},"up":{"uv":[11.0,4.5,8.5,3.0],"texture":"#0"},"down":{"uv":[11.0,4.5,8.5,6.0],"texture":"#0"}}},{"from":[8.0,-0.75,5.75],"to":[8.0,-0.25,10.75],"rotation":{"origin":[8.0,-0.75,5.75],"axis":"x","angle":-22.5},"faces":{"north":{"uv":[0.0,0.0,0.0,0.5],"texture":"#0"},"east":{"uv":[10.0,2.5,12.5,3.0],"texture":"#0"},"south":{"uv":[0.0,0.0,0.0,0.5],"texture":"#0"},"west":{"uv":[11.0,0.0,13.5,0.5],"texture":"#0"},"up":{"uv":[0.0,2.5,0.0,0.0],"texture":"#0"},"down":{"uv":[0.0,0.0,0.0,2.5],"texture":"#0"}}},{"from":[7.5,0.75,10.0],"to":[8.5,1.75,11.0],"rotation":{"origin":[7.5,0.75,10.0],"axis":"x","angle":-22.5},"faces":{"north":{"uv":[5.5,6.0,6.0,6.5],"texture":"#0"},"east":{"uv":[5.0,9.5,5.5,10.0],"texture":"#0"},"south":{"uv":[12.0,7.0,12.5,7.5],"texture":"#0"},"west":{"uv":[12.0,7.5,12.5,8.0],"texture":"#0"},"up":{"uv":[8.5,12.5,8.0,12.0],"texture":"#0"},"down":{"uv":[12.5,8.0,12.0,8.5],"texture":"#0"}}},{"from":[5.0,-5.75,6.5],"to":[10.0,-2.75,6.5],"rotation":{"origin":[7.5,-2.75,6.5],"axis":"x","angle":-45.0},"faces":{"north":{"uv":[8.5,6.0,11.0,7.5],"texture":"#0"},"east":{"uv":[0.0,0.0,0.0,1.5],"texture":"#0"},"south":{"uv":[8.5,7.5,11.0,9.0],"texture":"#0"},"west":{"uv":[0.0,0.0,0.0,1.5],"texture":"#0"},"up":{"uv":[2.5,0.0,0.0,0.0],"texture":"#0"},"down":{"uv":[2.5,0.0,0.0,0.0],"texture":"#0"}}},{"from":[5.0,-6.25,3.75],"to":[5.0,-3.25,6.75],"rotation":{"origin":[5.0,-3.25,5.25],"axis":"x","angle":-22.5},"faces":{"north":{"uv":[0.0,0.0,0.0,1.5],"texture":"#0"},"east":{"uv":[10.5,9.0,12.0,10.5],"texture":"#0"},"south":{"uv":[0.0,0.0,0.0,1.5],"texture":"#0"},"west":{"uv":[10.5,10.5,12.0,12.0],"texture":"#0"},"up":{"uv":[0.0,1.5,0.0,0.0],"texture":"#0"},"down":{"uv":[0.0,0.0,0.0,1.5],"texture":"#0"}}},{"from":[10.0,-6.25,3.5],"to":[10.0,-3.25,6.5],"rotation":{"origin":[10.0,-3.25,5.0],"axis":"x","angle":-22.5},"faces":{"north":{"uv":[0.0,0.0,0.0,1.5],"texture":"#0"},"east":{"uv":[12.0,10.5,10.5,12.0],"texture":"#0"},"south":{"uv":[0.0,0.0,0.0,1.5],"texture":"#0"},"west":{"uv":[12.0,9.0,10.5,10.5],"texture":"#0"},"up":{"uv":[0.0,1.5,0.0,0.0],"texture":"#0"},"down":{"uv":[0.0,0.0,0.0,1.5],"texture":"#0"}}},{"from":[-0.25,-2.0,2.0],"to":[1.75,5.0,4.0],"rotation":{"origin":[-2.25,-4.0,2.0],"axis":"z","angle":-22.5},"faces":{"north":{"uv":[0.0,9.0,1.0,12.5],"texture":"#0"},"east":{"uv":[1.0,9.0,2.0,12.5],"texture":"#0"},"south":{"uv":[2.0,9.0,3.0,12.5],"texture":"#0"},"west":{"uv":[8.5,9.0,9.5,12.5],"texture":"#0"},"up":{"uv":[12.0,1.5,11.0,0.5],"texture":"#0"},"down":{"uv":[12.0,1.5,11.0,2.5],"texture":"#0"}}},{"from":[-0.45,-1.2,1.8],"to":[1.95,5.2,4.2],"rotation":{"origin":[-2.25,-4.0,2.0],"axis":"z","angle":-22.5},"faces":{"north":{"uv":[9.0,0.0,10.0,3.0],"texture":"#0"},"east":{"uv":[3.0,9.5,4.0,12.5],"texture":"#0"},"south":{"uv":[4.0,9.5,5.0,12.5],"texture":"#0"},"west":{"uv":[9.5,9.0,10.5,12.0],"texture":"#0"},"up":{"uv":[12.0,4.0,11.0,3.0],"texture":"#0"},"down":{"uv":[12.0,4.0,11.0,5.0],"texture":"#0"}}},{"from":[10.25,-5.25,2.25],"to":[12.25,1.75,4.25],"rotation":{"origin":[14.25,-7.25,2.25],"axis":"y","angle":0.0},"faces":{"north":{"uv":[1.0,9.0,0.0,12.5],"texture":"#0"},"east":{"uv":[9.5,9.0,8.5,12.5],"texture":"#0"},"south":{"uv":[3.0,9.0,2.0,12.5],"texture":"#0"},"west":{"uv":[2.0,9.0,1.0,12.5],"texture":"#0"},"up":{"uv":[11.0,1.5,12.0,0.5],"texture":"#0"},"down":{"uv":[11.0,1.5,12.0,2.5],"texture":"#0"}}},{"from":[10.05,-4.45,2.05],"to":[12.45,1.95,4.45],"rotation":{"origin":[14.25,-7.25,2.25],"axis":"y","angle":0.0},"faces":{"north":{"uv":[10.0,0.0,9.0,3.0],"texture":"#0"},"east":{"uv":[10.5,9.0,9.5,12.0],"texture":"#0"},"south":{"uv":[5.0,9.5,4.0,12.5],"texture":"#0"},"west":{"uv":[4.0,9.5,3.0,12.5],"texture":"#0"},"up":{"uv":[11.0,4.0,12.0,3.0],"texture":"#0"},"down":{"uv":[11.0,4.0,12.0,5.0],"texture":"#0"}}},{"from":[7.75,-7.0,1.0],"to":[9.75,-2.0,3.0],"rotation":{"origin":[5.75,-11.0,1.0],"axis":"x","angle":22.5},"faces":{"north":{"uv":[10.0,0.0,11.0,2.5],"texture":"#0"},"east":{"uv":[5.0,10.0,6.0,12.5],"texture":"#0"},"south":{"uv":[6.0,10.0,7.0,12.5],"texture":"#0"},"west":{"uv":[7.0,10.0,8.0,12.5],"texture":"#0"},"up":{"uv":[12.0,6.0,11.0,5.0],"texture":"#0"},"down":{"uv":[12.0,6.0,11.0,7.0],"texture":"#0"}}},{"from":[5.25,-7.75,4.0],"to":[7.25,-2.75,6.0],"rotation":{"origin":[9.25,-11.75,4.0],"axis":"y","angle":0.0},"faces":{"north":{"uv":[11.0,0.0,10.0,2.5],"texture":"#0"},"east":{"uv":[8.0,10.0,7.0,12.5],"texture":"#0"},"south":{"uv":[7.0,10.0,6.0,12.5],"texture":"#0"},"west":{"uv":[6.0,10.0,5.0,12.5],"texture":"#0"},"up":{"uv":[11.0,6.0,12.0,5.0],"texture":"#0"},"down":{"uv":[11.0,6.0,12.0,7.0],"texture":"#0"}}},{"from":[5.5,7.0,6.0],"to":[7.5,9.0,7.0],"rotation":{"origin":[5.5,7.0,5.0],"axis":"z","angle":-22.5},"faces":{"north":{"uv":[11.0,7.0,12.0,8.0],"texture":"#0"},"east":{"uv":[8.0,10.0,8.5,11.0],"texture":"#0"},"south":{"uv":[11.0,8.0,12.0,9.0],"texture":"#0"},"west":{"uv":[8.0,11.0,8.5,12.0],"texture":"#0"},"up":{"uv":[13.0,3.5,12.0,3.0],"texture":"#0"},"down":{"uv":[13.0,3.5,12.0,4.0],"texture":"#0"}}},{"from":[10.0,5.0,6.0],"to":[12.0,7.0,7.0],"rotation":{"origin":[10.0,5.0,5.0],"axis":"z","angle":-22.5},"faces":{"north":{"uv":[11.0,7.0,12.0,8.0],"texture":"#0"},"east":{"uv":[8.0,10.0,8.5,11.0],"texture":"#0"},"south":{"uv":[11.0,8.0,12.0,9.0],"texture":"#0"},"west":{"uv":[8.0,11.0,8.5,12.0],"texture":"#0"},"up":{"uv":[13.0,3.5,12.0,3.0],"texture":"#0"},"down":{"uv":[13.0,3.5,12.0,4.0],"texture":"#0"}}},{"from":[5.3,6.8,5.8],"to":[7.7,9.2,7.2],"rotation":{"origin":[5.5,7.0,5.0],"axis":"z","angle":-22.5},"faces":{"north":{"uv":[12.0,0.5,13.0,1.5],"texture":"#0"},"east":{"uv":[12.0,4.0,12.5,5.0],"texture":"#0"},"south":{"uv":[12.0,1.5,13.0,2.5],"texture":"#0"},"west":{"uv":[12.0,5.0,12.5,6.0],"texture":"#0"},"up":{"uv":[13.0,6.5,12.0,6.0],"texture":"#0"},"down":{"uv":[13.0,6.5,12.0,7.0],"texture":"#0"}}}],"textures":{"particle":"cosmetic_packv6/ocultism_backpack","0":"cosmetic_packv6/ocultism_backpack"},"gui_light":"front"}