{"display":{"firstperson_righthand":{"translation":[0.0,10.0,0.0]},"firstperson_lefthand":{"translation":[2.75,9.25,-0.75]},"ground":{"translation":[0.0,11.75,0.0]},"gui":{"rotation":[0.0,36.75,0.0],"translation":[3.5,7.75,0.0],"scale":[1.06836,1.06836,1.06836]},"head":{"rotation":[18.74,-5.23,0.99],"translation":[0.0,-80.0,17.0],"scale":[3.4,3.4,3.4]}},"elements":[{"from":[6.375,-9.5,4.0],"to":[9.375,-6.5,7.0],"rotation":{"origin":[6.375,-9.5,4.0],"axis":"z","angle":-22.5},"faces":{"north":{"uv":[0.0,0.0,3.0,3.0],"texture":"#0"},"east":{"uv":[0.0,3.0,3.0,6.0],"texture":"#0"},"south":{"uv":[3.0,0.0,6.0,3.0],"texture":"#0"},"west":{"uv":[3.0,3.0,6.0,6.0],"texture":"#0"},"up":{"uv":[3.0,9.0,0.0,6.0],"texture":"#0"},"down":{"uv":[9.0,0.0,6.0,3.0],"texture":"#0"}}},{"from":[6.5,-13.5,5.875],"to":[9.0,-10.0,7.375],"rotation":{"origin":[6.5,-13.5,5.875],"axis":"x","angle":-22.5},"faces":{"north":{"uv":[3.0,6.0,5.5,9.5],"texture":"#0"},"east":{"uv":[5.5,6.5,7.0,10.0],"texture":"#0"},"south":{"uv":[6.0,3.0,8.5,6.5],"texture":"#0"},"west":{"uv":[7.0,6.5,8.5,10.0],"texture":"#0"},"up":{"uv":[11.0,4.5,8.5,3.0],"texture":"#0"},"down":{"uv":[11.0,4.5,8.5,6.0],"texture":"#0"}}},{"from":[8.0,-11.875,6.875],"to":[8.0,-11.625,9.375],"rotation":{"origin":[8.0,-11.875,6.875],"axis":"x","angle":-22.5},"faces":{"north":{"uv":[0.0,0.0,0.0,0.5],"texture":"#0"},"east":{"uv":[10.0,2.5,12.5,3.0],"texture":"#0"},"south":{"uv":[0.0,0.0,0.0,0.5],"texture":"#0"},"west":{"uv":[11.0,0.0,13.5,0.5],"texture":"#0"},"up":{"uv":[0.0,2.5,0.0,0.0],"texture":"#0"},"down":{"uv":[0.0,0.0,0.0,2.5],"texture":"#0"}}},{"from":[7.75,-11.125,9.0],"to":[8.25,-10.625,9.5],"rotation":{"origin":[7.75,-11.125,9.0],"axis":"x","angle":-22.5},"faces":{"north":{"uv":[5.5,6.0,6.0,6.5],"texture":"#0"},"east":{"uv":[5.0,9.5,5.5,10.0],"texture":"#0"},"south":{"uv":[12.0,7.0,12.5,7.5],"texture":"#0"},"west":{"uv":[12.0,7.5,12.5,8.0],"texture":"#0"},"up":{"uv":[8.5,12.5,8.0,12.0],"texture":"#0"},"down":{"uv":[12.5,8.0,12.0,8.5],"texture":"#0"}}},{"from":[6.5,-14.375,7.25],"to":[9.0,-12.875,7.25],"rotation":{"origin":[7.75,-12.875,7.25],"axis":"x","angle":-45.0},"faces":{"north":{"uv":[8.5,6.0,11.0,7.5],"texture":"#0"},"east":{"uv":[0.0,0.0,0.0,1.5],"texture":"#0"},"south":{"uv":[8.5,7.5,11.0,9.0],"texture":"#0"},"west":{"uv":[0.0,0.0,0.0,1.5],"texture":"#0"},"up":{"uv":[2.5,0.0,0.0,0.0],"texture":"#0"},"down":{"uv":[2.5,0.0,0.0,0.0],"texture":"#0"}}},{"from":[6.5,-14.625,5.875],"to":[6.5,-13.125,7.375],"rotation":{"origin":[6.5,-13.125,6.625],"axis":"x","angle":-22.5},"faces":{"north":{"uv":[0.0,0.0,0.0,1.5],"texture":"#0"},"east":{"uv":[10.5,9.0,12.0,10.5],"texture":"#0"},"south":{"uv":[0.0,0.0,0.0,1.5],"texture":"#0"},"west":{"uv":[10.5,10.5,12.0,12.0],"texture":"#0"},"up":{"uv":[0.0,1.5,0.0,0.0],"texture":"#0"},"down":{"uv":[0.0,0.0,0.0,1.5],"texture":"#0"}}},{"from":[9.0,-14.625,5.75],"to":[9.0,-13.125,7.25],"rotation":{"origin":[9.0,-13.125,6.5],"axis":"x","angle":-22.5},"faces":{"north":{"uv":[0.0,0.0,0.0,1.5],"texture":"#0"},"east":{"uv":[12.0,10.5,10.5,12.0],"texture":"#0"},"south":{"uv":[0.0,0.0,0.0,1.5],"texture":"#0"},"west":{"uv":[12.0,9.0,10.5,10.5],"texture":"#0"},"up":{"uv":[0.0,1.5,0.0,0.0],"texture":"#0"},"down":{"uv":[0.0,0.0,0.0,1.5],"texture":"#0"}}},{"from":[3.875,-12.5,5.0],"to":[4.875,-9.0,6.0],"rotation":{"origin":[2.875,-13.5,5.0],"axis":"z","angle":-22.5},"faces":{"north":{"uv":[0.0,9.0,1.0,12.5],"texture":"#0"},"east":{"uv":[1.0,9.0,2.0,12.5],"texture":"#0"},"south":{"uv":[2.0,9.0,3.0,12.5],"texture":"#0"},"west":{"uv":[8.5,9.0,9.5,12.5],"texture":"#0"},"up":{"uv":[12.0,1.5,11.0,0.5],"texture":"#0"},"down":{"uv":[12.0,1.5,11.0,2.5],"texture":"#0"}}},{"from":[3.775,-12.1,4.9],"to":[4.975,-8.9,6.1],"rotation":{"origin":[2.875,-13.5,5.0],"axis":"z","angle":-22.5},"faces":{"north":{"uv":[9.0,0.0,10.0,3.0],"texture":"#0"},"east":{"uv":[3.0,9.5,4.0,12.5],"texture":"#0"},"south":{"uv":[4.0,9.5,5.0,12.5],"texture":"#0"},"west":{"uv":[9.5,9.0,10.5,12.0],"texture":"#0"},"up":{"uv":[12.0,4.0,11.0,3.0],"texture":"#0"},"down":{"uv":[12.0,4.0,11.0,5.0],"texture":"#0"}}},{"from":[9.125,-14.125,5.125],"to":[10.125,-10.625,6.125],"rotation":{"origin":[11.125,-15.125,5.125],"axis":"y","angle":0.0},"faces":{"north":{"uv":[1.0,9.0,0.0,12.5],"texture":"#0"},"east":{"uv":[9.5,9.0,8.5,12.5],"texture":"#0"},"south":{"uv":[3.0,9.0,2.0,12.5],"texture":"#0"},"west":{"uv":[2.0,9.0,1.0,12.5],"texture":"#0"},"up":{"uv":[11.0,1.5,12.0,0.5],"texture":"#0"},"down":{"uv":[11.0,1.5,12.0,2.5],"texture":"#0"}}},{"from":[9.025,-13.725,5.025],"to":[10.225,-10.525,6.225],"rotation":{"origin":[11.125,-15.125,5.125],"axis":"y","angle":0.0},"faces":{"north":{"uv":[10.0,0.0,9.0,3.0],"texture":"#0"},"east":{"uv":[10.5,9.0,9.5,12.0],"texture":"#0"},"south":{"uv":[5.0,9.5,4.0,12.5],"texture":"#0"},"west":{"uv":[4.0,9.5,3.0,12.5],"texture":"#0"},"up":{"uv":[11.0,4.0,12.0,3.0],"texture":"#0"},"down":{"uv":[11.0,4.0,12.0,5.0],"texture":"#0"}}},{"from":[7.875,-15.0,4.5],"to":[8.875,-12.5,5.5],"rotation":{"origin":[6.875,-17.0,4.5],"axis":"x","angle":22.5},"faces":{"north":{"uv":[10.0,0.0,11.0,2.5],"texture":"#0"},"east":{"uv":[5.0,10.0,6.0,12.5],"texture":"#0"},"south":{"uv":[6.0,10.0,7.0,12.5],"texture":"#0"},"west":{"uv":[7.0,10.0,8.0,12.5],"texture":"#0"},"up":{"uv":[12.0,6.0,11.0,5.0],"texture":"#0"},"down":{"uv":[12.0,6.0,11.0,7.0],"texture":"#0"}}},{"from":[6.625,-15.375,6.0],"to":[7.625,-12.875,7.0],"rotation":{"origin":[8.625,-17.375,6.0],"axis":"y","angle":0.0},"faces":{"north":{"uv":[11.0,0.0,10.0,2.5],"texture":"#0"},"east":{"uv":[8.0,10.0,7.0,12.5],"texture":"#0"},"south":{"uv":[7.0,10.0,6.0,12.5],"texture":"#0"},"west":{"uv":[6.0,10.0,5.0,12.5],"texture":"#0"},"up":{"uv":[11.0,6.0,12.0,5.0],"texture":"#0"},"down":{"uv":[11.0,6.0,12.0,7.0],"texture":"#0"}}},{"from":[6.75,-8.0,7.0],"to":[7.75,-7.0,7.5],"rotation":{"origin":[6.75,-8.0,6.5],"axis":"z","angle":-22.5},"faces":{"north":{"uv":[11.0,7.0,12.0,8.0],"texture":"#0"},"east":{"uv":[8.0,10.0,8.5,11.0],"texture":"#0"},"south":{"uv":[11.0,8.0,12.0,9.0],"texture":"#0"},"west":{"uv":[8.0,11.0,8.5,12.0],"texture":"#0"},"up":{"uv":[13.0,3.5,12.0,3.0],"texture":"#0"},"down":{"uv":[13.0,3.5,12.0,4.0],"texture":"#0"}}},{"from":[9.0,-9.0,7.0],"to":[10.0,-8.0,7.5],"rotation":{"origin":[9.0,-9.0,6.5],"axis":"z","angle":-22.5},"faces":{"north":{"uv":[11.0,7.0,12.0,8.0],"texture":"#0"},"east":{"uv":[8.0,10.0,8.5,11.0],"texture":"#0"},"south":{"uv":[11.0,8.0,12.0,9.0],"texture":"#0"},"west":{"uv":[8.0,11.0,8.5,12.0],"texture":"#0"},"up":{"uv":[13.0,3.5,12.0,3.0],"texture":"#0"},"down":{"uv":[13.0,3.5,12.0,4.0],"texture":"#0"}}},{"from":[6.65,-8.1,6.9],"to":[7.85,-6.9,7.6],"rotation":{"origin":[6.75,-8.0,6.5],"axis":"z","angle":-22.5},"faces":{"north":{"uv":[12.0,0.5,13.0,1.5],"texture":"#0"},"east":{"uv":[12.0,4.0,12.5,5.0],"texture":"#0"},"south":{"uv":[12.0,1.5,13.0,2.5],"texture":"#0"},"west":{"uv":[12.0,5.0,12.5,6.0],"texture":"#0"},"up":{"uv":[13.0,6.5,12.0,6.0],"texture":"#0"},"down":{"uv":[13.0,6.5,12.0,7.0],"texture":"#0"}}}],"textures":{"particle":"cosmetic_packv6/ocultism_backpack","0":"cosmetic_packv6/ocultism_backpack"},"gui_light":"front"}