{"display":{"gui":{"rotation":[180.0,-30.5,180.0],"translation":[-0.75,2.5,0.0],"scale":[1.09961,1.09961,1.09961]},"head":{"translation":[0.0,6.75,0.0],"scale":[1.7,1.7,1.7]}},"elements":[{"from":[4.0,0.0,3.0],"to":[12.0,8.0,5.0],"rotation":{"origin":[4.0,0.0,3.0],"axis":"y","angle":0.0},"faces":{"north":{"uv":[0.0,0.0,4.0,4.0],"texture":"#0"},"east":{"uv":[8.0,5.0,9.0,9.0],"texture":"#0"},"south":{"uv":[0.0,4.0,4.0,8.0],"texture":"#0"},"west":{"uv":[5.5,8.0,6.5,12.0],"texture":"#0"},"up":{"uv":[13.0,6.0,9.0,5.0],"texture":"#0"},"down":{"uv":[13.0,6.0,9.0,7.0],"texture":"#0"}}},{"from":[7.0,6.5,12.0],"to":[9.0,8.5,18.0],"rotation":{"origin":[7.0,6.5,12.0],"axis":"x","angle":-45.0},"faces":{"north":{"uv":[3.0,13.0,4.0,14.0],"texture":"#0"},"east":{"uv":[11.0,1.0,14.0,2.0],"texture":"#0"},"south":{"uv":[4.0,13.0,5.0,14.0],"texture":"#0"},"west":{"uv":[11.0,2.0,14.0,3.0],"texture":"#0"},"up":{"uv":[8.5,12.0,7.5,9.0],"texture":"#0"},"down":{"uv":[4.5,10.0,3.5,13.0],"texture":"#0"}}},{"from":[6.8,6.8,12.3],"to":[9.2,9.2,18.7],"rotation":{"origin":[7.0,7.0,12.5],"axis":"x","angle":-45.0},"faces":{"north":{"uv":[5.0,13.0,6.0,14.0],"texture":"#0"},"east":{"uv":[8.5,11.0,11.5,12.0],"texture":"#0"},"south":{"uv":[13.0,5.0,14.0,6.0],"texture":"#0"},"west":{"uv":[11.5,11.0,14.5,12.0],"texture":"#0"},"up":{"uv":[5.5,13.0,4.5,10.0],"texture":"#0"},"down":{"uv":[1.0,12.0,0.0,15.0],"texture":"#0"}}},{"from":[3.8,-0.2,2.8],"to":[12.2,8.2,5.2],"rotation":{"origin":[4.0,0.0,3.0],"axis":"y","angle":0.0},"faces":{"north":{"uv":[4.0,0.0,8.0,4.0],"texture":"#0"},"east":{"uv":[6.5,8.0,7.5,12.0],"texture":"#0"},"south":{"uv":[4.0,4.0,8.0,8.0],"texture":"#0"},"west":{"uv":[9.0,7.0,10.0,11.0],"texture":"#0"},"up":{"uv":[14.0,8.0,10.0,7.0],"texture":"#0"},"down":{"uv":[14.0,8.0,10.0,9.0],"texture":"#0"}}},{"from":[6.0,-1.25,2.5],"to":[10.0,0.75,4.5],"rotation":{"origin":[4.0,-0.25,2.5],"axis":"x","angle":-22.5},"faces":{"north":{"uv":[1.0,12.0,3.0,13.0],"texture":"#0"},"east":{"uv":[6.0,13.0,7.0,14.0],"texture":"#0"},"south":{"uv":[5.5,12.0,7.5,13.0],"texture":"#0"},"west":{"uv":[13.0,6.0,14.0,7.0],"texture":"#0"},"up":{"uv":[9.5,13.0,7.5,12.0],"texture":"#0"},"down":{"uv":[11.5,12.0,9.5,13.0],"texture":"#0"}}},{"from":[7.0,2.5,2.75],"to":[9.0,4.5,4.75],"rotation":{"origin":[4.0,3.5,2.75],"axis":"x","angle":22.5},"faces":{"north":{"uv":[7.0,13.0,8.0,14.0],"texture":"#0"},"east":{"uv":[8.0,13.0,9.0,14.0],"texture":"#0"},"south":{"uv":[9.0,13.0,10.0,14.0],"texture":"#0"},"west":{"uv":[10.0,13.0,11.0,14.0],"texture":"#0"},"up":{"uv":[12.0,14.0,11.0,13.0],"texture":"#0"},"down":{"uv":[13.0,13.0,12.0,14.0],"texture":"#0"}}},{"from":[5.75,0.0,-0.75],"to":[5.75,4.0,4.25],"rotation":{"origin":[2.75,1.0,2.25],"axis":"y","angle":22.5},"faces":{"north":{"uv":[0.0,0.0,0.0,2.0],"texture":"#0"},"east":{"uv":[3.0,8.0,5.5,10.0],"texture":"#0"},"south":{"uv":[0.0,0.0,0.0,2.0],"texture":"#0"},"west":{"uv":[8.0,3.0,10.5,5.0],"texture":"#0"},"up":{"uv":[0.0,2.5,0.0,0.0],"texture":"#0"},"down":{"uv":[0.0,0.0,0.0,2.5],"texture":"#0"}}},{"from":[10.25,0.0,-0.75],"to":[10.25,4.0,4.25],"rotation":{"origin":[13.25,1.0,2.25],"axis":"y","angle":-22.5},"faces":{"north":{"uv":[0.0,0.0,0.0,2.0],"texture":"#0"},"east":{"uv":[10.5,3.0,8.0,5.0],"texture":"#0"},"south":{"uv":[0.0,0.0,0.0,2.0],"texture":"#0"},"west":{"uv":[5.5,8.0,3.0,10.0],"texture":"#0"},"up":{"uv":[0.0,2.5,0.0,0.0],"texture":"#0"},"down":{"uv":[0.0,0.0,0.0,2.5],"texture":"#0"}}},{"from":[3.5,6.25,-2.0],"to":[3.5,12.25,4.0],"rotation":{"origin":[0.5,7.25,2.0],"axis":"y","angle":22.5},"faces":{"north":{"uv":[0.0,0.0,0.0,3.0],"texture":"#0"},"east":{"uv":[0.0,8.0,3.0,11.0],"texture":"#0"},"south":{"uv":[0.0,0.0,0.0,3.0],"texture":"#0"},"west":{"uv":[8.0,0.0,11.0,3.0],"texture":"#0"},"up":{"uv":[0.0,3.0,0.0,0.0],"texture":"#0"},"down":{"uv":[0.0,0.0,0.0,3.0],"texture":"#0"}}},{"from":[12.5,6.25,-2.0],"to":[12.5,12.25,4.0],"rotation":{"origin":[15.5,7.25,2.0],"axis":"y","angle":-22.5},"faces":{"north":{"uv":[0.0,0.0,0.0,3.0],"texture":"#0"},"east":{"uv":[11.0,0.0,8.0,3.0],"texture":"#0"},"south":{"uv":[0.0,0.0,0.0,3.0],"texture":"#0"},"west":{"uv":[3.0,8.0,0.0,11.0],"texture":"#0"},"up":{"uv":[0.0,3.0,0.0,0.0],"texture":"#0"},"down":{"uv":[0.0,0.0,0.0,3.0],"texture":"#0"}}},{"from":[6.0,0.25,2.0],"to":[10.0,2.25,2.0],"rotation":{"origin":[4.0,1.25,2.0],"axis":"x","angle":-22.5},"faces":{"north":{"uv":[11.5,12.0,13.5,13.0],"texture":"#0"},"east":{"uv":[0.0,0.0,0.0,1.0],"texture":"#0"},"south":{"uv":[1.0,13.0,3.0,14.0],"texture":"#0"},"west":{"uv":[0.0,0.0,0.0,1.0],"texture":"#0"},"up":{"uv":[2.0,0.0,0.0,0.0],"texture":"#0"},"down":{"uv":[2.0,0.0,0.0,0.0],"texture":"#0"}}},{"from":[9.75,0.5,1.75],"to":[9.75,2.5,3.75],"rotation":{"origin":[3.75,1.5,1.75],"axis":"x","angle":-22.5},"faces":{"north":{"uv":[0.0,0.0,0.0,1.0],"texture":"#0"},"east":{"uv":[13.0,13.0,14.0,14.0],"texture":"#0"},"south":{"uv":[0.0,0.0,0.0,1.0],"texture":"#0"},"west":{"uv":[13.5,12.0,14.5,13.0],"texture":"#0"},"up":{"uv":[0.0,1.0,0.0,0.0],"texture":"#0"},"down":{"uv":[0.0,0.0,0.0,1.0],"texture":"#0"}}},{"from":[6.25,0.5,1.75],"to":[6.25,2.5,3.75],"rotation":{"origin":[12.25,1.5,1.75],"axis":"x","angle":-22.5},"faces":{"north":{"uv":[0.0,0.0,0.0,1.0],"texture":"#0"},"east":{"uv":[14.5,12.0,13.5,13.0],"texture":"#0"},"south":{"uv":[0.0,0.0,0.0,1.0],"texture":"#0"},"west":{"uv":[14.0,13.0,13.0,14.0],"texture":"#0"},"up":{"uv":[0.0,1.0,0.0,0.0],"texture":"#0"},"down":{"uv":[0.0,0.0,0.0,1.0],"texture":"#0"}}},{"from":[4.0,3.0,5.0],"to":[4.0,5.0,12.0],"rotation":{"origin":[4.0,0.0,5.0],"axis":"y","angle":0.0},"faces":{"north":{"uv":[0.0,0.0,0.0,1.0],"texture":"#0"},"east":{"uv":[10.5,3.0,14.0,4.0],"texture":"#0"},"south":{"uv":[0.0,0.0,0.0,1.0],"texture":"#0"},"west":{"uv":[10.5,4.0,14.0,5.0],"texture":"#0"},"up":{"uv":[0.0,3.5,0.0,0.0],"texture":"#0"},"down":{"uv":[0.0,0.0,0.0,3.5],"texture":"#0"}}},{"from":[12.0,3.0,5.0],"to":[12.0,5.0,12.0],"rotation":{"origin":[12.0,0.0,5.0],"axis":"y","angle":0.0},"faces":{"north":{"uv":[0.0,0.0,0.0,1.0],"texture":"#0"},"east":{"uv":[0.0,11.0,3.5,12.0],"texture":"#0"},"south":{"uv":[0.0,0.0,0.0,1.0],"texture":"#0"},"west":{"uv":[11.0,0.0,14.5,1.0],"texture":"#0"},"up":{"uv":[0.0,3.5,0.0,0.0],"texture":"#0"},"down":{"uv":[0.0,0.0,0.0,3.5],"texture":"#0"}}},{"from":[4.0,3.0,12.0],"to":[12.0,5.0,12.0],"rotation":{"origin":[4.0,0.0,5.0],"axis":"y","angle":0.0},"faces":{"north":{"uv":[10.0,9.0,14.0,10.0],"texture":"#0"},"east":{"uv":[0.0,0.0,0.0,1.0],"texture":"#0"},"south":{"uv":[10.0,10.0,14.0,11.0],"texture":"#0"},"west":{"uv":[0.0,0.0,0.0,1.0],"texture":"#0"},"up":{"uv":[4.0,0.0,0.0,0.0],"texture":"#0"},"down":{"uv":[4.0,0.0,0.0,0.0],"texture":"#0"}}}],"textures":{"particle":"cosmetic_packv6/oni_hat","0":"cosmetic_packv6/oni_hat"},"gui_light":"front"}