{"display":{"thirdperson_righthand":{"translation":[0.0,10.75,0.0]},"thirdperson_lefthand":{"translation":[0.0,12.25,0.0]},"ground":{"translation":[0.0,15.25,0.0]},"gui":{"rotation":[180.0,-29.75,180.0],"translation":[0.0,9.5,0.0],"scale":[0.97461,0.97461,0.97461]},"head":{"translation":[0.0,-50.75,0.0],"scale":[3.4,3.4,3.4]},"fixed":{"translation":[0.0,10.0,-1.5]}},"elements":[{"from":[3.125,-11.625,6.0],"to":[5.625,-10.625,10.0],"rotation":{"origin":[4.625,-11.625,7.0],"axis":"z","angle":-22.5},"faces":{"north":{"uv":[8.0,1.0,10.5,2.0],"texture":"#0"},"east":{"uv":[0.0,7.0,4.0,8.0],"texture":"#0"},"south":{"uv":[8.0,2.0,10.5,3.0],"texture":"#0"},"west":{"uv":[7.5,3.0,11.5,4.0],"texture":"#0"},"up":{"uv":[2.5,4.0,0.0,0.0],"texture":"#0"},"down":{"uv":[5.0,0.0,2.5,4.0],"texture":"#0"}}},{"from":[6.0,-14.5,6.75],"to":[10.0,-13.5,6.75],"rotation":{"origin":[8.5,-14.5,7.75],"axis":"y","angle":0.0},"faces":{"north":{"uv":[7.5,4.0,11.5,5.0],"texture":"#0"},"east":{"uv":[0.0,0.0,0.0,1.0],"texture":"#0"},"south":{"uv":[7.5,4.0,11.5,5.0],"texture":"#0"},"west":{"uv":[0.0,0.0,0.0,1.0],"texture":"#0"},"up":{"uv":[4.0,0.0,0.0,0.0],"texture":"#0"},"down":{"uv":[4.0,0.0,0.0,0.0],"texture":"#0"}}},{"from":[7.0,-15.0,6.25],"to":[9.0,-13.0,6.75],"rotation":{"origin":[8.5,-15.0,7.75],"axis":"y","angle":0.0},"faces":{"north":{"uv":[4.0,7.0,6.0,9.0],"texture":"#0"},"east":{"uv":[7.5,9.5,8.0,11.5],"texture":"#0"},"south":{"uv":[7.5,6.0,9.5,8.0],"texture":"#0"},"west":{"uv":[8.0,9.5,8.5,11.5],"texture":"#0"},"up":{"uv":[11.5,7.0,9.5,6.5],"texture":"#0"},"down":{"uv":[11.5,7.0,9.5,7.5],"texture":"#0"}}},{"from":[6.0,-14.5,9.25],"to":[10.0,-13.5,9.25],"rotation":{"origin":[8.5,-14.5,10.25],"axis":"y","angle":0.0},"faces":{"north":{"uv":[8.0,0.0,12.0,1.0],"texture":"#0"},"east":{"uv":[0.0,0.0,0.0,1.0],"texture":"#0"},"south":{"uv":[8.0,0.0,12.0,1.0],"texture":"#0"},"west":{"uv":[0.0,0.0,0.0,1.0],"texture":"#0"},"up":{"uv":[4.0,0.0,0.0,0.0],"texture":"#0"},"down":{"uv":[4.0,0.0,0.0,0.0],"texture":"#0"}}},{"from":[6.0,-14.5,6.75],"to":[6.0,-13.5,9.25],"rotation":{"origin":[8.5,-14.5,7.75],"axis":"y","angle":0.0},"faces":{"north":{"uv":[0.0,0.0,0.0,1.0],"texture":"#0"},"east":{"uv":[7.5,8.0,10.0,9.0],"texture":"#0"},"south":{"uv":[0.0,0.0,0.0,1.0],"texture":"#0"},"west":{"uv":[0.0,9.0,2.5,10.0],"texture":"#0"},"up":{"uv":[0.0,2.5,0.0,0.0],"texture":"#0"},"down":{"uv":[0.0,0.0,0.0,2.5],"texture":"#0"}}},{"from":[10.0,-14.5,6.75],"to":[10.0,-13.5,9.25],"rotation":{"origin":[12.5,-14.5,7.75],"axis":"y","angle":0.0},"faces":{"north":{"uv":[0.0,0.0,0.0,1.0],"texture":"#0"},"east":{"uv":[2.5,9.0,5.0,10.0],"texture":"#0"},"south":{"uv":[0.0,0.0,0.0,1.0],"texture":"#0"},"west":{"uv":[5.0,9.0,7.5,10.0],"texture":"#0"},"up":{"uv":[0.0,2.5,0.0,0.0],"texture":"#0"},"down":{"uv":[0.0,0.0,0.0,2.5],"texture":"#0"}}},{"from":[4.125,-14.625,6.5],"to":[5.625,-11.625,9.5],"rotation":{"origin":[4.625,-11.625,7.0],"axis":"z","angle":-22.5},"faces":{"north":{"uv":[5.0,0.0,6.5,3.0],"texture":"#0"},"east":{"uv":[0.0,4.0,3.0,7.0],"texture":"#0"},"south":{"uv":[6.0,3.0,7.5,6.0],"texture":"#0"},"west":{"uv":[3.0,4.0,6.0,7.0],"texture":"#0"},"up":{"uv":[7.5,9.0,6.0,6.0],"texture":"#0"},"down":{"uv":[8.0,0.0,6.5,3.0],"texture":"#0"}}},{"from":[4.125,-15.125,6.5],"to":[4.125,-14.625,9.5],"rotation":{"origin":[4.625,-11.625,7.0],"axis":"z","angle":-22.5},"faces":{"north":{"uv":[0.0,0.0,0.0,0.5],"texture":"#0"},"east":{"uv":[7.5,9.0,10.5,9.5],"texture":"#0"},"south":{"uv":[0.0,0.0,0.0,0.5],"texture":"#0"},"west":{"uv":[9.5,6.0,12.5,6.5],"texture":"#0"},"up":{"uv":[0.0,3.0,0.0,0.0],"texture":"#0"},"down":{"uv":[0.0,0.0,0.0,3.0],"texture":"#0"}}},{"from":[4.125,-15.125,6.5],"to":[5.625,-14.625,6.5],"rotation":{"origin":[4.625,-11.625,7.0],"axis":"z","angle":-22.5},"faces":{"north":{"uv":[9.5,7.5,11.0,8.0],"texture":"#0"},"east":{"uv":[0.0,0.0,0.0,0.5],"texture":"#0"},"south":{"uv":[8.5,9.5,10.0,10.0],"texture":"#0"},"west":{"uv":[0.0,0.0,0.0,0.5],"texture":"#0"},"up":{"uv":[1.5,0.0,0.0,0.0],"texture":"#0"},"down":{"uv":[1.5,0.0,0.0,0.0],"texture":"#0"}}},{"from":[4.125,-15.125,9.5],"to":[5.625,-14.625,9.5],"rotation":{"origin":[4.625,-11.625,10.0],"axis":"z","angle":-22.5},"faces":{"north":{"uv":[9.5,7.5,11.0,8.0],"texture":"#0"},"east":{"uv":[0.0,0.0,0.0,0.5],"texture":"#0"},"south":{"uv":[8.5,9.5,10.0,10.0],"texture":"#0"},"west":{"uv":[0.0,0.0,0.0,0.5],"texture":"#0"},"up":{"uv":[1.5,0.0,0.0,0.0],"texture":"#0"},"down":{"uv":[1.5,0.0,0.0,0.0],"texture":"#0"}}},{"from":[10.375,-11.625,6.0],"to":[12.875,-10.625,10.0],"rotation":{"origin":[11.375,-11.625,7.0],"axis":"z","angle":22.5},"faces":{"north":{"uv":[10.5,1.0,8.0,2.0],"texture":"#0"},"east":{"uv":[11.5,3.0,7.5,4.0],"texture":"#0"},"south":{"uv":[10.5,2.0,8.0,3.0],"texture":"#0"},"west":{"uv":[4.0,7.0,0.0,8.0],"texture":"#0"},"up":{"uv":[0.0,4.0,2.5,0.0],"texture":"#0"},"down":{"uv":[2.5,0.0,5.0,4.0],"texture":"#0"}}},{"from":[10.375,-14.625,6.5],"to":[11.875,-11.625,9.5],"rotation":{"origin":[11.375,-11.625,7.0],"axis":"z","angle":22.5},"faces":{"north":{"uv":[6.5,0.0,5.0,3.0],"texture":"#0"},"east":{"uv":[6.0,4.0,3.0,7.0],"texture":"#0"},"south":{"uv":[7.5,3.0,6.0,6.0],"texture":"#0"},"west":{"uv":[3.0,4.0,0.0,7.0],"texture":"#0"},"up":{"uv":[6.0,9.0,7.5,6.0],"texture":"#0"},"down":{"uv":[6.5,0.0,8.0,3.0],"texture":"#0"}}},{"from":[10.375,-15.125,6.5],"to":[11.875,-14.625,6.5],"rotation":{"origin":[11.375,-11.625,7.0],"axis":"z","angle":22.5},"faces":{"north":{"uv":[11.0,7.5,9.5,8.0],"texture":"#0"},"east":{"uv":[0.0,0.0,0.0,0.5],"texture":"#0"},"south":{"uv":[10.0,9.5,8.5,10.0],"texture":"#0"},"west":{"uv":[0.0,0.0,0.0,0.5],"texture":"#0"},"up":{"uv":[0.0,0.0,1.5,0.0],"texture":"#0"},"down":{"uv":[0.0,0.0,1.5,0.0],"texture":"#0"}}},{"from":[11.875,-15.125,6.5],"to":[11.875,-14.625,9.5],"rotation":{"origin":[11.375,-11.625,7.0],"axis":"z","angle":22.5},"faces":{"north":{"uv":[0.0,0.0,0.0,0.5],"texture":"#0"},"east":{"uv":[12.5,6.0,9.5,6.5],"texture":"#0"},"south":{"uv":[0.0,0.0,0.0,0.5],"texture":"#0"},"west":{"uv":[10.5,9.0,7.5,9.5],"texture":"#0"},"up":{"uv":[0.0,3.0,0.0,0.0],"texture":"#0"},"down":{"uv":[0.0,0.0,0.0,3.0],"texture":"#0"}}},{"from":[10.375,-15.125,9.5],"to":[11.875,-14.625,9.5],"rotation":{"origin":[11.375,-11.625,10.0],"axis":"z","angle":22.5},"faces":{"north":{"uv":[11.0,7.5,9.5,8.0],"texture":"#0"},"east":{"uv":[0.0,0.0,0.0,0.5],"texture":"#0"},"south":{"uv":[10.0,9.5,8.5,10.0],"texture":"#0"},"west":{"uv":[0.0,0.0,0.0,0.5],"texture":"#0"},"up":{"uv":[0.0,0.0,1.5,0.0],"texture":"#0"},"down":{"uv":[0.0,0.0,1.5,0.0],"texture":"#0"}}}],"textures":{"particle":"cosmetic_packv6/oni_backpack","0":"cosmetic_packv6/oni_backpack"},"gui_light":"front"}