{"display":{"thirdperson_righthand":{"translation":[0.0,-2.0,1.0]},"thirdperson_lefthand":{"translation":[0.0,-2.0,1.0]},"firstperson_righthand":{"rotation":[20.0,20.0,0.0],"translation":[3.0,3.5,-3.0]},"firstperson_lefthand":{"rotation":[19.99,-20.0,0.01],"translation":[5.0,2.0,0.0]},"ground":{"rotation":[45.0,0.0,0.0],"translation":[0.0,3.0,0.0],"scale":[0.7,0.7,0.7]},"gui":{"rotation":[-90.0,135.0,90.0],"translation":[-0.5,0.5,0.0],"scale":[0.8,0.8,0.8]},"head":{"rotation":[90.0,-45.0,90.0]},"fixed":{"rotation":[0.0,-90.0,0.0],"translation":[0.0,0.0,-1.25],"scale":[2.0,2.0,2.0]}},"elements":[{"from":[7.25,10.4,7.25],"to":[8.75,11.9,8.75],"rotation":{"origin":[8.0,11.15,8.0],"axis":"x","angle":45.0},"faces":{"north":{"uv":[11.33333,11.33333,12.33333,12.33333],"texture":"#1"},"east":{"uv":[12.0,0.0,13.0,1.0],"texture":"#1"},"south":{"uv":[12.0,1.33333,13.0,2.33333],"texture":"#1"},"west":{"uv":[12.0,6.0,13.0,7.0],"texture":"#1"},"up":{"uv":[13.0,8.33333,12.0,7.33333],"texture":"#1"},"down":{"uv":[9.66667,12.0,8.66667,13.0],"texture":"#1"}}},{"from":[6.25,9.9,6.375],"to":[7.25,10.9,7.375],"rotation":{"origin":[6.25,9.9,6.375],"axis":"y","angle":0.0},"faces":{"north":{"uv":[9.33333,4.66667,10.0,5.33333],"texture":"#1"},"east":{"uv":[10.66667,8.66667,11.33333,9.33333],"texture":"#1"},"south":{"uv":[11.33333,6.0,12.0,6.66667],"texture":"#1"},"west":{"uv":[12.0,2.66667,12.66667,3.33333],"texture":"#1"},"up":{"uv":[13.33333,9.33333,12.66667,8.66667],"texture":"#1"},"down":{"uv":[13.33333,9.33333,12.66667,10.0],"texture":"#1"}}},{"from":[7.0,11.1,5.0],"to":[7.03,15.1,7.5],"rotation":{"origin":[6.515,13.5,7.5],"axis":"x","angle":-22.5},"faces":{"east":{"uv":[6.33333,8.0,4.66667,10.66667],"texture":"#1"},"west":{"uv":[4.66667,8.0,6.33333,10.66667],"texture":"#1"}}},{"from":[7.1,10.05627,3.423],"to":[7.13,12.55627,7.423],"rotation":{"origin":[7.115,11.30627,5.423],"axis":"x","angle":22.5},"faces":{"east":{"uv":[6.33333,10.66667,4.66667,8.0],"texture":"#1","rotation":270},"west":{"uv":[4.66667,8.0,6.33333,10.66667],"texture":"#1","rotation":270}}},{"from":[6.85,11.25,6.33579],"to":[7.35,12.75,7.83579],"rotation":{"origin":[6.85,11.0,6.08579],"axis":"x","angle":45.0},"faces":{"north":{"uv":[13.33333,8.0,13.66667,9.0],"texture":"#1"},"east":{"uv":[10.66667,2.0,11.66667,3.0],"texture":"#1"},"south":{"uv":[8.66667,13.33333,9.0,14.33333],"texture":"#1"},"west":{"uv":[11.33333,3.33333,12.33333,4.33333],"texture":"#1"},"up":{"uv":[9.66667,14.33333,9.33333,13.33333],"texture":"#1"},"down":{"uv":[13.66667,9.33333,13.33333,10.33333],"texture":"#1"}}},{"from":[6.25,9.9,7.625],"to":[7.25,10.9,8.625],"rotation":{"origin":[6.25,9.9,8.625],"axis":"y","angle":0.0},"faces":{"north":{"uv":[10.0,12.66667,10.66667,13.33333],"texture":"#1"},"east":{"uv":[12.66667,10.0,13.33333,10.66667],"texture":"#1"},"south":{"uv":[10.66667,12.66667,11.33333,13.33333],"texture":"#1"},"west":{"uv":[12.66667,10.66667,13.33333,11.33333],"texture":"#1"},"up":{"uv":[12.0,13.33333,11.33333,12.66667],"texture":"#1"},"down":{"uv":[13.33333,11.33333,12.66667,12.0],"texture":"#1"}}},{"from":[6.25,11.15,7.0],"to":[7.25,12.15,8.0],"rotation":{"origin":[6.25,11.15,7.0],"axis":"y","angle":0.0},"faces":{"north":{"uv":[12.0,12.66667,12.66667,13.33333],"texture":"#1"},"east":{"uv":[12.66667,12.0,13.33333,12.66667],"texture":"#1"},"south":{"uv":[12.66667,12.66667,13.33333,13.33333],"texture":"#1"},"west":{"uv":[13.33333,0.0,14.0,0.66667],"texture":"#1"},"up":{"uv":[14.0,1.33333,13.33333,0.66667],"texture":"#1"},"down":{"uv":[14.0,1.33333,13.33333,2.0],"texture":"#1"}}},{"from":[8.75,9.9,6.375],"to":[9.75,10.9,7.375],"rotation":{"origin":[9.75,9.9,6.375],"axis":"y","angle":0.0},"faces":{"north":{"uv":[10.0,4.66667,9.33333,5.33333],"texture":"#1"},"east":{"uv":[12.66667,2.66667,12.0,3.33333],"texture":"#1"},"south":{"uv":[12.0,6.0,11.33333,6.66667],"texture":"#1"},"west":{"uv":[11.33333,8.66667,10.66667,9.33333],"texture":"#1"},"up":{"uv":[12.66667,9.33333,13.33333,8.66667],"texture":"#1"},"down":{"uv":[12.66667,9.33333,13.33333,10.0],"texture":"#1"}}},{"from":[8.97,11.1,5.0],"to":[9.0,15.1,7.5],"rotation":{"origin":[9.485,13.5,7.5],"axis":"x","angle":-22.5},"faces":{"east":{"uv":[6.33333,8.0,4.66667,10.66667],"texture":"#1"},"west":{"uv":[4.66667,8.0,6.33333,10.66667],"texture":"#1"}}},{"from":[8.65,11.25,6.33579],"to":[9.15,12.75,7.83579],"rotation":{"origin":[9.15,11.0,6.08579],"axis":"x","angle":45.0},"faces":{"north":{"uv":[13.66667,8.0,13.33333,9.0],"texture":"#1"},"east":{"uv":[12.33333,3.33333,11.33333,4.33333],"texture":"#1"},"south":{"uv":[9.0,13.33333,8.66667,14.33333],"texture":"#1"},"west":{"uv":[11.66667,2.0,10.66667,3.0],"texture":"#1"},"up":{"uv":[9.33333,14.33333,9.66667,13.33333],"texture":"#1"},"down":{"uv":[13.33333,9.33333,13.66667,10.33333],"texture":"#1"}}},{"from":[8.75,9.9,7.625],"to":[9.75,10.9,8.625],"rotation":{"origin":[9.75,9.9,8.625],"axis":"y","angle":0.0},"faces":{"north":{"uv":[10.66667,12.66667,10.0,13.33333],"texture":"#1"},"east":{"uv":[13.33333,10.66667,12.66667,11.33333],"texture":"#1"},"south":{"uv":[11.33333,12.66667,10.66667,13.33333],"texture":"#1"},"west":{"uv":[13.33333,10.0,12.66667,10.66667],"texture":"#1"},"up":{"uv":[11.33333,13.33333,12.0,12.66667],"texture":"#1"},"down":{"uv":[12.66667,11.33333,13.33333,12.0],"texture":"#1"}}},{"from":[8.75,11.15,7.0],"to":[9.75,12.15,8.0],"rotation":{"origin":[9.75,11.15,7.0],"axis":"y","angle":0.0},"faces":{"north":{"uv":[12.66667,12.66667,12.0,13.33333],"texture":"#1"},"east":{"uv":[14.0,0.0,13.33333,0.66667],"texture":"#1"},"south":{"uv":[13.33333,12.66667,12.66667,13.33333],"texture":"#1"},"west":{"uv":[13.33333,12.0,12.66667,12.66667],"texture":"#1"},"up":{"uv":[13.33333,1.33333,14.0,0.66667],"texture":"#1"},"down":{"uv":[13.33333,1.33333,14.0,2.0],"texture":"#1"}}},{"from":[8.87,10.05627,3.423],"to":[8.9,12.55627,7.423],"rotation":{"origin":[8.885,11.30627,5.423],"axis":"x","angle":22.5},"faces":{"east":{"uv":[4.66667,10.66667,6.33333,8.0],"texture":"#1","rotation":270},"west":{"uv":[6.33333,8.0,4.66667,10.66667],"texture":"#1","rotation":270}}},{"from":[6.25,5.1,6.375],"to":[7.25,6.1,7.375],"rotation":{"origin":[6.25,6.1,6.375],"axis":"y","angle":0.0},"faces":{"north":{"uv":[9.33333,5.33333,10.0,4.66667],"texture":"#1"},"east":{"uv":[10.66667,9.33333,11.33333,8.66667],"texture":"#1"},"south":{"uv":[11.33333,6.66667,12.0,6.0],"texture":"#1"},"west":{"uv":[12.0,3.33333,12.66667,2.66667],"texture":"#1"},"up":{"uv":[13.33333,10.0,12.66667,9.33333],"texture":"#1"},"down":{"uv":[13.33333,8.66667,12.66667,9.33333],"texture":"#1"}}},{"from":[7.0,0.9,5.0],"to":[7.03,4.9,7.5],"rotation":{"origin":[6.515,2.5,7.5],"axis":"x","angle":22.5},"faces":{"east":{"uv":[6.33333,10.66667,4.66667,8.0],"texture":"#1"},"west":{"uv":[4.66667,10.66667,6.33333,8.0],"texture":"#1"}}},{"from":[6.85,3.25,6.33579],"to":[7.35,4.75,7.83579],"rotation":{"origin":[6.85,5.0,6.08579],"axis":"x","angle":-45.0},"faces":{"north":{"uv":[13.33333,9.0,13.66667,8.0],"texture":"#1"},"east":{"uv":[10.66667,3.0,11.66667,2.0],"texture":"#1"},"south":{"uv":[8.66667,14.33333,9.0,13.33333],"texture":"#1"},"west":{"uv":[11.33333,4.33333,12.33333,3.33333],"texture":"#1"},"up":{"uv":[13.66667,10.33333,13.33333,9.33333],"texture":"#1"},"down":{"uv":[9.66667,13.33333,9.33333,14.33333],"texture":"#1"}}},{"from":[6.25,5.1,7.625],"to":[7.25,6.1,8.625],"rotation":{"origin":[6.25,6.1,8.625],"axis":"y","angle":0.0},"faces":{"north":{"uv":[10.0,13.33333,10.66667,12.66667],"texture":"#1"},"east":{"uv":[12.66667,10.66667,13.33333,10.0],"texture":"#1"},"south":{"uv":[10.66667,13.33333,11.33333,12.66667],"texture":"#1"},"west":{"uv":[12.66667,11.33333,13.33333,10.66667],"texture":"#1"},"up":{"uv":[13.33333,12.0,12.66667,11.33333],"texture":"#1"},"down":{"uv":[12.0,12.66667,11.33333,13.33333],"texture":"#1"}}},{"from":[6.25,3.85,7.0],"to":[7.25,4.85,8.0],"rotation":{"origin":[6.25,4.85,7.0],"axis":"y","angle":0.0},"faces":{"north":{"uv":[12.0,13.33333,12.66667,12.66667],"texture":"#1"},"east":{"uv":[12.66667,12.66667,13.33333,12.0],"texture":"#1"},"south":{"uv":[12.66667,13.33333,13.33333,12.66667],"texture":"#1"},"west":{"uv":[13.33333,0.66667,14.0,0.0],"texture":"#1"},"up":{"uv":[14.0,2.0,13.33333,1.33333],"texture":"#1"},"down":{"uv":[14.0,0.66667,13.33333,1.33333],"texture":"#1"}}},{"from":[7.1,3.44373,3.423],"to":[7.13,5.94373,7.423],"rotation":{"origin":[7.115,4.69373,5.423],"axis":"x","angle":-22.5},"faces":{"east":{"uv":[4.66667,10.66667,6.33333,8.0],"texture":"#1","rotation":270},"west":{"uv":[6.33333,8.0,4.66667,10.66667],"texture":"#1","rotation":270}}},{"from":[8.87,3.44373,3.423],"to":[8.9,5.94373,7.423],"rotation":{"origin":[8.885,4.69373,5.423],"axis":"x","angle":-22.5},"faces":{"east":{"uv":[6.33333,10.66667,4.66667,8.0],"texture":"#1","rotation":270},"west":{"uv":[4.66667,8.0,6.33333,10.66667],"texture":"#1","rotation":270}}},{"from":[8.75,3.85,7.0],"to":[9.75,4.85,8.0],"rotation":{"origin":[9.75,4.85,7.0],"axis":"y","angle":0.0},"faces":{"north":{"uv":[12.66667,13.33333,12.0,12.66667],"texture":"#1"},"east":{"uv":[14.0,0.66667,13.33333,0.0],"texture":"#1"},"south":{"uv":[13.33333,13.33333,12.66667,12.66667],"texture":"#1"},"west":{"uv":[13.33333,12.66667,12.66667,12.0],"texture":"#1"},"up":{"uv":[13.33333,2.0,14.0,1.33333],"texture":"#1"},"down":{"uv":[13.33333,0.66667,14.0,1.33333],"texture":"#1"}}},{"from":[8.75,5.1,7.625],"to":[9.75,6.1,8.625],"rotation":{"origin":[9.75,6.1,8.625],"axis":"y","angle":0.0},"faces":{"north":{"uv":[10.66667,13.33333,10.0,12.66667],"texture":"#1"},"east":{"uv":[13.33333,11.33333,12.66667,10.66667],"texture":"#1"},"south":{"uv":[11.33333,13.33333,10.66667,12.66667],"texture":"#1"},"west":{"uv":[13.33333,10.66667,12.66667,10.0],"texture":"#1"},"up":{"uv":[12.66667,12.0,13.33333,11.33333],"texture":"#1"},"down":{"uv":[11.33333,12.66667,12.0,13.33333],"texture":"#1"}}},{"from":[8.65,3.25,6.33579],"to":[9.15,4.75,7.83579],"rotation":{"origin":[9.15,5.0,6.08579],"axis":"x","angle":-45.0},"faces":{"north":{"uv":[13.66667,9.0,13.33333,8.0],"texture":"#1"},"east":{"uv":[12.33333,4.33333,11.33333,3.33333],"texture":"#1"},"south":{"uv":[9.0,14.33333,8.66667,13.33333],"texture":"#1"},"west":{"uv":[11.66667,3.0,10.66667,2.0],"texture":"#1"},"up":{"uv":[13.33333,10.33333,13.66667,9.33333],"texture":"#1"},"down":{"uv":[9.33333,13.33333,9.66667,14.33333],"texture":"#1"}}},{"from":[8.97,0.9,5.0],"to":[9.0,4.9,7.5],"rotation":{"origin":[9.485,2.5,7.5],"axis":"x","angle":22.5},"faces":{"east":{"uv":[6.33333,10.66667,4.66667,8.0],"texture":"#1"},"west":{"uv":[4.66667,10.66667,6.33333,8.0],"texture":"#1"}}},{"from":[8.75,5.1,6.375],"to":[9.75,6.1,7.375],"rotation":{"origin":[9.75,6.1,6.375],"axis":"y","angle":0.0},"faces":{"north":{"uv":[10.0,5.33333,9.33333,4.66667],"texture":"#1"},"east":{"uv":[12.66667,3.33333,12.0,2.66667],"texture":"#1"},"south":{"uv":[12.0,6.66667,11.33333,6.0],"texture":"#1"},"west":{"uv":[11.33333,9.33333,10.66667,8.66667],"texture":"#1"},"up":{"uv":[12.66667,10.0,13.33333,9.33333],"texture":"#1"},"down":{"uv":[12.66667,8.66667,13.33333,9.33333],"texture":"#1"}}},{"from":[7.985,-3.0,9.33727],"to":[8.015,19.0,16.33727],"rotation":{"origin":[7.985,3.0,9.13727],"axis":"y","angle":0.0},"faces":{"east":{"uv":[4.66667,0.0,0.0,14.66667],"texture":"#1"},"west":{"uv":[0.0,0.0,4.66667,14.66667],"texture":"#1"}}},{"from":[7.2725,11.15,7.43934],"to":[8.7275,16.0,8.89434],"rotation":{"origin":[7.2725,11.15,7.43934],"axis":"x","angle":-22.5},"faces":{"north":{"uv":[8.66667,5.33333,9.66667,8.66667],"texture":"#1"},"east":{"uv":[8.66667,8.66667,9.66667,12.0],"texture":"#1"},"south":{"uv":[9.33333,0.0,10.33333,3.33333],"texture":"#1"},"west":{"uv":[10.0,3.33333,11.0,6.66667],"texture":"#1"},"up":{"uv":[12.33333,5.66667,11.33333,4.66667],"texture":"#1"},"down":{"uv":[12.33333,8.66667,11.33333,9.66667],"texture":"#1"}}},{"from":[7.25,14.92748,6.57678],"to":[8.75,17.42748,8.07678],"rotation":{"origin":[8.0,17.77637,7.848],"axis":"x","angle":22.5},"faces":{"north":{"uv":[10.0,9.33333,11.0,11.0],"texture":"#1"},"east":{"uv":[10.66667,0.0,11.66667,1.66667],"texture":"#1"},"south":{"uv":[4.66667,10.66667,5.66667,12.33333],"texture":"#1"},"west":{"uv":[10.66667,6.66667,11.66667,8.33333],"texture":"#1"},"up":{"uv":[13.66667,3.66667,12.66667,2.66667],"texture":"#1"},"down":{"uv":[13.66667,4.0,12.66667,5.0],"texture":"#1"}}},{"from":[7.4,16.94749,6.91296],"to":[8.6,18.94749,8.11296],"rotation":{"origin":[8.0,17.77637,7.848],"axis":"x","angle":45.0},"faces":{"north":{"uv":[9.33333,3.33333,10.0,4.66667],"texture":"#1"},"east":{"uv":[6.0,10.66667,6.66667,12.0],"texture":"#1"},"south":{"uv":[6.0,12.0,6.66667,13.33333],"texture":"#1"},"west":{"uv":[4.66667,12.66667,5.33333,14.0],"texture":"#1"},"up":{"uv":[14.0,2.66667,13.33333,2.0],"texture":"#1"}}},{"from":[7.508,18.0464,8.52715],"to":[8.492,19.0304,10.16715],"rotation":{"origin":[8.0,17.77637,7.848],"axis":"x","angle":-22.5},"faces":{"east":{"uv":[12.66667,5.33333,13.66667,6.0],"texture":"#1"},"south":{"uv":[6.0,13.33333,6.66667,14.0],"texture":"#1"},"west":{"uv":[6.66667,12.66667,7.66667,13.33333],"texture":"#1"},"up":{"uv":[6.0,13.66667,5.33333,12.66667],"texture":"#1"},"down":{"uv":[8.66667,12.66667,8.0,13.66667],"texture":"#1"}}},{"from":[7.985,15.0,3.5],"to":[8.015,23.0,7.0],"rotation":{"origin":[7.985,15.0,4.0],"axis":"x","angle":22.5},"faces":{"east":{"uv":[9.0,0.0,6.66667,5.33333],"texture":"#1"},"west":{"uv":[6.66667,0.0,9.0,5.33333],"texture":"#1"}}},{"from":[7.5,10.0,3.5],"to":[7.53,17.0,6.0],"rotation":{"origin":[8.0,15.0,4.0],"axis":"x","angle":-22.5},"faces":{"east":{"uv":[8.33333,5.33333,6.66667,10.0],"texture":"#1"},"west":{"uv":[6.66667,5.33333,8.33333,10.0],"texture":"#1"}}},{"from":[7.5,6.0,7.5],"to":[8.5,10.0,8.5],"rotation":{"origin":[8.5,5.0,7.5],"axis":"y","angle":0.0},"faces":{"north":{"uv":[7.33333,10.0,6.66667,12.66667],"texture":"#1"},"east":{"uv":[8.66667,10.0,8.0,12.66667],"texture":"#1"},"south":{"uv":[8.0,10.0,7.33333,12.66667],"texture":"#1"},"west":{"uv":[10.66667,6.66667,10.0,9.33333],"texture":"#1"}}},{"from":[7.3,10.0,7.3],"to":[8.7,10.5,8.7],"rotation":{"origin":[8.5,10.5,7.5],"axis":"y","angle":0.0},"faces":{"north":{"uv":[11.0,13.33333,10.0,13.66667],"texture":"#1"},"east":{"uv":[14.33333,11.33333,13.33333,11.66667],"texture":"#1"},"south":{"uv":[12.33333,13.33333,11.33333,13.66667],"texture":"#1"},"west":{"uv":[14.33333,10.66667,13.33333,11.0],"texture":"#1"},"up":{"uv":[10.0,12.33333,11.0,11.33333],"texture":"#1"},"down":{"uv":[11.33333,10.0,12.33333,11.0],"texture":"#1"}}},{"from":[8.47,10.0,3.5],"to":[8.5,17.0,6.0],"rotation":{"origin":[8.0,15.0,4.0],"axis":"x","angle":-22.5},"faces":{"east":{"uv":[8.33333,5.33333,6.66667,10.0],"texture":"#1"},"west":{"uv":[6.66667,5.33333,8.33333,10.0],"texture":"#1"}}},{"from":[6.75,7.985,1.15],"to":[9.25,8.015,13.15],"rotation":{"origin":[8.0,8.0,7.15],"axis":"z","angle":45.0},"faces":{"up":{"uv":[6.33333,8.0,4.66667,0.0],"texture":"#1"},"down":{"uv":[6.33333,0.0,4.66667,8.0],"texture":"#1"}}},{"from":[6.75,7.985,1.15],"to":[9.25,8.015,13.15],"rotation":{"origin":[8.0,8.0,7.15],"axis":"z","angle":-45.0},"faces":{"up":{"uv":[6.33333,8.0,4.66667,0.0],"texture":"#1"},"down":{"uv":[6.33333,0.0,4.66667,8.0],"texture":"#1"}}},{"from":[7.613,19.4002,9.21522],"to":[8.403,20.1902,10.00522],"rotation":{"origin":[8.008,19.93868,10.07365],"axis":"x","angle":-45.0},"faces":{"east":{"uv":[13.33333,6.0,14.0,6.66667],"texture":"#1"},"south":{"uv":[6.66667,13.33333,7.33333,14.0],"texture":"#1"},"west":{"uv":[13.33333,6.66667,14.0,7.33333],"texture":"#1"},"up":{"uv":[8.0,14.0,7.33333,13.33333],"texture":"#1"},"down":{"uv":[14.0,7.33333,13.33333,8.0],"texture":"#1"}}},{"from":[7.69595,19.67594,9.86113],"to":[8.32005,20.30004,10.48523],"rotation":{"origin":[8.008,19.93868,10.07365],"axis":"x","angle":22.5},"faces":{"north":{"uv":[13.33333,12.0,13.66667,12.33333],"texture":"#1"},"east":{"uv":[12.66667,13.33333,13.0,13.66667],"texture":"#1"},"south":{"uv":[13.33333,12.66667,13.66667,13.0],"texture":"#1"},"west":{"uv":[13.33333,13.33333,13.66667,13.66667],"texture":"#1"},"up":{"uv":[14.33333,0.33333,14.0,0.0],"texture":"#1"}}},{"from":[7.76772,20.12755,10.05961],"to":[8.24828,20.6081,10.54017],"rotation":{"origin":[8.008,19.93868,10.07365],"axis":"y","angle":0.0},"faces":{"north":{"uv":[14.0,0.66667,14.33333,1.0],"texture":"#1"},"east":{"uv":[14.0,1.33333,14.33333,1.66667],"texture":"#1"},"south":{"uv":[14.0,2.0,14.33333,2.33333],"texture":"#1"},"west":{"uv":[14.0,2.66667,14.33333,3.0],"texture":"#1"},"up":{"uv":[14.33333,3.66667,14.0,3.33333],"texture":"#1"}}},{"from":[7.2725,0.0,7.43934],"to":[8.7275,4.85,8.89434],"rotation":{"origin":[7.2725,4.85,7.43934],"axis":"x","angle":22.5},"faces":{"north":{"uv":[8.66667,8.66667,9.66667,5.33333],"texture":"#1"},"east":{"uv":[8.66667,12.0,9.66667,8.66667],"texture":"#1"},"south":{"uv":[9.33333,3.33333,10.33333,0.0],"texture":"#1"},"west":{"uv":[10.0,6.66667,11.0,3.33333],"texture":"#1"},"up":{"uv":[12.33333,9.66667,11.33333,8.66667],"texture":"#1"},"down":{"uv":[12.33333,4.66667,11.33333,5.66667],"texture":"#1"}}},{"from":[7.3,5.5,7.3],"to":[8.7,6.0,8.7],"rotation":{"origin":[7.5,5.5,7.5],"axis":"y","angle":0.0},"faces":{"north":{"uv":[10.0,13.66667,11.0,13.33333],"texture":"#1"},"east":{"uv":[13.33333,11.0,14.33333,10.66667],"texture":"#1"},"south":{"uv":[11.33333,13.66667,12.33333,13.33333],"texture":"#1"},"west":{"uv":[13.33333,11.66667,14.33333,11.33333],"texture":"#1"},"up":{"uv":[12.33333,11.0,11.33333,10.0],"texture":"#1"},"down":{"uv":[11.0,11.33333,10.0,12.33333],"texture":"#1"}}},{"from":[7.25,4.1,7.25],"to":[8.75,5.6,8.75],"rotation":{"origin":[8.0,4.85,8.0],"axis":"x","angle":-45.0},"faces":{"north":{"uv":[11.33333,12.33333,12.33333,11.33333],"texture":"#1"},"east":{"uv":[12.0,1.0,13.0,0.0],"texture":"#1"},"south":{"uv":[12.0,2.33333,13.0,1.33333],"texture":"#1"},"west":{"uv":[12.0,7.0,13.0,6.0],"texture":"#1"},"up":{"uv":[9.66667,13.0,8.66667,12.0],"texture":"#1"},"down":{"uv":[13.0,7.33333,12.0,8.33333],"texture":"#1"}}},{"from":[7.25,-1.42748,6.57678],"to":[8.75,1.07252,8.07678],"rotation":{"origin":[8.0,-1.77637,7.848],"axis":"x","angle":-22.5},"faces":{"north":{"uv":[10.0,11.0,11.0,9.33333],"texture":"#1"},"east":{"uv":[10.66667,1.66667,11.66667,0.0],"texture":"#1"},"south":{"uv":[4.66667,12.33333,5.66667,10.66667],"texture":"#1"},"west":{"uv":[10.66667,8.33333,11.66667,6.66667],"texture":"#1"},"up":{"uv":[13.66667,5.0,12.66667,4.0],"texture":"#1"},"down":{"uv":[13.66667,2.66667,12.66667,3.66667],"texture":"#1"}}},{"from":[7.4,-2.94749,6.91296],"to":[8.6,-0.94749,8.11296],"rotation":{"origin":[8.0,-1.77637,7.848],"axis":"x","angle":-45.0},"faces":{"north":{"uv":[9.33333,4.66667,10.0,3.33333],"texture":"#1"},"east":{"uv":[6.0,12.0,6.66667,10.66667],"texture":"#1"},"south":{"uv":[6.0,13.33333,6.66667,12.0],"texture":"#1"},"west":{"uv":[4.66667,14.0,5.33333,12.66667],"texture":"#1"},"down":{"uv":[14.0,2.0,13.33333,2.66667],"texture":"#1"}}},{"from":[7.508,-3.0304,8.52715],"to":[8.492,-2.0464,10.16715],"rotation":{"origin":[8.0,-1.77637,7.848],"axis":"x","angle":22.5},"faces":{"east":{"uv":[12.66667,6.0,13.66667,5.33333],"texture":"#1"},"south":{"uv":[6.0,14.0,6.66667,13.33333],"texture":"#1"},"west":{"uv":[6.66667,13.33333,7.66667,12.66667],"texture":"#1"},"up":{"uv":[8.66667,13.66667,8.0,12.66667],"texture":"#1"},"down":{"uv":[6.0,12.66667,5.33333,13.66667],"texture":"#1"}}},{"from":[7.985,-7.0,3.5],"to":[8.015,1.0,7.0],"rotation":{"origin":[7.985,1.0,4.0],"axis":"x","angle":-22.5},"faces":{"east":{"uv":[9.0,5.33333,6.66667,0.0],"texture":"#1"},"west":{"uv":[6.66667,5.33333,9.0,0.0],"texture":"#1"}}},{"from":[7.613,-4.1902,9.21522],"to":[8.403,-3.4002,10.00522],"rotation":{"origin":[8.008,-3.93868,10.07365],"axis":"x","angle":45.0},"faces":{"east":{"uv":[13.33333,6.66667,14.0,6.0],"texture":"#1"},"south":{"uv":[6.66667,14.0,7.33333,13.33333],"texture":"#1"},"west":{"uv":[13.33333,7.33333,14.0,6.66667],"texture":"#1"},"up":{"uv":[14.0,8.0,13.33333,7.33333],"texture":"#1"},"down":{"uv":[8.0,13.33333,7.33333,14.0],"texture":"#1"}}},{"from":[7.69595,-4.30004,9.86113],"to":[8.32005,-3.67594,10.48523],"rotation":{"origin":[8.008,-3.93868,10.07365],"axis":"x","angle":-22.5},"faces":{"north":{"uv":[13.33333,12.33333,13.66667,12.0],"texture":"#1"},"east":{"uv":[12.66667,13.66667,13.0,13.33333],"texture":"#1"},"south":{"uv":[13.33333,13.0,13.66667,12.66667],"texture":"#1"},"west":{"uv":[13.33333,13.66667,13.66667,13.33333],"texture":"#1"},"down":{"uv":[14.33333,0.0,14.0,0.33333],"texture":"#1"}}},{"from":[7.76772,-4.6081,10.05961],"to":[8.24828,-4.12755,10.54017],"rotation":{"origin":[8.008,-3.93868,10.07365],"axis":"y","angle":0.0},"faces":{"north":{"uv":[14.0,1.0,14.33333,0.66667],"texture":"#1"},"east":{"uv":[14.0,1.66667,14.33333,1.33333],"texture":"#1"},"south":{"uv":[14.0,2.33333,14.33333,2.0],"texture":"#1"},"west":{"uv":[14.0,3.0,14.33333,2.66667],"texture":"#1"},"down":{"uv":[14.33333,3.33333,14.0,3.66667],"texture":"#1"}}},{"from":[7.5,-1.0,3.5],"to":[7.53,6.0,6.0],"rotation":{"origin":[8.0,1.0,4.0],"axis":"x","angle":22.5},"faces":{"east":{"uv":[8.33333,10.0,6.66667,5.33333],"texture":"#1"},"west":{"uv":[6.66667,10.0,8.33333,5.33333],"texture":"#1"}}},{"from":[8.47,-1.0,3.5],"to":[8.5,6.0,6.0],"rotation":{"origin":[8.0,1.0,4.0],"axis":"x","angle":22.5},"faces":{"east":{"uv":[8.33333,10.0,6.66667,5.33333],"texture":"#1"},"west":{"uv":[6.66667,10.0,8.33333,5.33333],"texture":"#1"}}},{"from":[7.15,2.91304,2.4287],"to":[8.85,3.76304,4.1287],"rotation":{"origin":[8.0,3.44429,3.2787],"axis":"x","angle":22.5},"faces":{"north":{"uv":[4.0,8.0,5.5,9.0],"texture":"#2"},"east":{"uv":[6.0,8.0,7.5,9.0],"texture":"#2"},"south":{"uv":[8.0,8.0,9.5,9.0],"texture":"#2"},"west":{"uv":[0.0,9.0,1.5,10.0],"texture":"#2"},"up":{"uv":[8.5,5.5,7.0,4.0],"texture":"#2"},"down":{"uv":[8.5,6.0,7.0,7.5],"texture":"#2"}}},{"from":[7.3625,3.76304,2.6412],"to":[8.6375,5.03804,3.9162],"rotation":{"origin":[8.0,3.44429,3.2787],"axis":"x","angle":22.5},"faces":{"north":{"uv":[5.0,4.0,6.5,5.5],"texture":"#2"},"east":{"uv":[6.0,0.0,7.5,1.5],"texture":"#2"},"south":{"uv":[6.0,2.0,7.5,3.5],"texture":"#2"},"west":{"uv":[5.0,6.0,6.5,7.5],"texture":"#2"},"up":{"uv":[1.5,8.5,0.0,7.0],"texture":"#2"}}},{"from":[7.3625,10.96196,2.6412],"to":[8.6375,12.23696,3.9162],"rotation":{"origin":[8.0,12.55571,3.2787],"axis":"x","angle":-22.5},"faces":{"north":{"uv":[5.0,5.5,6.5,4.0],"texture":"#2"},"east":{"uv":[6.0,1.5,7.5,0.0],"texture":"#2"},"south":{"uv":[6.0,3.5,7.5,2.0],"texture":"#2"},"west":{"uv":[5.0,7.5,6.5,6.0],"texture":"#2"},"down":{"uv":[1.5,7.0,0.0,8.5],"texture":"#2"}}},{"from":[7.15,12.23696,2.4287],"to":[8.85,13.08696,4.1287],"rotation":{"origin":[8.0,12.55571,3.2787],"axis":"x","angle":-22.5},"faces":{"north":{"uv":[4.0,9.0,5.5,8.0],"texture":"#2"},"east":{"uv":[6.0,9.0,7.5,8.0],"texture":"#2"},"south":{"uv":[8.0,9.0,9.5,8.0],"texture":"#2"},"west":{"uv":[0.0,10.0,1.5,9.0],"texture":"#2"},"up":{"uv":[8.5,7.5,7.0,6.0],"texture":"#2"},"down":{"uv":[8.5,4.0,7.0,5.5],"texture":"#2"}}},{"from":[7.15,-2.45619,5.58993],"to":[7.18,1.04381,9.08993],"rotation":{"origin":[7.15,-2.45619,5.58993],"axis":"x","angle":-22.5},"faces":{"east":{"uv":[3.5,0.0,0.0,3.5],"texture":"#2"},"west":{"uv":[0.0,0.0,3.5,3.5],"texture":"#2"}}},{"from":[7.15,-4.25,8.25],"to":[7.18,-1.75,10.75],"rotation":{"origin":[7.165,-3.0,9.5],"axis":"x","angle":22.5},"faces":{"east":{"uv":[2.5,4.0,0.0,6.5],"texture":"#2"},"west":{"uv":[0.0,4.0,2.5,6.5],"texture":"#2"}}},{"from":[7.15,14.4197,4.78702],"to":[7.18,17.9197,8.28702],"rotation":{"origin":[7.165,16.1697,6.53702],"axis":"x","angle":22.5},"faces":{"east":{"uv":[3.5,3.5,0.0,0.0],"texture":"#2","rotation":180},"west":{"uv":[0.0,3.5,3.5,0.0],"texture":"#2","rotation":180}}},{"from":[7.15,17.75,8.25],"to":[7.18,20.25,10.75],"rotation":{"origin":[7.165,19.0,9.5],"axis":"x","angle":-22.5},"faces":{"east":{"uv":[2.5,6.5,0.0,4.0],"texture":"#2","rotation":180},"west":{"uv":[0.0,6.5,2.5,4.0],"texture":"#2","rotation":180}}},{"from":[8.82,14.4197,4.78702],"to":[8.85,17.9197,8.28702],"rotation":{"origin":[8.835,16.1697,6.53702],"axis":"x","angle":22.5},"faces":{"east":{"uv":[3.5,3.5,0.0,0.0],"texture":"#2","rotation":180},"west":{"uv":[0.0,3.5,3.5,0.0],"texture":"#2","rotation":180}}},{"from":[8.82,17.75,8.25],"to":[8.85,20.25,10.75],"rotation":{"origin":[8.835,19.0,9.5],"axis":"x","angle":-22.5},"faces":{"east":{"uv":[2.5,6.5,0.0,4.0],"texture":"#2","rotation":180},"west":{"uv":[0.0,6.5,2.5,4.0],"texture":"#2","rotation":180}}},{"from":[8.82,-4.25,8.25],"to":[8.85,-1.75,10.75],"rotation":{"origin":[8.835,-3.0,9.5],"axis":"x","angle":22.5},"faces":{"east":{"uv":[2.5,4.0,0.0,6.5],"texture":"#2"},"west":{"uv":[0.0,4.0,2.5,6.5],"texture":"#2"}}},{"from":[8.82,-2.45619,5.58993],"to":[8.85,1.04381,9.08993],"rotation":{"origin":[8.85,-2.45619,5.58993],"axis":"x","angle":-22.5},"faces":{"east":{"uv":[3.5,0.0,0.0,3.5],"texture":"#2"},"west":{"uv":[0.0,0.0,3.5,3.5],"texture":"#2"}}},{"from":[7.525,6.24202,3.69457],"to":[8.475,7.19202,5.59457],"rotation":{"origin":[8.0,5.82639,4.94144],"axis":"y","angle":0.0},"faces":{"north":{"uv":[2.0,9.0,3.0,10.0],"texture":"#2","rotation":180},"east":{"uv":[3.0,8.0,4.0,10.0],"texture":"#2","rotation":90},"south":{"uv":[9.0,3.0,10.0,2.0],"texture":"#2"},"west":{"uv":[8.0,0.0,9.0,2.0],"texture":"#2","rotation":270},"up":{"uv":[2.0,7.0,3.0,9.0],"texture":"#2"},"down":{"uv":[8.0,2.0,9.0,4.0],"texture":"#2","rotation":180}}},{"from":[7.525,5.76702,3.69457],"to":[8.475,6.24202,4.64457],"rotation":{"origin":[8.0,5.82639,4.94144],"axis":"y","angle":0.0},"faces":{"north":{"uv":[9.0,4.0,10.0,4.5],"texture":"#2","rotation":180},"east":{"uv":[4.0,9.0,4.5,10.0],"texture":"#2","rotation":90},"south":{"uv":[5.0,9.5,6.0,9.0],"texture":"#2"},"west":{"uv":[9.0,3.0,9.5,4.0],"texture":"#2","rotation":270}}},{"from":[7.525,4.81702,3.69457],"to":[8.475,5.76702,7.49457],"rotation":{"origin":[8.0,5.82639,4.94144],"axis":"y","angle":0.0},"faces":{"north":{"uv":[9.0,0.0,10.0,1.0],"texture":"#2","rotation":180},"east":{"uv":[5.0,0.0,6.0,4.0],"texture":"#2","rotation":90},"south":{"uv":[9.0,2.0,10.0,1.0],"texture":"#2"},"west":{"uv":[3.0,4.0,4.0,8.0],"texture":"#2","rotation":270},"up":{"uv":[4.0,0.0,5.0,4.0],"texture":"#2"},"down":{"uv":[4.0,4.0,5.0,8.0],"texture":"#2","rotation":180}}},{"from":[7.525,8.80798,3.69457],"to":[8.475,9.75798,5.59457],"rotation":{"origin":[8.0,10.17361,4.94144],"axis":"y","angle":0.0},"faces":{"north":{"uv":[2.0,10.0,3.0,9.0],"texture":"#2","rotation":180},"east":{"uv":[4.0,8.0,3.0,10.0],"texture":"#2","rotation":90},"south":{"uv":[9.0,2.0,10.0,3.0],"texture":"#2"},"west":{"uv":[9.0,0.0,8.0,2.0],"texture":"#2","rotation":270},"up":{"uv":[8.0,4.0,9.0,2.0],"texture":"#2","rotation":180},"down":{"uv":[2.0,9.0,3.0,7.0],"texture":"#2"}}},{"from":[7.525,9.75798,3.69457],"to":[8.475,10.23298,4.64457],"rotation":{"origin":[8.0,10.17361,4.94144],"axis":"y","angle":0.0},"faces":{"north":{"uv":[9.0,4.5,10.0,4.0],"texture":"#2","rotation":180},"east":{"uv":[4.5,9.0,4.0,10.0],"texture":"#2","rotation":90},"south":{"uv":[5.0,9.0,6.0,9.5],"texture":"#2"},"west":{"uv":[9.5,3.0,9.0,4.0],"texture":"#2","rotation":270}}},{"from":[7.525,10.23298,3.69457],"to":[8.475,11.18298,7.49457],"rotation":{"origin":[8.0,10.17361,4.94144],"axis":"y","angle":0.0},"faces":{"north":{"uv":[9.0,1.0,10.0,0.0],"texture":"#2","rotation":180},"east":{"uv":[6.0,0.0,5.0,4.0],"texture":"#2","rotation":90},"south":{"uv":[9.0,1.0,10.0,2.0],"texture":"#2"},"west":{"uv":[4.0,4.0,3.0,8.0],"texture":"#2","rotation":270},"up":{"uv":[4.0,8.0,5.0,4.0],"texture":"#2","rotation":180},"down":{"uv":[4.0,4.0,5.0,0.0],"texture":"#2"}}}],"textures":{"1":"merry_christmasset/bow_1","2":"merry_christmasset/detail"},"gui_light":"front"}