{"display":{"thirdperson_righthand":{"translation":[-1.5,-0.5,-0.5]},"thirdperson_lefthand":{"translation":[-1.5,-0.5,-0.5]},"firstperson_righthand":{"rotation":[0.0,-14.5,0.0],"translation":[9.75,0.25,-1.0]},"firstperson_lefthand":{"rotation":[0.0,-18.0,0.0],"translation":[10.25,0.0,-1.0]},"ground":{"rotation":[45.0,0.0,0.0],"translation":[0.0,3.0,0.0],"scale":[0.7,0.7,0.7]},"gui":{"rotation":[90.0,45.0,0.0],"translation":[1.75,-1.75,0.0],"scale":[0.9,0.9,0.9]},"head":{"rotation":[-20.0,180.0,0.0]},"fixed":{"rotation":[-90.0,0.0,0.0],"translation":[0.0,1.0,-2.25],"scale":[2.0,2.0,2.0]}},"elements":[{"from":[7.5,6.8,9.3],"to":[8.5,7.8,13.3],"rotation":{"origin":[8.0,7.3,11.75],"axis":"x","angle":22.5},"faces":{"east":{"uv":[10.0,2.5,12.0,3.0],"texture":"#1"},"west":{"uv":[10.0,3.0,12.0,3.5],"texture":"#1"},"up":{"uv":[4.0,7.0,3.5,5.0],"texture":"#1"},"down":{"uv":[4.0,10.0,3.5,12.0],"texture":"#1"}}},{"from":[7.25,4.64081,12.90919],"to":[8.75,6.14081,14.40919],"rotation":{"origin":[8.0,7.3,11.75],"axis":"x","angle":-22.5},"faces":{"north":{"uv":[7.0,11.0,7.75,11.75],"texture":"#1"},"east":{"uv":[8.0,11.0,8.75,11.75],"texture":"#1"},"south":{"uv":[11.0,8.5,11.75,9.25],"texture":"#1"},"west":{"uv":[11.0,9.5,11.75,10.25],"texture":"#1"},"up":{"uv":[11.25,11.75,10.5,11.0],"texture":"#1"},"down":{"uv":[2.25,11.5,1.5,12.25],"texture":"#1"}}},{"from":[7.3,6.6,13.3],"to":[8.7,8.0,13.8],"rotation":{"origin":[8.0,7.3,11.75],"axis":"x","angle":22.5},"faces":{"north":{"uv":[2.5,11.5,3.25,12.25],"texture":"#1"},"east":{"uv":[12.0,12.0,12.25,12.75],"texture":"#1"},"south":{"uv":[4.0,11.5,4.75,12.25],"texture":"#1"},"west":{"uv":[1.0,12.5,1.25,13.25],"texture":"#1"},"up":{"uv":[2.25,12.75,1.5,12.5],"texture":"#1"},"down":{"uv":[3.25,12.5,2.5,12.75],"texture":"#1"}}},{"from":[7.3,6.6,8.8],"to":[8.7,8.0,9.3],"rotation":{"origin":[8.0,7.3,11.75],"axis":"x","angle":22.5},"faces":{"north":{"uv":[11.5,11.0,12.25,11.75],"texture":"#1"},"east":{"uv":[5.5,12.5,5.75,13.25],"texture":"#1"},"south":{"uv":[0.0,12.0,0.75,12.75],"texture":"#1"},"west":{"uv":[12.5,5.5,12.75,6.25],"texture":"#1"},"up":{"uv":[6.75,12.75,6.0,12.5],"texture":"#1"},"down":{"uv":[13.25,6.5,12.5,6.75],"texture":"#1"}}},{"from":[6.5,7.25,10.75],"to":[9.5,9.75,13.75],"rotation":{"origin":[8.0,10.75,12.25],"axis":"x","angle":22.5},"faces":{"north":{"uv":[6.5,7.0,8.0,8.25],"texture":"#1"},"east":{"uv":[7.5,1.5,9.0,2.75],"texture":"#1"},"south":{"uv":[7.5,5.5,9.0,6.75],"texture":"#1"},"west":{"uv":[8.0,7.0,9.5,8.25],"texture":"#1"},"down":{"uv":[3.0,7.0,1.5,8.5],"texture":"#1"}}},{"from":[6.25,9.75,10.5],"to":[9.75,10.75,14.0],"rotation":{"origin":[8.0,10.75,12.25],"axis":"x","angle":22.5},"faces":{"north":{"uv":[10.5,10.5,12.25,11.0],"texture":"#1"},"east":{"uv":[11.0,0.0,12.75,0.5],"texture":"#1"},"south":{"uv":[11.0,0.5,12.75,1.0],"texture":"#1"},"west":{"uv":[11.0,1.0,12.75,1.5],"texture":"#1"},"up":{"uv":[3.25,6.75,1.5,5.0],"texture":"#1"},"down":{"uv":[7.25,1.5,5.5,3.25],"texture":"#1"}}},{"from":[11.05,10.65,2.875],"to":[12.05,11.65,3.875],"rotation":{"origin":[12.175,10.975,4.0],"axis":"y","angle":-45.0},"faces":{"north":{"uv":[6.0,11.5,5.5,11.0],"texture":"#1","rotation":90},"east":{"uv":[6.0,9.5,6.5,9.0],"texture":"#1","rotation":90},"south":{"uv":[10.5,5.5,10.0,6.0],"texture":"#1","rotation":90},"west":{"uv":[2.5,9.0,3.0,8.5],"texture":"#1","rotation":270},"up":{"uv":[10.0,1.0,9.5,1.5],"texture":"#1","rotation":180},"down":{"uv":[9.0,3.0,8.5,3.5],"texture":"#1"}}},{"from":[11.44268,10.55,3.23232],"to":[12.94268,11.05,4.73232],"rotation":{"origin":[12.175,10.975,4.0],"axis":"y","angle":0.0},"faces":{"north":{"uv":[5.25,13.25,5.0,12.5],"texture":"#1","rotation":90},"east":{"uv":[4.5,13.25,4.75,12.5],"texture":"#1","rotation":90},"south":{"uv":[12.75,4.5,12.5,5.25],"texture":"#1","rotation":90},"west":{"uv":[4.0,13.25,4.25,12.5],"texture":"#1","rotation":270},"up":{"uv":[12.25,5.5,11.5,6.25],"texture":"#1","rotation":180},"down":{"uv":[6.25,11.5,5.5,12.25],"texture":"#1"}}},{"from":[12.3,10.65,2.875],"to":[13.3,11.65,3.875],"rotation":{"origin":[12.175,10.975,4.0],"axis":"y","angle":-45.0},"faces":{"north":{"uv":[9.0,12.5,8.5,12.0],"texture":"#1","rotation":90},"east":{"uv":[12.0,8.0,12.5,7.5],"texture":"#1","rotation":90},"south":{"uv":[12.5,8.0,12.0,8.5],"texture":"#1","rotation":90},"west":{"uv":[7.0,12.5,7.5,12.0],"texture":"#1","rotation":270},"up":{"uv":[8.5,12.0,8.0,12.5],"texture":"#1","rotation":180},"down":{"uv":[8.0,12.0,7.5,12.5],"texture":"#1"}}},{"from":[11.675,10.65,4.125],"to":[12.675,11.65,5.125],"rotation":{"origin":[12.175,10.975,4.0],"axis":"y","angle":-45.0},"faces":{"north":{"uv":[11.5,12.5,11.0,12.0],"texture":"#1","rotation":90},"east":{"uv":[12.0,10.0,12.5,9.5],"texture":"#1","rotation":90},"south":{"uv":[11.0,12.0,10.5,12.5],"texture":"#1","rotation":90},"west":{"uv":[12.0,9.0,12.5,8.5],"texture":"#1","rotation":270},"up":{"uv":[12.5,10.0,12.0,10.5],"texture":"#1","rotation":180},"down":{"uv":[12.5,9.0,12.0,9.5],"texture":"#1"}}},{"from":[10.75082,10.98256,-0.04905],"to":[13.25082,11.01256,3.95095],"rotation":{"origin":[11.85178,10.99756,4.35],"axis":"y","angle":22.5},"faces":{"up":{"uv":[5.5,6.75,7.5,5.5],"texture":"#1","rotation":90},"down":{"uv":[7.5,6.75,5.5,5.5],"texture":"#1","rotation":90}}},{"from":[12.25083,10.98256,2.95095],"to":[16.25083,11.01256,5.45095],"rotation":{"origin":[11.85178,10.99756,4.35],"axis":"y","angle":22.5},"faces":{"up":{"uv":[5.5,5.5,7.5,6.75],"texture":"#1","rotation":180},"down":{"uv":[7.5,5.5,5.5,6.75],"texture":"#1"}}},{"from":[10.77856,10.98256,4.15178],"to":[13.27856,11.01256,8.15178],"rotation":{"origin":[11.85178,10.99756,4.35],"axis":"y","angle":-22.5},"faces":{"up":{"uv":[7.5,6.75,5.5,5.5],"texture":"#1","rotation":90},"down":{"uv":[5.5,6.75,7.5,5.5],"texture":"#1","rotation":90}}},{"from":[3.95,10.65,2.875],"to":[4.95,11.65,3.875],"rotation":{"origin":[3.825,10.975,4.0],"axis":"y","angle":45.0},"faces":{"north":{"uv":[6.0,11.0,5.5,11.5],"texture":"#1","rotation":90},"east":{"uv":[2.5,8.5,3.0,9.0],"texture":"#1","rotation":270},"south":{"uv":[10.5,6.0,10.0,5.5],"texture":"#1","rotation":90},"west":{"uv":[6.0,9.0,6.5,9.5],"texture":"#1","rotation":90},"up":{"uv":[9.5,1.0,10.0,1.5],"texture":"#1","rotation":180},"down":{"uv":[8.5,3.0,9.0,3.5],"texture":"#1"}}},{"from":[3.05732,10.55,3.23232],"to":[4.55732,11.05,4.73232],"rotation":{"origin":[3.825,10.975,4.0],"axis":"y","angle":0.0},"faces":{"north":{"uv":[5.25,12.5,5.0,13.25],"texture":"#1","rotation":90},"east":{"uv":[4.0,12.5,4.25,13.25],"texture":"#1","rotation":270},"south":{"uv":[12.75,5.25,12.5,4.5],"texture":"#1","rotation":90},"west":{"uv":[4.5,12.5,4.75,13.25],"texture":"#1","rotation":90},"up":{"uv":[11.5,5.5,12.25,6.25],"texture":"#1","rotation":180},"down":{"uv":[5.5,11.5,6.25,12.25],"texture":"#1"}}},{"from":[2.7,10.65,2.875],"to":[3.7,11.65,3.875],"rotation":{"origin":[3.825,10.975,4.0],"axis":"y","angle":45.0},"faces":{"north":{"uv":[9.0,12.0,8.5,12.5],"texture":"#1","rotation":90},"east":{"uv":[7.0,12.0,7.5,12.5],"texture":"#1","rotation":270},"south":{"uv":[12.5,8.5,12.0,8.0],"texture":"#1","rotation":90},"west":{"uv":[12.0,7.5,12.5,8.0],"texture":"#1","rotation":90},"up":{"uv":[8.0,12.0,8.5,12.5],"texture":"#1","rotation":180},"down":{"uv":[7.5,12.0,8.0,12.5],"texture":"#1"}}},{"from":[3.325,10.65,4.125],"to":[4.325,11.65,5.125],"rotation":{"origin":[3.825,10.975,4.0],"axis":"y","angle":45.0},"faces":{"north":{"uv":[11.5,12.0,11.0,12.5],"texture":"#1","rotation":90},"east":{"uv":[12.0,8.5,12.5,9.0],"texture":"#1","rotation":270},"south":{"uv":[11.0,12.5,10.5,12.0],"texture":"#1","rotation":90},"west":{"uv":[12.0,9.5,12.5,10.0],"texture":"#1","rotation":90},"up":{"uv":[12.0,10.0,12.5,10.5],"texture":"#1","rotation":180},"down":{"uv":[12.0,9.0,12.5,9.5],"texture":"#1"}}},{"from":[2.74918,10.98256,-0.04905],"to":[5.24918,11.01256,3.95095],"rotation":{"origin":[4.14822,10.99756,4.35],"axis":"y","angle":-22.5},"faces":{"up":{"uv":[5.5,5.5,7.5,6.75],"texture":"#1","rotation":90},"down":{"uv":[7.5,5.5,5.5,6.75],"texture":"#1","rotation":90}}},{"from":[-0.25083,10.98256,2.95095],"to":[3.74917,11.01256,5.45095],"rotation":{"origin":[4.14822,10.99756,4.35],"axis":"y","angle":-22.5},"faces":{"up":{"uv":[7.5,5.5,5.5,6.75],"texture":"#1","rotation":180},"down":{"uv":[5.5,5.5,7.5,6.75],"texture":"#1"}}},{"from":[2.72144,10.98256,4.15178],"to":[5.22144,11.01256,8.15178],"rotation":{"origin":[4.14822,10.99756,4.35],"axis":"y","angle":22.5},"faces":{"up":{"uv":[7.5,5.5,5.5,6.75],"texture":"#1","rotation":90},"down":{"uv":[5.5,5.5,7.5,6.75],"texture":"#1","rotation":90}}},{"from":[7.25,8.5,5.5],"to":[8.75,10.0,10.5],"rotation":{"origin":[8.0,9.25,8.0],"axis":"y","angle":0.0},"faces":{"north":{"uv":[11.5,6.5,12.25,7.25],"texture":"#1"},"east":{"uv":[6.5,8.5,9.0,9.25],"texture":"#1"},"south":{"uv":[9.0,11.5,9.75,12.25],"texture":"#1"},"west":{"uv":[1.5,9.0,4.0,9.75],"texture":"#1"},"up":{"uv":[9.75,4.0,9.0,1.5],"texture":"#1"},"down":{"uv":[4.75,9.0,4.0,11.5],"texture":"#1"}}},{"from":[7.5,10.75,11.0],"to":[8.5,12.25,13.5],"rotation":{"origin":[8.0,10.75,12.25],"axis":"x","angle":22.5},"faces":{"north":{"uv":[6.5,11.5,7.0,12.25],"texture":"#1"},"east":{"uv":[10.5,7.5,11.75,8.25],"texture":"#1"},"south":{"uv":[10.0,11.5,10.5,12.25],"texture":"#1"},"west":{"uv":[9.0,10.5,10.25,11.25],"texture":"#1"},"up":{"uv":[1.5,12.25,1.0,11.0],"texture":"#1"},"down":{"uv":[5.5,11.0,5.0,12.25],"texture":"#1"}}},{"from":[7.0,8.0,1.5],"to":[9.0,10.0,5.5],"rotation":{"origin":[7.5,9.0,4.5],"axis":"y","angle":0.0},"faces":{"north":{"uv":[10.0,3.5,11.0,4.5],"texture":"#1"},"east":{"uv":[7.0,3.5,9.0,4.5],"texture":"#1"},"south":{"uv":[10.0,4.5,11.0,5.5],"texture":"#1"},"west":{"uv":[7.0,4.5,9.0,5.5],"texture":"#1"},"up":{"uv":[4.0,9.0,3.0,7.0],"texture":"#1"},"down":{"uv":[6.5,7.0,5.5,9.0],"texture":"#1"}}},{"from":[8.35326,9.5,3.35803],"to":[10.35326,11.0,4.85803],"rotation":{"origin":[11.23014,10.25,3.66681],"axis":"y","angle":-45.0},"faces":{"north":{"uv":[0.0,11.0,0.75,12.0],"texture":"#1","rotation":270},"east":{"uv":[12.75,3.25,12.0,2.5],"texture":"#1","rotation":90},"south":{"uv":[11.0,3.5,11.75,4.5],"texture":"#1","rotation":90},"west":{"uv":[12.75,3.5,12.0,4.25],"texture":"#1","rotation":90},"up":{"uv":[11.0,4.5,11.75,5.5],"texture":"#1","rotation":90},"down":{"uv":[11.0,1.5,11.75,2.5],"texture":"#1","rotation":90}}},{"from":[9.92086,9.625,3.12889],"to":[12.92086,10.875,4.37889],"rotation":{"origin":[11.23014,10.25,3.66681],"axis":"y","angle":-22.5},"faces":{"north":{"uv":[8.0,9.5,8.75,11.0],"texture":"#1","rotation":270},"east":{"uv":[12.75,2.25,12.0,1.5],"texture":"#1","rotation":90},"south":{"uv":[1.5,10.0,2.25,11.5],"texture":"#1","rotation":90},"up":{"uv":[2.5,10.0,3.25,11.5],"texture":"#1","rotation":90},"down":{"uv":[10.0,1.0,10.75,2.5],"texture":"#1","rotation":90}}},{"from":[-1.04271,10.15,0.57846],"to":[6.95729,10.18,3.82846],"rotation":{"origin":[3.45729,10.15,2.20346],"axis":"y","angle":22.5},"faces":{"up":{"uv":[5.5,1.5,9.5,0.0],"texture":"#1"},"down":{"uv":[5.5,0.0,9.5,1.5],"texture":"#1"}}},{"from":[9.04271,10.15,0.57846],"to":[17.04271,10.18,3.82846],"rotation":{"origin":[12.54271,10.15,2.20346],"axis":"y","angle":-22.5},"faces":{"up":{"uv":[9.5,1.5,5.5,0.0],"texture":"#1"},"down":{"uv":[9.5,0.0,5.5,1.5],"texture":"#1"}}},{"from":[11.90602,9.6275,4.48197],"to":[12.80602,10.8725,5.98197],"rotation":{"origin":[11.23014,10.25,3.66681],"axis":"y","angle":22.5},"faces":{"east":{"uv":[4.0,12.75,3.5,12.0],"texture":"#1","rotation":90},"south":{"uv":[11.5,12.0,12.0,12.5],"texture":"#1","rotation":90},"west":{"uv":[12.5,4.5,12.0,5.25],"texture":"#1","rotation":90},"up":{"uv":[1.5,8.5,2.25,9.0],"texture":"#1","rotation":90},"down":{"uv":[7.5,3.0,8.25,3.5],"texture":"#1","rotation":90}}},{"from":[5.64674,9.5,3.35803],"to":[7.64674,11.0,4.85803],"rotation":{"origin":[4.76986,10.25,3.66681],"axis":"y","angle":45.0},"faces":{"north":{"uv":[0.0,12.0,0.75,11.0],"texture":"#1","rotation":270},"east":{"uv":[12.75,4.25,12.0,3.5],"texture":"#1","rotation":90},"south":{"uv":[11.0,4.5,11.75,3.5],"texture":"#1","rotation":90},"west":{"uv":[12.75,2.5,12.0,3.25],"texture":"#1","rotation":90},"up":{"uv":[11.0,5.5,11.75,4.5],"texture":"#1","rotation":90},"down":{"uv":[11.0,2.5,11.75,1.5],"texture":"#1","rotation":90}}},{"from":[3.07914,9.625,3.12889],"to":[6.07914,10.875,4.37889],"rotation":{"origin":[4.76986,10.25,3.66681],"axis":"y","angle":22.5},"faces":{"north":{"uv":[8.0,11.0,8.75,9.5],"texture":"#1","rotation":270},"south":{"uv":[1.5,11.5,2.25,10.0],"texture":"#1","rotation":90},"west":{"uv":[12.75,1.5,12.0,2.25],"texture":"#1","rotation":90},"up":{"uv":[2.5,11.5,3.25,10.0],"texture":"#1","rotation":90},"down":{"uv":[10.0,2.5,10.75,1.0],"texture":"#1","rotation":90}}},{"from":[3.19398,9.6275,4.48197],"to":[4.09398,10.8725,5.98197],"rotation":{"origin":[4.76986,10.25,3.66681],"axis":"y","angle":-22.5},"faces":{"east":{"uv":[12.5,5.25,12.0,4.5],"texture":"#1","rotation":90},"south":{"uv":[11.5,12.5,12.0,12.0],"texture":"#1","rotation":90},"west":{"uv":[4.0,12.0,3.5,12.75],"texture":"#1","rotation":90},"up":{"uv":[1.5,9.0,2.25,8.5],"texture":"#1","rotation":90},"down":{"uv":[7.5,3.5,8.25,3.0],"texture":"#1","rotation":90}}},{"from":[8.0,7.75,0.0],"to":[10.0,11.0,2.0],"rotation":{"origin":[8.0,8.0,0.0],"axis":"y","angle":-45.0},"faces":{"north":{"uv":[7.0,9.5,6.0,11.25],"texture":"#1"},"east":{"uv":[10.0,8.5,9.0,10.25],"texture":"#1"},"south":{"uv":[9.0,8.5,10.0,10.25],"texture":"#1"},"west":{"uv":[6.0,9.5,7.0,11.25],"texture":"#1"},"up":{"uv":[11.0,9.5,10.0,8.5],"texture":"#1"},"down":{"uv":[11.0,9.5,10.0,10.5],"texture":"#1"}}},{"from":[2.75,10.71496,4.89956],"to":[13.25,10.74496,10.64956],"rotation":{"origin":[4.0,10.21496,4.89956],"axis":"y","angle":0.0},"faces":{"up":{"uv":[5.25,3.0,0.0,0.0],"texture":"#1"},"down":{"uv":[5.25,0.0,0.0,3.0],"texture":"#1"}}},{"from":[8.0,9.58579,-0.08579],"to":[10.0,11.58579,2.91421],"rotation":{"origin":[8.0,9.58579,-0.08579],"axis":"z","angle":45.0},"faces":{"north":{"uv":[10.5,5.5,11.5,6.5],"texture":"#1"},"east":{"uv":[9.0,6.0,10.5,7.0],"texture":"#1"},"south":{"uv":[10.5,6.5,11.5,7.5],"texture":"#1"},"west":{"uv":[9.5,0.0,11.0,1.0],"texture":"#1"},"up":{"uv":[8.0,11.0,7.0,9.5],"texture":"#1"},"down":{"uv":[10.5,7.0,9.5,8.5],"texture":"#1"}}},{"from":[9.07154,7.97989,0.6125],"to":[10.34654,9.25489,1.8875],"rotation":{"origin":[8.5,8.58694,1.25],"axis":"z","angle":22.5},"faces":{"north":{"uv":[5.0,6.0,6.5,7.5],"texture":"#2"},"east":{"uv":[5.0,4.0,6.5,5.5],"texture":"#2"},"south":{"uv":[6.0,0.0,7.5,1.5],"texture":"#2"},"west":{"uv":[6.0,2.0,7.5,3.5],"texture":"#2"},"up":{"uv":[1.5,8.5,0.0,7.0],"texture":"#2","rotation":90}}},{"from":[8.85904,7.12989,0.4],"to":[10.55904,7.97989,2.1],"rotation":{"origin":[8.5,8.58694,1.25],"axis":"z","angle":22.5},"faces":{"north":{"uv":[0.0,9.0,1.5,10.0],"texture":"#2"},"east":{"uv":[4.0,8.0,5.5,9.0],"texture":"#2"},"south":{"uv":[6.0,8.0,7.5,9.0],"texture":"#2"},"west":{"uv":[8.0,8.0,9.5,9.0],"texture":"#2"},"up":{"uv":[8.5,5.5,7.0,4.0],"texture":"#2","rotation":90},"down":{"uv":[8.5,6.0,7.0,7.5],"texture":"#2","rotation":270}}},{"from":[5.65346,7.97989,0.6125],"to":[6.92846,9.25489,1.8875],"rotation":{"origin":[7.5,8.58694,1.25],"axis":"z","angle":-22.5},"faces":{"north":{"uv":[6.5,6.0,5.0,7.5],"texture":"#2"},"east":{"uv":[7.5,2.0,6.0,3.5],"texture":"#2"},"south":{"uv":[7.5,0.0,6.0,1.5],"texture":"#2"},"west":{"uv":[6.5,4.0,5.0,5.5],"texture":"#2"},"up":{"uv":[1.5,7.0,0.0,8.5],"texture":"#2","rotation":90}}},{"from":[5.44096,7.12989,0.4],"to":[7.14096,7.97989,2.1],"rotation":{"origin":[7.5,8.58694,1.25],"axis":"z","angle":-22.5},"faces":{"north":{"uv":[1.5,9.0,0.0,10.0],"texture":"#2"},"east":{"uv":[9.5,8.0,8.0,9.0],"texture":"#2"},"south":{"uv":[7.5,8.0,6.0,9.0],"texture":"#2"},"west":{"uv":[5.5,8.0,4.0,9.0],"texture":"#2"},"up":{"uv":[8.5,4.0,7.0,5.5],"texture":"#2","rotation":90},"down":{"uv":[8.5,7.5,7.0,6.0],"texture":"#2","rotation":270}}},{"from":[7.48807,11.94303,-2.08579],"to":[8.43807,12.89303,1.71421],"rotation":{"origin":[9.17557,12.91803,1.10171],"axis":"z","angle":45.0},"faces":{"north":{"uv":[10.0,1.0,9.0,0.0],"texture":"#2","rotation":270},"east":{"uv":[4.0,0.0,5.0,4.0],"texture":"#2","rotation":90},"south":{"uv":[10.0,1.0,9.0,2.0],"texture":"#2","rotation":270},"west":{"uv":[4.0,4.0,5.0,8.0],"texture":"#2","rotation":270},"up":{"uv":[3.0,4.0,4.0,8.0],"texture":"#2"},"down":{"uv":[5.0,0.0,6.0,4.0],"texture":"#2","rotation":180}}},{"from":[8.43807,11.94303,-2.08579],"to":[8.91307,12.89303,-1.13579],"rotation":{"origin":[9.17557,12.91803,1.10171],"axis":"z","angle":45.0},"faces":{"north":{"uv":[10.0,4.5,9.0,4.0],"texture":"#2","rotation":270},"south":{"uv":[6.0,9.0,5.0,9.5],"texture":"#2","rotation":270},"up":{"uv":[9.0,3.0,9.5,4.0],"texture":"#2"},"down":{"uv":[4.0,9.0,4.5,10.0],"texture":"#2","rotation":180}}},{"from":[8.91307,11.94303,-2.08579],"to":[9.86307,12.89303,-0.18579],"rotation":{"origin":[9.17557,12.91803,1.10171],"axis":"z","angle":45.0},"faces":{"north":{"uv":[3.0,10.0,2.0,9.0],"texture":"#2","rotation":270},"east":{"uv":[2.0,7.0,3.0,9.0],"texture":"#2","rotation":90},"south":{"uv":[10.0,2.0,9.0,3.0],"texture":"#2","rotation":270},"west":{"uv":[8.0,2.0,9.0,4.0],"texture":"#2","rotation":270},"up":{"uv":[8.0,0.0,9.0,2.0],"texture":"#2"},"down":{"uv":[3.0,8.0,4.0,10.0],"texture":"#2","rotation":180}}},{"from":[7.56193,11.94303,-2.08579],"to":[8.51193,12.89303,1.71421],"rotation":{"origin":[6.82443,12.91803,1.10171],"axis":"z","angle":-45.0},"faces":{"north":{"uv":[10.0,0.0,9.0,1.0],"texture":"#2","rotation":270},"east":{"uv":[4.0,8.0,5.0,4.0],"texture":"#2","rotation":270},"south":{"uv":[10.0,2.0,9.0,1.0],"texture":"#2","rotation":270},"west":{"uv":[4.0,4.0,5.0,0.0],"texture":"#2","rotation":90},"up":{"uv":[4.0,4.0,3.0,8.0],"texture":"#2"},"down":{"uv":[6.0,0.0,5.0,4.0],"texture":"#2","rotation":180}}},{"from":[7.08693,11.94303,-2.08579],"to":[7.56193,12.89303,-1.13579],"rotation":{"origin":[6.82443,12.91803,1.10171],"axis":"z","angle":-45.0},"faces":{"north":{"uv":[10.0,4.0,9.0,4.5],"texture":"#2","rotation":270},"south":{"uv":[6.0,9.5,5.0,9.0],"texture":"#2","rotation":270},"up":{"uv":[9.5,3.0,9.0,4.0],"texture":"#2"},"down":{"uv":[4.5,9.0,4.0,10.0],"texture":"#2","rotation":180}}},{"from":[6.13693,11.94303,-2.08579],"to":[7.08693,12.89303,-0.18579],"rotation":{"origin":[6.82443,12.91803,1.10171],"axis":"z","angle":-45.0},"faces":{"north":{"uv":[3.0,9.0,2.0,10.0],"texture":"#2","rotation":270},"east":{"uv":[8.0,4.0,9.0,2.0],"texture":"#2","rotation":270},"south":{"uv":[10.0,3.0,9.0,2.0],"texture":"#2","rotation":270},"west":{"uv":[2.0,9.0,3.0,7.0],"texture":"#2","rotation":90},"up":{"uv":[9.0,0.0,8.0,2.0],"texture":"#2"},"down":{"uv":[4.0,8.0,3.0,10.0],"texture":"#2","rotation":180}}}],"textures":{"1":"merry_christmasset/crossbow_1","2":"merry_christmasset/detail"},"gui_light":"front"}