{"display":{"thirdperson_righthand":{"rotation":[55.5,0.0,0.0],"translation":[0.0,3.75,1.5],"scale":[0.7832,0.7832,0.7832]},"thirdperson_lefthand":{"rotation":[55.5,0.0,0.0],"translation":[0.0,3.75,1.5],"scale":[0.7832,0.7832,0.7832]},"firstperson_righthand":{"rotation":[157.0,0.0,-180.0],"translation":[0.0,3.5,0.0]},"firstperson_lefthand":{"rotation":[157.0,0.0,-180.0],"translation":[0.0,3.5,0.0]},"ground":{"rotation":[35.0,0.0,0.0],"translation":[0.0,3.0,0.0]},"gui":{"rotation":[0.0,135.0,0.0],"translation":[0.0,-0.75,0.0],"scale":[1.47656,1.47656,1.47656]},"head":{"rotation":[10.0,0.0,0.0],"translation":[0.0,9.5,1.0],"scale":[2.07617,2.07617,2.07617]},"fixed":{"rotation":[-90.0,0.0,0.0],"translation":[0.0,0.0,-12.5],"scale":[3.0,3.0,3.0]}},"elements":[{"from":[4.0,4.01746,4.0],"to":[12.0,7.01746,12.0],"rotation":{"origin":[0.0,4.01746,5.0],"axis":"y","angle":0.0},"faces":{"north":{"uv":[5.33333,4.0,10.66667,6.0],"texture":"#0"},"east":{"uv":[5.33333,6.0,10.66667,8.0],"texture":"#0"},"south":{"uv":[5.33333,8.0,10.66667,10.0],"texture":"#0"},"west":{"uv":[9.33333,0.0,14.66667,2.0],"texture":"#0"},"up":{"uv":[5.33333,5.33333,0.0,0.0],"texture":"#0"},"down":{"uv":[5.33333,5.33333,0.0,10.66667],"texture":"#0"}}},{"from":[5.0,7.01746,5.0],"to":[11.0,10.01746,11.0],"rotation":{"origin":[0.0,4.01746,5.0],"axis":"y","angle":0.0},"faces":{"north":{"uv":[10.66667,6.0,14.66667,8.0],"texture":"#0"},"east":{"uv":[10.66667,8.0,14.66667,10.0],"texture":"#0"},"south":{"uv":[2.66667,12.66667,6.66667,14.66667],"texture":"#0"},"west":{"uv":[6.66667,12.66667,10.66667,14.66667],"texture":"#0"},"up":{"uv":[9.33333,4.0,5.33333,0.0],"texture":"#0"}}},{"from":[6.0,8.48254,7.0],"to":[10.0,12.48254,13.0],"rotation":{"origin":[8.0,10.48254,10.0],"axis":"x","angle":22.5},"faces":{"north":{"uv":[10.66667,12.66667,13.33333,15.33333],"texture":"#0"},"east":{"uv":[5.33333,10.0,9.33333,12.66667],"texture":"#0"},"south":{"uv":[13.33333,2.0,16.0,4.66667],"texture":"#0"},"west":{"uv":[9.33333,10.0,13.33333,12.66667],"texture":"#0"},"up":{"uv":[2.66667,14.66667,0.0,10.66667],"texture":"#0"},"down":{"uv":[13.33333,2.0,10.66667,6.0],"texture":"#0"}}},{"from":[7.0,7.5268,12.19552],"to":[9.0,9.5268,14.19552],"rotation":{"origin":[8.0,8.9518,13.69552],"axis":"x","angle":45.0},"faces":{"east":{"uv":[9.33333,2.0,10.66667,3.33333],"texture":"#0"},"south":{"uv":[2.66667,10.66667,4.0,12.0],"texture":"#0"},"west":{"uv":[4.0,10.66667,5.33333,12.0],"texture":"#0"},"up":{"uv":[14.66667,6.0,13.33333,4.66667],"texture":"#0"},"down":{"uv":[14.66667,10.0,13.33333,11.33333],"texture":"#0"}}},{"from":[7.3625,7.48069,13.42116],"to":[8.6375,8.75569,14.69616],"rotation":{"origin":[8.0,7.58694,14.05866],"axis":"x","angle":-22.5},"faces":{"north":{"uv":[7.5,2.0,6.0,3.5],"texture":"#1"},"east":{"uv":[7.5,0.0,6.0,1.5],"texture":"#1"},"south":{"uv":[6.5,4.0,5.0,5.5],"texture":"#1"},"west":{"uv":[6.5,6.0,5.0,7.5],"texture":"#1"},"up":{"uv":[1.5,7.0,0.0,8.5],"texture":"#1"}}},{"from":[7.15,6.63069,13.20866],"to":[8.85,7.48069,14.90866],"rotation":{"origin":[8.0,7.58694,14.05866],"axis":"x","angle":-22.5},"faces":{"north":{"uv":[9.5,8.0,8.0,9.0],"texture":"#1"},"east":{"uv":[7.5,8.0,6.0,9.0],"texture":"#1"},"south":{"uv":[5.5,8.0,4.0,9.0],"texture":"#1"},"west":{"uv":[1.5,9.0,0.0,10.0],"texture":"#1"},"up":{"uv":[8.5,4.0,7.0,5.5],"texture":"#1"},"down":{"uv":[8.5,7.5,7.0,6.0],"texture":"#1"}}},{"from":[6.28754,8.0,4.735],"to":[9.78754,11.5,4.765],"rotation":{"origin":[6.28754,9.5,4.75],"axis":"z","angle":-22.5},"faces":{"north":{"uv":[0.0,0.0,3.5,3.5],"texture":"#1"},"south":{"uv":[3.5,0.0,0.0,3.5],"texture":"#1"}}},{"from":[6.75,11.0,6.485],"to":[9.25,13.5,6.515],"rotation":{"origin":[8.0,12.25,6.5],"axis":"z","angle":22.5},"faces":{"north":{"uv":[0.0,4.0,2.5,6.5],"texture":"#1"},"south":{"uv":[2.5,4.0,0.0,6.5],"texture":"#1"}}},{"from":[10.0625,9.25,5.5875],"to":[11.0125,13.05,6.5375],"rotation":{"origin":[11.25,11.8625,6.0625],"axis":"z","angle":-22.5},"faces":{"north":{"uv":[5.0,0.0,6.0,4.0],"texture":"#1"},"east":{"uv":[4.0,0.0,5.0,4.0],"texture":"#1"},"south":{"uv":[3.0,4.0,4.0,8.0],"texture":"#1"},"west":{"uv":[4.0,4.0,5.0,8.0],"texture":"#1"},"up":{"uv":[10.0,1.0,9.0,0.0],"texture":"#1","rotation":90},"down":{"uv":[10.0,1.0,9.0,2.0],"texture":"#1","rotation":270}}},{"from":[11.0125,12.1,5.5875],"to":[11.4875,13.05,6.5375],"rotation":{"origin":[11.25,11.8625,6.0625],"axis":"z","angle":-22.5},"faces":{"north":{"uv":[4.0,9.0,4.5,10.0],"texture":"#1"},"south":{"uv":[9.0,3.0,9.5,4.0],"texture":"#1"},"up":{"uv":[10.0,4.5,9.0,4.0],"texture":"#1","rotation":90},"down":{"uv":[6.0,9.0,5.0,9.5],"texture":"#1","rotation":270}}},{"from":[11.4875,11.15,5.5875],"to":[12.4375,13.05,6.5375],"rotation":{"origin":[11.25,11.8625,6.0625],"axis":"z","angle":-22.5},"faces":{"north":{"uv":[3.0,8.0,4.0,10.0],"texture":"#1"},"east":{"uv":[2.0,7.0,3.0,9.0],"texture":"#1"},"south":{"uv":[8.0,0.0,9.0,2.0],"texture":"#1"},"west":{"uv":[8.0,2.0,9.0,4.0],"texture":"#1"},"up":{"uv":[3.0,10.0,2.0,9.0],"texture":"#1","rotation":90},"down":{"uv":[10.0,2.0,9.0,3.0],"texture":"#1","rotation":270}}},{"from":[4.9875,9.25,5.5875],"to":[5.9375,13.05,6.5375],"rotation":{"origin":[4.75,11.8625,6.0625],"axis":"z","angle":22.5},"faces":{"north":{"uv":[6.0,0.0,5.0,4.0],"texture":"#1"},"east":{"uv":[5.0,4.0,4.0,8.0],"texture":"#1"},"south":{"uv":[4.0,4.0,3.0,8.0],"texture":"#1"},"west":{"uv":[5.0,0.0,4.0,4.0],"texture":"#1"},"up":{"uv":[10.0,0.0,9.0,1.0],"texture":"#1","rotation":90},"down":{"uv":[10.0,2.0,9.0,1.0],"texture":"#1","rotation":270}}},{"from":[4.5125,12.1,5.5875],"to":[4.9875,13.05,6.5375],"rotation":{"origin":[4.75,11.8625,6.0625],"axis":"z","angle":22.5},"faces":{"north":{"uv":[4.5,9.0,4.0,10.0],"texture":"#1"},"south":{"uv":[9.5,3.0,9.0,4.0],"texture":"#1"},"up":{"uv":[10.0,4.0,9.0,4.5],"texture":"#1","rotation":90},"down":{"uv":[6.0,9.5,5.0,9.0],"texture":"#1","rotation":270}}},{"from":[3.5625,11.15,5.5875],"to":[4.5125,13.05,6.5375],"rotation":{"origin":[4.75,11.8625,6.0625],"axis":"z","angle":22.5},"faces":{"north":{"uv":[4.0,8.0,3.0,10.0],"texture":"#1"},"east":{"uv":[9.0,2.0,8.0,4.0],"texture":"#1"},"south":{"uv":[9.0,0.0,8.0,2.0],"texture":"#1"},"west":{"uv":[3.0,7.0,2.0,9.0],"texture":"#1"},"up":{"uv":[3.0,9.0,2.0,10.0],"texture":"#1","rotation":90},"down":{"uv":[10.0,3.0,9.0,2.0],"texture":"#1","rotation":270}}}],"textures":{"particle":"merry_christmasset/hat","0":"merry_christmasset/hat","1":"merry_christmasset/detail"},"gui_light":"front"}