{"display":{"thirdperson_righthand":{"translation":[0.0,-3.25,1.0]},"thirdperson_lefthand":{"translation":[0.0,-3.25,1.0]},"firstperson_righthand":{"rotation":[-10.0,0.0,0.0],"translation":[0.0,-4.75,0.0]},"firstperson_lefthand":{"rotation":[-10.0,0.0,0.0],"translation":[0.0,-4.75,0.0]},"ground":{"rotation":[-45.0,0.0,0.0],"translation":[0.0,3.0,0.0],"scale":[0.7,0.7,0.7]},"gui":{"rotation":[-90.0,45.0,90.0],"translation":[3.5,-3.5,0.0],"scale":[0.7,0.7,0.7]},"head":{"rotation":[0.0,-90.0,0.0]},"fixed":{"rotation":[0.0,-90.0,0.0],"translation":[0.0,-8.5,-1.25],"scale":[2.0,2.0,2.0]}},"elements":[{"from":[7.5,12.25,7.5],"to":[8.5,14.25,8.5],"rotation":{"origin":[7.5,11.25,7.5],"axis":"y","angle":0.0},"faces":{"north":{"uv":[4.66667,8.0,5.33333,9.33333],"texture":"#1"},"east":{"uv":[12.66667,1.33333,13.33333,2.66667],"texture":"#1"},"south":{"uv":[2.66667,12.66667,3.33333,14.0],"texture":"#1"},"west":{"uv":[3.33333,12.66667,4.0,14.0],"texture":"#1"}}},{"from":[7.25,0.35,7.25],"to":[8.75,1.85,8.75],"rotation":{"origin":[8.0,1.1,8.0],"axis":"x","angle":-45.0},"faces":{"north":{"uv":[10.66667,3.33333,11.66667,4.33333],"texture":"#1"},"east":{"uv":[10.66667,4.66667,11.66667,5.66667],"texture":"#1"},"south":{"uv":[9.33333,10.66667,10.33333,11.66667],"texture":"#1"},"west":{"uv":[10.66667,10.66667,11.66667,11.66667],"texture":"#1"},"up":{"uv":[12.33333,2.33333,11.33333,1.33333],"texture":"#1"},"down":{"uv":[4.33333,11.33333,3.33333,12.33333],"texture":"#1"}}},{"from":[7.3,11.75,7.3],"to":[8.7,12.25,8.7],"rotation":{"origin":[7.5,11.75,7.5],"axis":"y","angle":0.0},"faces":{"north":{"uv":[8.66667,13.33333,9.66667,13.66667],"texture":"#1"},"east":{"uv":[13.33333,8.66667,14.33333,9.0],"texture":"#1"},"south":{"uv":[13.33333,9.33333,14.33333,9.66667],"texture":"#1"},"west":{"uv":[10.0,13.33333,11.0,13.66667],"texture":"#1"},"up":{"uv":[13.0,3.66667,12.0,2.66667],"texture":"#1"},"down":{"uv":[13.0,4.0,12.0,5.0],"texture":"#1"}}},{"from":[7.3,14.25,7.3],"to":[8.7,14.75,8.7],"rotation":{"origin":[7.5,10.75,7.5],"axis":"y","angle":0.0},"faces":{"north":{"uv":[13.33333,10.0,14.33333,10.33333],"texture":"#1"},"east":{"uv":[13.33333,10.66667,14.33333,11.0],"texture":"#1"},"south":{"uv":[11.33333,13.33333,12.33333,13.66667],"texture":"#1"},"west":{"uv":[13.33333,11.33333,14.33333,11.66667],"texture":"#1"},"down":{"uv":[13.0,5.33333,12.0,6.33333],"texture":"#1"}}},{"from":[7.5,2.25,7.5],"to":[8.5,6.25,8.5],"rotation":{"origin":[7.5,12.25,7.5],"axis":"y","angle":0.0},"faces":{"north":{"uv":[8.0,9.33333,8.66667,12.0],"texture":"#1"},"east":{"uv":[8.66667,9.33333,9.33333,12.0],"texture":"#1"},"south":{"uv":[0.0,10.0,0.66667,12.66667],"texture":"#1"},"west":{"uv":[0.66667,10.0,1.33333,12.66667],"texture":"#1"}}},{"from":[7.3,1.75,7.3],"to":[8.7,2.25,8.7],"rotation":{"origin":[7.5,12.75,7.5],"axis":"y","angle":0.0},"faces":{"north":{"uv":[13.33333,12.0,14.33333,12.33333],"texture":"#1"},"east":{"uv":[12.66667,13.33333,13.66667,13.66667],"texture":"#1"},"south":{"uv":[13.33333,12.66667,14.33333,13.0],"texture":"#1"},"west":{"uv":[0.0,14.0,1.0,14.33333],"texture":"#1"},"up":{"uv":[13.0,7.66667,12.0,6.66667],"texture":"#1"},"down":{"uv":[9.0,12.0,8.0,13.0],"texture":"#1"}}},{"from":[6.5,19.75,6.5],"to":[9.5,22.25,9.5],"rotation":{"origin":[6.5,11.25,6.5],"axis":"y","angle":0.0},"faces":{"north":{"uv":[6.0,2.66667,8.0,4.33333],"texture":"#1"},"east":{"uv":[5.33333,7.33333,7.33333,9.0],"texture":"#1"},"south":{"uv":[7.33333,7.33333,9.33333,9.0],"texture":"#1"},"west":{"uv":[0.0,8.0,2.0,9.66667],"texture":"#1"},"down":{"uv":[2.0,6.0,0.0,8.0],"texture":"#1"}}},{"from":[6.25,22.25,6.25],"to":[9.75,23.25,9.75],"rotation":{"origin":[6.5,11.25,6.5],"axis":"y","angle":0.0},"faces":{"north":{"uv":[9.33333,10.0,11.66667,10.66667],"texture":"#1"},"east":{"uv":[10.0,9.33333,12.33333,10.0],"texture":"#1"},"south":{"uv":[10.66667,0.0,13.0,0.66667],"texture":"#1"},"west":{"uv":[10.66667,0.66667,13.0,1.33333],"texture":"#1"},"up":{"uv":[5.66667,5.0,3.33333,2.66667],"texture":"#1"},"down":{"uv":[7.66667,0.0,5.33333,2.33333],"texture":"#1"}}},{"from":[6.15,16.15,6.875],"to":[7.15,17.15,7.875],"rotation":{"origin":[6.15,16.15,6.875],"axis":"y","angle":0.0},"faces":{"north":{"uv":[7.33333,4.66667,8.0,5.33333],"texture":"#1"},"east":{"uv":[10.66667,6.0,11.33333,6.66667],"texture":"#1"},"south":{"uv":[11.33333,2.66667,12.0,3.33333],"texture":"#1"},"west":{"uv":[11.33333,6.0,12.0,6.66667],"texture":"#1"},"up":{"uv":[2.0,12.66667,1.33333,12.0],"texture":"#1"},"down":{"uv":[7.33333,12.66667,6.66667,13.33333],"texture":"#1"}}},{"from":[6.4,17.75,6.75],"to":[6.43,21.75,9.25],"rotation":{"origin":[6.415,19.75,8.0],"axis":"z","angle":22.5},"faces":{"east":{"uv":[5.0,5.33333,3.33333,8.0],"texture":"#1"},"west":{"uv":[3.33333,5.33333,5.0,8.0],"texture":"#1"}}},{"from":[6.75,17.5,6.83579],"to":[7.25,19.0,8.33579],"rotation":{"origin":[6.75,17.25,6.58579],"axis":"x","angle":45.0},"faces":{"north":{"uv":[14.0,0.0,14.33333,1.0],"texture":"#1"},"east":{"uv":[12.0,8.0,13.0,9.0],"texture":"#1"},"south":{"uv":[1.33333,14.0,1.66667,15.0],"texture":"#1"},"west":{"uv":[9.33333,12.0,10.33333,13.0],"texture":"#1"},"up":{"uv":[14.33333,2.33333,14.0,1.33333],"texture":"#1"},"down":{"uv":[2.33333,14.0,2.0,15.0],"texture":"#1"}}},{"from":[7.175,16.25,4.0],"to":[7.205,20.25,12.0],"rotation":{"origin":[6.175,15.0,5.0],"axis":"y","angle":0.0},"faces":{"east":{"uv":[5.33333,0.0,0.0,2.66667],"texture":"#1"},"west":{"uv":[0.0,0.0,5.33333,2.66667],"texture":"#1"}}},{"from":[6.15,16.15,8.125],"to":[7.15,17.15,9.125],"rotation":{"origin":[6.15,16.15,9.125],"axis":"y","angle":0.0},"faces":{"north":{"uv":[7.33333,12.66667,8.0,13.33333],"texture":"#1"},"east":{"uv":[12.66667,9.33333,13.33333,10.0],"texture":"#1"},"south":{"uv":[12.0,12.66667,12.66667,13.33333],"texture":"#1"},"west":{"uv":[12.66667,12.66667,13.33333,13.33333],"texture":"#1"},"up":{"uv":[14.0,0.66667,13.33333,0.0],"texture":"#1"},"down":{"uv":[14.0,0.66667,13.33333,1.33333],"texture":"#1"}}},{"from":[6.15,17.4,7.5],"to":[7.15,18.4,8.5],"rotation":{"origin":[6.15,17.4,7.5],"axis":"y","angle":0.0},"faces":{"north":{"uv":[13.33333,1.33333,14.0,2.0],"texture":"#1"},"east":{"uv":[13.33333,2.0,14.0,2.66667],"texture":"#1"},"south":{"uv":[13.33333,2.66667,14.0,3.33333],"texture":"#1"},"west":{"uv":[13.33333,3.33333,14.0,4.0],"texture":"#1"},"up":{"uv":[14.0,4.66667,13.33333,4.0],"texture":"#1"},"down":{"uv":[14.0,4.66667,13.33333,5.33333],"texture":"#1"}}},{"from":[6.9,15.51256,4.57322],"to":[6.93,18.01256,8.57322],"rotation":{"origin":[6.75,16.01256,7.82322],"axis":"x","angle":-45.0},"faces":{"east":{"uv":[8.0,5.33333,5.33333,7.0],"texture":"#1"},"west":{"uv":[5.33333,5.33333,8.0,7.0],"texture":"#1"}}},{"from":[6.9,15.51256,7.42678],"to":[6.93,18.01256,11.42678],"rotation":{"origin":[6.75,16.01256,8.17678],"axis":"x","angle":45.0},"faces":{"east":{"uv":[5.33333,5.33333,8.0,7.0],"texture":"#1"},"west":{"uv":[8.0,5.33333,5.33333,7.0],"texture":"#1"}}},{"from":[8.85,16.15,6.875],"to":[9.85,17.15,7.875],"rotation":{"origin":[9.85,16.15,6.875],"axis":"y","angle":0.0},"faces":{"north":{"uv":[8.0,4.66667,7.33333,5.33333],"texture":"#1"},"east":{"uv":[12.0,6.0,11.33333,6.66667],"texture":"#1"},"south":{"uv":[12.0,2.66667,11.33333,3.33333],"texture":"#1"},"west":{"uv":[11.33333,6.0,10.66667,6.66667],"texture":"#1"},"up":{"uv":[1.33333,12.66667,2.0,12.0],"texture":"#1"},"down":{"uv":[6.66667,12.66667,7.33333,13.33333],"texture":"#1"}}},{"from":[9.57,17.75,6.75],"to":[9.6,21.75,9.25],"rotation":{"origin":[9.585,19.75,8.0],"axis":"z","angle":-22.5},"faces":{"east":{"uv":[5.0,5.33333,3.33333,8.0],"texture":"#1"},"west":{"uv":[3.33333,5.33333,5.0,8.0],"texture":"#1"}}},{"from":[8.75,17.5,6.83579],"to":[9.25,19.0,8.33579],"rotation":{"origin":[9.25,17.25,6.58579],"axis":"x","angle":45.0},"faces":{"north":{"uv":[14.33333,0.0,14.0,1.0],"texture":"#1"},"east":{"uv":[10.33333,12.0,9.33333,13.0],"texture":"#1"},"south":{"uv":[1.66667,14.0,1.33333,15.0],"texture":"#1"},"west":{"uv":[13.0,8.0,12.0,9.0],"texture":"#1"},"up":{"uv":[14.0,2.33333,14.33333,1.33333],"texture":"#1"},"down":{"uv":[2.0,14.0,2.33333,15.0],"texture":"#1"}}},{"from":[8.795,16.25,4.0],"to":[8.825,20.25,12.0],"rotation":{"origin":[9.825,15.0,5.0],"axis":"y","angle":0.0},"faces":{"east":{"uv":[5.33333,0.0,0.0,2.66667],"texture":"#1"},"west":{"uv":[0.0,0.0,5.33333,2.66667],"texture":"#1"}}},{"from":[8.85,16.15,8.125],"to":[9.85,17.15,9.125],"rotation":{"origin":[9.85,16.15,9.125],"axis":"y","angle":0.0},"faces":{"north":{"uv":[8.0,12.66667,7.33333,13.33333],"texture":"#1"},"east":{"uv":[13.33333,12.66667,12.66667,13.33333],"texture":"#1"},"south":{"uv":[12.66667,12.66667,12.0,13.33333],"texture":"#1"},"west":{"uv":[13.33333,9.33333,12.66667,10.0],"texture":"#1"},"up":{"uv":[13.33333,0.66667,14.0,0.0],"texture":"#1"},"down":{"uv":[13.33333,0.66667,14.0,1.33333],"texture":"#1"}}},{"from":[8.85,17.4,7.5],"to":[9.85,18.4,8.5],"rotation":{"origin":[9.85,17.4,7.5],"axis":"y","angle":0.0},"faces":{"north":{"uv":[14.0,1.33333,13.33333,2.0],"texture":"#1"},"east":{"uv":[14.0,3.33333,13.33333,4.0],"texture":"#1"},"south":{"uv":[14.0,2.66667,13.33333,3.33333],"texture":"#1"},"west":{"uv":[14.0,2.0,13.33333,2.66667],"texture":"#1"},"up":{"uv":[13.33333,4.66667,14.0,4.0],"texture":"#1"},"down":{"uv":[13.33333,4.66667,14.0,5.33333],"texture":"#1"}}},{"from":[9.07,15.51256,4.57322],"to":[9.1,18.01256,8.57322],"rotation":{"origin":[9.25,16.01256,7.82322],"axis":"x","angle":-45.0},"faces":{"east":{"uv":[8.0,5.33333,5.33333,7.0],"texture":"#1"},"west":{"uv":[5.33333,5.33333,8.0,7.0],"texture":"#1"}}},{"from":[9.07,15.51256,7.42678],"to":[9.1,18.01256,11.42678],"rotation":{"origin":[9.25,16.01256,8.17678],"axis":"x","angle":45.0},"faces":{"east":{"uv":[5.33333,5.33333,8.0,7.0],"texture":"#1"},"west":{"uv":[8.0,5.33333,5.33333,7.0],"texture":"#1"}}},{"from":[7.25,14.75,7.25],"to":[8.75,19.75,8.75],"rotation":{"origin":[7.25,14.75,7.25],"axis":"y","angle":0.0},"faces":{"north":{"uv":[2.0,6.0,3.0,9.33333],"texture":"#1"},"east":{"uv":[8.0,0.0,9.0,3.33333],"texture":"#1"},"south":{"uv":[3.33333,8.0,4.33333,11.33333],"texture":"#1"},"west":{"uv":[8.0,3.33333,9.0,6.66667],"texture":"#1"},"up":{"uv":[13.0,11.0,12.0,10.0],"texture":"#1"},"down":{"uv":[11.66667,12.0,10.66667,13.0],"texture":"#1"}}},{"from":[7.25,6.75,7.25],"to":[8.75,11.75,8.75],"rotation":{"origin":[7.25,16.75,7.25],"axis":"y","angle":0.0},"faces":{"north":{"uv":[9.33333,0.0,10.33333,3.33333],"texture":"#1"},"east":{"uv":[2.0,9.33333,3.0,12.66667],"texture":"#1"},"south":{"uv":[9.33333,3.33333,10.33333,6.66667],"texture":"#1"},"west":{"uv":[4.66667,9.33333,5.66667,12.66667],"texture":"#1"},"up":{"uv":[13.0,12.33333,12.0,11.33333],"texture":"#1"},"down":{"uv":[1.0,12.66667,0.0,13.66667],"texture":"#1"}}},{"from":[7.3,6.25,7.3],"to":[8.7,6.75,8.7],"rotation":{"origin":[7.5,12.75,7.5],"axis":"y","angle":0.0},"faces":{"north":{"uv":[2.66667,14.0,3.66667,14.33333],"texture":"#1"},"east":{"uv":[14.0,2.66667,15.0,3.0],"texture":"#1"},"south":{"uv":[14.0,3.33333,15.0,3.66667],"texture":"#1"},"west":{"uv":[4.0,14.0,5.0,14.33333],"texture":"#1"},"down":{"uv":[2.33333,12.66667,1.33333,13.66667],"texture":"#1"}}},{"from":[7.5,23.25,6.75],"to":[8.5,24.75,9.25],"rotation":{"origin":[7.5,24.25,7.25],"axis":"y","angle":0.0},"faces":{"north":{"uv":[5.33333,12.66667,6.0,13.66667],"texture":"#1"},"east":{"uv":[10.0,6.66667,11.66667,7.66667],"texture":"#1"},"south":{"uv":[6.0,12.66667,6.66667,13.66667],"texture":"#1"},"west":{"uv":[10.0,8.0,11.66667,9.0],"texture":"#1"},"up":{"uv":[2.0,11.66667,1.33333,10.0],"texture":"#1"},"down":{"uv":[11.33333,1.33333,10.66667,3.0],"texture":"#1"}}},{"from":[7.5,17.5,4.0],"to":[8.5,22.5,5.0],"rotation":{"origin":[8.0,21.0,5.5],"axis":"x","angle":-45.0},"faces":{"north":{"uv":[6.0,9.33333,6.66667,12.66667],"texture":"#1"},"east":{"uv":[6.66667,9.33333,7.33333,12.66667],"texture":"#1"},"south":{"uv":[9.33333,6.66667,10.0,10.0],"texture":"#1"},"west":{"uv":[7.33333,9.33333,8.0,12.66667],"texture":"#1"},"up":{"uv":[14.0,6.0,13.33333,5.33333],"texture":"#1"},"down":{"uv":[14.0,6.0,13.33333,6.66667],"texture":"#1"}}},{"from":[7.5,21.5,5.0],"to":[8.5,22.5,7.0],"rotation":{"origin":[8.0,21.0,5.5],"axis":"x","angle":-45.0},"faces":{"east":{"uv":[6.0,4.66667,7.33333,5.33333],"texture":"#1"},"south":{"uv":[6.66667,13.33333,7.33333,14.0],"texture":"#1"},"west":{"uv":[8.0,6.66667,9.33333,7.33333],"texture":"#1"},"up":{"uv":[4.66667,14.0,4.0,12.66667],"texture":"#1"},"down":{"uv":[5.33333,12.66667,4.66667,14.0],"texture":"#1"}}},{"from":[7.5,20.5,6.0],"to":[8.5,21.5,7.0],"rotation":{"origin":[8.0,21.0,5.5],"axis":"x","angle":-45.0},"faces":{"north":{"uv":[13.33333,6.66667,14.0,7.33333],"texture":"#1"},"east":{"uv":[7.33333,13.33333,8.0,14.0],"texture":"#1"},"south":{"uv":[13.33333,7.33333,14.0,8.0],"texture":"#1"},"west":{"uv":[8.0,13.33333,8.66667,14.0],"texture":"#1"},"down":{"uv":[14.0,8.0,13.33333,8.66667],"texture":"#1"}}},{"from":[7.5,17.5,11.0],"to":[8.5,22.5,12.0],"rotation":{"origin":[8.0,21.0,10.5],"axis":"x","angle":45.0},"faces":{"north":{"uv":[10.0,6.66667,9.33333,10.0],"texture":"#1"},"east":{"uv":[7.33333,9.33333,6.66667,12.66667],"texture":"#1"},"south":{"uv":[6.66667,9.33333,6.0,12.66667],"texture":"#1"},"west":{"uv":[8.0,9.33333,7.33333,12.66667],"texture":"#1"},"up":{"uv":[14.0,5.33333,13.33333,6.0],"texture":"#1"},"down":{"uv":[14.0,6.66667,13.33333,6.0],"texture":"#1"}}},{"from":[7.5,21.5,9.0],"to":[8.5,22.5,11.0],"rotation":{"origin":[8.0,21.0,10.5],"axis":"x","angle":45.0},"faces":{"north":{"uv":[7.33333,13.33333,6.66667,14.0],"texture":"#1"},"east":{"uv":[7.33333,4.66667,6.0,5.33333],"texture":"#1"},"west":{"uv":[9.33333,6.66667,8.0,7.33333],"texture":"#1"},"up":{"uv":[4.66667,12.66667,4.0,14.0],"texture":"#1"},"down":{"uv":[5.33333,14.0,4.66667,12.66667],"texture":"#1"}}},{"from":[7.5,20.5,9.0],"to":[8.5,21.5,10.0],"rotation":{"origin":[8.0,21.0,10.5],"axis":"x","angle":45.0},"faces":{"north":{"uv":[14.0,7.33333,13.33333,8.0],"texture":"#1"},"east":{"uv":[8.0,13.33333,7.33333,14.0],"texture":"#1"},"south":{"uv":[14.0,6.66667,13.33333,7.33333],"texture":"#1"},"west":{"uv":[8.66667,13.33333,8.0,14.0],"texture":"#1"},"down":{"uv":[14.0,8.66667,13.33333,8.0],"texture":"#1"}}},{"from":[7.985,25.5,5.75],"to":[8.015,30.5,10.25],"rotation":{"origin":[8.0,28.0,8.0],"axis":"y","angle":0.0},"faces":{"east":{"uv":[3.0,2.66667,0.0,6.0],"texture":"#1"},"west":{"uv":[0.0,2.66667,3.0,6.0],"texture":"#1"}}},{"from":[7.3625,14.26304,5.8912],"to":[8.6375,15.53804,7.1662],"rotation":{"origin":[8.0,13.94429,6.5287],"axis":"x","angle":22.5},"faces":{"north":{"uv":[5.0,4.0,6.5,5.5],"texture":"#2"},"east":{"uv":[6.0,0.0,7.5,1.5],"texture":"#2"},"south":{"uv":[6.0,2.0,7.5,3.5],"texture":"#2"},"west":{"uv":[5.0,6.0,6.5,7.5],"texture":"#2"},"up":{"uv":[1.5,8.5,0.0,7.0],"texture":"#2"}}},{"from":[7.15,13.41304,5.6787],"to":[8.85,14.26304,7.3787],"rotation":{"origin":[8.0,13.94429,6.5287],"axis":"x","angle":22.5},"faces":{"north":{"uv":[4.0,8.0,5.5,9.0],"texture":"#2"},"east":{"uv":[6.0,8.0,7.5,9.0],"texture":"#2"},"south":{"uv":[8.0,8.0,9.5,9.0],"texture":"#2"},"west":{"uv":[0.0,9.0,1.5,10.0],"texture":"#2"},"up":{"uv":[8.5,5.5,7.0,4.0],"texture":"#2"},"down":{"uv":[8.5,6.0,7.0,7.5],"texture":"#2"}}},{"from":[7.3625,14.26304,8.8338],"to":[8.6375,15.53804,10.1088],"rotation":{"origin":[8.0,13.94429,9.4713],"axis":"x","angle":-22.5},"faces":{"north":{"uv":[7.5,2.0,6.0,3.5],"texture":"#2"},"east":{"uv":[7.5,0.0,6.0,1.5],"texture":"#2"},"south":{"uv":[6.5,4.0,5.0,5.5],"texture":"#2"},"west":{"uv":[6.5,6.0,5.0,7.5],"texture":"#2"},"up":{"uv":[1.5,7.0,0.0,8.5],"texture":"#2"}}},{"from":[7.15,13.41304,8.6213],"to":[8.85,14.26304,10.3213],"rotation":{"origin":[8.0,13.94429,9.4713],"axis":"x","angle":-22.5},"faces":{"north":{"uv":[9.5,8.0,8.0,9.0],"texture":"#2"},"east":{"uv":[7.5,8.0,6.0,9.0],"texture":"#2"},"south":{"uv":[5.5,8.0,4.0,9.0],"texture":"#2"},"west":{"uv":[1.5,9.0,0.0,10.0],"texture":"#2"},"up":{"uv":[8.5,4.0,7.0,5.5],"texture":"#2"},"down":{"uv":[8.5,7.5,7.0,6.0],"texture":"#2"}}},{"from":[7.985,16.25,11.0],"to":[8.015,19.75,14.5],"rotation":{"origin":[8.0,18.0,12.75],"axis":"x","angle":22.5},"faces":{"east":{"uv":[3.5,0.0,0.0,3.5],"texture":"#2"},"west":{"uv":[0.0,0.0,3.5,3.5],"texture":"#2"}}},{"from":[7.985,16.25,1.5],"to":[8.015,19.75,5.0],"rotation":{"origin":[8.0,18.0,3.25],"axis":"x","angle":-22.5},"faces":{"east":{"uv":[0.0,0.0,3.5,3.5],"texture":"#2"},"west":{"uv":[3.5,0.0,0.0,3.5],"texture":"#2"}}},{"from":[7.985,21.5,1.25],"to":[8.015,24.0,3.75],"rotation":{"origin":[8.0,22.75,2.5],"axis":"x","angle":-22.5},"faces":{"east":{"uv":[0.0,4.0,2.5,6.5],"texture":"#2"},"west":{"uv":[2.5,4.0,0.0,6.5],"texture":"#2"}}},{"from":[7.985,21.5,12.25],"to":[8.015,24.0,14.75],"rotation":{"origin":[8.0,22.75,13.5],"axis":"x","angle":22.5},"faces":{"east":{"uv":[2.5,4.0,0.0,6.5],"texture":"#2"},"west":{"uv":[0.0,4.0,2.5,6.5],"texture":"#2"}}},{"from":[7.525,21.5,5.05],"to":[8.475,25.3,6.0],"rotation":{"origin":[8.0,24.1125,4.8125],"axis":"x","angle":22.5},"faces":{"north":{"uv":[4.0,0.0,5.0,4.0],"texture":"#2"},"east":{"uv":[3.0,4.0,4.0,8.0],"texture":"#2"},"south":{"uv":[4.0,4.0,5.0,8.0],"texture":"#2"},"west":{"uv":[5.0,0.0,6.0,4.0],"texture":"#2"},"up":{"uv":[10.0,1.0,9.0,0.0],"texture":"#2"},"down":{"uv":[10.0,1.0,9.0,2.0],"texture":"#2"}}},{"from":[7.525,24.35,4.575],"to":[8.475,25.3,5.05],"rotation":{"origin":[8.0,24.1125,4.8125],"axis":"x","angle":22.5},"faces":{"east":{"uv":[9.0,3.0,9.5,4.0],"texture":"#2"},"west":{"uv":[4.0,9.0,4.5,10.0],"texture":"#2"},"up":{"uv":[10.0,4.5,9.0,4.0],"texture":"#2"},"down":{"uv":[6.0,9.0,5.0,9.5],"texture":"#2"}}},{"from":[7.525,23.4,3.625],"to":[8.475,25.3,4.575],"rotation":{"origin":[8.0,24.1125,4.8125],"axis":"x","angle":22.5},"faces":{"north":{"uv":[2.0,7.0,3.0,9.0],"texture":"#2"},"east":{"uv":[8.0,0.0,9.0,2.0],"texture":"#2"},"south":{"uv":[8.0,2.0,9.0,4.0],"texture":"#2"},"west":{"uv":[3.0,8.0,4.0,10.0],"texture":"#2"},"up":{"uv":[3.0,10.0,2.0,9.0],"texture":"#2"},"down":{"uv":[10.0,2.0,9.0,3.0],"texture":"#2"}}},{"from":[7.525,21.5,10.0],"to":[8.475,25.3,10.95],"rotation":{"origin":[8.0,24.1125,11.1875],"axis":"x","angle":-22.5},"faces":{"north":{"uv":[5.0,4.0,4.0,8.0],"texture":"#2"},"east":{"uv":[4.0,4.0,3.0,8.0],"texture":"#2"},"south":{"uv":[5.0,0.0,4.0,4.0],"texture":"#2"},"west":{"uv":[6.0,0.0,5.0,4.0],"texture":"#2"},"up":{"uv":[10.0,0.0,9.0,1.0],"texture":"#2"},"down":{"uv":[10.0,2.0,9.0,1.0],"texture":"#2"}}},{"from":[7.525,24.35,10.95],"to":[8.475,25.3,11.425],"rotation":{"origin":[8.0,24.1125,11.1875],"axis":"x","angle":-22.5},"faces":{"east":{"uv":[9.5,3.0,9.0,4.0],"texture":"#2"},"west":{"uv":[4.5,9.0,4.0,10.0],"texture":"#2"},"up":{"uv":[10.0,4.0,9.0,4.5],"texture":"#2"},"down":{"uv":[6.0,9.5,5.0,9.0],"texture":"#2"}}},{"from":[7.525,23.4,11.425],"to":[8.475,25.3,12.375],"rotation":{"origin":[8.0,24.1125,11.1875],"axis":"x","angle":-22.5},"faces":{"north":{"uv":[9.0,2.0,8.0,4.0],"texture":"#2"},"east":{"uv":[9.0,0.0,8.0,2.0],"texture":"#2"},"south":{"uv":[3.0,7.0,2.0,9.0],"texture":"#2"},"west":{"uv":[4.0,8.0,3.0,10.0],"texture":"#2"},"up":{"uv":[3.0,9.0,2.0,10.0],"texture":"#2"},"down":{"uv":[10.0,3.0,9.0,2.0],"texture":"#2"}}}],"textures":{"particle":"merry_christmasset/staff","1":"merry_christmasset/staff","2":"merry_christmasset/detail"},"gui_light":"front"}