{"parent":"item/generated","textures":{"layer0":"item/paper"},"overrides":[{"predicate":{"custom_model_data":1000},"model":"elitecreatures:witchcaster_animated/back"},{"predicate":{"custom_model_data":1001},"model":"elitecreatures:witchcaster_animated/armor/hat"},{"predicate":{"custom_model_data":1002},"model":"elitecreatures:witchcaster_animated/backpack"},{"predicate":{"custom_model_data":1003},"model":"elitecreatures:witchcaster_animated/chest"},{"predicate":{"custom_model_data":1013},"model":"arrow_next_icon"},{"predicate":{"custom_model_data":1014},"model":"arrow_previous_icon"},{"predicate":{"custom_model_data":1015},"model":"exit_icon"},{"predicate":{"custom_model_data":1045},"model":"merry_christmasset/backpack"},{"predicate":{"custom_model_data":1046},"model":"merry_christmasset/chest"},{"predicate":{"custom_model_data":1047},"model":"merry_christmasset/helmet"},{"predicate":{"custom_model_data":1048},"model":"merry_christmasset/key"},{"predicate":{"custom_model_data":1049},"model":"merry_christmasset/wings"},{"predicate":{"custom_model_data":1074},"model":"elitecreatures:newyear_2024_animated/chest"},{"predicate":{"custom_model_data":1186},"model":"elitecreatures/collectibles_v1_32x/1_box"},{"predicate":{"custom_model_data":1187},"model":"elitecreatures/collectibles_v1_32x/1_nobox"},{"predicate":{"custom_model_data":1188},"model":"elitecreatures/collectibles_v1_32x/1_box_ani"},{"predicate":{"custom_model_data":1189},"model":"elitecreatures/collectibles_v1_32x/1_nobox_ani"},{"predicate":{"custom_model_data":1190},"model":"elitecreatures/collectibles_v1_32x/2_box"},{"predicate":{"custom_model_data":1191},"model":"elitecreatures/collectibles_v1_32x/2_nobox"},{"predicate":{"custom_model_data":1192},"model":"elitecreatures/collectibles_v1_32x/2_box_ani"},{"predicate":{"custom_model_data":1193},"model":"elitecreatures/collectibles_v1_32x/2_nobox_ani"},{"predicate":{"custom_model_data":1194},"model":"elitecreatures/collectibles_v1_32x/3_box"},{"predicate":{"custom_model_data":1195},"model":"elitecreatures/collectibles_v1_32x/3_nobox"},{"predicate":{"custom_model_data":1196},"model":"elitecreatures/collectibles_v1_32x/3_box_ani"},{"predicate":{"custom_model_data":1197},"model":"elitecreatures/collectibles_v1_32x/3_nobox_ani"},{"predicate":{"custom_model_data":1198},"model":"elitecreatures/collectibles_v1_32x/4_box"},{"predicate":{"custom_model_data":1199},"model":"elitecreatures/collectibles_v1_32x/4_nobox"},{"predicate":{"custom_model_data":1200},"model":"elitecreatures/collectibles_v1_32x/4_box_ani"},{"predicate":{"custom_model_data":1201},"model":"elitecreatures/collectibles_v1_32x/4_nobox_ani"},{"predicate":{"custom_model_data":1202},"model":"elitecreatures/collectibles_v1_32x/5_box"},{"predicate":{"custom_model_data":1203},"model":"elitecreatures/collectibles_v1_32x/5_nobox"},{"predicate":{"custom_model_data":1204},"model":"elitecreatures/collectibles_v1_32x/5_box_ani"},{"predicate":{"custom_model_data":1205},"model":"elitecreatures/collectibles_v1_32x/5_nobox_ani"},{"predicate":{"custom_model_data":1206},"model":"elitecreatures/collectibles_v1_32x/6_box"},{"predicate":{"custom_model_data":1207},"model":"elitecreatures/collectibles_v1_32x/6_nobox"},{"predicate":{"custom_model_data":1208},"model":"elitecreatures/collectibles_v1_32x/6_box_ani"},{"predicate":{"custom_model_data":1209},"model":"elitecreatures/collectibles_v1_32x/6_nobox_ani"},{"predicate":{"custom_model_data":1210},"model":"elitecreatures/collectibles_v1_32x/7_box"},{"predicate":{"custom_model_data":1211},"model":"elitecreatures/collectibles_v1_32x/7_nobox"},{"predicate":{"custom_model_data":1212},"model":"elitecreatures/collectibles_v1_32x/7_box_ani"},{"predicate":{"custom_model_data":1213},"model":"elitecreatures/collectibles_v1_32x/7_nobox_ani"},{"predicate":{"custom_model_data":1214},"model":"elitecreatures/collectibles_v1_32x/8_box"},{"predicate":{"custom_model_data":1215},"model":"elitecreatures/collectibles_v1_32x/8_nobox"},{"predicate":{"custom_model_data":1216},"model":"elitecreatures/collectibles_v1_32x/8_box_ani"},{"predicate":{"custom_model_data":1217},"model":"elitecreatures/collectibles_v1_32x/8_nobox_ani"},{"predicate":{"custom_model_data":1218},"model":"elitecreatures/collectibles_v1_32x/9_box"},{"predicate":{"custom_model_data":1219},"model":"elitecreatures/collectibles_v1_32x/9_nobox"},{"predicate":{"custom_model_data":1220},"model":"elitecreatures/collectibles_v1_32x/9_box_ani"},{"predicate":{"custom_model_data":1221},"model":"elitecreatures/collectibles_v1_32x/9_nobox_ani"},{"predicate":{"custom_model_data":1222},"model":"elitecreatures/collectibles_v1_32x/10_box"},{"predicate":{"custom_model_data":1223},"model":"elitecreatures/collectibles_v1_32x/10_nobox"},{"predicate":{"custom_model_data":1224},"model":"elitecreatures/collectibles_v1_32x/10_box_ani"},{"predicate":{"custom_model_data":1225},"model":"elitecreatures/collectibles_v1_32x/10_nobox_ani"},{"predicate":{"custom_model_data":412001},"model":"summerset/backpack"},{"predicate":{"custom_model_data":412003},"model":"summerset/chest"},{"predicate":{"custom_model_data":412009},"model":"summerset/key"},{"predicate":{"custom_model_data":412010},"model":"summerset/mask"}]}