{"display":{"thirdperson_righthand":{"rotation":[100.0,-86.0,25.0],"translation":[-1.5,0.0,-1.5],"scale":[0.9,0.9,0.8]},"thirdperson_lefthand":{"rotation":[43.0,90.0,26.0],"translation":[1.8,-0.5,-1.5],"scale":[0.9,0.9,0.9]},"firstperson_lefthand":{"rotation":[9.0,161.0,2.0],"translation":[2.0,6.5,0.0]},"firstperson_righthand":{"rotation":[12.0,-31.0,1.0],"translation":[-0.5,7.0,4.0]}},"elements":[{"from":[4.0,6.0,4.0],"to":[5.0,7.0,8.0],"rotation":{"origin":[6.0,8.0,8.0],"axis":"y","angle":0.0},"faces":{"north":{"uv":[0.0,0.0,0.4996282,0.4996282],"texture":"#0"},"east":{"uv":[0.0,0.0,0.4996282,0.4996282],"texture":"#0"},"south":{"uv":[0.0,0.0,0.5,0.5],"texture":"#0","rotation":270},"west":{"uv":[0.0,0.0,0.4996282,0.4996282],"texture":"#0"},"up":{"uv":[0.0,0.0,2.0,0.5],"texture":"#0","rotation":270},"down":{"uv":[0.0,0.0,2.0,0.5],"texture":"#0","rotation":270}}},{"from":[11.0,6.0,4.0],"to":[12.0,7.0,8.0],"rotation":{"origin":[13.0,8.0,8.0],"axis":"y","angle":0.0},"faces":{"north":{"uv":[0.0,0.0,0.5,0.5],"texture":"#0","rotation":90},"east":{"uv":[0.0,0.0,0.4996282,0.4996282],"texture":"#0"},"south":{"uv":[0.0,0.0,0.5,0.5],"texture":"#0","rotation":270},"west":{"uv":[0.0,0.0,2.0,0.5],"texture":"#0","rotation":180},"up":{"uv":[0.0,0.0,2.0,0.5],"texture":"#0","rotation":270},"down":{"uv":[0.0,0.0,2.0,0.5],"texture":"#0","rotation":270}}},{"from":[4.6,8.0,4.0],"to":[11.4,8.2,8.0],"faces":{"north":{"uv":[0.0,0.0,0.4996282,0.4996282],"texture":"#0"},"east":{"uv":[0.0,0.0,0.4996282,0.4996282],"texture":"#0"},"south":{"uv":[0.0,0.0,0.4996282,0.4996282],"texture":"#0"},"west":{"uv":[0.0,0.0,0.4996282,0.4996282],"texture":"#0"},"up":{"uv":[0.0,0.0,0.4996282,0.4996282],"texture":"#0"},"down":{"uv":[0.0,0.0,3.4,2.0],"texture":"#0"}}},{"from":[4.0,7.0,4.0],"to":[12.0,8.0,8.0],"faces":{"north":{"uv":[0.0,0.0,0.4996282,0.4996282],"texture":"#0"},"east":{"uv":[0.0,0.0,0.4996282,0.4996282],"texture":"#0"},"south":{"uv":[0.0,0.0,0.4996282,0.4996282],"texture":"#0"},"west":{"uv":[0.0,0.0,0.4996282,0.4996282],"texture":"#0"},"up":{"uv":[0.0,0.0,0.4996282,0.4996282],"texture":"#0"},"down":{"uv":[0.0,0.0,0.4996282,0.4996282],"texture":"#0"}}},{"from":[4.4,0.6,7.3],"to":[11.4,5.4,8.3],"faces":{"north":{"uv":[0.0,0.0,0.5,0.5],"texture":"#0","rotation":90},"east":{"uv":[0.0,0.0,0.5,0.5],"texture":"#0","rotation":90},"south":{"uv":[0.0,0.0,0.5,0.5],"texture":"#0","rotation":90},"west":{"uv":[0.0,0.0,0.5,0.5],"texture":"#0","rotation":90},"up":{"uv":[0.0,0.0,0.5,0.5],"texture":"#0","rotation":90},"down":{"uv":[0.0,0.0,0.5,0.5],"texture":"#0","rotation":90}}},{"from":[11.3,0.6,4.4],"to":[12.3,5.4,7.7],"faces":{"north":{"uv":[0.0,0.0,0.5,0.5],"texture":"#0","rotation":90},"east":{"uv":[0.0,0.0,0.5,0.5],"texture":"#0","rotation":90},"south":{"uv":[0.0,0.0,0.5,0.5],"texture":"#0","rotation":90},"west":{"uv":[0.0,0.0,0.5,0.5],"texture":"#0","rotation":90},"up":{"uv":[0.0,0.0,0.5,0.5],"texture":"#0","rotation":90},"down":{"uv":[0.0,0.0,0.5,0.5],"texture":"#0","rotation":90}}},{"from":[10.1,0.6,4.4],"to":[12.0,6.0,7.7],"faces":{"north":{"uv":[0.0,0.0,2.7,0.95],"texture":"#0","rotation":90},"east":{"uv":[0.0,0.0,0.4996282,0.4996282],"texture":"#0"},"south":{"uv":[0.0,0.0,2.7,0.95],"texture":"#0","rotation":90},"west":{"uv":[0.0,0.0,1.65,2.7],"texture":"#0"},"up":{"uv":[0.0,0.0,0.4996282,0.4996282],"texture":"#0"},"down":{"uv":[0.0,0.0,1.65,0.95],"texture":"#0","rotation":90}}},{"from":[4.0,0.6,4.9],"to":[5.8,6.0,7.7],"faces":{"north":{"uv":[0.0,0.0,2.7,0.9],"texture":"#0","rotation":90},"east":{"uv":[0.0,0.0,1.4,2.7],"texture":"#0"},"south":{"uv":[0.0,0.0,2.7,0.9],"texture":"#0","rotation":90},"west":{"uv":[0.0,0.0,1.4,2.7],"texture":"#0"},"up":{"uv":[0.0,0.0,0.9,1.4],"texture":"#0"},"down":{"uv":[0.0,0.0,1.4,0.9],"texture":"#0","rotation":90}}},{"from":[3.7,0.6,4.4],"to":[4.7,5.4,7.7],"faces":{"north":{"uv":[0.0,0.0,0.5,0.5],"texture":"#0","rotation":90},"east":{"uv":[0.0,0.0,0.5,0.5],"texture":"#0","rotation":90},"south":{"uv":[0.0,0.0,0.5,0.5],"texture":"#0","rotation":90},"west":{"uv":[0.0,0.0,0.5,0.5],"texture":"#0","rotation":90},"up":{"uv":[0.0,0.0,0.5,0.5],"texture":"#0","rotation":90},"down":{"uv":[0.0,0.0,0.5,0.5],"texture":"#0","rotation":90}}},{"from":[4.0,0.0,4.0],"to":[12.0,1.0,8.0],"faces":{"north":{"uv":[0.0,0.0,0.5,0.5],"texture":"#0","rotation":90},"east":{"uv":[0.0,0.0,0.5,0.5],"texture":"#0","rotation":90},"south":{"uv":[0.0,0.0,0.5,0.5],"texture":"#0","rotation":90},"west":{"uv":[0.0,0.0,2.0,0.5],"texture":"#0"},"up":{"uv":[0.0,0.0,0.5,0.5],"texture":"#0","rotation":90},"down":{"uv":[0.0,0.0,0.5,0.5],"texture":"#0","rotation":90}}},{"from":[4.0,0.0,4.0],"to":[12.0,1.0,8.0],"faces":{"north":{"uv":[0.0,0.0,0.5,4.0],"texture":"#0","rotation":90},"east":{"uv":[0.0,0.0,0.5,2.0],"texture":"#0","rotation":90},"south":{"uv":[0.0,0.0,0.5,4.0],"texture":"#0","rotation":90},"west":{"uv":[0.0,0.0,2.0,0.5],"texture":"#0"},"up":{"uv":[0.0,0.0,2.0,4.0],"texture":"#0","rotation":90},"down":{"uv":[0.0,0.0,4.0,2.0],"texture":"#0"}}},{"from":[5.7,0.0,5.0],"to":[10.7,1.1,7.0],"faces":{"north":{"uv":[0.0,0.0,2.5,0.55],"texture":"#5"},"east":{"uv":[0.0,0.0,1.0,0.55],"texture":"#0"},"south":{"uv":[0.0,0.0,2.5,0.55],"texture":"#0"},"west":{"uv":[0.0,0.0,1.0,0.55],"texture":"#0"},"up":{"uv":[0.0,0.0,2.5,1.0],"texture":"#5"},"down":{"uv":[0.0,0.0,2.5,1.0],"texture":"#0"}}},{"from":[4.0,0.0,7.0],"to":[12.0,6.0,8.0],"faces":{"north":{"uv":[0.0,0.0,0.4996282,0.4996282],"texture":"#0"},"east":{"uv":[0.0,0.0,0.4996282,0.4996282],"texture":"#0"},"south":{"uv":[0.0,0.0,0.4996282,0.4996282],"texture":"#0"},"west":{"uv":[0.0,0.0,0.4996282,0.4996282],"texture":"#0"},"up":{"uv":[0.0,0.0,0.4996282,0.4996282],"texture":"#0"},"down":{"uv":[0.0,0.0,4.0,0.5],"texture":"#0"}}},{"from":[5.6,0.5,3.7],"to":[10.0,1.2,4.0],"rotation":{"origin":[11.8,3.4,7.0],"axis":"z","angle":0.0},"faces":{"north":{"uv":[0.0,0.0,0.4996282,0.4996282],"texture":"#0"},"east":{"uv":[0.0,0.0,0.35,0.15],"texture":"#0","rotation":270},"south":{"uv":[0.0,0.0,0.35,2.2],"texture":"#0","rotation":270},"west":{"uv":[0.0,0.0,0.35,0.15],"texture":"#0","rotation":270},"up":{"uv":[0.0,0.0,0.15,2.2],"texture":"#0","rotation":270},"down":{"uv":[0.0,0.0,0.4996282,0.4996282],"texture":"#0"}}},{"from":[5.6,4.5,3.7],"to":[10.0,5.2,4.0],"rotation":{"origin":[11.8,7.4,7.0],"axis":"z","angle":0.0},"faces":{"north":{"uv":[0.0,0.0,0.4996282,0.4996282],"texture":"#0"},"east":{"uv":[0.0,0.0,0.35,0.15],"texture":"#0","rotation":270},"south":{"uv":[0.0,0.0,0.35,2.2],"texture":"#0","rotation":270},"west":{"uv":[0.0,0.0,0.35,0.15],"texture":"#0","rotation":270},"up":{"uv":[0.0,0.0,0.4996282,0.4996282],"texture":"#0"},"down":{"uv":[0.0,0.0,0.15,2.2],"texture":"#0","rotation":270}}},{"from":[5.6,1.0,3.7],"to":[7.4,4.5,4.0],"rotation":{"origin":[9.6,-1.0,7.0],"axis":"z","angle":0.0},"faces":{"north":{"uv":[0.0,0.0,0.4996282,0.4996282],"texture":"#0"},"east":{"uv":[0.0,0.0,0.15,1.75],"texture":"#0"},"south":{"uv":[0.0,0.0,0.9,1.75],"texture":"#0"},"west":{"uv":[0.0,0.0,0.4996282,0.4996282],"texture":"#0"},"up":{"uv":[0.0,0.0,0.9,0.15],"texture":"#0"},"down":{"uv":[0.0,0.0,0.9,0.15],"texture":"#0"}}},{"from":[8.1,1.0,3.7],"to":[10.0,4.5,4.0],"rotation":{"origin":[12.0,-1.0,7.0],"axis":"z","angle":0.0},"faces":{"north":{"uv":[0.0,0.0,0.4996282,0.4996282],"texture":"#0"},"east":{"uv":[0.0,0.0,0.4996282,0.4996282],"texture":"#0"},"south":{"uv":[0.0,0.0,0.95,1.75],"texture":"#0"},"west":{"uv":[0.0,0.0,1.75,0.15],"texture":"#0","rotation":90},"up":{"uv":[0.0,0.0,0.95,0.15],"texture":"#0"},"down":{"uv":[0.0,0.0,0.95,0.15],"texture":"#0"}}},{"from":[6.0,5.0,4.0],"to":[10.0,6.0,5.0],"rotation":{"origin":[12.0,3.0,8.0],"axis":"z","angle":0.0},"faces":{"north":{"uv":[0.0,0.0,0.4996282,0.4996282],"texture":"#0"},"east":{"uv":[0.0,0.0,0.5,0.5],"texture":"#0","rotation":90},"south":{"uv":[0.0,0.0,0.4996282,0.4996282],"texture":"#0"},"west":{"uv":[0.0,0.0,0.5,0.5],"texture":"#0","rotation":90},"up":{"uv":[0.0,0.0,0.4996282,0.4996282],"texture":"#0"},"down":{"uv":[0.0,0.0,0.4996282,0.4996282],"texture":"#0"}}},{"from":[4.0,1.0,4.0],"to":[6.0,6.0,5.0],"faces":{"north":{"uv":[0.0,0.0,0.4996282,0.4996282],"texture":"#0"},"east":{"uv":[0.0,0.0,0.4996282,0.4996282],"texture":"#0"},"south":{"uv":[0.0,0.0,1.0,2.5],"texture":"#0"},"west":{"uv":[0.0,0.0,0.4996282,0.4996282],"texture":"#0"},"up":{"uv":[0.0,0.0,0.4996282,0.4996282],"texture":"#0"},"down":{"uv":[0.0,0.0,1.0,0.5],"texture":"#0"}}},{"from":[10.0,1.0,4.0],"to":[12.0,6.0,5.0],"faces":{"north":{"uv":[0.0,0.0,0.4996282,0.4996282],"texture":"#0"},"east":{"uv":[0.0,0.0,0.4996282,0.4996282],"texture":"#0"},"south":{"uv":[0.0,0.0,1.0,2.5],"texture":"#0"},"west":{"uv":[0.0,0.0,0.5,2.5],"texture":"#0"},"up":{"uv":[0.0,0.0,1.0,0.5],"texture":"#0"},"down":{"uv":[0.0,0.0,1.0,0.5],"texture":"#0"}}},{"from":[0.8,7.9,5.5],"to":[2.3,8.9,6.5],"rotation":{"origin":[6.0,9.5,8.0],"axis":"z","angle":22.5},"faces":{"north":{"uv":[0.0,0.0,1.5,1.0],"texture":"#2"},"east":{"uv":[0.0,0.0,1.0,1.0],"texture":"#2"},"south":{"uv":[0.0,0.0,1.5,1.0],"texture":"#2"},"west":{"uv":[0.0,0.0,1.0,1.0],"texture":"#2"},"up":{"uv":[0.0,0.0,1.5,1.0],"texture":"#2"},"down":{"uv":[0.0,0.0,1.5,1.0],"texture":"#2"}}},{"from":[2.8,6.5,5.5],"to":[4.3,7.5,6.5],"faces":{"north":{"uv":[0.0,0.0,1.5,1.0],"texture":"#2"},"east":{"uv":[0.0,0.0,1.0,1.0],"texture":"#missing"},"south":{"uv":[0.0,0.0,1.5,1.0],"texture":"#2"},"west":{"uv":[0.0,0.0,1.0,1.0],"texture":"#missing"},"up":{"uv":[0.0,0.0,1.5,1.0],"texture":"#2"},"down":{"uv":[0.0,0.0,1.5,1.0],"texture":"#2"}}},{"from":[3.6,6.3,5.3],"to":[4.3,7.7,6.7],"faces":{"north":{"uv":[0.0,0.0,0.35,0.7],"texture":"#3"},"east":{"uv":[0.0,0.0,1.4,1.4],"texture":"#missing"},"south":{"uv":[0.0,0.0,0.35,0.7],"texture":"#3"},"west":{"uv":[0.0,0.0,0.7,0.7],"texture":"#3"},"up":{"uv":[0.0,0.0,0.35,0.7],"texture":"#3"},"down":{"uv":[0.0,0.0,0.35,0.7],"texture":"#3"}}}],"textures":{"particle":"blocks/mushroom_block_skin_red","0":"blocks/mushroom_block_skin_red","2":"blocks/concrete_yellow","3":"blocks/concrete_black","5":"blocks/water_still"}}