{"display":{"thirdperson_righthand":{"scale":[1.0E-4,1.0E-4,1.0E-4]},"thirdperson_lefthand":{"scale":[1.0E-4,1.0E-4,1.0E-4]},"firstperson_righthand":{"rotation":[28.0,0.0,0.0],"translation":[0.0,6.9565,0.0],"scale":[0.5,0.5,0.5]},"firstperson_lefthand":{"rotation":[28.0,0.0,0.0],"translation":[0.0,6.9565,0.0],"scale":[0.5,0.5,0.5]},"gui":{"rotation":[67.0,45.0,0.0],"translation":[-0.3,2.6,0.0]},"head":{"translation":[0.0,23.651,9.0E-4],"scale":[2.0,2.0,2.0]},"ground":{"translation":[0.0,5.0,0.0]},"fixed":{"rotation":[90.0,0.0,0.0],"translation":[0.0,0.0,5.5652]}},"elements":[{"from":[0.0,0.8205,6.9744],"to":[9.025641,1.230756,8.615426],"faces":{"down":{"uv":[0.0,15.0,5.5,16.0],"texture":"#voxels_atlas"},"up":{"uv":[0.0,15.0,5.5,14.0],"texture":"#voxels_atlas"},"north":{"uv":[5.5,9.5,0.0,9.75],"texture":"#voxels_atlas"},"south":{"uv":[0.0,9.25,5.5,9.5],"texture":"#voxels_atlas"},"west":{"uv":[7.0,13.5,8.0,13.75],"texture":"#voxels_atlas"},"east":{"uv":[3.0,9.75,2.0,10.0],"texture":"#voxels_atlas"}}},{"from":[0.4103,0.8205,8.615399],"to":[3.282095,1.230756,9.025656],"faces":{"down":{"uv":[5.5,14.0,7.25,14.25],"texture":"#voxels_atlas"},"up":{"uv":[6.25,13.25,8.0,13.0],"texture":"#voxels_atlas"},"north":{"uv":[8.0,12.75,6.25,13.0],"texture":"#voxels_atlas"},"south":{"uv":[5.5,9.0,7.25,9.25],"texture":"#voxels_atlas"},"west":{"uv":[7.75,14.75,8.0,15.0],"texture":"#voxels_atlas"},"east":{"uv":[8.0,15.25,7.75,15.5],"texture":"#voxels_atlas"}}},{"from":[6.9744,0.8205,0.4103],"to":[9.025682,1.230756,3.282095],"faces":{"down":{"uv":[4.0,10.75,5.25,12.5],"texture":"#voxels_atlas"},"up":{"uv":[5.25,12.5,6.5,10.75],"texture":"#voxels_atlas"},"north":{"uv":[5.25,10.5,4.0,10.75],"texture":"#voxels_atlas"},"south":{"uv":[4.0,10.25,5.25,10.5],"texture":"#voxels_atlas"},"west":{"uv":[5.5,9.5,7.25,9.75],"texture":"#voxels_atlas"},"east":{"uv":[7.25,9.25,5.5,9.5],"texture":"#voxels_atlas"}}},{"from":[6.9744,0.8205,8.615399],"to":[16.00004,1.230756,9.025656],"faces":{"down":{"uv":[0.0,8.5,5.5,8.75],"texture":"#voxels_atlas"},"up":{"uv":[0.0,8.5,5.5,8.25],"texture":"#voxels_atlas"},"north":{"uv":[5.5,9.0,0.0,9.25],"texture":"#voxels_atlas"},"south":{"uv":[0.0,8.75,5.5,9.0],"texture":"#voxels_atlas"},"west":{"uv":[6.0,10.0,6.25,10.25],"texture":"#voxels_atlas"},"east":{"uv":[6.5,10.0,6.25,10.25],"texture":"#voxels_atlas"}}},{"from":[6.9744,0.8205,9.025599],"to":[8.615426,1.230756,15.99996],"faces":{"down":{"uv":[0.0,9.75,1.0,14.0],"texture":"#voxels_atlas"},"up":{"uv":[1.0,14.0,2.0,9.75],"texture":"#voxels_atlas"},"north":{"uv":[5.0,10.0,4.0,10.25],"texture":"#voxels_atlas"},"south":{"uv":[7.0,15.0,8.0,15.25],"texture":"#voxels_atlas"},"west":{"uv":[0.0,7.75,4.25,8.0],"texture":"#voxels_atlas"},"east":{"uv":[4.25,7.5,0.0,7.75],"texture":"#voxels_atlas"}}},{"from":[7.3846,0.4103,7.3846],"to":[8.615369,0.8205564,8.615369],"faces":{"down":{"uv":[7.0,15.25,7.75,16.0],"texture":"#voxels_atlas"},"up":{"uv":[6.25,14.0,7.0,13.25],"texture":"#voxels_atlas"},"north":{"uv":[7.75,12.25,7.0,12.5],"texture":"#voxels_atlas"},"south":{"uv":[5.25,10.5,6.0,10.75],"texture":"#voxels_atlas"},"west":{"uv":[7.25,14.0,8.0,14.25],"texture":"#voxels_atlas"},"east":{"uv":[8.0,14.25,7.25,14.5],"texture":"#voxels_atlas"}}},{"from":[7.3846,0.8205,0.0],"to":[9.025625,1.230756,0.4102564],"faces":{"down":{"uv":[2.0,10.0,3.0,10.25],"texture":"#voxels_atlas"},"up":{"uv":[7.0,14.0,8.0,13.75],"texture":"#voxels_atlas"},"north":{"uv":[4.0,9.75,3.0,10.0],"texture":"#voxels_atlas"},"south":{"uv":[3.0,10.0,4.0,10.25],"texture":"#voxels_atlas"},"west":{"uv":[6.0,10.25,6.25,10.5],"texture":"#voxels_atlas"},"east":{"uv":[6.25,9.75,6.0,10.0],"texture":"#voxels_atlas"}}},{"from":[7.3846,0.8205,3.2821],"to":[9.025625,1.230756,6.974408],"faces":{"down":{"uv":[2.0,10.25,3.0,12.5],"texture":"#voxels_atlas"},"up":{"uv":[3.0,12.5,4.0,10.25],"texture":"#voxels_atlas"},"north":{"uv":[5.0,9.75,4.0,10.0],"texture":"#voxels_atlas"},"south":{"uv":[7.0,13.25,8.0,13.5],"texture":"#voxels_atlas"},"west":{"uv":[5.5,14.75,7.75,15.0],"texture":"#voxels_atlas"},"east":{"uv":[7.75,14.5,5.5,14.75],"texture":"#voxels_atlas"}}},{"from":[7.3846,1.2308,7.3846],"to":[8.615369,1.641056,8.615369],"faces":{"down":{"uv":[6.25,15.25,7.0,16.0],"texture":"#voxels_atlas"},"up":{"uv":[5.5,16.0,6.25,15.25],"texture":"#voxels_atlas"},"north":{"uv":[7.75,12.0,7.0,12.25],"texture":"#voxels_atlas"},"south":{"uv":[6.25,15.0,7.0,15.25],"texture":"#voxels_atlas"},"west":{"uv":[5.25,9.75,6.0,10.0],"texture":"#voxels_atlas"},"east":{"uv":[6.0,10.0,5.25,10.25],"texture":"#voxels_atlas"}}},{"from":[7.7949,0.0,7.7949],"to":[8.205156,0.4102564,8.205156],"faces":{"down":{"uv":[7.75,14.5,8.0,14.75],"texture":"#voxels_atlas"},"up":{"uv":[5.0,10.25,5.25,10.0],"texture":"#voxels_atlas"},"north":{"uv":[6.25,10.5,6.0,10.75],"texture":"#voxels_atlas"},"south":{"uv":[6.25,10.5,6.5,10.75],"texture":"#voxels_atlas"},"west":{"uv":[6.25,10.25,6.5,10.5],"texture":"#voxels_atlas"},"east":{"uv":[5.25,9.75,5.0,10.0],"texture":"#voxels_atlas"}}},{"from":[8.615399,0.8205,12.7179],"to":[9.025656,1.230756,15.58969],"faces":{"down":{"uv":[6.5,10.75,6.75,12.5],"texture":"#voxels_atlas"},"up":{"uv":[6.75,12.5,7.0,10.75],"texture":"#voxels_atlas"},"north":{"uv":[8.0,15.75,7.75,16.0],"texture":"#voxels_atlas"},"south":{"uv":[7.75,15.5,8.0,15.75],"texture":"#voxels_atlas"},"west":{"uv":[6.25,12.5,8.0,12.75],"texture":"#voxels_atlas"},"east":{"uv":[7.25,8.75,5.5,9.0],"texture":"#voxels_atlas"}}},{"from":[9.025599,0.8205,7.3846],"to":[15.99996,1.230756,8.615369],"faces":{"down":{"uv":[2.0,12.5,6.25,13.25],"texture":"#voxels_atlas"},"up":{"uv":[2.0,14.0,6.25,13.25],"texture":"#voxels_atlas"},"north":{"uv":[4.25,7.25,0.0,7.5],"texture":"#voxels_atlas"},"south":{"uv":[0.0,8.0,4.25,8.25],"texture":"#voxels_atlas"},"west":{"uv":[5.25,10.25,6.0,10.5],"texture":"#voxels_atlas"},"east":{"uv":[6.25,15.0,5.5,15.25],"texture":"#voxels_atlas"}}},{"from":[12.7179,0.8205,6.9744],"to":[15.58969,1.230756,7.384656],"faces":{"down":{"uv":[5.5,8.5,7.25,8.75],"texture":"#voxels_atlas"},"up":{"uv":[5.5,8.5,7.25,8.25],"texture":"#voxels_atlas"},"north":{"uv":[6.0,8.0,4.25,8.25],"texture":"#voxels_atlas"},"south":{"uv":[5.5,14.25,7.25,14.5],"texture":"#voxels_atlas"},"west":{"uv":[6.25,9.75,6.5,10.0],"texture":"#voxels_atlas"},"east":{"uv":[6.75,10.5,6.5,10.75],"texture":"#voxels_atlas"}}}],"textures":{"particle":"items/particle","texture":"items/texture","voxels_atlas":"custom/cars/wieken_klein"}}