{
	"credit": "Made with Blockbench",
	"texture_size": [64, 64],
	"textures": {
		"0": "item/vanocnybatoh",
		"particle": "item/vanocnybatoh"
	},
	"elements": [
		{
			"from": [3, 0, 1],
			"to": [13, 2, 9],
			"rotation": {"angle": 0, "axis": "y", "origin": [7, 0, 5]},
			"faces": {
				"north": {"uv": [7, 3.75, 9.5, 4.25], "texture": "#0"},
				"east": {"uv": [6.5, 7.5, 8.5, 8], "texture": "#0"},
				"south": {"uv": [7, 4.25, 9.5, 4.75], "texture": "#0"},
				"west": {"uv": [0, 7.75, 2, 8.25], "texture": "#0"},
				"up": {"uv": [2.5, 2, 0, 0], "texture": "#0"},
				"down": {"uv": [2.5, 2, 0, 4], "texture": "#0"}
			}
		},
		{
			"from": [3, 6, 4],
			"to": [13, 9, 10],
			"rotation": {"angle": 0, "axis": "y", "origin": [7, 5, 11]},
			"faces": {
				"north": {"uv": [6, 6, 8.5, 6.75], "texture": "#0"},
				"east": {"uv": [2.5, 6.25, 4, 7], "texture": "#0"},
				"south": {"uv": [0, 6.25, 2.5, 7], "texture": "#0"},
				"west": {"uv": [7.5, 0, 9, 0.75], "texture": "#0"},
				"up": {"uv": [5, 1.5, 2.5, 0], "texture": "#0"},
				"down": {"uv": [5, 1.5, 2.5, 3], "texture": "#0"}
			}
		},
		{
			"from": [3, 9, 5],
			"to": [13, 12, 10],
			"rotation": {"angle": 0, "axis": "y", "origin": [7, 9, 12]},
			"faces": {
				"north": {"uv": [2.5, 7, 5, 7.75], "texture": "#0"},
				"east": {"uv": [8, 1.75, 9.25, 2.5], "texture": "#0"},
				"south": {"uv": [7, 3, 9.5, 3.75], "texture": "#0"},
				"west": {"uv": [6.5, 8, 7.75, 8.75], "texture": "#0"},
				"up": {"uv": [5, 4.25, 2.5, 3], "texture": "#0"},
				"down": {"uv": [2.5, 4, 0, 5.25], "texture": "#0"}
			}
		},
		{
			"from": [4, 12, 6],
			"to": [12, 14, 10],
			"rotation": {"angle": 0, "axis": "y", "origin": [7, 13, 12]},
			"faces": {
				"north": {"uv": [8, 0.75, 10, 1.25], "texture": "#0"},
				"east": {"uv": [4, 5.25, 5, 5.75], "texture": "#0"},
				"south": {"uv": [8, 1.25, 10, 1.75], "texture": "#0"},
				"west": {"uv": [8.75, 8.25, 9.75, 8.75], "texture": "#0"},
				"up": {"uv": [4, 6.25, 2, 5.25], "texture": "#0"},
				"down": {"uv": [6, 6, 4, 7], "texture": "#0"}
			}
		},
		{
			"from": [3, 5, 1],
			"to": [13, 7, 4],
			"rotation": {"angle": 0, "axis": "y", "origin": [7, 5, 5]},
			"faces": {
				"north": {"uv": [7, 4.75, 9.5, 5.25], "texture": "#0"},
				"east": {"uv": [8.75, 8.75, 9.5, 9.25], "texture": "#0"},
				"south": {"uv": [7, 5.25, 9.5, 5.75], "texture": "#0"},
				"west": {"uv": [9, 0, 9.75, 0.5], "texture": "#0"},
				"up": {"uv": [8.5, 7.5, 6, 6.75], "texture": "#0"},
				"down": {"uv": [2.5, 7, 0, 7.75], "texture": "#0"}
			}
		},
		{
			"from": [3, 2, 9],
			"to": [13, 6, 10],
			"rotation": {"angle": 0, "axis": "x", "origin": [7, 6, 12]},
			"faces": {
				"north": {"uv": [2.5, 4.25, 5, 5.25], "texture": "#0"},
				"east": {"uv": [7.5, 8.75, 7.75, 9.75], "texture": "#0"},
				"south": {"uv": [5, 0, 7.5, 1], "texture": "#0"},
				"west": {"uv": [4, 9, 4.25, 10], "texture": "#0"},
				"up": {"uv": [9.5, 6, 7, 5.75], "texture": "#0"},
				"down": {"uv": [10.5, 2.5, 8, 2.75], "texture": "#0"}
			}
		},
		{
			"from": [3, 2, 0],
			"to": [13, 6, 1],
			"rotation": {"angle": 0, "axis": "x", "origin": [7, 6, 2]},
			"faces": {
				"north": {"uv": [5, 1, 7.5, 2], "texture": "#0"},
				"east": {"uv": [4.25, 9, 4.5, 10], "texture": "#0"},
				"south": {"uv": [5, 2, 7.5, 3], "texture": "#0"},
				"west": {"uv": [4.5, 9, 4.75, 10], "texture": "#0"},
				"up": {"uv": [10.5, 3, 8, 2.75], "texture": "#0"},
				"down": {"uv": [10.25, 8, 7.75, 8.25], "texture": "#0"}
			}
		},
		{
			"from": [12, 2, 1],
			"to": [14, 6, 9],
			"rotation": {"angle": 0, "axis": "y", "origin": [12, 6, 5]},
			"faces": {
				"north": {"uv": [8.5, 6, 9, 7], "texture": "#0"},
				"east": {"uv": [5, 3, 7, 4], "texture": "#0"},
				"south": {"uv": [8.5, 7, 9, 8], "texture": "#0"},
				"west": {"uv": [5, 4, 7, 5], "texture": "#0"},
				"up": {"uv": [2.5, 9.75, 2, 7.75], "texture": "#0"},
				"down": {"uv": [3, 7.75, 2.5, 9.75], "texture": "#0"}
			}
		},
		{
			"from": [2, 2, 1],
			"to": [4, 6, 9],
			"rotation": {"angle": 0, "axis": "y", "origin": [2, 6, 5]},
			"faces": {
				"north": {"uv": [6.5, 8.75, 7, 9.75], "texture": "#0"},
				"east": {"uv": [5, 5, 7, 6], "texture": "#0"},
				"south": {"uv": [7, 8.75, 7.5, 9.75], "texture": "#0"},
				"west": {"uv": [0, 5.25, 2, 6.25], "texture": "#0"},
				"up": {"uv": [3.5, 9.75, 3, 7.75], "texture": "#0"},
				"down": {"uv": [4, 7.75, 3.5, 9.75], "texture": "#0"}
			}
		},
		{
			"from": [4, 12, 10],
			"to": [6, 12, 15],
			"rotation": {"angle": 0, "axis": "y", "origin": [4, 10, 10]},
			"faces": {
				"north": {"uv": [0, 0, 0.5, 0], "texture": "#0"},
				"east": {"uv": [0, 0, 1.25, 0], "texture": "#0"},
				"south": {"uv": [0, 0, 0.5, 0], "texture": "#0"},
				"west": {"uv": [0, 0, 1.25, 0], "texture": "#0"},
				"up": {"uv": [4.5, 9, 4, 7.75], "texture": "#0"},
				"down": {"uv": [5, 7.75, 4.5, 9], "texture": "#0"}
			}
		},
		{
			"from": [4, 3, 10],
			"to": [6, 3, 15],
			"rotation": {"angle": 0, "axis": "y", "origin": [4, 1, 10]},
			"faces": {
				"north": {"uv": [0, 0, 0.5, 0], "texture": "#0"},
				"east": {"uv": [0, 0, 1.25, 0], "texture": "#0"},
				"south": {"uv": [0, 0, 0.5, 0], "texture": "#0"},
				"west": {"uv": [0, 0, 1.25, 0], "texture": "#0"},
				"up": {"uv": [0.5, 9.5, 0, 8.25], "texture": "#0"},
				"down": {"uv": [1, 8.25, 0.5, 9.5], "texture": "#0"}
			}
		},
		{
			"from": [4, 3, 15],
			"to": [6, 12, 15],
			"rotation": {"angle": 0, "axis": "x", "origin": [4, 12, 13]},
			"faces": {
				"north": {"uv": [5, 7, 5.5, 9.25], "texture": "#0"},
				"east": {"uv": [0, 0, 0, 2.25], "texture": "#0"},
				"south": {"uv": [5.5, 7, 6, 9.25], "texture": "#0"},
				"west": {"uv": [0, 0, 0, 2.25], "texture": "#0"},
				"up": {"uv": [0.5, 0, 0, 0], "texture": "#0"},
				"down": {"uv": [0.5, 0, 0, 0], "texture": "#0"}
			}
		},
		{
			"from": [10, 12, 10],
			"to": [12, 12, 15],
			"rotation": {"angle": 0, "axis": "y", "origin": [10, 10, 10]},
			"faces": {
				"north": {"uv": [0, 0, 0.5, 0], "texture": "#0"},
				"east": {"uv": [0, 0, 1.25, 0], "texture": "#0"},
				"south": {"uv": [0, 0, 0.5, 0], "texture": "#0"},
				"west": {"uv": [0, 0, 1.25, 0], "texture": "#0"},
				"up": {"uv": [8.25, 9.5, 7.75, 8.25], "texture": "#0"},
				"down": {"uv": [8.75, 8.25, 8.25, 9.5], "texture": "#0"}
			}
		},
		{
			"from": [10, 3, 10],
			"to": [12, 3, 15],
			"rotation": {"angle": 0, "axis": "y", "origin": [10, 1, 10]},
			"faces": {
				"north": {"uv": [0, 0, 0.5, 0], "texture": "#0"},
				"east": {"uv": [0, 0, 1.25, 0], "texture": "#0"},
				"south": {"uv": [0, 0, 0.5, 0], "texture": "#0"},
				"west": {"uv": [0, 0, 1.25, 0], "texture": "#0"},
				"up": {"uv": [1.5, 9.5, 1, 8.25], "texture": "#0"},
				"down": {"uv": [2, 8.25, 1.5, 9.5], "texture": "#0"}
			}
		},
		{
			"from": [10, 3, 15],
			"to": [12, 12, 15],
			"rotation": {"angle": 0, "axis": "x", "origin": [10, 12, 13]},
			"faces": {
				"north": {"uv": [7.5, 0.75, 8, 3], "texture": "#0"},
				"east": {"uv": [0, 0, 0, 2.25], "texture": "#0"},
				"south": {"uv": [6, 7.5, 6.5, 9.75], "texture": "#0"},
				"west": {"uv": [0, 0, 0, 2.25], "texture": "#0"},
				"up": {"uv": [0.5, 0, 0, 0], "texture": "#0"},
				"down": {"uv": [0.5, 0, 0, 0], "texture": "#0"}
			}
		}
	],
	"display": {
		"head": {
			"rotation": [0, 180, 0],
			"translation": [0, -13.25, 7],
			"scale": [1.65, 1.65, 1.65]
		}
	}
}