{
	"credit": "Made by PolygonMC",
	"textures": {
		"1": "merry_christmasset/sword",
		"2": "merry_christmasset/detail"
	},
	"elements": [
		{
			"from": [7.5, 2.25, 7.5],
			"to": [8.5, 6.25, 8.5],
			"rotation": {"angle": 0, "axis": "y", "origin": [7.5, 1.25, 7.5]},
			"faces": {
				"north": {"uv": [6.5, 7.5, 6, 9.5], "texture": "#1"},
				"east": {"uv": [6, 7.5, 6.5, 9.5], "texture": "#1"},
				"south": {"uv": [6.5, 7.5, 6, 9.5], "texture": "#1"},
				"west": {"uv": [6, 7.5, 6.5, 9.5], "texture": "#1"}
			}
		},
		{
			"from": [7.25, 0.35, 7.25],
			"to": [8.75, 1.85, 8.75],
			"rotation": {"angle": -45, "axis": "x", "origin": [8, 1.1, 8]},
			"faces": {
				"north": {"uv": [8.5, 0, 9.25, 0.75], "texture": "#1"},
				"east": {"uv": [8.5, 5.5, 9.25, 6.25], "texture": "#1"},
				"south": {"uv": [6.5, 8.5, 7.25, 9.25], "texture": "#1"},
				"west": {"uv": [8.5, 6.5, 9.25, 7.25], "texture": "#1"},
				"up": {"uv": [8.25, 9.25, 7.5, 8.5], "texture": "#1"},
				"down": {"uv": [9.25, 7.5, 8.5, 8.25], "texture": "#1"}
			}
		},
		{
			"from": [7.3, 1.75, 7.3],
			"to": [8.7, 2.25, 8.7],
			"rotation": {"angle": 0, "axis": "y", "origin": [7.5, 1.75, 7.5]},
			"faces": {
				"north": {"uv": [9.5, 5, 10.25, 5.25], "texture": "#1"},
				"east": {"uv": [5.5, 9.5, 6.25, 9.75], "texture": "#1"},
				"south": {"uv": [9.5, 5.5, 10.25, 5.75], "texture": "#1"},
				"west": {"uv": [9.5, 6, 10.25, 6.25], "texture": "#1"},
				"up": {"uv": [9.25, 9.25, 8.5, 8.5], "texture": "#1"},
				"down": {"uv": [0.75, 9, 0, 9.75], "texture": "#1"}
			}
		},
		{
			"from": [7.3, 6.25, 7.3],
			"to": [8.7, 6.75, 8.7],
			"rotation": {"angle": 0, "axis": "y", "origin": [7.5, 2.75, 7.5]},
			"faces": {
				"north": {"uv": [6.5, 9.5, 7.25, 9.75], "texture": "#1"},
				"east": {"uv": [9.5, 6.5, 10.25, 6.75], "texture": "#1"},
				"south": {"uv": [9.5, 7, 10.25, 7.25], "texture": "#1"},
				"west": {"uv": [7.5, 9.5, 8.25, 9.75], "texture": "#1"},
				"down": {"uv": [1.75, 9, 1, 9.75], "texture": "#1"}
			}
		},
		{
			"from": [6.5, 6.75, 6.5],
			"to": [9.5, 9.25, 9.5],
			"rotation": {"angle": 0, "axis": "y", "origin": [6.5, -1.75, 6.5]},
			"faces": {
				"north": {"uv": [5.5, 6, 7, 7.25], "texture": "#1"},
				"east": {"uv": [7, 5.5, 8.5, 6.75], "texture": "#1"},
				"south": {"uv": [7, 7, 8.5, 8.25], "texture": "#1"},
				"west": {"uv": [7.5, 1.5, 9, 2.75], "texture": "#1"},
				"down": {"uv": [5.5, 6, 4, 7.5], "texture": "#1"}
			}
		},
		{
			"from": [6.25, 9.25, 6.25],
			"to": [9.75, 10.25, 9.75],
			"rotation": {"angle": 0, "axis": "y", "origin": [6.5, -1.75, 6.5]},
			"faces": {
				"north": {"uv": [7.5, 5, 9.25, 5.5], "texture": "#1"},
				"east": {"uv": [8, 3, 9.75, 3.5], "texture": "#1"},
				"south": {"uv": [8, 3.5, 9.75, 4], "texture": "#1"},
				"west": {"uv": [8, 4, 9.75, 4.5], "texture": "#1"},
				"up": {"uv": [5.75, 3.75, 4, 2], "texture": "#1"},
				"down": {"uv": [5.75, 4, 4, 5.75], "texture": "#1"}
			}
		},
		{
			"from": [7.75, 10.25, 7.25],
			"to": [8.25, 24, 8.75],
			"rotation": {"angle": 0, "axis": "y", "origin": [7.75, 12, 6.75]},
			"faces": {
				"north": {"uv": [1, 0, 1.25, 7], "texture": "#1"},
				"east": {"uv": [2, 2, 2.75, 9], "texture": "#1"},
				"south": {"uv": [1.5, 0, 1.75, 7], "texture": "#1"},
				"west": {"uv": [3, 2, 3.75, 9], "texture": "#1"}
			}
		},
		{
			"from": [7.985, 10.25, 5.5],
			"to": [8.015, 27.5, 10.5],
			"rotation": {"angle": 0, "axis": "y", "origin": [7.485, 12, 6.5]},
			"faces": {
				"east": {"uv": [12.75, 0, 10.5, 8.75], "texture": "#1"},
				"west": {"uv": [10.5, 0, 12.75, 8.75], "texture": "#1"}
			}
		},
		{
			"from": [7.7475, 23.24976, 8],
			"to": [8.2525, 24.31076, 9.061],
			"rotation": {"angle": -45, "axis": "x", "origin": [7.7475, 23.24976, 8]},
			"faces": {
				"north": {"uv": [9.5, 9.5, 9.75, 10], "texture": "#1"},
				"east": {"uv": [6, 5.5, 6.5, 6], "texture": "#1"},
				"south": {"uv": [0, 10, 0.25, 10.5], "texture": "#1"},
				"west": {"uv": [6.5, 5.5, 7, 6], "texture": "#1"},
				"up": {"uv": [10.25, 0.5, 10, 0], "texture": "#1"},
				"down": {"uv": [0.75, 10, 0.5, 10.5], "texture": "#1"}
			}
		},
		{
			"from": [7.985, 7.25, 2.25],
			"to": [8.015, 9.75, 6.75],
			"rotation": {"angle": 22.5, "axis": "x", "origin": [7.985, 7.25, 3.75]},
			"faces": {
				"east": {"uv": [8.25, 0, 6, 1.25], "texture": "#1"},
				"west": {"uv": [6, 0, 8.25, 1.25], "texture": "#1"}
			}
		},
		{
			"from": [7.985, 7.25, 9.25],
			"to": [8.015, 9.75, 13.75],
			"rotation": {"angle": -22.5, "axis": "x", "origin": [7.985, 7.25, 12.25]},
			"faces": {
				"east": {"uv": [6, 0, 8.25, 1.25], "texture": "#1"},
				"west": {"uv": [8.25, 0, 6, 1.25], "texture": "#1"}
			}
		},
		{
			"from": [6.65, 11.15, 6.875],
			"to": [7.65, 12.15, 7.875],
			"rotation": {"angle": 0, "axis": "y", "origin": [6.65, 11.15, 6.875]},
			"faces": {
				"north": {"uv": [6.5, 7.5, 7, 8], "texture": "#1"},
				"east": {"uv": [8, 4.5, 8.5, 5], "texture": "#1"},
				"south": {"uv": [6.5, 8, 7, 8.5], "texture": "#1"},
				"west": {"uv": [8.5, 1, 9, 1.5], "texture": "#1"},
				"up": {"uv": [9, 5, 8.5, 4.5], "texture": "#1"},
				"down": {"uv": [9.5, 2, 9, 2.5], "texture": "#1"}
			}
		},
		{
			"from": [7.4, 12.75, 6.75],
			"to": [7.43, 16.75, 9.25],
			"rotation": {"angle": 0, "axis": "y", "origin": [7.4, 12.75, 7.5]},
			"faces": {
				"east": {"uv": [7.25, 3.5, 6, 5.5], "texture": "#1"},
				"west": {"uv": [6, 3.5, 7.25, 5.5], "texture": "#1"}
			}
		},
		{
			"from": [7.25, 12.5, 6.83579],
			"to": [7.75, 14, 8.33579],
			"rotation": {"angle": 45, "axis": "x", "origin": [7.25, 12.25, 6.58579]},
			"faces": {
				"north": {"uv": [9.5, 7.5, 9.75, 8.25], "texture": "#1"},
				"east": {"uv": [9, 1, 9.75, 1.75], "texture": "#1"},
				"south": {"uv": [8.5, 9.5, 8.75, 10.25], "texture": "#1"},
				"west": {"uv": [2, 9, 2.75, 9.75], "texture": "#1"},
				"up": {"uv": [9.75, 9.25, 9.5, 8.5], "texture": "#1"},
				"down": {"uv": [9.25, 9.5, 9, 10.25], "texture": "#1"}
			}
		},
		{
			"from": [7.675, 11.25, 4],
			"to": [7.705, 15.25, 12],
			"rotation": {"angle": 0, "axis": "y", "origin": [6.675, 10, 5]},
			"faces": {
				"east": {"uv": [6, 0, 2, 2], "texture": "#1"},
				"west": {"uv": [2, 0, 6, 2], "texture": "#1"}
			}
		},
		{
			"from": [6.65, 11.15, 8.125],
			"to": [7.65, 12.15, 9.125],
			"rotation": {"angle": 0, "axis": "y", "origin": [6.65, 11.15, 9.125]},
			"faces": {
				"north": {"uv": [9, 2.5, 9.5, 3], "texture": "#1"},
				"east": {"uv": [3, 9, 3.5, 9.5], "texture": "#1"},
				"south": {"uv": [3.5, 9, 4, 9.5], "texture": "#1"},
				"west": {"uv": [9, 4.5, 9.5, 5], "texture": "#1"},
				"up": {"uv": [10, 0.5, 9.5, 0], "texture": "#1"},
				"down": {"uv": [10, 0.5, 9.5, 1], "texture": "#1"}
			}
		},
		{
			"from": [6.65, 12.4, 7.5],
			"to": [7.65, 13.4, 8.5],
			"rotation": {"angle": 0, "axis": "y", "origin": [6.65, 12.4, 7.5]},
			"faces": {
				"north": {"uv": [9.5, 2, 10, 2.5], "texture": "#1"},
				"east": {"uv": [9.5, 2.5, 10, 3], "texture": "#1"},
				"south": {"uv": [3, 9.5, 3.5, 10], "texture": "#1"},
				"west": {"uv": [3.5, 9.5, 4, 10], "texture": "#1"},
				"up": {"uv": [10, 5, 9.5, 4.5], "texture": "#1"},
				"down": {"uv": [5.5, 9.5, 5, 10], "texture": "#1"}
			}
		},
		{
			"from": [7.4, 10.51256, 4.57322],
			"to": [7.43, 13.01256, 8.57322],
			"rotation": {"angle": -45, "axis": "x", "origin": [7.25, 11.01256, 7.82322]},
			"faces": {
				"east": {"uv": [7.25, 3.5, 6, 5.5], "rotation": 90, "texture": "#1"},
				"west": {"uv": [6, 3.5, 7.25, 5.5], "rotation": 270, "texture": "#1"}
			}
		},
		{
			"from": [7.4, 10.51256, 7.42678],
			"to": [7.43, 13.01256, 11.42678],
			"rotation": {"angle": 45, "axis": "x", "origin": [7.25, 11.01256, 8.17678]},
			"faces": {
				"east": {"uv": [7.25, 5.5, 6, 3.5], "rotation": 90, "texture": "#1"},
				"west": {"uv": [6, 5.5, 7.25, 3.5], "rotation": 270, "texture": "#1"}
			}
		},
		{
			"from": [8.35, 11.15, 6.875],
			"to": [9.35, 12.15, 7.875],
			"rotation": {"angle": 0, "axis": "y", "origin": [9.35, 11.15, 6.875]},
			"faces": {
				"north": {"uv": [7, 7.5, 6.5, 8], "texture": "#1"},
				"east": {"uv": [9, 1, 8.5, 1.5], "texture": "#1"},
				"south": {"uv": [7, 8, 6.5, 8.5], "texture": "#1"},
				"west": {"uv": [8.5, 4.5, 8, 5], "texture": "#1"},
				"up": {"uv": [8.5, 5, 9, 4.5], "texture": "#1"},
				"down": {"uv": [9, 2, 9.5, 2.5], "texture": "#1"}
			}
		},
		{
			"from": [8.57, 12.75, 6.75],
			"to": [8.6, 16.75, 9.25],
			"rotation": {"angle": 0, "axis": "y", "origin": [8.6, 12.75, 7.5]},
			"faces": {
				"east": {"uv": [7.25, 3.5, 6, 5.5], "texture": "#1"},
				"west": {"uv": [6, 3.5, 7.25, 5.5], "texture": "#1"}
			}
		},
		{
			"from": [8.25, 12.5, 6.83579],
			"to": [8.75, 14, 8.33579],
			"rotation": {"angle": 45, "axis": "x", "origin": [8.75, 12.25, 6.58579]},
			"faces": {
				"north": {"uv": [9.75, 7.5, 9.5, 8.25], "texture": "#1"},
				"east": {"uv": [2.75, 9, 2, 9.75], "texture": "#1"},
				"south": {"uv": [8.75, 9.5, 8.5, 10.25], "texture": "#1"},
				"west": {"uv": [9.75, 1, 9, 1.75], "texture": "#1"},
				"up": {"uv": [9.5, 9.25, 9.75, 8.5], "texture": "#1"},
				"down": {"uv": [9, 9.5, 9.25, 10.25], "texture": "#1"}
			}
		},
		{
			"from": [8.295, 11.25, 4],
			"to": [8.325, 15.25, 12],
			"rotation": {"angle": 0, "axis": "y", "origin": [9.325, 10, 5]},
			"faces": {
				"east": {"uv": [6, 0, 2, 2], "texture": "#1"},
				"west": {"uv": [2, 0, 6, 2], "texture": "#1"}
			}
		},
		{
			"from": [8.35, 11.15, 8.125],
			"to": [9.35, 12.15, 9.125],
			"rotation": {"angle": 0, "axis": "y", "origin": [9.35, 11.15, 9.125]},
			"faces": {
				"north": {"uv": [9.5, 2.5, 9, 3], "texture": "#1"},
				"east": {"uv": [9.5, 4.5, 9, 5], "texture": "#1"},
				"south": {"uv": [4, 9, 3.5, 9.5], "texture": "#1"},
				"west": {"uv": [3.5, 9, 3, 9.5], "texture": "#1"},
				"up": {"uv": [9.5, 0.5, 10, 0], "texture": "#1"},
				"down": {"uv": [9.5, 0.5, 10, 1], "texture": "#1"}
			}
		},
		{
			"from": [8.35, 12.4, 7.5],
			"to": [9.35, 13.4, 8.5],
			"rotation": {"angle": 0, "axis": "y", "origin": [9.35, 12.4, 7.5]},
			"faces": {
				"north": {"uv": [10, 2, 9.5, 2.5], "texture": "#1"},
				"east": {"uv": [4, 9.5, 3.5, 10], "texture": "#1"},
				"south": {"uv": [3.5, 9.5, 3, 10], "texture": "#1"},
				"west": {"uv": [10, 2.5, 9.5, 3], "texture": "#1"},
				"up": {"uv": [9.5, 5, 10, 4.5], "texture": "#1"},
				"down": {"uv": [5, 9.5, 5.5, 10], "texture": "#1"}
			}
		},
		{
			"from": [8.57, 10.51256, 4.57322],
			"to": [8.6, 13.01256, 8.57322],
			"rotation": {"angle": -45, "axis": "x", "origin": [8.75, 11.01256, 7.82322]},
			"faces": {
				"east": {"uv": [6, 5.5, 7.25, 3.5], "rotation": 270, "texture": "#1"},
				"west": {"uv": [7.25, 5.5, 6, 3.5], "rotation": 90, "texture": "#1"}
			}
		},
		{
			"from": [8.57, 10.51256, 7.42678],
			"to": [8.6, 13.01256, 11.42678],
			"rotation": {"angle": 45, "axis": "x", "origin": [8.75, 11.01256, 8.17678]},
			"faces": {
				"east": {"uv": [6, 3.5, 7.25, 5.5], "rotation": 270, "texture": "#1"},
				"west": {"uv": [7.25, 3.5, 6, 5.5], "rotation": 90, "texture": "#1"}
			}
		},
		{
			"from": [7.3625, 6.26304, 5.8912],
			"to": [8.6375, 7.53804, 7.1662],
			"rotation": {"angle": 22.5, "axis": "x", "origin": [8, 5.94429, 6.5287]},
			"faces": {
				"north": {"uv": [5, 4, 6.5, 5.5], "texture": "#2"},
				"east": {"uv": [6, 0, 7.5, 1.5], "texture": "#2"},
				"south": {"uv": [6, 2, 7.5, 3.5], "texture": "#2"},
				"west": {"uv": [5, 6, 6.5, 7.5], "texture": "#2"},
				"up": {"uv": [1.5, 8.5, 0, 7], "texture": "#2"}
			}
		},
		{
			"from": [7.15, 5.41304, 5.6787],
			"to": [8.85, 6.26304, 7.3787],
			"rotation": {"angle": 22.5, "axis": "x", "origin": [8, 5.94429, 6.5287]},
			"faces": {
				"north": {"uv": [4, 8, 5.5, 9], "texture": "#2"},
				"east": {"uv": [6, 8, 7.5, 9], "texture": "#2"},
				"south": {"uv": [8, 8, 9.5, 9], "texture": "#2"},
				"west": {"uv": [0, 9, 1.5, 10], "texture": "#2"},
				"up": {"uv": [8.5, 5.5, 7, 4], "texture": "#2"},
				"down": {"uv": [8.5, 6, 7, 7.5], "texture": "#2"}
			}
		},
		{
			"from": [7.3625, 6.26304, 8.8338],
			"to": [8.6375, 7.53804, 10.1088],
			"rotation": {"angle": -22.5, "axis": "x", "origin": [8, 5.94429, 9.4713]},
			"faces": {
				"north": {"uv": [7.5, 2, 6, 3.5], "texture": "#2"},
				"east": {"uv": [7.5, 0, 6, 1.5], "texture": "#2"},
				"south": {"uv": [6.5, 4, 5, 5.5], "texture": "#2"},
				"west": {"uv": [6.5, 6, 5, 7.5], "texture": "#2"},
				"up": {"uv": [1.5, 7, 0, 8.5], "texture": "#2"}
			}
		},
		{
			"from": [7.15, 5.41304, 8.6213],
			"to": [8.85, 6.26304, 10.3213],
			"rotation": {"angle": -22.5, "axis": "x", "origin": [8, 5.94429, 9.4713]},
			"faces": {
				"north": {"uv": [9.5, 8, 8, 9], "texture": "#2"},
				"east": {"uv": [7.5, 8, 6, 9], "texture": "#2"},
				"south": {"uv": [5.5, 8, 4, 9], "texture": "#2"},
				"west": {"uv": [1.5, 9, 0, 10], "texture": "#2"},
				"up": {"uv": [8.5, 4, 7, 5.5], "texture": "#2"},
				"down": {"uv": [8.5, 7.5, 7, 6], "texture": "#2"}
			}
		},
		{
			"from": [7.5, 18, 6.25],
			"to": [7.53, 21.5, 9.75],
			"rotation": {"angle": 0, "axis": "y", "origin": [7.5, 18, 6.25]},
			"faces": {
				"east": {"uv": [3.5, 0, 0, 3.5], "texture": "#2"},
				"west": {"uv": [0, 0, 3.5, 3.5], "texture": "#2"}
			}
		},
		{
			"from": [7.5, 23, 6.75],
			"to": [7.53, 25.5, 9.25],
			"rotation": {"angle": 0, "axis": "y", "origin": [7.5, 23, 6.75]},
			"faces": {
				"east": {"uv": [2.5, 4, 0, 6.5], "texture": "#2"},
				"west": {"uv": [0, 4, 2.5, 6.5], "texture": "#2"}
			}
		},
		{
			"from": [8.47, 23, 6.75],
			"to": [8.5, 25.5, 9.25],
			"rotation": {"angle": 0, "axis": "y", "origin": [8.5, 23, 6.75]},
			"faces": {
				"east": {"uv": [2.5, 4, 0, 6.5], "texture": "#2"},
				"west": {"uv": [0, 4, 2.5, 6.5], "texture": "#2"}
			}
		},
		{
			"from": [8.47, 18, 6.25],
			"to": [8.5, 21.5, 9.75],
			"rotation": {"angle": 0, "axis": "y", "origin": [8.5, 18, 6.25]},
			"faces": {
				"east": {"uv": [3.5, 0, 0, 3.5], "texture": "#2"},
				"west": {"uv": [0, 0, 3.5, 3.5], "texture": "#2"}
			}
		},
		{
			"from": [7.525, 8.31688, 4.47225],
			"to": [8.475, 12.11688, 5.42225],
			"rotation": {"angle": -45, "axis": "x", "origin": [8, 10.92938, 4.23475]},
			"faces": {
				"north": {"uv": [4, 0, 5, 4], "texture": "#2"},
				"east": {"uv": [3, 4, 4, 8], "texture": "#2"},
				"south": {"uv": [4, 4, 5, 8], "texture": "#2"},
				"west": {"uv": [5, 0, 6, 4], "texture": "#2"},
				"up": {"uv": [10, 1, 9, 0], "texture": "#2"},
				"down": {"uv": [10, 1, 9, 2], "texture": "#2"}
			}
		},
		{
			"from": [7.525, 11.16688, 3.99725],
			"to": [8.475, 12.11688, 4.47225],
			"rotation": {"angle": -45, "axis": "x", "origin": [8, 10.92938, 4.23475]},
			"faces": {
				"east": {"uv": [9, 3, 9.5, 4], "texture": "#2"},
				"west": {"uv": [4, 9, 4.5, 10], "texture": "#2"},
				"up": {"uv": [10, 4.5, 9, 4], "texture": "#2"},
				"down": {"uv": [6, 9, 5, 9.5], "texture": "#2"}
			}
		},
		{
			"from": [7.525, 10.21688, 3.04725],
			"to": [8.475, 12.11688, 3.99725],
			"rotation": {"angle": -45, "axis": "x", "origin": [8, 10.92938, 4.23475]},
			"faces": {
				"north": {"uv": [2, 7, 3, 9], "texture": "#2"},
				"east": {"uv": [8, 0, 9, 2], "texture": "#2"},
				"south": {"uv": [8, 2, 9, 4], "texture": "#2"},
				"west": {"uv": [3, 8, 4, 10], "texture": "#2"},
				"up": {"uv": [3, 10, 2, 9], "texture": "#2"},
				"down": {"uv": [10, 2, 9, 3], "texture": "#2"}
			}
		},
		{
			"from": [7.525, 8.31688, 10.57775],
			"to": [8.475, 12.11688, 11.52775],
			"rotation": {"angle": 45, "axis": "x", "origin": [8, 10.92938, 11.76525]},
			"faces": {
				"north": {"uv": [5, 4, 4, 8], "texture": "#2"},
				"east": {"uv": [4, 4, 3, 8], "texture": "#2"},
				"south": {"uv": [5, 0, 4, 4], "texture": "#2"},
				"west": {"uv": [6, 0, 5, 4], "texture": "#2"},
				"up": {"uv": [10, 0, 9, 1], "texture": "#2"},
				"down": {"uv": [10, 2, 9, 1], "texture": "#2"}
			}
		},
		{
			"from": [7.525, 11.16688, 11.52775],
			"to": [8.475, 12.11688, 12.00275],
			"rotation": {"angle": 45, "axis": "x", "origin": [8, 10.92938, 11.76525]},
			"faces": {
				"east": {"uv": [9.5, 3, 9, 4], "texture": "#2"},
				"west": {"uv": [4.5, 9, 4, 10], "texture": "#2"},
				"up": {"uv": [10, 4, 9, 4.5], "texture": "#2"},
				"down": {"uv": [6, 9.5, 5, 9], "texture": "#2"}
			}
		},
		{
			"from": [7.525, 10.21688, 12.00275],
			"to": [8.475, 12.11688, 12.95275],
			"rotation": {"angle": 45, "axis": "x", "origin": [8, 10.92938, 11.76525]},
			"faces": {
				"north": {"uv": [9, 2, 8, 4], "texture": "#2"},
				"east": {"uv": [9, 0, 8, 2], "texture": "#2"},
				"south": {"uv": [3, 7, 2, 9], "texture": "#2"},
				"west": {"uv": [4, 8, 3, 10], "texture": "#2"},
				"up": {"uv": [3, 9, 2, 10], "texture": "#2"},
				"down": {"uv": [10, 3, 9, 2], "texture": "#2"}
			}
		}
	],
	"gui_light": "front",
	"display": {
		"thirdperson_righthand": {
			"translation": [0, 1.75, 1]
		},
		"thirdperson_lefthand": {
			"translation": [0, 1.75, 1]
		},
		"firstperson_righthand": {
			"rotation": [-10, 0, 0],
			"translation": [0, 1.5, 0]
		},
		"firstperson_lefthand": {
			"rotation": [-10, 0, 0],
			"translation": [0, 1.5, 0]
		},
		"ground": {
			"rotation": [-45, 0, 0],
			"translation": [0, 3, 0],
			"scale": [0.7, 0.7, 0.7]
		},
		"gui": {
			"rotation": [-90, 45, 90],
			"translation": [3.25, -3.25, 0],
			"scale": [0.8, 0.8, 0.8]
		},
		"head": {
			"rotation": [0, -90, 0]
		},
		"fixed": {
			"rotation": [0, -90, 0],
			"translation": [0, -7.75, -1.25],
			"scale": [2, 2, 2]
		}
	},
	"groups": [
		0,
		1,
		2,
		3,
		4,
		5,
		6,
		7,
		8,
		9,
		10,
		{
			"name": "group",
			"origin": [7.1, 11.51256, 8.17678],
			"color": 0,
			"boneType": "",
			"children": [11, 12, 13, 14, 15, 16, 17, 18]
		},
		{
			"name": "group",
			"origin": [7.1, 11.51256, 8.17678],
			"color": 0,
			"boneType": "",
			"children": [19, 20, 21, 22, 23, 24, 25, 26]
		},
		27,
		28,
		29,
		30,
		31,
		32,
		33,
		34,
		35,
		36,
		37,
		38,
		39,
		40
	]
}