{"providers":[{"chars":["ϕ"],"file":"log.png","ascent":80,"height":192,"type":"bitmap"},{"chars":["₥"],"file":"log.png","ascent":80,"height":96,"type":"bitmap"},{"chars":["⑥"],"file":"sur.png","ascent":31,"height":32,"type":"bitmap"},{"chars":["⊖"],"file":"sur.png","ascent":79,"height":80,"type":"bitmap"},{"chars":["ὲ"],"file":"main.png","ascent":31,"height":32,"type":"bitmap"},{"chars":["⌖"],"file":"main.png","ascent":79,"height":80,"type":"bitmap"},{"chars":["ϡ"],"file":"beautiful_ranks/hodnost_trident.png","ascent":8,"height":8,"type":"bitmap"},{"chars":["⪭"],"file":"beautiful_ranks/hodnost_clock.png","ascent":8,"height":8,"type":"bitmap"},{"chars":["⪺"],"file":"beautiful_ranks/hodnost_kredity.png","ascent":8,"height":8,"type":"bitmap"},{"chars":["∄"],"file":"beautiful_ranks/hodnost_penize.png","ascent":8,"height":8,"type":"bitmap"},{"chars":["௹"],"file":"beautiful_ranks/hodnost_pinata.png","ascent":8,"height":8,"type":"bitmap"},{"chars":["⫦"],"file":"beautiful_ranks/hodnost_sezona.png","ascent":8,"height":8,"type":"bitmap"},{"chars":["ὅ"],"file":"beautiful_ranks/hodnost_cas.png","ascent":8,"height":8,"type":"bitmap"},{"chars":["ᾍ"],"file":"beautiful_ranks/hodnost_zabiti.png","ascent":8,"height":8,"type":"bitmap"},{"chars":["⨌"],"file":"beautiful_ranks/hodnost_smrti.png","ascent":8,"height":8,"type":"bitmap"},{"chars":["ꐐ"],"file":"default/chat/farmer_tag.png","ascent":9,"height":10,"type":"bitmap"},{"chars":["ꐑ"],"file":"default/chat/explorer_tag.png","ascent":9,"height":10,"type":"bitmap"},{"chars":["ꐒ"],"file":"default/chat/knight_tag.png","ascent":9,"height":10,"type":"bitmap"},{"chars":["ꐓ"],"file":"default/chat/lord_tag.png","ascent":9,"height":10,"type":"bitmap"},{"chars":["ꐔ"],"file":"default/chat/prince_tag.png","ascent":9,"height":10,"type":"bitmap"},{"chars":["ꐕ"],"file":"default/chat/king_tag.png","ascent":9,"height":10,"type":"bitmap"},{"chars":["ꐖ"],"file":"default/chat/hero_tag.png","ascent":9,"height":10,"type":"bitmap"},{"chars":["ꐗ"],"file":"default/chat/god_tag.png","ascent":9,"height":10,"type":"bitmap"},{"chars":["ꐙ"],"file":"required/logo.png","ascent":20,"height":36,"type":"bitmap"},{"chars":["ꐚ"],"file":"required/ui/menu_banner.png","ascent":-10,"height":236,"type":"bitmap"},{"chars":["ꐛ"],"file":"required/recipe_showcase.png","ascent":40,"height":164,"type":"bitmap"},{"chars":["ꐜ"],"file":"required/ui/menu_items.png","ascent":37,"height":256,"type":"bitmap"},{"chars":["ꐝ"],"file":"required/ui/menu_items_gems.png","ascent":37,"height":256,"type":"bitmap"},{"chars":["ꐞ"],"file":"required/recipe_stonecutter.png","ascent":40,"height":164,"type":"bitmap"},{"chars":["ꐘ"],"file":"required/exit_icon.png","ascent":8,"height":8,"type":"bitmap"},{"chars":["ゐ"],"file":"minecraft:guis/randomtp/rtp5.png","ascent":22,"height":82,"type":"bitmap"},{"chars":["七"],"file":"minecraft:guis/pixel.png","ascent":-2000,"height":-3,"type":"bitmap"},{"chars":["ꐠ"],"file":"required/null.png","ascent":-32768,"height":-1,"type":"bitmap"},{"chars":["ꐡ"],"file":"required/null.png","ascent":-32768,"height":0,"type":"bitmap"},{"chars":["ꐢ"],"file":"required/null.png","ascent":-32768,"height":2,"type":"bitmap"},{"chars":["ꐣ"],"file":"required/null.png","ascent":-32768,"height":6,"type":"bitmap"},{"chars":["ꐤ"],"file":"required/null.png","ascent":-32768,"height":14,"type":"bitmap"},{"chars":["ꐥ"],"file":"required/null.png","ascent":-32768,"height":30,"type":"bitmap"},{"chars":["ꐦ"],"file":"required/null.png","ascent":-32768,"height":62,"type":"bitmap"},{"chars":["ꐧ"],"file":"required/null.png","ascent":-32768,"height":126,"type":"bitmap"},{"chars":["ꐨ"],"file":"required/null.png","ascent":-32768,"height":254,"type":"bitmap"},{"chars":["ꐩ"],"file":"required/null.png","ascent":-32768,"height":510,"type":"bitmap"},{"chars":["ꐪ"],"file":"required/null.png","ascent":-32768,"height":1022,"type":"bitmap"},{"chars":["ꐫ"],"file":"required/null.png","ascent":-32768,"height":-3,"type":"bitmap"},{"chars":["ꐬ"],"file":"required/null.png","ascent":-32768,"height":-4,"type":"bitmap"},{"chars":["ꐭ"],"file":"required/null.png","ascent":-32768,"height":-6,"type":"bitmap"},{"chars":["ꐮ"],"file":"required/null.png","ascent":-32768,"height":-10,"type":"bitmap"},{"chars":["ꐯ"],"file":"required/null.png","ascent":-32768,"height":-18,"type":"bitmap"},{"chars":["ꐰ"],"file":"required/null.png","ascent":-32768,"height":-34,"type":"bitmap"},{"chars":["ꐱ"],"file":"required/null.png","ascent":-32768,"height":-66,"type":"bitmap"},{"chars":["ꐲ"],"file":"required/null.png","ascent":-32768,"height":-130,"type":"bitmap"},{"chars":["ꐳ"],"file":"required/null.png","ascent":-32768,"height":-258,"type":"bitmap"},{"chars":["ꐴ"],"file":"required/null.png","ascent":-32768,"height":-514,"type":"bitmap"},{"chars":["ꐵ"],"file":"required/null.png","ascent":-32768,"height":-1026,"type":"bitmap"},{"type":"bitmap","file":"minecraft:ranks/adminbyrg.png","ascent":8,"height":8,"chars":[""]},{"type":"bitmap","file":"minecraft:ranks/bluebyrg.png","ascent":8,"height":8,"chars":[""]},{"type":"bitmap","file":"minecraft:ranks/builderbyrg.png","ascent":8,"height":8,"chars":[""]},{"type":"bitmap","file":"minecraft:ranks/designerbyrg.png","ascent":8,"height":8,"chars":[""]},{"type":"bitmap","file":"minecraft:ranks/devbyrg.png","ascent":8,"height":8,"chars":[""]},{"type":"bitmap","file":"minecraft:ranks/devlbyrg.png","ascent":8,"height":8,"chars":[""]},{"type":"bitmap","file":"minecraft:ranks/donatorbyrg.png","ascent":8,"height":8,"chars":[""]},{"type":"bitmap","file":"minecraft:ranks/elitebyrg.png","ascent":8,"height":8,"chars":[""]},{"type":"bitmap","file":"minecraft:ranks/eliteplusbyrg.png","ascent":8,"height":8,"chars":[""]},{"type":"bitmap","file":"minecraft:ranks/eventsbyrg.png","ascent":8,"height":8,"chars":[""]},{"type":"bitmap","file":"minecraft:ranks/godbyrg.png","ascent":8,"height":8,"chars":[""]},{"type":"bitmap","file":"minecraft:ranks/greenbyrg.png","ascent":8,"height":8,"chars":[""]},{"type":"bitmap","file":"minecraft:ranks/helperbyrg.png","ascent":8,"height":8,"chars":[""]},{"type":"bitmap","file":"minecraft:ranks/managerbyrg.png","ascent":8,"height":8,"chars":[""]},{"type":"bitmap","file":"minecraft:ranks/mediabyrg.png","ascent":8,"height":8,"chars":[""]},{"type":"bitmap","file":"minecraft:ranks/modbyrg.png","ascent":8,"height":8,"chars":[""]},{"type":"bitmap","file":"minecraft:ranks/modlbyrg.png","ascent":8,"height":8,"chars":[""]},{"type":"bitmap","file":"minecraft:ranks/mvpbyrg.png","ascent":8,"height":8,"chars":[""]},{"type":"bitmap","file":"minecraft:ranks/mvpplusbyrg.png","ascent":8,"height":8,"chars":[""]},{"type":"bitmap","file":"minecraft:ranks/mvpplusplusbyrg.png","ascent":8,"height":8,"chars":[""]},{"type":"bitmap","file":"minecraft:ranks/noobbyrg.png","ascent":8,"height":8,"chars":[""]},{"type":"bitmap","file":"minecraft:ranks/ogbyrg.png","ascent":8,"height":8,"chars":[""]},{"type":"bitmap","file":"minecraft:ranks/ownerbyrg.png","ascent":8,"height":8,"chars":[""]},{"type":"bitmap","file":"minecraft:ranks/probyrg.png","ascent":8,"height":8,"chars":[""]},{"type":"bitmap","file":"minecraft:ranks/redbyrg.png","ascent":8,"height":8,"chars":[""]},{"type":"bitmap","file":"minecraft:ranks/tiktokbyrg.png","ascent":8,"height":8,"chars":[""]},{"type":"bitmap","file":"minecraft:ranks/twitchbyrg.png","ascent":8,"height":8,"chars":[""]},{"type":"bitmap","file":"minecraft:ranks/vipbyrg.png","ascent":8,"height":8,"chars":[""]},{"type":"bitmap","file":"minecraft:ranks/vipplusbyrg.png","ascent":8,"height":8,"chars":[""]},{"type":"bitmap","file":"minecraft:ranks/yellowbyrg.png","ascent":8,"height":8,"chars":[""]},{"type":"bitmap","file":"minecraft:ranks/youtubebyrg.png","ascent":8,"height":8,"chars":[""]},{"type":"bitmap","file":"minecraft:ranks/memberbyrg.png","ascent":8,"height":8,"chars":[""]},{"type":"bitmap","file":"custom/icons/title.png","ascent":25,"height":40,"chars":[""]},{"type":"bitmap","file":"custom/menus/adventure_pass/menu_adventure_pass.png","ascent":19,"height":256,"chars":[""]},{"type":"bitmap","file":"custom/menus/adventure_pass/menu_adventure_pass_premium.png","ascent":19,"height":256,"chars":[""]},{"type":"bitmap","file":"custom/menus/rank_previews/ultra_perks.png","ascent":19,"height":256,"chars":[""]},{"type":"bitmap","file":"custom/menus/rank_previews/hero_perks.png","ascent":19,"height":256,"chars":[""]},{"type":"bitmap","file":"custom/menus/rank_previews/legend_perks.png","ascent":19,"height":256,"chars":[""]},{"type":"bitmap","file":"custom/menus/rank_previews/rank_purchased.png","ascent":19,"height":256,"chars":[""]},{"type":"bitmap","file":"custom/menus/profile/menu_profile.png","ascent":19,"height":256,"chars":[""]},{"type":"bitmap","file":"custom/menus/profile/player.png","ascent":19,"height":256,"chars":[""]},{"type":"bitmap","file":"custom/menus/profile/ultra.png","ascent":19,"height":256,"chars":[""]},{"type":"bitmap","file":"custom/menus/profile/hero.png","ascent":19,"height":256,"chars":[""]},{"type":"bitmap","file":"custom/menus/profile/legend.png","ascent":19,"height":256,"chars":[""]},{"type":"bitmap","file":"custom/menus/profile/helper.png","ascent":19,"height":256,"chars":[""]},{"type":"bitmap","file":"custom/menus/profile/moderator.png","ascent":19,"height":256,"chars":[""]},{"type":"bitmap","file":"custom/menus/profile/admin.png","ascent":19,"height":256,"chars":[""]},{"type":"bitmap","file":"custom/menus/profile/owner.png","ascent":19,"height":256,"chars":[""]},{"type":"bitmap","file":"custom/menus/skills/menu_skills.png","ascent":19,"height":256,"chars":[""]},{"type":"bitmap","file":"custom/menus/skills/menu_stats.png","ascent":19,"height":256,"chars":[""]},{"type":"bitmap","file":"custom/menus/skills/menu_ranking.png","ascent":19,"height":256,"chars":[""]},{"type":"bitmap","file":"custom/menus/skills/menu_xp_sources.png","ascent":19,"height":256,"chars":[""]},{"type":"bitmap","file":"custom/menus/skills/menu_abilities.png","ascent":19,"height":256,"chars":[""]},{"type":"bitmap","file":"custom/menus/skills/menu_level_progress.png","ascent":19,"height":256,"chars":[""]},{"type":"bitmap","file":"custom/menus/auctions/auctions_browse.png","ascent":19,"height":256,"chars":[""]},{"type":"bitmap","file":"custom/menus/auctions/my_auctions.png","ascent":19,"height":256,"chars":[""]},{"type":"bitmap","file":"custom/menus/auctions/expired_auctions.png","ascent":19,"height":256,"chars":[""]},{"type":"bitmap","file":"custom/menus/auctions/confirm_purchase.png","ascent":19,"height":256,"chars":[""]},{"type":"bitmap","file":"custom/menus/auctions/start_auction.png","ascent":19,"height":256,"chars":[""]},{"type":"bitmap","file":"custom/menus/auctions/bidding.png","ascent":19,"height":256,"chars":[""]},{"type":"bitmap","file":"custom/menus/auctions/search.png","ascent":19,"height":256,"chars":[""]},{"type":"bitmap","file":"custom/menus/menu_main.png","ascent":19,"height":256,"chars":[""]},{"type":"bitmap","file":"custom/menus/forge/menu.png","ascent":19,"height":256,"chars":[""]},{"type":"bitmap","file":"custom/menus/accesories/menu.png","ascent":19,"height":256,"chars":[""]},{"type":"bitmap","file":"custom/menus/reputation/reputation.png","ascent":19,"height":256,"chars":[""]},{"type":"bitmap","file":"custom/menus/reputation/slayers.png","ascent":19,"height":256,"chars":[""]},{"type":"bitmap","file":"custom/menus/reputation/miners.png","ascent":19,"height":256,"chars":[""]},{"type":"bitmap","file":"custom/menus/reputation/ranchers.png","ascent":19,"height":256,"chars":[""]},{"type":"bitmap","file":"custom/menus/daily_rewards/menu_daily_rewards.png","ascent":19,"height":256,"chars":[""]},{"type":"bitmap","file":"custom/menus/shops/menu_sell_items.png","ascent":19,"height":256,"chars":[""]},{"type":"bitmap","file":"custom/menus/shops/menu_buy_items.png","ascent":19,"height":256,"chars":[""]},{"type":"bitmap","file":"custom/menus/menu_ancient_traveler.png","ascent":19,"height":256,"chars":[""]},{"type":"bitmap","file":"custom/menus/quests/menu_quests.png","ascent":19,"height":256,"chars":[""]},{"type":"bitmap","file":"custom/menus/dungeons/menu_dungeons.png","ascent":19,"height":256,"chars":[""]},{"type":"bitmap","file":"custom/menus/badges/menu_badges.png","ascent":19,"height":256,"chars":[""]},{"type":"bitmap","file":"custom/menus/menu_links.png","ascent":19,"height":256,"chars":[""]},{"type":"bitmap","file":"custom/menus/jobs/menu_jobs.png","ascent":19,"height":256,"chars":[""]},{"type":"bitmap","file":"custom/menus/menu_kits.png","ascent":19,"height":256,"chars":[""]},{"type":"bitmap","file":"custom/menus/menu_guide.png","ascent":19,"height":256,"chars":[""]},{"type":"bitmap","file":"custom/menus/crates/menu_crates.png","ascent":19,"height":256,"chars":[""]},{"type":"bitmap","file":"custom/menus/crates/menu_adventure_crate.png","ascent":19,"height":256,"chars":[""]},{"type":"bitmap","file":"custom/menus/crates/menu_hero_crate.png","ascent":19,"height":256,"chars":[""]},{"type":"bitmap","file":"custom/menus/crates/menu_legendary_crate.png","ascent":19,"height":256,"chars":[""]},{"type":"bitmap","file":"custom/menus/premium_store/menu_premium_store.png","ascent":19,"height":256,"chars":[""]},{"type":"bitmap","file":"custom/menus/premium_store/menu_premium_store_confirm_purchase.png","ascent":19,"height":256,"chars":[""]},{"type":"bitmap","file":"custom/menus/dungeons/mineshaft.png","ascent":19,"height":256,"chars":[""]},{"type":"bitmap","file":"custom/menus/dungeons/dracula.png","ascent":19,"height":256,"chars":[""]},{"type":"bitmap","file":"custom/menus/dungeons/desert.png","ascent":19,"height":256,"chars":[""]},{"type":"bitmap","file":"custom/menus/dungeons/desert.png","ascent":19,"height":256,"chars":[""]},{"type":"bitmap","file":"custom/menus/shops/category_mining.png","ascent":-77,"height":16,"chars":[""]},{"type":"bitmap","file":"custom/menus/shops/category_minerals.png","ascent":-77,"height":16,"chars":[""]},{"type":"bitmap","file":"custom/menus/shops/category_farming.png","ascent":-77,"height":16,"chars":[""]},{"type":"bitmap","file":"custom/menus/shops/category_mob_drops.png","ascent":-77,"height":16,"chars":[""]},{"type":"bitmap","file":"custom/menus/shops/category_combat.png","ascent":-77,"height":16,"chars":[""]},{"type":"bitmap","file":"custom/menus/shops/category_food.png","ascent":-77,"height":16,"chars":[""]},{"type":"bitmap","file":"custom/menus/shops/category_special.png","ascent":-77,"height":16,"chars":[""]},{"type":"bitmap","file":"custom/menus/page_1.png","ascent":-77,"height":16,"chars":[""]},{"type":"bitmap","file":"custom/menus/page_2.png","ascent":-77,"height":16,"chars":[""]},{"type":"bitmap","file":"custom/menus/page_3.png","ascent":-77,"height":16,"chars":[""]},{"type":"bitmap","file":"custom/icons/gold_icon.png","ascent":8,"height":8,"chars":[""]},{"type":"bitmap","file":"custom/icons/gems_icon.png","ascent":8,"height":8,"chars":[""]},{"type":"bitmap","file":"custom/icons/adventure_pass_icon.png","ascent":8,"height":9,"chars":[""]},{"type":"bitmap","file":"custom/icons/adventure_pass_xp_icon.png","ascent":8,"height":9,"chars":[""]},{"type":"bitmap","file":"custom/icons/luck.png","ascent":7,"height":7,"chars":[""]},{"type":"bitmap","file":"custom/icons/wisdom.png","ascent":7,"height":7,"chars":[""]},{"type":"bitmap","file":"custom/icons/notification_green.png","ascent":8,"height":9,"chars":[""]},{"type":"bitmap","file":"custom/icons/notification_red.png","ascent":8,"height":9,"chars":[""]},{"type":"bitmap","file":"custom/icons/afk.png","ascent":7,"height":7,"chars":[""]},{"type":"bitmap","file":"custom/icons/player.png","ascent":7,"height":7,"chars":[""]},{"type":"bitmap","file":"custom/icons/ultra.png","ascent":7,"height":7,"chars":[""]},{"type":"bitmap","file":"custom/icons/hero.png","ascent":7,"height":7,"chars":[""]},{"type":"bitmap","file":"custom/icons/legend.png","ascent":7,"height":7,"chars":[""]},{"type":"bitmap","file":"custom/icons/helper.png","ascent":7,"height":7,"chars":[""]},{"type":"bitmap","file":"custom/icons/moderator.png","ascent":7,"height":7,"chars":[""]},{"type":"bitmap","file":"custom/icons/admin.png","ascent":7,"height":7,"chars":[""]},{"type":"bitmap","file":"custom/icons/owner.png","ascent":7,"height":7,"chars":[""]},{"type":"bitmap","file":"custom/icons/compass.png","ascent":9,"height":11,"chars":[""]},{"type":"bitmap","file":"custom/icons/clock.png","ascent":9,"height":11,"chars":[""]},{"type":"bitmap","file":"custom/icons/website.png","ascent":8,"height":9,"chars":[""]},{"type":"bitmap","file":"custom/icons/home.png","ascent":8,"height":9,"chars":[""]},{"type":"bitmap","file":"custom/icons/lightning_icon.png","ascent":8,"height":9,"chars":[""]},{"type":"bitmap","file":"custom/icons/compass_background.png","ascent":8,"height":9,"chars":[""]},{"type":"bitmap","file":"custom/space_split.png","ascent":-32768,"height":-1,"chars":["豈"]},{"type":"bitmap","file":"custom/space_split.png","ascent":-32768,"height":-3,"chars":[""]},{"type":"bitmap","file":"custom/space_split.png","ascent":-32768,"height":-4,"chars":[""]},{"type":"bitmap","file":"custom/space_split.png","ascent":-32768,"height":-5,"chars":[""]},{"type":"bitmap","file":"custom/space_split.png","ascent":-32768,"height":-6,"chars":[""]},{"type":"bitmap","file":"custom/space_split.png","ascent":-32768,"height":-7,"chars":[""]},{"type":"bitmap","file":"custom/space_split.png","ascent":-32768,"height":-10,"chars":[""]},{"type":"bitmap","file":"custom/space_split.png","ascent":-32768,"height":-115,"chars":[""]},{"type":"bitmap","file":"custom/space_split.png","ascent":-32768,"height":-179,"chars":[""]}]}