{"providers":[{"chars":["ϕ"],"file":"log.png","ascent":80,"height":192,"type":"bitmap"},{"chars":["₥"],"file":"log.png","ascent":80,"height":96,"type":"bitmap"},{"chars":["⑥"],"file":"sur.png","ascent":31,"height":32,"type":"bitmap"},{"chars":["⊖"],"file":"sur.png","ascent":79,"height":80,"type":"bitmap"},{"chars":["ὲ"],"file":"main.png","ascent":31,"height":32,"type":"bitmap"},{"chars":["⌖"],"file":"main.png","ascent":79,"height":80,"type":"bitmap"},{"chars":["ϡ"],"file":"beautiful_ranks/hodnost_trident.png","ascent":8,"height":8,"type":"bitmap"},{"chars":["⪭"],"file":"beautiful_ranks/hodnost_clock.png","ascent":8,"height":8,"type":"bitmap"},{"chars":["⪺"],"file":"beautiful_ranks/hodnost_kredity.png","ascent":8,"height":8,"type":"bitmap"},{"chars":["∄"],"file":"beautiful_ranks/hodnost_penize.png","ascent":8,"height":8,"type":"bitmap"},{"chars":["௹"],"file":"beautiful_ranks/hodnost_pinata.png","ascent":8,"height":8,"type":"bitmap"},{"chars":["⫦"],"file":"beautiful_ranks/hodnost_sezona.png","ascent":8,"height":8,"type":"bitmap"},{"chars":["ὅ"],"file":"beautiful_ranks/hodnost_cas.png","ascent":8,"height":8,"type":"bitmap"},{"chars":["ᾍ"],"file":"beautiful_ranks/hodnost_zabiti.png","ascent":8,"height":8,"type":"bitmap"},{"chars":["⨌"],"file":"beautiful_ranks/hodnost_smrti.png","ascent":8,"height":8,"type":"bitmap"},{"chars":["ꐐ"],"file":"default/chat/farmer_tag.png","ascent":9,"height":10,"type":"bitmap"},{"chars":["ꐑ"],"file":"default/chat/explorer_tag.png","ascent":9,"height":10,"type":"bitmap"},{"chars":["ꐒ"],"file":"default/chat/knight_tag.png","ascent":9,"height":10,"type":"bitmap"},{"chars":["ꐓ"],"file":"default/chat/lord_tag.png","ascent":9,"height":10,"type":"bitmap"},{"chars":["ꐔ"],"file":"default/chat/prince_tag.png","ascent":9,"height":10,"type":"bitmap"},{"chars":["ꐕ"],"file":"default/chat/king_tag.png","ascent":9,"height":10,"type":"bitmap"},{"chars":["ꐖ"],"file":"default/chat/hero_tag.png","ascent":9,"height":10,"type":"bitmap"},{"chars":["ꐗ"],"file":"default/chat/god_tag.png","ascent":9,"height":10,"type":"bitmap"},{"chars":["ꐙ"],"file":"required/logo.png","ascent":20,"height":36,"type":"bitmap"},{"chars":["ꐚ"],"file":"required/ui/menu_banner.png","ascent":-10,"height":236,"type":"bitmap"},{"chars":["ꐛ"],"file":"required/recipe_showcase.png","ascent":40,"height":164,"type":"bitmap"},{"chars":["ꐜ"],"file":"required/ui/menu_items.png","ascent":37,"height":256,"type":"bitmap"},{"chars":["ꐝ"],"file":"required/ui/menu_items_gems.png","ascent":37,"height":256,"type":"bitmap"},{"chars":["ꐞ"],"file":"required/recipe_stonecutter.png","ascent":40,"height":164,"type":"bitmap"},{"chars":["ꐘ"],"file":"required/exit_icon.png","ascent":8,"height":8,"type":"bitmap"},{"chars":["ゐ"],"file":"minecraft:guis/randomtp/rtp5.png","ascent":22,"height":82,"type":"bitmap"},{"chars":["七"],"file":"minecraft:guis/pixel.png","ascent":-2000,"height":-3,"type":"bitmap"},{"chars":["ꐠ"],"file":"required/null.png","ascent":-32768,"height":-1,"type":"bitmap"},{"chars":["ꐡ"],"file":"required/null.png","ascent":-32768,"height":0,"type":"bitmap"},{"chars":["ꐢ"],"file":"required/null.png","ascent":-32768,"height":2,"type":"bitmap"},{"chars":["ꐣ"],"file":"required/null.png","ascent":-32768,"height":6,"type":"bitmap"},{"chars":["ꐤ"],"file":"required/null.png","ascent":-32768,"height":14,"type":"bitmap"},{"chars":["ꐥ"],"file":"required/null.png","ascent":-32768,"height":30,"type":"bitmap"},{"chars":["ꐦ"],"file":"required/null.png","ascent":-32768,"height":62,"type":"bitmap"},{"chars":["ꐧ"],"file":"required/null.png","ascent":-32768,"height":126,"type":"bitmap"},{"chars":["ꐨ"],"file":"required/null.png","ascent":-32768,"height":254,"type":"bitmap"},{"chars":["ꐩ"],"file":"required/null.png","ascent":-32768,"height":510,"type":"bitmap"},{"chars":["ꐪ"],"file":"required/null.png","ascent":-32768,"height":1022,"type":"bitmap"},{"chars":["ꐫ"],"file":"required/null.png","ascent":-32768,"height":-3,"type":"bitmap"},{"chars":["ꐬ"],"file":"required/null.png","ascent":-32768,"height":-4,"type":"bitmap"},{"chars":["ꐭ"],"file":"required/null.png","ascent":-32768,"height":-6,"type":"bitmap"},{"chars":["ꐮ"],"file":"required/null.png","ascent":-32768,"height":-10,"type":"bitmap"},{"chars":["ꐯ"],"file":"required/null.png","ascent":-32768,"height":-18,"type":"bitmap"},{"chars":["ꐰ"],"file":"required/null.png","ascent":-32768,"height":-34,"type":"bitmap"},{"chars":["ꐱ"],"file":"required/null.png","ascent":-32768,"height":-66,"type":"bitmap"},{"chars":["ꐲ"],"file":"required/null.png","ascent":-32768,"height":-130,"type":"bitmap"},{"chars":["ꐳ"],"file":"required/null.png","ascent":-32768,"height":-258,"type":"bitmap"},{"chars":["ꐴ"],"file":"required/null.png","ascent":-32768,"height":-514,"type":"bitmap"},{"chars":["ꐵ"],"file":"required/null.png","ascent":-32768,"height":-1026,"type":"bitmap"}]}