{"elements":[{"from":[2.0,-4.0,2.0],"to":[7.0,1.0,7.0],"rotation":{"origin":[5.5,0.5,5.5],"axis":"z","angle":22.5},"faces":{"north":{"uv":[0.0,5.0,5.0,10.0],"texture":"#1","rotation":180},"east":{"uv":[5.0,11.0,10.0,16.0],"texture":"#1","rotation":180},"south":{"uv":[5.0,5.0,10.0,10.0],"texture":"#1","rotation":180},"west":{"uv":[10.0,6.0,15.0,11.0],"texture":"#1","rotation":180},"up":{"uv":[5.0,1.0,10.0,6.0],"texture":"#1"},"down":{"uv":[6.0,11.0,11.0,16.0],"texture":"#1"}}},{"from":[10.0,-4.0,11.0],"to":[13.0,-1.0,14.0],"rotation":{"origin":[11.5,0.5,12.5],"axis":"x","angle":22.5},"faces":{"north":{"uv":[11.0,5.0,14.0,8.0],"texture":"#1"},"east":{"uv":[3.0,5.0,6.0,8.0],"texture":"#1"},"south":{"uv":[9.0,8.0,12.0,11.0],"texture":"#1"},"west":{"uv":[2.0,1.0,5.0,4.0],"texture":"#1"},"up":{"uv":[6.0,5.0,9.0,8.0],"texture":"#1","rotation":270},"down":{"uv":[6.0,8.0,9.0,11.0],"texture":"#1","rotation":90}}}],"textures":{"1":"block/packed_ice"}}