{"display":{"gui":{"rotation":[-178.0,-50.75,180.0],"translation":[1.5,5.75,0.0],"scale":[0.92578,0.92578,0.92578]},"head":{"translation":[0.0,-42.5,-0.75],"scale":[1.7,1.7,1.7]}},"elements":[{"from":[-2.01,1.99,5.99],"to":[5.01,5.01,11.01],"rotation":{"origin":[0.0,0.0,6.0],"axis":"z","angle":-22.5},"faces":{"north":{"uv":[8.0,0.0,11.5,1.5],"texture":"#0"},"east":{"uv":[8.0,3.0,10.5,4.5],"texture":"#0"},"south":{"uv":[8.0,1.5,11.5,3.0],"texture":"#0"},"west":{"uv":[8.0,4.5,10.5,6.0],"texture":"#0"},"up":{"uv":[8.0,2.5,4.5,0.0],"texture":"#0"},"down":{"uv":[8.0,2.5,4.5,5.0],"texture":"#0"}}},{"from":[-0.5,-1.75,6.0],"to":[6.5,2.25,7.0],"rotation":{"origin":[1.5,-3.75,6.0],"axis":"z","angle":22.5},"faces":{"north":{"uv":[4.5,5.0,8.0,7.0],"texture":"#0"},"east":{"uv":[9.5,7.0,10.0,9.0],"texture":"#0"},"south":{"uv":[8.0,5.0,4.5,7.0],"texture":"#0"},"west":{"uv":[9.5,9.0,10.0,11.0],"texture":"#0"},"up":{"uv":[13.0,6.5,9.5,6.0],"texture":"#0"},"down":{"uv":[13.0,6.5,9.5,7.0],"texture":"#0"}}},{"from":[-2.5,-1.75,6.0],"to":[-0.5,2.25,6.0],"rotation":{"origin":[1.5,-3.75,6.0],"axis":"z","angle":22.5},"faces":{"north":{"uv":[6.0,9.0,7.0,11.0],"texture":"#0"},"east":{"uv":[0.0,0.0,0.0,2.0],"texture":"#0"},"south":{"uv":[7.0,9.0,6.0,11.0],"texture":"#0"},"west":{"uv":[0.0,0.0,0.0,2.0],"texture":"#0"},"up":{"uv":[1.0,0.0,0.0,0.0],"texture":"#0"},"down":{"uv":[1.0,0.0,0.0,0.0],"texture":"#0"}}},{"from":[-2.5,2.25,6.0],"to":[-0.5,2.25,7.0],"rotation":{"origin":[1.5,-3.75,6.0],"axis":"z","angle":22.5},"faces":{"north":{"uv":[0.0,0.0,1.0,0.0],"texture":"#0"},"east":{"uv":[0.0,0.0,0.5,0.0],"texture":"#0"},"south":{"uv":[0.0,0.0,1.0,0.0],"texture":"#0"},"west":{"uv":[0.0,0.0,0.5,0.0],"texture":"#0"},"up":{"uv":[11.0,7.5,10.0,7.0],"texture":"#0"},"down":{"uv":[11.0,7.5,10.0,8.0],"texture":"#0"}}},{"from":[-0.5,-1.75,10.0],"to":[6.5,2.25,11.0],"rotation":{"origin":[1.5,-3.75,11.0],"axis":"z","angle":22.5},"faces":{"north":{"uv":[4.5,5.0,8.0,7.0],"texture":"#0"},"east":{"uv":[10.0,7.0,9.5,9.0],"texture":"#0"},"south":{"uv":[8.0,5.0,4.5,7.0],"texture":"#0"},"west":{"uv":[10.0,9.0,9.5,11.0],"texture":"#0"},"up":{"uv":[13.0,6.0,9.5,6.5],"texture":"#0"},"down":{"uv":[13.0,7.0,9.5,6.5],"texture":"#0"}}},{"from":[-2.5,-1.75,11.0],"to":[-0.5,2.25,11.0],"rotation":{"origin":[1.5,-3.75,11.0],"axis":"z","angle":22.5},"faces":{"north":{"uv":[6.0,9.0,7.0,11.0],"texture":"#0"},"east":{"uv":[0.0,0.0,0.0,2.0],"texture":"#0"},"south":{"uv":[7.0,9.0,6.0,11.0],"texture":"#0"},"west":{"uv":[0.0,0.0,0.0,2.0],"texture":"#0"},"up":{"uv":[1.0,0.0,0.0,0.0],"texture":"#0"},"down":{"uv":[1.0,0.0,0.0,0.0],"texture":"#0"}}},{"from":[-2.5,2.25,10.0],"to":[-0.5,2.25,11.0],"rotation":{"origin":[1.5,-3.75,11.0],"axis":"z","angle":22.5},"faces":{"north":{"uv":[1.0,0.0,0.0,0.0],"texture":"#0"},"east":{"uv":[0.5,0.0,0.0,0.0],"texture":"#0"},"south":{"uv":[1.0,0.0,0.0,0.0],"texture":"#0"},"west":{"uv":[0.5,0.0,0.0,0.0],"texture":"#0"},"up":{"uv":[11.0,7.0,10.0,7.5],"texture":"#0"},"down":{"uv":[11.0,8.0,10.0,7.5],"texture":"#0"}}},{"from":[-5.0,5.0,6.0],"to":[-2.0,5.0,11.0],"rotation":{"origin":[0.0,0.0,6.0],"axis":"z","angle":-22.5},"faces":{"north":{"uv":[0.0,0.0,1.5,0.0],"texture":"#0"},"east":{"uv":[0.0,0.0,2.5,0.0],"texture":"#0"},"south":{"uv":[0.0,0.0,1.5,0.0],"texture":"#0"},"west":{"uv":[0.0,0.0,2.5,0.0],"texture":"#0"},"up":{"uv":[9.5,8.5,8.0,6.0],"texture":"#0"},"down":{"uv":[9.5,6.0,8.0,8.5],"texture":"#0"}}},{"from":[-5.0,2.0,6.0],"to":[-2.0,5.0,6.0],"rotation":{"origin":[0.0,0.0,6.0],"axis":"z","angle":-22.5},"faces":{"north":{"uv":[0.0,9.0,1.5,10.5],"texture":"#0"},"east":{"uv":[0.0,0.0,0.0,1.5],"texture":"#0"},"south":{"uv":[1.5,9.0,3.0,10.5],"texture":"#0"},"west":{"uv":[0.0,0.0,0.0,1.5],"texture":"#0"},"up":{"uv":[1.5,0.0,0.0,0.0],"texture":"#0"},"down":{"uv":[1.5,0.0,0.0,0.0],"texture":"#0"}}},{"from":[-5.0,2.0,11.0],"to":[-2.0,5.0,11.0],"rotation":{"origin":[0.0,0.0,11.0],"axis":"z","angle":-22.5},"faces":{"north":{"uv":[3.0,9.0,4.5,10.5],"texture":"#0"},"east":{"uv":[0.0,0.0,0.0,1.5],"texture":"#0"},"south":{"uv":[4.5,9.0,6.0,10.5],"texture":"#0"},"west":{"uv":[0.0,0.0,0.0,1.5],"texture":"#0"},"up":{"uv":[1.5,0.0,0.0,0.0],"texture":"#0"},"down":{"uv":[1.5,0.0,0.0,0.0],"texture":"#0"}}},{"from":[2.25,-3.25,13.5],"to":[2.25,5.75,22.5],"rotation":{"origin":[2.25,-3.25,13.5],"axis":"x","angle":-22.5},"faces":{"north":{"uv":[0.0,0.0,0.0,4.5],"texture":"#0"},"east":{"uv":[0.0,4.5,4.5,9.0],"texture":"#0"},"south":{"uv":[0.0,0.0,0.0,4.5],"texture":"#0"},"west":{"uv":[0.0,0.0,4.5,4.5],"texture":"#0"},"up":{"uv":[4.5,0.0,0.0,0.0],"texture":"#0","rotation":270},"down":{"uv":[4.5,0.0,0.0,0.0],"texture":"#0","rotation":90}}},{"from":[10.99,1.99,5.99],"to":[18.01,5.01,11.01],"rotation":{"origin":[16.0,0.0,6.0],"axis":"z","angle":22.5},"faces":{"north":{"uv":[11.5,0.0,8.0,1.5],"texture":"#0"},"east":{"uv":[10.5,4.5,8.0,6.0],"texture":"#0"},"south":{"uv":[11.5,1.5,8.0,3.0],"texture":"#0"},"west":{"uv":[10.5,3.0,8.0,4.5],"texture":"#0"},"up":{"uv":[4.5,2.5,8.0,0.0],"texture":"#0"},"down":{"uv":[4.5,2.5,8.0,5.0],"texture":"#0"}}},{"from":[18.0,5.0,6.0],"to":[21.0,5.0,11.0],"rotation":{"origin":[16.0,0.0,6.0],"axis":"z","angle":22.5},"faces":{"north":{"uv":[1.5,0.0,0.0,0.0],"texture":"#0"},"east":{"uv":[2.5,0.0,0.0,0.0],"texture":"#0"},"south":{"uv":[1.5,0.0,0.0,0.0],"texture":"#0"},"west":{"uv":[2.5,0.0,0.0,0.0],"texture":"#0"},"up":{"uv":[8.0,8.5,9.5,6.0],"texture":"#0"},"down":{"uv":[8.0,6.0,9.5,8.5],"texture":"#0"}}},{"from":[18.0,2.0,6.0],"to":[21.0,5.0,6.0],"rotation":{"origin":[16.0,0.0,6.0],"axis":"z","angle":22.5},"faces":{"north":{"uv":[1.5,9.0,0.0,10.5],"texture":"#0"},"east":{"uv":[0.0,0.0,0.0,1.5],"texture":"#0"},"south":{"uv":[3.0,9.0,1.5,10.5],"texture":"#0"},"west":{"uv":[0.0,0.0,0.0,1.5],"texture":"#0"},"up":{"uv":[0.0,0.0,1.5,0.0],"texture":"#0"},"down":{"uv":[0.0,0.0,1.5,0.0],"texture":"#0"}}},{"from":[18.0,2.0,11.0],"to":[21.0,5.0,11.0],"rotation":{"origin":[16.0,0.0,11.0],"axis":"z","angle":22.5},"faces":{"north":{"uv":[4.5,9.0,3.0,10.5],"texture":"#0"},"east":{"uv":[0.0,0.0,0.0,1.5],"texture":"#0"},"south":{"uv":[6.0,9.0,4.5,10.5],"texture":"#0"},"west":{"uv":[0.0,0.0,0.0,1.5],"texture":"#0"},"up":{"uv":[0.0,0.0,1.5,0.0],"texture":"#0"},"down":{"uv":[0.0,0.0,1.5,0.0],"texture":"#0"}}},{"from":[9.5,-1.75,6.0],"to":[16.5,2.25,7.0],"rotation":{"origin":[14.5,-3.75,6.0],"axis":"z","angle":-22.5},"faces":{"north":{"uv":[8.0,5.0,4.5,7.0],"texture":"#0"},"east":{"uv":[10.0,9.0,9.5,11.0],"texture":"#0"},"south":{"uv":[4.5,5.0,8.0,7.0],"texture":"#0"},"west":{"uv":[10.0,7.0,9.5,9.0],"texture":"#0"},"up":{"uv":[9.5,6.5,13.0,6.0],"texture":"#0"},"down":{"uv":[9.5,6.5,13.0,7.0],"texture":"#0"}}},{"from":[16.5,-1.75,6.0],"to":[18.5,2.25,6.0],"rotation":{"origin":[14.5,-3.75,6.0],"axis":"z","angle":-22.5},"faces":{"north":{"uv":[7.0,9.0,6.0,11.0],"texture":"#0"},"east":{"uv":[0.0,0.0,0.0,2.0],"texture":"#0"},"south":{"uv":[6.0,9.0,7.0,11.0],"texture":"#0"},"west":{"uv":[0.0,0.0,0.0,2.0],"texture":"#0"},"up":{"uv":[0.0,0.0,1.0,0.0],"texture":"#0"},"down":{"uv":[0.0,0.0,1.0,0.0],"texture":"#0"}}},{"from":[16.5,2.25,6.0],"to":[18.5,2.25,7.0],"rotation":{"origin":[14.5,-3.75,6.0],"axis":"z","angle":-22.5},"faces":{"north":{"uv":[1.0,0.0,0.0,0.0],"texture":"#0"},"east":{"uv":[0.5,0.0,0.0,0.0],"texture":"#0"},"south":{"uv":[1.0,0.0,0.0,0.0],"texture":"#0"},"west":{"uv":[0.5,0.0,0.0,0.0],"texture":"#0"},"up":{"uv":[10.0,7.5,11.0,7.0],"texture":"#0"},"down":{"uv":[10.0,7.5,11.0,8.0],"texture":"#0"}}},{"from":[13.75,-3.25,13.5],"to":[13.75,5.75,22.5],"rotation":{"origin":[13.75,-3.25,13.5],"axis":"x","angle":-22.5},"faces":{"north":{"uv":[0.0,0.0,0.0,4.5],"texture":"#0"},"east":{"uv":[4.5,0.0,0.0,4.5],"texture":"#0"},"south":{"uv":[0.0,0.0,0.0,4.5],"texture":"#0"},"west":{"uv":[4.5,4.5,0.0,9.0],"texture":"#0"},"up":{"uv":[4.5,0.0,0.0,0.0],"texture":"#0","rotation":270},"down":{"uv":[4.5,0.0,0.0,0.0],"texture":"#0","rotation":90}}},{"from":[16.5,2.25,10.0],"to":[18.5,2.25,11.0],"rotation":{"origin":[14.5,-3.75,11.0],"axis":"z","angle":-22.5},"faces":{"north":{"uv":[0.0,0.0,1.0,0.0],"texture":"#0"},"east":{"uv":[0.0,0.0,0.5,0.0],"texture":"#0"},"south":{"uv":[0.0,0.0,1.0,0.0],"texture":"#0"},"west":{"uv":[0.0,0.0,0.5,0.0],"texture":"#0"},"up":{"uv":[10.0,7.0,11.0,7.5],"texture":"#0"},"down":{"uv":[10.0,8.0,11.0,7.5],"texture":"#0"}}},{"from":[16.5,-1.75,11.0],"to":[18.5,2.25,11.0],"rotation":{"origin":[14.5,-3.75,11.0],"axis":"z","angle":-22.5},"faces":{"north":{"uv":[7.0,9.0,6.0,11.0],"texture":"#0"},"east":{"uv":[0.0,0.0,0.0,2.0],"texture":"#0"},"south":{"uv":[6.0,9.0,7.0,11.0],"texture":"#0"},"west":{"uv":[0.0,0.0,0.0,2.0],"texture":"#0"},"up":{"uv":[0.0,0.0,1.0,0.0],"texture":"#0"},"down":{"uv":[0.0,0.0,1.0,0.0],"texture":"#0"}}},{"from":[9.5,-1.75,10.0],"to":[16.5,2.25,11.0],"rotation":{"origin":[14.5,-3.75,11.0],"axis":"z","angle":-22.5},"faces":{"north":{"uv":[8.0,5.0,4.5,7.0],"texture":"#0"},"east":{"uv":[9.5,9.0,10.0,11.0],"texture":"#0"},"south":{"uv":[4.5,5.0,8.0,7.0],"texture":"#0"},"west":{"uv":[9.5,7.0,10.0,9.0],"texture":"#0"},"up":{"uv":[9.5,6.0,13.0,6.5],"texture":"#0"},"down":{"uv":[9.5,7.0,13.0,6.5],"texture":"#0"}}}],"textures":{"particle":"cosmetic_packv7/creaking_backpack","0":"cosmetic_packv7/creaking_backpack"},"gui_light":"front"}