{"display":{"thirdperson_righthand":{"translation":[0.0,6.0,0.0]},"gui":{"rotation":[-180.0,-53.25,-180.0],"translation":[0.75,10.0,0.0],"scale":[0.89258,0.89258,0.89258]},"head":{"translation":[0.0,-65.5,0.25],"scale":[3.4,3.4,3.4]}},"elements":[{"from":[3.625,-8.5,7.0],"to":[4.125,-7.5,8.0],"rotation":{"origin":[3.125,-8.5,7.0],"axis":"z","angle":-22.5},"faces":{"north":{"uv":[13.0,0.0,13.5,1.0],"texture":"#0"},"east":{"uv":[14.0,1.0,15.0,2.0],"texture":"#0"},"south":{"uv":[13.5,0.0,14.0,1.0],"texture":"#0"},"west":{"uv":[14.0,0.0,15.0,1.0],"texture":"#0"},"up":{"uv":[13.5,1.0,14.0,2.0],"texture":"#0"},"down":{"uv":[13.0,1.0,13.5,2.0],"texture":"#0"}}},{"from":[6.0,-12.375,11.25],"to":[7.0,-11.375,11.75],"rotation":{"origin":[6.0,-11.375,12.25],"axis":"x","angle":-22.5},"faces":{"north":{"uv":[14.0,1.0,15.0,2.0],"texture":"#0","rotation":270},"east":{"uv":[13.5,1.0,14.0,2.0],"texture":"#0"},"south":{"uv":[14.0,0.0,15.0,1.0],"texture":"#0","rotation":90},"west":{"uv":[13.0,1.0,13.5,2.0],"texture":"#0","rotation":180},"up":{"uv":[13.0,0.0,13.5,1.0],"texture":"#0","rotation":90},"down":{"uv":[13.5,0.0,14.0,1.0],"texture":"#0","rotation":90}}},{"from":[9.0,-12.375,11.25],"to":[10.0,-11.375,11.75],"rotation":{"origin":[10.0,-11.375,12.25],"axis":"x","angle":-22.5},"faces":{"north":{"uv":[14.0,2.0,15.0,1.0],"texture":"#0","rotation":270},"east":{"uv":[13.5,1.0,13.0,2.0],"texture":"#0","rotation":180},"south":{"uv":[14.0,1.0,15.0,0.0],"texture":"#0","rotation":90},"west":{"uv":[14.0,1.0,13.5,2.0],"texture":"#0"},"up":{"uv":[13.0,1.0,13.5,0.0],"texture":"#0","rotation":90},"down":{"uv":[13.5,1.0,14.0,0.0],"texture":"#0","rotation":90}}},{"from":[4.875,-6.625,8.375],"to":[5.875,-6.125,9.375],"rotation":{"origin":[4.875,-5.625,9.375],"axis":"z","angle":-22.5},"faces":{"north":{"uv":[13.5,1.0,14.0,2.0],"texture":"#0","rotation":90},"east":{"uv":[13.5,0.0,14.0,1.0],"texture":"#0","rotation":90},"south":{"uv":[13.0,1.0,13.5,2.0],"texture":"#0","rotation":90},"west":{"uv":[13.0,0.0,13.5,1.0],"texture":"#0","rotation":270},"up":{"uv":[14.0,0.0,15.0,1.0],"texture":"#0"},"down":{"uv":[14.0,1.0,15.0,2.0],"texture":"#0","rotation":180}}},{"from":[4.25,-10.625,6.5],"to":[5.75,-7.625,9.5],"rotation":{"origin":[4.75,-7.625,7.0],"axis":"z","angle":-22.5},"faces":{"north":{"uv":[5.0,6.0,6.5,9.0],"texture":"#0"},"east":{"uv":[5.0,0.0,8.0,3.0],"texture":"#0"},"south":{"uv":[6.5,6.0,8.0,9.0],"texture":"#0"},"west":{"uv":[5.0,3.0,8.0,6.0],"texture":"#0"},"up":{"uv":[1.5,11.0,0.0,8.0],"texture":"#0"},"down":{"uv":[9.5,0.0,8.0,3.0],"texture":"#0"}}},{"from":[4.25,-11.125,6.5],"to":[5.75,-10.625,6.5],"rotation":{"origin":[4.75,-7.625,7.0],"axis":"z","angle":-22.5},"faces":{"north":{"uv":[9.5,0.0,11.0,0.5],"texture":"#0"},"east":{"uv":[0.0,0.0,0.0,0.5],"texture":"#0"},"south":{"uv":[9.5,0.5,11.0,1.0],"texture":"#0"},"west":{"uv":[0.0,0.0,0.0,0.5],"texture":"#0"},"up":{"uv":[1.5,0.0,0.0,0.0],"texture":"#0"},"down":{"uv":[1.5,0.0,0.0,0.0],"texture":"#0"}}},{"from":[5.375,-11.0,6.375],"to":[5.875,-7.5,6.375],"rotation":{"origin":[4.375,-7.5,6.875],"axis":"z","angle":-22.5},"faces":{"north":{"uv":[4.0,8.0,4.5,11.5],"texture":"#0"},"east":{"uv":[0.0,0.0,0.0,3.5],"texture":"#0"},"south":{"uv":[4.5,8.0,5.0,11.5],"texture":"#0"},"west":{"uv":[0.0,0.0,0.0,3.5],"texture":"#0"},"up":{"uv":[0.5,0.0,0.0,0.0],"texture":"#0"},"down":{"uv":[0.5,0.0,0.0,0.0],"texture":"#0"}}},{"from":[5.375,-11.0,9.625],"to":[5.875,-7.5,9.625],"rotation":{"origin":[4.375,-7.5,9.125],"axis":"z","angle":-22.5},"faces":{"north":{"uv":[5.0,8.0,4.5,11.5],"texture":"#0"},"east":{"uv":[0.0,0.0,0.0,3.5],"texture":"#0"},"south":{"uv":[4.5,8.0,4.0,11.5],"texture":"#0"},"west":{"uv":[0.0,0.0,0.0,3.5],"texture":"#0"},"up":{"uv":[0.5,0.0,0.0,0.0],"texture":"#0"},"down":{"uv":[0.5,0.0,0.0,0.0],"texture":"#0"}}},{"from":[4.25,-11.125,6.5],"to":[4.25,-10.625,9.5],"rotation":{"origin":[4.75,-7.625,7.0],"axis":"z","angle":-22.5},"faces":{"north":{"uv":[0.0,0.0,0.0,0.5],"texture":"#0"},"east":{"uv":[5.0,9.0,8.0,9.5],"texture":"#0"},"south":{"uv":[0.0,0.0,0.0,0.5],"texture":"#0"},"west":{"uv":[8.0,9.0,11.0,9.5],"texture":"#0"},"up":{"uv":[0.0,3.0,0.0,0.0],"texture":"#0"},"down":{"uv":[0.0,0.0,0.0,3.0],"texture":"#0"}}},{"from":[4.25,-11.125,9.5],"to":[5.75,-10.625,9.5],"rotation":{"origin":[4.75,-7.625,10.0],"axis":"z","angle":-22.5},"faces":{"north":{"uv":[9.5,1.0,11.0,1.5],"texture":"#0"},"east":{"uv":[0.0,0.0,0.0,0.5],"texture":"#0"},"south":{"uv":[9.5,1.5,11.0,2.0],"texture":"#0"},"west":{"uv":[0.0,0.0,0.0,0.5],"texture":"#0"},"up":{"uv":[1.5,0.0,0.0,0.0],"texture":"#0"},"down":{"uv":[1.5,0.0,0.0,0.0],"texture":"#0"}}},{"from":[3.25,-7.625,6.0],"to":[5.75,-6.625,10.0],"rotation":{"origin":[4.75,-7.625,7.0],"axis":"z","angle":-22.5},"faces":{"north":{"uv":[1.5,8.0,4.0,9.0],"texture":"#0"},"east":{"uv":[8.0,3.0,12.0,4.0],"texture":"#0"},"south":{"uv":[8.0,7.0,10.5,8.0],"texture":"#0"},"west":{"uv":[8.0,4.0,12.0,5.0],"texture":"#0"},"up":{"uv":[2.5,4.0,0.0,0.0],"texture":"#0"},"down":{"uv":[5.0,0.0,2.5,4.0],"texture":"#0"}}},{"from":[3.15,-7.725,5.9],"to":[5.85,-6.525,10.1],"rotation":{"origin":[4.75,-7.625,7.0],"axis":"z","angle":-22.5},"faces":{"north":{"uv":[8.0,8.0,10.5,9.0],"texture":"#0"},"east":{"uv":[8.0,5.0,12.0,6.0],"texture":"#0"},"south":{"uv":[1.5,9.0,4.0,10.0],"texture":"#0"},"west":{"uv":[8.0,6.0,12.0,7.0],"texture":"#0"},"up":{"uv":[2.5,8.0,0.0,4.0],"texture":"#0"},"down":{"uv":[5.0,4.0,2.5,8.0],"texture":"#0"}}},{"from":[10.25,-10.625,6.5],"to":[11.75,-7.625,9.5],"rotation":{"origin":[11.25,-7.625,7.0],"axis":"z","angle":22.5},"faces":{"north":{"uv":[6.5,6.0,5.0,9.0],"texture":"#0"},"east":{"uv":[8.0,3.0,5.0,6.0],"texture":"#0"},"south":{"uv":[8.0,6.0,6.5,9.0],"texture":"#0"},"west":{"uv":[8.0,0.0,5.0,3.0],"texture":"#0"},"up":{"uv":[0.0,11.0,1.5,8.0],"texture":"#0"},"down":{"uv":[8.0,0.0,9.5,3.0],"texture":"#0"}}},{"from":[10.25,-11.125,6.5],"to":[11.75,-10.625,6.5],"rotation":{"origin":[11.25,-7.625,7.0],"axis":"z","angle":22.5},"faces":{"north":{"uv":[11.0,0.0,9.5,0.5],"texture":"#0"},"east":{"uv":[0.0,0.0,0.0,0.5],"texture":"#0"},"south":{"uv":[11.0,0.5,9.5,1.0],"texture":"#0"},"west":{"uv":[0.0,0.0,0.0,0.5],"texture":"#0"},"up":{"uv":[0.0,0.0,1.5,0.0],"texture":"#0"},"down":{"uv":[0.0,0.0,1.5,0.0],"texture":"#0"}}},{"from":[11.75,-11.125,6.5],"to":[11.75,-10.625,9.5],"rotation":{"origin":[11.25,-7.625,7.0],"axis":"z","angle":22.5},"faces":{"north":{"uv":[0.0,0.0,0.0,0.5],"texture":"#0"},"east":{"uv":[11.0,9.0,8.0,9.5],"texture":"#0"},"south":{"uv":[0.0,0.0,0.0,0.5],"texture":"#0"},"west":{"uv":[8.0,9.0,5.0,9.5],"texture":"#0"},"up":{"uv":[0.0,3.0,0.0,0.0],"texture":"#0"},"down":{"uv":[0.0,0.0,0.0,3.0],"texture":"#0"}}},{"from":[10.25,-11.125,9.5],"to":[11.75,-10.625,9.5],"rotation":{"origin":[11.25,-7.625,10.0],"axis":"z","angle":22.5},"faces":{"north":{"uv":[11.0,1.0,9.5,1.5],"texture":"#0"},"east":{"uv":[0.0,0.0,0.0,0.5],"texture":"#0"},"south":{"uv":[11.0,1.5,9.5,2.0],"texture":"#0"},"west":{"uv":[0.0,0.0,0.0,0.5],"texture":"#0"},"up":{"uv":[0.0,0.0,1.5,0.0],"texture":"#0"},"down":{"uv":[0.0,0.0,1.5,0.0],"texture":"#0"}}},{"from":[10.25,-7.625,6.0],"to":[12.75,-6.625,10.0],"rotation":{"origin":[11.25,-7.625,7.0],"axis":"z","angle":22.5},"faces":{"north":{"uv":[4.0,8.0,1.5,9.0],"texture":"#0"},"east":{"uv":[12.0,4.0,8.0,5.0],"texture":"#0"},"south":{"uv":[10.5,7.0,8.0,8.0],"texture":"#0"},"west":{"uv":[12.0,3.0,8.0,4.0],"texture":"#0"},"up":{"uv":[0.0,4.0,2.5,0.0],"texture":"#0"},"down":{"uv":[2.5,0.0,5.0,4.0],"texture":"#0"}}},{"from":[10.125,-11.0,6.375],"to":[10.625,-7.5,6.375],"rotation":{"origin":[11.625,-7.5,6.875],"axis":"z","angle":22.5},"faces":{"north":{"uv":[4.5,8.0,4.0,11.5],"texture":"#0"},"east":{"uv":[0.0,0.0,0.0,3.5],"texture":"#0"},"south":{"uv":[5.0,8.0,4.5,11.5],"texture":"#0"},"west":{"uv":[0.0,0.0,0.0,3.5],"texture":"#0"},"up":{"uv":[0.0,0.0,0.5,0.0],"texture":"#0"},"down":{"uv":[0.0,0.0,0.5,0.0],"texture":"#0"}}},{"from":[10.15,-7.725,5.9],"to":[12.85,-6.525,10.1],"rotation":{"origin":[11.25,-7.625,7.0],"axis":"z","angle":22.5},"faces":{"north":{"uv":[10.5,8.0,8.0,9.0],"texture":"#0"},"east":{"uv":[12.0,6.0,8.0,7.0],"texture":"#0"},"south":{"uv":[4.0,9.0,1.5,10.0],"texture":"#0"},"west":{"uv":[12.0,5.0,8.0,6.0],"texture":"#0"},"up":{"uv":[0.0,8.0,2.5,4.0],"texture":"#0"},"down":{"uv":[2.5,4.0,5.0,8.0],"texture":"#0"}}},{"from":[11.875,-8.5,7.0],"to":[12.375,-7.5,8.0],"rotation":{"origin":[12.875,-8.5,7.0],"axis":"z","angle":22.5},"faces":{"north":{"uv":[13.5,0.0,13.0,1.0],"texture":"#0"},"east":{"uv":[15.0,0.0,14.0,1.0],"texture":"#0"},"south":{"uv":[14.0,0.0,13.5,1.0],"texture":"#0"},"west":{"uv":[15.0,1.0,14.0,2.0],"texture":"#0"},"up":{"uv":[14.0,1.0,13.5,2.0],"texture":"#0"},"down":{"uv":[13.5,1.0,13.0,2.0],"texture":"#0"}}},{"from":[10.125,-11.0,9.625],"to":[10.625,-7.5,9.625],"rotation":{"origin":[11.625,-7.5,9.125],"axis":"z","angle":22.5},"faces":{"north":{"uv":[4.5,8.0,5.0,11.5],"texture":"#0"},"east":{"uv":[0.0,0.0,0.0,3.5],"texture":"#0"},"south":{"uv":[4.0,8.0,4.5,11.5],"texture":"#0"},"west":{"uv":[0.0,0.0,0.0,3.5],"texture":"#0"},"up":{"uv":[0.0,0.0,0.5,0.0],"texture":"#0"},"down":{"uv":[0.0,0.0,0.5,0.0],"texture":"#0"}}},{"from":[10.125,-6.625,8.375],"to":[11.125,-6.125,9.375],"rotation":{"origin":[11.125,-5.625,9.375],"axis":"z","angle":22.5},"faces":{"north":{"uv":[13.5,2.0,14.0,1.0],"texture":"#0","rotation":90},"east":{"uv":[13.0,1.0,13.5,0.0],"texture":"#0","rotation":270},"south":{"uv":[13.0,2.0,13.5,1.0],"texture":"#0","rotation":90},"west":{"uv":[13.5,1.0,14.0,0.0],"texture":"#0","rotation":90},"up":{"uv":[15.0,0.0,14.0,1.0],"texture":"#0"},"down":{"uv":[15.0,1.0,14.0,2.0],"texture":"#0","rotation":180}}},{"from":[4.0,-6.875,8.0],"to":[4.0,-2.875,11.0],"rotation":{"origin":[4.0,-6.25,9.5],"axis":"y","angle":0.0},"faces":{"north":{"uv":[0.0,0.0,0.0,8.0],"texture":"#1"},"east":{"uv":[0.0,0.0,6.0,8.0],"texture":"#1"},"south":{"uv":[0.0,0.0,0.0,8.0],"texture":"#1"},"west":{"uv":[6.0,0.0,12.0,8.0],"texture":"#1"},"up":{"uv":[0.0,6.0,0.0,0.0],"texture":"#1"},"down":{"uv":[0.0,0.0,0.0,6.0],"texture":"#1"}}},{"from":[2.5,-6.875,9.5],"to":[5.5,-2.875,9.5],"rotation":{"origin":[4.0,-6.25,9.5],"axis":"y","angle":0.0},"faces":{"north":{"uv":[12.0,0.0,6.0,8.0],"texture":"#1"},"east":{"uv":[0.0,0.0,0.0,8.0],"texture":"#1"},"south":{"uv":[6.0,0.0,0.0,8.0],"texture":"#1"},"west":{"uv":[0.0,0.0,0.0,8.0],"texture":"#1"},"up":{"uv":[0.0,0.0,0.0,6.0],"texture":"#1","rotation":90},"down":{"uv":[0.0,6.0,0.0,0.0],"texture":"#1","rotation":270}}},{"from":[12.0,-6.875,8.0],"to":[12.0,-2.875,11.0],"rotation":{"origin":[12.0,-6.25,9.5],"axis":"y","angle":0.0},"faces":{"north":{"uv":[0.0,0.0,0.0,8.0],"texture":"#1"},"east":{"uv":[12.0,0.0,6.0,8.0],"texture":"#1"},"south":{"uv":[0.0,0.0,0.0,8.0],"texture":"#1"},"west":{"uv":[6.0,0.0,0.0,8.0],"texture":"#1"},"up":{"uv":[0.0,6.0,0.0,0.0],"texture":"#1"},"down":{"uv":[0.0,0.0,0.0,6.0],"texture":"#1"}}},{"from":[10.5,-6.875,9.5],"to":[13.5,-2.875,9.5],"rotation":{"origin":[12.0,-6.25,9.5],"axis":"y","angle":0.0},"faces":{"north":{"uv":[6.0,0.0,12.0,8.0],"texture":"#1"},"east":{"uv":[0.0,0.0,0.0,8.0],"texture":"#1"},"south":{"uv":[0.0,0.0,6.0,8.0],"texture":"#1"},"west":{"uv":[0.0,0.0,0.0,8.0],"texture":"#1"},"up":{"uv":[0.0,6.0,0.0,0.0],"texture":"#1","rotation":90},"down":{"uv":[0.0,0.0,0.0,6.0],"texture":"#1","rotation":270}}},{"from":[4.5,-15.125,9.875],"to":[11.5,-6.875,9.875],"rotation":{"origin":[6.0,-7.875,9.875],"axis":"x","angle":-22.5},"faces":{"north":{"uv":[3.5,0.0,7.0,4.25],"texture":"#2"},"east":{"uv":[0.0,0.0,0.0,4.25],"texture":"#2"},"south":{"uv":[3.5,0.0,7.0,4.25],"texture":"#2"},"west":{"uv":[0.0,0.0,0.0,4.25],"texture":"#2"},"up":{"uv":[3.5,0.0,0.0,0.0],"texture":"#2"},"down":{"uv":[3.5,0.0,0.0,0.0],"texture":"#2"}}},{"from":[4.5,-15.125,8.375],"to":[4.5,-6.875,9.875],"rotation":{"origin":[6.0,-7.875,9.875],"axis":"x","angle":-22.5},"faces":{"north":{"uv":[0.0,0.0,0.0,4.25],"texture":"#2"},"east":{"uv":[0.0,4.25,0.75,8.5],"texture":"#2"},"south":{"uv":[0.0,0.0,0.0,4.25],"texture":"#2"},"west":{"uv":[0.75,4.25,1.5,8.5],"texture":"#2"},"up":{"uv":[0.0,0.75,0.0,0.0],"texture":"#2"},"down":{"uv":[0.0,0.0,0.0,0.75],"texture":"#2"}}},{"from":[11.5,-15.125,8.375],"to":[11.5,-6.875,9.875],"rotation":{"origin":[10.0,-7.875,9.875],"axis":"x","angle":-22.5},"faces":{"north":{"uv":[0.0,0.0,0.0,4.25],"texture":"#2"},"east":{"uv":[1.5,4.25,0.75,8.5],"texture":"#2"},"south":{"uv":[0.0,0.0,0.0,4.25],"texture":"#2"},"west":{"uv":[0.75,4.25,0.0,8.5],"texture":"#2"},"up":{"uv":[0.0,0.75,0.0,0.0],"texture":"#2"},"down":{"uv":[0.0,0.0,0.0,0.75],"texture":"#2"}}}],"textures":{"particle":"cosmetic_packv7/fire_backpack","0":"cosmetic_packv7/fire_backpack","1":"cosmetic_packv7/fire_animation","2":"cosmetic_packv7/fire_cape"}}