{"display":{"gui":{"translation":[0.0,1.0,0.0],"scale":[0.84375,0.84375,0.84375]},"head":{"translation":[0.0,-61.5,-0.75],"scale":[1.7,1.7,1.7]}},"elements":[{"from":[0.0,0.0,0.0],"to":[16.0,10.0,16.0],"faces":{"north":{"uv":[4.25,3.0,6.25,4.25],"texture":"#0"},"east":{"uv":[4.25,4.25,6.25,5.5],"texture":"#0"},"south":{"uv":[2.125,5.5,4.125,6.75],"texture":"#0"},"west":{"uv":[4.125,5.5,6.125,6.75],"texture":"#0"},"up":{"uv":[4.125,2.0,2.125,0.0],"texture":"#0"},"down":{"uv":[4.125,2.0,2.125,4.0],"texture":"#0"}}},{"from":[-0.5,10.0,-1.0],"to":[16.5,12.0,-1.0],"rotation":{"origin":[0.5,2.0,-1.0],"axis":"y","angle":0.0},"faces":{"north":{"uv":[6.25,5.0,8.375,5.25],"texture":"#0"},"east":{"uv":[0.0,0.0,0.0,0.25],"texture":"#0"},"south":{"uv":[6.25,5.25,8.375,5.5],"texture":"#0"},"west":{"uv":[0.0,0.0,0.0,0.25],"texture":"#0"},"up":{"uv":[2.125,0.0,0.0,0.0],"texture":"#0"},"down":{"uv":[2.125,0.0,0.0,0.0],"texture":"#0"}}},{"from":[-0.5,10.0,17.0],"to":[16.5,12.0,17.0],"rotation":{"origin":[0.5,2.0,17.0],"axis":"y","angle":0.0},"faces":{"north":{"uv":[3.625,6.75,5.75,7.0],"texture":"#0"},"east":{"uv":[0.0,0.0,0.0,0.25],"texture":"#0"},"south":{"uv":[3.625,7.0,5.75,7.25],"texture":"#0"},"west":{"uv":[0.0,0.0,0.0,0.25],"texture":"#0"},"up":{"uv":[2.125,0.0,0.0,0.0],"texture":"#0"},"down":{"uv":[2.125,0.0,0.0,0.0],"texture":"#0"}}},{"from":[-0.5,10.0,-1.0],"to":[-0.5,12.0,17.0],"rotation":{"origin":[0.5,2.0,-1.0],"axis":"y","angle":0.0},"faces":{"north":{"uv":[0.0,0.0,0.0,0.25],"texture":"#0"},"east":{"uv":[6.25,4.5,8.5,4.75],"texture":"#0"},"south":{"uv":[0.0,0.0,0.0,0.25],"texture":"#0"},"west":{"uv":[6.25,4.75,8.5,5.0],"texture":"#0"},"up":{"uv":[0.0,2.25,0.0,0.0],"texture":"#0"},"down":{"uv":[0.0,0.0,0.0,2.25],"texture":"#0"}}},{"from":[16.5,10.0,-1.0],"to":[16.5,12.0,17.0],"rotation":{"origin":[15.5,2.0,-1.0],"axis":"y","angle":0.0},"faces":{"north":{"uv":[0.0,0.0,0.0,0.25],"texture":"#0"},"east":{"uv":[8.5,4.75,6.25,5.0],"texture":"#0"},"south":{"uv":[0.0,0.0,0.0,0.25],"texture":"#0"},"west":{"uv":[8.5,4.5,6.25,4.75],"texture":"#0"},"up":{"uv":[0.0,2.25,0.0,0.0],"texture":"#0"},"down":{"uv":[0.0,0.0,0.0,2.25],"texture":"#0"}}},{"from":[-0.5,12.0,-1.0],"to":[16.5,12.0,0.0],"rotation":{"origin":[0.5,2.0,-1.0],"axis":"y","angle":0.0},"faces":{"north":{"uv":[0.0,0.0,2.125,0.0],"texture":"#0"},"east":{"uv":[0.0,0.0,0.125,0.0],"texture":"#0"},"south":{"uv":[0.0,0.0,2.125,0.0],"texture":"#0"},"west":{"uv":[0.0,0.0,0.125,0.0],"texture":"#0"},"up":{"uv":[5.75,7.375,3.625,7.25],"texture":"#0"},"down":{"uv":[5.75,7.375,3.625,7.5],"texture":"#0"}}},{"from":[-0.5,12.0,16.0],"to":[16.5,12.0,17.0],"rotation":{"origin":[0.5,2.0,17.0],"axis":"y","angle":0.0},"faces":{"north":{"uv":[2.125,0.0,0.0,0.0],"texture":"#0"},"east":{"uv":[0.125,0.0,0.0,0.0],"texture":"#0"},"south":{"uv":[2.125,0.0,0.0,0.0],"texture":"#0"},"west":{"uv":[0.125,0.0,0.0,0.0],"texture":"#0"},"up":{"uv":[5.75,7.25,3.625,7.375],"texture":"#0"},"down":{"uv":[5.75,7.5,3.625,7.375],"texture":"#0"}}},{"from":[-0.5,12.0,0.0],"to":[0.5,12.0,16.0],"rotation":{"origin":[0.5,2.0,-1.0],"axis":"y","angle":0.0},"faces":{"north":{"uv":[0.0,0.0,0.125,0.0],"texture":"#0"},"east":{"uv":[0.0,0.0,2.0,0.0],"texture":"#0"},"south":{"uv":[0.0,0.0,0.125,0.0],"texture":"#0"},"west":{"uv":[0.0,0.0,2.0,0.0],"texture":"#0"},"up":{"uv":[5.875,8.75,5.75,6.75],"texture":"#0"},"down":{"uv":[6.0,6.75,5.875,8.75],"texture":"#0"}}},{"from":[15.5,12.0,0.0],"to":[16.5,12.0,16.0],"rotation":{"origin":[15.5,2.0,-1.0],"axis":"y","angle":0.0},"faces":{"north":{"uv":[0.125,0.0,0.0,0.0],"texture":"#0"},"east":{"uv":[2.0,0.0,0.0,0.0],"texture":"#0"},"south":{"uv":[0.125,0.0,0.0,0.0],"texture":"#0"},"west":{"uv":[2.0,0.0,0.0,0.0],"texture":"#0"},"up":{"uv":[5.75,8.75,5.875,6.75],"texture":"#0"},"down":{"uv":[5.875,6.75,6.0,8.75],"texture":"#0"}}},{"from":[0.5,1.0,-0.25],"to":[15.5,10.0,-0.25],"rotation":{"origin":[-0.5,1.0,-0.25],"axis":"y","angle":0.0},"faces":{"north":{"uv":[0.0,5.75,1.875,6.875],"texture":"#0"},"east":{"uv":[0.0,0.0,0.0,1.125],"texture":"#0"},"south":{"uv":[6.125,5.5,8.0,6.625],"texture":"#0"},"west":{"uv":[0.0,0.0,0.0,1.125],"texture":"#0"},"up":{"uv":[1.875,0.0,0.0,0.0],"texture":"#0"},"down":{"uv":[1.875,0.0,0.0,0.0],"texture":"#0"}}},{"from":[0.5,1.0,16.0],"to":[15.5,10.0,16.0],"rotation":{"origin":[-0.5,1.0,16.0],"axis":"y","angle":0.0},"faces":{"north":{"uv":[6.25,0.0,8.125,1.125],"texture":"#0"},"east":{"uv":[0.0,0.0,0.0,1.125],"texture":"#0"},"south":{"uv":[6.25,1.125,8.125,2.25],"texture":"#0"},"west":{"uv":[0.0,0.0,0.0,1.125],"texture":"#0"},"up":{"uv":[1.875,0.0,0.0,0.0],"texture":"#0"},"down":{"uv":[1.875,0.0,0.0,0.0],"texture":"#0"}}},{"from":[-0.25,1.0,1.0],"to":[-0.25,10.0,15.0],"rotation":{"origin":[-1.25,1.0,15.0],"axis":"y","angle":0.0},"faces":{"north":{"uv":[0.0,0.0,0.0,1.125],"texture":"#0"},"east":{"uv":[6.25,2.25,8.0,3.375],"texture":"#0"},"south":{"uv":[0.0,0.0,0.0,1.125],"texture":"#0"},"west":{"uv":[6.25,3.375,8.0,4.5],"texture":"#0"},"up":{"uv":[0.0,1.75,0.0,0.0],"texture":"#0"},"down":{"uv":[0.0,0.0,0.0,1.75],"texture":"#0"}}},{"from":[16.0,1.0,1.0],"to":[16.0,10.0,15.0],"rotation":{"origin":[17.0,1.0,15.0],"axis":"y","angle":0.0},"faces":{"north":{"uv":[0.0,0.0,0.0,1.125],"texture":"#0"},"east":{"uv":[6.125,6.625,7.875,7.75],"texture":"#0"},"south":{"uv":[0.0,0.0,0.0,1.125],"texture":"#0"},"west":{"uv":[1.875,6.75,3.625,7.875],"texture":"#0"},"up":{"uv":[0.0,1.75,0.0,0.0],"texture":"#0"},"down":{"uv":[0.0,0.0,0.0,1.75],"texture":"#0"}}},{"from":[16.3,11.3,16.3],"to":[-0.3,-0.3,-0.3],"faces":{"north":{"uv":[2.125,4.0,4.25,5.5],"texture":"#0"},"east":{"uv":[4.125,0.0,6.25,1.5],"texture":"#0"},"south":{"uv":[4.125,1.5,6.25,3.0],"texture":"#0"},"west":{"uv":[0.0,4.25,2.125,5.75],"texture":"#0"},"up":{"uv":[2.125,2.125,0.0,0.0],"texture":"#0"},"down":{"uv":[2.125,2.125,0.0,4.25],"texture":"#0"}}}],"textures":{"particle":"cosmetic_packv7/summer_backpack","0":"cosmetic_packv7/summer_backpack"},"gui_light":"front"}