{"display":{"gui":{"translation":[0.0,1.0,0.0],"scale":[0.84375,0.84375,0.84375]},"head":{"translation":[0.0,-62.75,-0.75],"scale":[3.4,3.4,3.4]}},"elements":[{"from":[4.0,-15.0,4.0],"to":[12.0,-10.0,12.0],"rotation":{"origin":[4.0,-15.0,4.0],"axis":"y","angle":0.0},"faces":{"north":{"uv":[4.25,3.0,6.25,4.25],"texture":"#0"},"east":{"uv":[4.25,4.25,6.25,5.5],"texture":"#0"},"south":{"uv":[2.125,5.5,4.125,6.75],"texture":"#0"},"west":{"uv":[4.125,5.5,6.125,6.75],"texture":"#0"},"up":{"uv":[4.125,2.0,2.125,0.0],"texture":"#0"},"down":{"uv":[4.125,2.0,2.125,4.0],"texture":"#0"}}},{"from":[3.75,-10.0,3.5],"to":[12.25,-9.0,3.5],"rotation":{"origin":[4.25,-14.0,3.5],"axis":"y","angle":0.0},"faces":{"north":{"uv":[6.25,5.0,8.375,5.25],"texture":"#0"},"east":{"uv":[0.0,0.0,0.0,0.25],"texture":"#0"},"south":{"uv":[6.25,5.25,8.375,5.5],"texture":"#0"},"west":{"uv":[0.0,0.0,0.0,0.25],"texture":"#0"},"up":{"uv":[2.125,0.0,0.0,0.0],"texture":"#0"},"down":{"uv":[2.125,0.0,0.0,0.0],"texture":"#0"}}},{"from":[3.75,-10.0,12.5],"to":[12.25,-9.0,12.5],"rotation":{"origin":[4.25,-14.0,12.5],"axis":"y","angle":0.0},"faces":{"north":{"uv":[3.625,6.75,5.75,7.0],"texture":"#0"},"east":{"uv":[0.0,0.0,0.0,0.25],"texture":"#0"},"south":{"uv":[3.625,7.0,5.75,7.25],"texture":"#0"},"west":{"uv":[0.0,0.0,0.0,0.25],"texture":"#0"},"up":{"uv":[2.125,0.0,0.0,0.0],"texture":"#0"},"down":{"uv":[2.125,0.0,0.0,0.0],"texture":"#0"}}},{"from":[3.75,-10.0,3.5],"to":[3.75,-9.0,12.5],"rotation":{"origin":[4.25,-14.0,3.5],"axis":"y","angle":0.0},"faces":{"north":{"uv":[0.0,0.0,0.0,0.25],"texture":"#0"},"east":{"uv":[6.25,4.5,8.5,4.75],"texture":"#0"},"south":{"uv":[0.0,0.0,0.0,0.25],"texture":"#0"},"west":{"uv":[6.25,4.75,8.5,5.0],"texture":"#0"},"up":{"uv":[0.0,2.25,0.0,0.0],"texture":"#0"},"down":{"uv":[0.0,0.0,0.0,2.25],"texture":"#0"}}},{"from":[12.25,-10.0,3.5],"to":[12.25,-9.0,12.5],"rotation":{"origin":[11.75,-14.0,3.5],"axis":"y","angle":0.0},"faces":{"north":{"uv":[0.0,0.0,0.0,0.25],"texture":"#0"},"east":{"uv":[8.5,4.75,6.25,5.0],"texture":"#0"},"south":{"uv":[0.0,0.0,0.0,0.25],"texture":"#0"},"west":{"uv":[8.5,4.5,6.25,4.75],"texture":"#0"},"up":{"uv":[0.0,2.25,0.0,0.0],"texture":"#0"},"down":{"uv":[0.0,0.0,0.0,2.25],"texture":"#0"}}},{"from":[3.75,-9.0,3.5],"to":[12.25,-9.0,4.0],"rotation":{"origin":[4.25,-14.0,3.5],"axis":"y","angle":0.0},"faces":{"north":{"uv":[0.0,0.0,2.125,0.0],"texture":"#0"},"east":{"uv":[0.0,0.0,0.125,0.0],"texture":"#0"},"south":{"uv":[0.0,0.0,2.125,0.0],"texture":"#0"},"west":{"uv":[0.0,0.0,0.125,0.0],"texture":"#0"},"up":{"uv":[5.75,7.375,3.625,7.25],"texture":"#0"},"down":{"uv":[5.75,7.375,3.625,7.5],"texture":"#0"}}},{"from":[3.75,-9.0,12.0],"to":[12.25,-9.0,12.5],"rotation":{"origin":[4.25,-14.0,12.5],"axis":"y","angle":0.0},"faces":{"north":{"uv":[2.125,0.0,0.0,0.0],"texture":"#0"},"east":{"uv":[0.125,0.0,0.0,0.0],"texture":"#0"},"south":{"uv":[2.125,0.0,0.0,0.0],"texture":"#0"},"west":{"uv":[0.125,0.0,0.0,0.0],"texture":"#0"},"up":{"uv":[5.75,7.25,3.625,7.375],"texture":"#0"},"down":{"uv":[5.75,7.5,3.625,7.375],"texture":"#0"}}},{"from":[3.75,-9.0,4.0],"to":[4.25,-9.0,12.0],"rotation":{"origin":[4.25,-14.0,3.5],"axis":"y","angle":0.0},"faces":{"north":{"uv":[0.0,0.0,0.125,0.0],"texture":"#0"},"east":{"uv":[0.0,0.0,2.0,0.0],"texture":"#0"},"south":{"uv":[0.0,0.0,0.125,0.0],"texture":"#0"},"west":{"uv":[0.0,0.0,2.0,0.0],"texture":"#0"},"up":{"uv":[5.875,8.75,5.75,6.75],"texture":"#0"},"down":{"uv":[6.0,6.75,5.875,8.75],"texture":"#0"}}},{"from":[11.75,-9.0,4.0],"to":[12.25,-9.0,12.0],"rotation":{"origin":[11.75,-14.0,3.5],"axis":"y","angle":0.0},"faces":{"north":{"uv":[0.125,0.0,0.0,0.0],"texture":"#0"},"east":{"uv":[2.0,0.0,0.0,0.0],"texture":"#0"},"south":{"uv":[0.125,0.0,0.0,0.0],"texture":"#0"},"west":{"uv":[2.0,0.0,0.0,0.0],"texture":"#0"},"up":{"uv":[5.75,8.75,5.875,6.75],"texture":"#0"},"down":{"uv":[5.875,6.75,6.0,8.75],"texture":"#0"}}},{"from":[4.25,-14.5,3.875],"to":[11.75,-10.0,3.875],"rotation":{"origin":[3.75,-14.5,3.875],"axis":"y","angle":0.0},"faces":{"north":{"uv":[0.0,5.75,1.875,6.875],"texture":"#0"},"east":{"uv":[0.0,0.0,0.0,1.125],"texture":"#0"},"south":{"uv":[6.125,5.5,8.0,6.625],"texture":"#0"},"west":{"uv":[0.0,0.0,0.0,1.125],"texture":"#0"},"up":{"uv":[1.875,0.0,0.0,0.0],"texture":"#0"},"down":{"uv":[1.875,0.0,0.0,0.0],"texture":"#0"}}},{"from":[4.25,-14.5,12.0],"to":[11.75,-10.0,12.0],"rotation":{"origin":[3.75,-14.5,12.0],"axis":"y","angle":0.0},"faces":{"north":{"uv":[6.25,0.0,8.125,1.125],"texture":"#0"},"east":{"uv":[0.0,0.0,0.0,1.125],"texture":"#0"},"south":{"uv":[6.25,1.125,8.125,2.25],"texture":"#0"},"west":{"uv":[0.0,0.0,0.0,1.125],"texture":"#0"},"up":{"uv":[1.875,0.0,0.0,0.0],"texture":"#0"},"down":{"uv":[1.875,0.0,0.0,0.0],"texture":"#0"}}},{"from":[3.875,-14.5,4.5],"to":[3.875,-10.0,11.5],"rotation":{"origin":[3.375,-14.5,11.5],"axis":"y","angle":0.0},"faces":{"north":{"uv":[0.0,0.0,0.0,1.125],"texture":"#0"},"east":{"uv":[6.25,2.25,8.0,3.375],"texture":"#0"},"south":{"uv":[0.0,0.0,0.0,1.125],"texture":"#0"},"west":{"uv":[6.25,3.375,8.0,4.5],"texture":"#0"},"up":{"uv":[0.0,1.75,0.0,0.0],"texture":"#0"},"down":{"uv":[0.0,0.0,0.0,1.75],"texture":"#0"}}},{"from":[12.0,-14.5,4.5],"to":[12.0,-10.0,11.5],"rotation":{"origin":[12.5,-14.5,11.5],"axis":"y","angle":0.0},"faces":{"north":{"uv":[0.0,0.0,0.0,1.125],"texture":"#0"},"east":{"uv":[6.125,6.625,7.875,7.75],"texture":"#0"},"south":{"uv":[0.0,0.0,0.0,1.125],"texture":"#0"},"west":{"uv":[1.875,6.75,3.625,7.875],"texture":"#0"},"up":{"uv":[0.0,1.75,0.0,0.0],"texture":"#0"},"down":{"uv":[0.0,0.0,0.0,1.75],"texture":"#0"}}},{"from":[12.15,-9.35,12.15],"to":[3.85,-15.15,3.85],"rotation":{"origin":[4.0,-15.0,4.0],"axis":"y","angle":0.0},"faces":{"north":{"uv":[2.125,4.0,4.25,5.5],"texture":"#0"},"east":{"uv":[4.125,0.0,6.25,1.5],"texture":"#0"},"south":{"uv":[4.125,1.5,6.25,3.0],"texture":"#0"},"west":{"uv":[0.0,4.25,2.125,5.75],"texture":"#0"},"up":{"uv":[2.125,2.125,0.0,0.0],"texture":"#0"},"down":{"uv":[2.125,2.125,0.0,4.25],"texture":"#0"}}}],"textures":{"particle":"cosmetic_packv7/summer_backpack","0":"cosmetic_packv7/summer_backpack"},"gui_light":"front"}