{"display":{"thirdperson_righthand":{"rotation":[58.0,0.0,0.0],"translation":[0.0,5.25,6.0]},"thirdperson_lefthand":{"rotation":[58.0,0.0,0.0],"translation":[0.0,5.25,6.0]},"firstperson_righthand":{"translation":[0.0,7.5,0.0]},"firstperson_lefthand":{"translation":[0.0,7.5,0.0]},"gui":{"rotation":[26.0,-38.25,0.0],"translation":[0.0,5.0,0.0],"scale":[1.125,1.125,1.125]}},"elements":[{"from":[5.5,0.0,5.25],"to":[10.5,5.0,10.25],"rotation":{"origin":[5.5,0.0,5.25],"axis":"y","angle":0.0},"faces":{"north":{"uv":[0.0,0.0,2.5,2.5],"texture":"#0"},"east":{"uv":[0.0,2.5,2.5,5.0],"texture":"#0"},"south":{"uv":[2.5,0.0,5.0,2.5],"texture":"#0"},"west":{"uv":[2.5,2.5,5.0,5.0],"texture":"#0"},"up":{"uv":[2.5,7.5,0.0,5.0],"texture":"#0"},"down":{"uv":[7.5,0.0,5.0,2.5],"texture":"#0"}}},{"from":[5.3,-0.2,5.05],"to":[10.7,5.2,10.45],"rotation":{"origin":[5.5,0.0,5.25],"axis":"y","angle":0.0},"faces":{"north":{"uv":[2.5,5.0,5.0,7.5],"texture":"#0"},"east":{"uv":[5.0,2.5,7.5,5.0],"texture":"#0"},"south":{"uv":[5.0,5.0,7.5,7.5],"texture":"#0"},"west":{"uv":[0.0,7.5,2.5,10.0],"texture":"#0"},"up":{"uv":[10.0,2.5,7.5,0.0],"texture":"#0"},"down":{"uv":[5.0,7.5,2.5,10.0],"texture":"#0"}}},{"from":[7.5,5.0,8.0],"to":[8.5,8.0,9.0],"rotation":{"origin":[7.5,5.0,8.0],"axis":"x","angle":22.5},"faces":{"north":{"uv":[7.5,2.5,8.0,4.0],"texture":"#0"},"east":{"uv":[7.5,4.0,8.0,5.5],"texture":"#0"},"south":{"uv":[5.0,7.5,5.5,9.0],"texture":"#0"},"west":{"uv":[5.5,7.5,6.0,9.0],"texture":"#0"},"up":{"uv":[8.0,6.0,7.5,5.5],"texture":"#0"},"down":{"uv":[6.5,7.5,6.0,8.0],"texture":"#0"}}}],"textures":{"particle":"cosmetic_packv7/summer_hand","0":"cosmetic_packv7/summer_hand"},"gui_light":"front"}