{
	"credit": "By EliteCreatures",
	"parent": "elitecreatures/collectibles_v1_32x/collectibles",
	"texture_size": [64, 64],
	"textures": {
		"0": "elitecreatures/collectibles_v1_32x/lovely_ladybugs_inside_32",
		"2": "elitecreatures/collectibles_v1_32x/collectibles_package",
		"particle": "elitecreatures/collectibles_v1_32x/collectibles_package"
	},
	"elements": [
		{
			"from": [4.75, 3.75, 2.5],
			"to": [11.25, 10.25, 8.5],
			"rotation": {"angle": 0, "axis": "y", "origin": [8, 7, 5.5]},
			"faces": {
				"north": {"uv": [1.75, 3.75, 3.375, 5.375], "texture": "#0"},
				"east": {"uv": [5, 2, 6.5, 3.625], "texture": "#0"},
				"south": {"uv": [3.5, 3.75, 5.125, 5.375], "texture": "#0"},
				"west": {"uv": [5.25, 0, 6.75, 1.625], "texture": "#0"},
				"up": {"uv": [6.875, 5.25, 5.25, 3.75], "texture": "#0"},
				"down": {"uv": [6.875, 5.25, 5.25, 6.75], "texture": "#0"}
			}
		},
		{
			"from": [5.75, 9.7463, 4.59504],
			"to": [6.25, 13.7463, 5.09504],
			"rotation": {"angle": 0, "axis": "y", "origin": [6, 13.88062, 4.36488]},
			"faces": {
				"north": {"uv": [1.5, 5.75, 1.625, 6.75], "texture": "#0"},
				"east": {"uv": [7.5, 3.5, 7.625, 4.5], "texture": "#0"},
				"south": {"uv": [4.25, 7.5, 4.375, 8.5], "texture": "#0"},
				"west": {"uv": [4.5, 7.5, 4.625, 8.5], "texture": "#0"},
				"up": {"uv": [5.375, 1.875, 5.25, 1.75], "texture": "#0"},
				"down": {"uv": [5.625, 1.75, 5.5, 1.875], "texture": "#0"}
			}
		},
		{
			"from": [5.75, 13.4771, 4.48805],
			"to": [6.25, 15.4771, 4.98805],
			"rotation": {"angle": -22.5, "axis": "x", "origin": [6, 13.88062, 4.36488]},
			"faces": {
				"north": {"uv": [7.5, 4.5, 7.625, 5], "texture": "#0"},
				"east": {"uv": [4.75, 7.5, 4.875, 8], "texture": "#0"},
				"south": {"uv": [5, 7.5, 5.125, 8], "texture": "#0"},
				"west": {"uv": [7.5, 5, 7.625, 5.5], "texture": "#0"},
				"up": {"uv": [5.875, 1.875, 5.75, 1.75], "texture": "#0"},
				"down": {"uv": [6.125, 1.75, 6, 1.875], "texture": "#0"}
			}
		},
		{
			"from": [5.25, 14.76934, 4.3862],
			"to": [6.75, 17.01934, 5.8862],
			"rotation": {"angle": -45, "axis": "x", "origin": [6, 13.88062, 4.36488]},
			"faces": {
				"north": {"uv": [7, 3.75, 7.375, 4.375], "texture": "#0"},
				"east": {"uv": [7, 4.5, 7.375, 5.125], "texture": "#0"},
				"south": {"uv": [7, 5.25, 7.375, 5.875], "texture": "#0"},
				"west": {"uv": [7, 6, 7.375, 6.625], "texture": "#0"},
				"up": {"uv": [7.625, 7.625, 7.25, 7.25], "texture": "#0"},
				"down": {"uv": [7.875, 3, 7.5, 3.375], "texture": "#0"}
			}
		},
		{
			"from": [4.75, 2.25, 6.5],
			"to": [11.25, 6.75, 13.75],
			"rotation": {"angle": 22.5, "axis": "x", "origin": [8, 4.5, 9.5]},
			"faces": {
				"north": {"uv": [6.75, 0, 8.375, 1.125], "texture": "#0"},
				"east": {"uv": [6.5, 1.75, 8.375, 2.875], "texture": "#0"},
				"south": {"uv": [2, 6.75, 3.625, 7.875], "texture": "#0"},
				"west": {"uv": [0, 6.75, 1.875, 7.875], "texture": "#0"},
				"up": {"uv": [5.125, 1.875, 3.5, 0], "texture": "#0"},
				"down": {"uv": [1.625, 3.75, 0, 5.625], "texture": "#0"}
			}
		},
		{
			"from": [3.87881, 0.10519, 5.1],
			"to": [5.87881, 3.85519, 6.6],
			"rotation": {"angle": 0, "axis": "y", "origin": [4.77881, 1.48019, 6.25]},
			"faces": {
				"north": {"uv": [0, 5.75, 0.5, 6.75], "texture": "#0"},
				"east": {"uv": [1, 5.75, 1.375, 6.75], "texture": "#0"},
				"south": {"uv": [0.5, 5.75, 1, 6.75], "texture": "#0"},
				"west": {"uv": [3.75, 6.75, 4.125, 7.75], "texture": "#0"},
				"up": {"uv": [4, 2.375, 3.5, 2], "texture": "#0"},
				"down": {"uv": [4.5, 2, 4, 2.375], "texture": "#0"}
			}
		},
		{
			"from": [3.43313, 0.21116, 8],
			"to": [5.43313, 2.71116, 9.5],
			"rotation": {"angle": -22.5, "axis": "z", "origin": [4.68313, 1.83616, 10.25]},
			"faces": {
				"north": {"uv": [4.75, 6.75, 5.25, 7.375], "texture": "#0"},
				"east": {"uv": [6.75, 6.75, 7.125, 7.375], "texture": "#0"},
				"south": {"uv": [5.25, 6.75, 5.75, 7.375], "texture": "#0"},
				"west": {"uv": [7, 3, 7.375, 3.625], "texture": "#0"},
				"up": {"uv": [5, 2.375, 4.5, 2], "texture": "#0"},
				"down": {"uv": [7.25, 1.25, 6.75, 1.625], "texture": "#0"}
			}
		},
		{
			"from": [3.40433, 0.31634, 11.25],
			"to": [5.40433, 3.31634, 12.75],
			"rotation": {"angle": -45, "axis": "z", "origin": [4.40433, 1.81634, 12.75]},
			"faces": {
				"north": {"uv": [6.5, 3, 7, 3.75], "texture": "#0"},
				"east": {"uv": [5.75, 6.75, 6.125, 7.5], "texture": "#0"},
				"south": {"uv": [4.25, 6.75, 4.75, 7.5], "texture": "#0"},
				"west": {"uv": [6.25, 6.75, 6.625, 7.5], "texture": "#0"},
				"up": {"uv": [7.75, 1.625, 7.25, 1.25], "texture": "#0"},
				"down": {"uv": [7.75, 6.75, 7.25, 7.125], "texture": "#0"}
			}
		},
		{
			"from": [1.498, 3.748, 4.498],
			"to": [8.502, 8.752, 14.502],
			"rotation": {"angle": 22.5, "axis": "z", "origin": [5.375, 6.25, 9.5]},
			"faces": {
				"north": {"uv": [1.75, 5.5, 3.5, 6.75], "texture": "#0"},
				"east": {"uv": [0, 2.5, 2.5, 3.75], "texture": "#0"},
				"south": {"uv": [3.5, 5.5, 5.25, 6.75], "texture": "#0"},
				"west": {"uv": [2.5, 2.5, 5, 3.75], "texture": "#0"},
				"up": {"uv": [1.75, 2.5, 0, 0], "texture": "#0"},
				"down": {"uv": [3.5, 0, 1.75, 2.5], "texture": "#0"}
			}
		},
		{
			"from": [9.25, 14.76934, 4.3862],
			"to": [10.75, 17.01934, 5.8862],
			"rotation": {"angle": -45, "axis": "x", "origin": [10, 13.88062, 4.36488]},
			"faces": {
				"north": {"uv": [7.375, 3.75, 7, 4.375], "texture": "#0"},
				"east": {"uv": [7.375, 6, 7, 6.625], "texture": "#0"},
				"south": {"uv": [7.375, 5.25, 7, 5.875], "texture": "#0"},
				"west": {"uv": [7.375, 4.5, 7, 5.125], "texture": "#0"},
				"up": {"uv": [7.25, 7.625, 7.625, 7.25], "texture": "#0"},
				"down": {"uv": [7.5, 3, 7.875, 3.375], "texture": "#0"}
			}
		},
		{
			"from": [9.75, 13.4771, 4.48805],
			"to": [10.25, 15.4771, 4.98805],
			"rotation": {"angle": -22.5, "axis": "x", "origin": [10, 13.88062, 4.36488]},
			"faces": {
				"north": {"uv": [7.625, 4.5, 7.5, 5], "texture": "#0"},
				"east": {"uv": [7.625, 5, 7.5, 5.5], "texture": "#0"},
				"south": {"uv": [5.125, 7.5, 5, 8], "texture": "#0"},
				"west": {"uv": [4.875, 7.5, 4.75, 8], "texture": "#0"},
				"up": {"uv": [5.75, 1.875, 5.875, 1.75], "texture": "#0"},
				"down": {"uv": [6, 1.75, 6.125, 1.875], "texture": "#0"}
			}
		},
		{
			"from": [9.75, 9.7463, 4.59504],
			"to": [10.25, 13.7463, 5.09504],
			"rotation": {"angle": 0, "axis": "y", "origin": [10, 13.88062, 4.36488]},
			"faces": {
				"north": {"uv": [1.625, 5.75, 1.5, 6.75], "texture": "#0"},
				"east": {"uv": [4.625, 7.5, 4.5, 8.5], "texture": "#0"},
				"south": {"uv": [4.375, 7.5, 4.25, 8.5], "texture": "#0"},
				"west": {"uv": [7.625, 3.5, 7.5, 4.5], "texture": "#0"},
				"up": {"uv": [5.25, 1.875, 5.375, 1.75], "texture": "#0"},
				"down": {"uv": [5.5, 1.75, 5.625, 1.875], "texture": "#0"}
			}
		},
		{
			"from": [7.5, 3.75, 4.5],
			"to": [14.5, 8.75, 14.5],
			"rotation": {"angle": -22.5, "axis": "z", "origin": [10.625, 6.25, 9.5]},
			"faces": {
				"north": {"uv": [3.5, 5.5, 1.75, 6.75], "texture": "#0"},
				"east": {"uv": [5, 2.5, 2.5, 3.75], "texture": "#0"},
				"south": {"uv": [5.25, 5.5, 3.5, 6.75], "texture": "#0"},
				"west": {"uv": [2.5, 2.5, 0, 3.75], "texture": "#0"},
				"up": {"uv": [0, 2.5, 1.75, 0], "texture": "#0"},
				"down": {"uv": [1.75, 0, 3.5, 2.5], "texture": "#0"}
			}
		},
		{
			"from": [10.59567, 0.31634, 11.25],
			"to": [12.59567, 3.31634, 12.75],
			"rotation": {"angle": 45, "axis": "z", "origin": [11.59567, 1.81634, 12.75]},
			"faces": {
				"north": {"uv": [7, 3, 6.5, 3.75], "texture": "#0"},
				"east": {"uv": [6.625, 6.75, 6.25, 7.5], "texture": "#0"},
				"south": {"uv": [4.75, 6.75, 4.25, 7.5], "texture": "#0"},
				"west": {"uv": [6.125, 6.75, 5.75, 7.5], "texture": "#0"},
				"up": {"uv": [7.25, 1.625, 7.75, 1.25], "texture": "#0"},
				"down": {"uv": [7.25, 6.75, 7.75, 7.125], "texture": "#0"}
			}
		},
		{
			"from": [10.56687, 0.21116, 8],
			"to": [12.56687, 2.71116, 9.5],
			"rotation": {"angle": 22.5, "axis": "z", "origin": [11.31687, 1.83616, 10.25]},
			"faces": {
				"north": {"uv": [5.25, 6.75, 4.75, 7.375], "texture": "#0"},
				"east": {"uv": [7.375, 3, 7, 3.625], "texture": "#0"},
				"south": {"uv": [5.75, 6.75, 5.25, 7.375], "texture": "#0"},
				"west": {"uv": [7.125, 6.75, 6.75, 7.375], "texture": "#0"},
				"up": {"uv": [4.5, 2.375, 5, 2], "texture": "#0"},
				"down": {"uv": [6.75, 1.25, 7.25, 1.625], "texture": "#0"}
			}
		},
		{
			"from": [10.12119, 0.10519, 5.1],
			"to": [12.12119, 3.85519, 6.6],
			"rotation": {"angle": 0, "axis": "y", "origin": [11.22119, 1.48019, 6.25]},
			"faces": {
				"north": {"uv": [0.5, 5.75, 0, 6.75], "texture": "#0"},
				"east": {"uv": [4.125, 6.75, 3.75, 7.75], "texture": "#0"},
				"south": {"uv": [1, 5.75, 0.5, 6.75], "texture": "#0"},
				"west": {"uv": [1.375, 5.75, 1, 6.75], "texture": "#0"},
				"up": {"uv": [3.5, 2.375, 4, 2], "texture": "#0"},
				"down": {"uv": [4, 2, 4.5, 2.375], "texture": "#0"}
			}
		},
		{
			"name": "signs",
			"from": [0.7, 18, -0.075],
			"to": [15.3, 20.8, -0.075],
			"rotation": {"angle": 0, "axis": "y", "origin": [17, 6.9, 0]},
			"faces": {
				"north": {"uv": [0, 14.875, 7.375, 16], "texture": "#0"},
				"east": {"uv": [0, 0, 0, 0.75], "texture": "#0"},
				"west": {"uv": [0, 0, 0, 0.75], "texture": "#0"},
				"up": {"uv": [3.625, 0, 0, 0], "texture": "#0"},
				"down": {"uv": [3.625, 0, 0, 0], "texture": "#0"}
			}
		},
		{
			"name": "package",
			"from": [0, -0.1, 0],
			"to": [16, 21.9, 0],
			"faces": {
				"north": {"uv": [0, 0, 4, 5.5], "texture": "#2"},
				"east": {"uv": [4, 0, 8, 5.5], "texture": "#2"},
				"south": {"uv": [0, 0, 4, 5.5], "texture": "#2"},
				"west": {"uv": [4, 5.5, 8, 11], "texture": "#2"},
				"up": {"uv": [12, 4, 8, 0], "texture": "#2"},
				"down": {"uv": [12, 4, 8, 8], "texture": "#2"}
			}
		},
		{
			"name": "package",
			"from": [0, -0.1, 16],
			"to": [16, 21.9, 16],
			"faces": {
				"north": {"uv": [0, 5.5, 4, 11], "texture": "#2"},
				"east": {"uv": [4, 0, 8, 5.5], "texture": "#2"},
				"south": {"uv": [0, 5.5, 4, 11], "texture": "#2"},
				"west": {"uv": [4, 5.5, 8, 11], "texture": "#2"},
				"up": {"uv": [12, 4, 8, 0], "texture": "#2"},
				"down": {"uv": [12, 4, 8, 8], "texture": "#2"}
			}
		},
		{
			"name": "package",
			"from": [0, -0.1, 0],
			"to": [16, -0.1, 16],
			"faces": {
				"north": {"uv": [0, 0, 4, 5.5], "texture": "#2"},
				"east": {"uv": [4, 0, 8, 5.5], "texture": "#2"},
				"south": {"uv": [0, 5.5, 4, 11], "texture": "#2"},
				"west": {"uv": [4, 5.5, 8, 11], "texture": "#2"},
				"up": {"uv": [12, 4, 8, 8], "texture": "#2"},
				"down": {"uv": [12, 4, 8, 8], "texture": "#2"}
			}
		},
		{
			"name": "package",
			"from": [0, 21.9, 0],
			"to": [16, 21.9, 16],
			"faces": {
				"north": {"uv": [0, 0, 4, 5.5], "texture": "#2"},
				"east": {"uv": [4, 0, 8, 5.5], "texture": "#2"},
				"south": {"uv": [0, 5.5, 4, 11], "texture": "#2"},
				"west": {"uv": [4, 5.5, 8, 11], "texture": "#2"},
				"up": {"uv": [12, 4, 8, 0], "texture": "#2"},
				"down": {"uv": [12, 4, 8, 8], "texture": "#2"}
			}
		},
		{
			"name": "package",
			"from": [16, -0.1, 0],
			"to": [16, 21.9, 16],
			"faces": {
				"north": {"uv": [0, 0, 4, 5.5], "texture": "#2"},
				"east": {"uv": [4, 0, 8, 5.5], "texture": "#2"},
				"south": {"uv": [0, 5.5, 4, 11], "texture": "#2"},
				"west": {"uv": [4, 5.5, 8, 11], "texture": "#2"},
				"up": {"uv": [12, 4, 8, 0], "texture": "#2"},
				"down": {"uv": [12, 4, 8, 8], "texture": "#2"}
			}
		},
		{
			"name": "package",
			"from": [0, -0.1, 0],
			"to": [0, 21.9, 16],
			"faces": {
				"north": {"uv": [0, 0, 4, 5.5], "texture": "#2"},
				"east": {"uv": [4, 0, 8, 5.5], "texture": "#2"},
				"south": {"uv": [0, 5.5, 4, 11], "texture": "#2"},
				"west": {"uv": [4, 5.5, 8, 11], "texture": "#2"},
				"up": {"uv": [12, 4, 8, 0], "texture": "#2"},
				"down": {"uv": [12, 4, 8, 8], "texture": "#2"}
			}
		}
	],
	"gui_light": "front",
	"display": {
		"thirdperson_righthand": {
			"rotation": [61.23, 4.49, 0.46],
			"translation": [0, 1.75, 0.75],
			"scale": [0.5, 0.5, 0.5]
		},
		"thirdperson_lefthand": {
			"rotation": [61.23, 4.49, 0.46],
			"translation": [0, 1.75, 0.75],
			"scale": [0.5, 0.5, 0.5]
		},
		"firstperson_righthand": {
			"rotation": [-166, 53.68, 171.1],
			"translation": [0.75, 3.75, -0.75],
			"scale": [0.58336, 0.58336, 0.58336]
		},
		"firstperson_lefthand": {
			"rotation": [-166, 53.68, 171.1],
			"translation": [0.75, 3.75, -0.75],
			"scale": [0.58336, 0.58336, 0.58336]
		},
		"ground": {
			"rotation": [68, 0, 0],
			"translation": [0, 1.5, 0],
			"scale": [0.5, 0.5, 0.5]
		},
		"gui": {
			"rotation": [-170, 15, -180],
			"translation": [0.25, -2, 0],
			"scale": [0.62, 0.62, 0.62]
		},
		"head": {
			"rotation": [7, 180, 1],
			"translation": [0, -48.75, 11.25],
			"scale": [1.6, 1.6, 1.6]
		},
		"fixed": {
			"rotation": [-90, 0, 0],
			"translation": [0, -0.25, -16.25],
			"scale": [2, 2, 2]
		}
	}
}