{
	"credit": "By EliteCreatures",
	"textures": {
		"1": "elitecreatures/collectibles_v1_32x/ef_adorable_baby_elephants_long",
		"2": "elitecreatures/collectibles_v1_32x/adorable_baby_elephants_inside_32",
		"particle": "elitecreatures/collectibles_v1_32x/adorable_baby_elephants_inside_32"
	},
	"elements": [
		{
			"from": [4.996, -0.004, 5.996],
			"to": [11.004, 8.004, 12.004],
			"rotation": {"angle": 0, "axis": "y", "origin": [7, 0, 7]},
			"faces": {
				"north": {"uv": [4, 0, 5.5, 2], "texture": "#2"},
				"east": {"uv": [4, 2, 5.5, 4], "texture": "#2"},
				"south": {"uv": [4, 4, 5.5, 6], "texture": "#2"},
				"west": {"uv": [2, 5.25, 3.5, 7.25], "texture": "#2"},
				"up": {"uv": [7, 2.25, 5.5, 0.75], "texture": "#2"},
				"down": {"uv": [7, 2.25, 5.5, 3.75], "texture": "#2"}
			}
		},
		{
			"from": [-0.25, 1.25, 12],
			"to": [10.75, 2.25, 13],
			"rotation": {"angle": -45, "axis": "z", "origin": [8, 4, 12.5]},
			"faces": {
				"north": {"uv": [7, 4.75, 9.75, 5], "texture": "#2"},
				"east": {"uv": [7, 6.5, 7.25, 6.75], "texture": "#2"},
				"south": {"uv": [7, 5, 9.75, 5.25], "texture": "#2"},
				"west": {"uv": [3.25, 7.25, 3.5, 7.5], "texture": "#2"},
				"up": {"uv": [9.75, 5.5, 7, 5.25], "texture": "#2"},
				"down": {"uv": [9.75, 5.5, 7, 5.75], "texture": "#2"}
			}
		},
		{
			"from": [0.25, 0.5, 11.25],
			"to": [3.75, 3, 13.75],
			"rotation": {"angle": -45, "axis": "z", "origin": [8, 4, 12.5]},
			"faces": {
				"north": {"uv": [4.75, 7.75, 5.625, 8.375], "texture": "#2"},
				"east": {"uv": [8.25, 1.5, 8.875, 2.125], "texture": "#2"},
				"south": {"uv": [5.75, 7.75, 6.625, 8.375], "texture": "#2"},
				"west": {"uv": [8.25, 6.5, 8.875, 7.125], "texture": "#2"},
				"up": {"uv": [2.375, 8.625, 1.5, 8], "texture": "#2"},
				"down": {"uv": [8.875, 2.75, 8, 3.375], "texture": "#2"}
			}
		},
		{
			"from": [7.998, -0.002, 4.998],
			"to": [12.752, 3.252, 8.252],
			"rotation": {"angle": 45, "axis": "y", "origin": [13, 2, 6]},
			"faces": {
				"north": {"uv": [5, 6.75, 6.25, 7.625], "texture": "#2"},
				"east": {"uv": [7, 2.75, 7.875, 3.625], "texture": "#2"},
				"south": {"uv": [6.25, 6.75, 7.5, 7.625], "texture": "#2"},
				"west": {"uv": [7, 3.75, 7.875, 4.625], "texture": "#2"},
				"up": {"uv": [8.25, 1.625, 7, 0.75], "texture": "#2"},
				"down": {"uv": [8.25, 1.75, 7, 2.625], "texture": "#2"}
			}
		},
		{
			"from": [9.5, 0, 4.25],
			"to": [12.5, 7, 7.25],
			"rotation": {"angle": 0, "axis": "y", "origin": [11, 3, 5.75]},
			"faces": {
				"north": {"uv": [0, 5.75, 0.75, 7.5], "texture": "#2"},
				"east": {"uv": [0.75, 5.75, 1.5, 7.5], "texture": "#2"},
				"south": {"uv": [3.5, 6, 4.25, 7.75], "texture": "#2"},
				"west": {"uv": [4.25, 6, 5, 7.75], "texture": "#2"},
				"up": {"uv": [4, 8.5, 3.25, 7.75], "texture": "#2"},
				"down": {"uv": [4.75, 7.75, 4, 8.5], "texture": "#2"}
			}
		},
		{
			"from": [4, 8, 4],
			"to": [12, 15, 12],
			"rotation": {"angle": 0, "axis": "y", "origin": [7, 0, 6]},
			"faces": {
				"north": {"uv": [2, 0, 4, 1.75], "texture": "#2"},
				"east": {"uv": [2, 1.75, 4, 3.5], "texture": "#2"},
				"south": {"uv": [2, 3.5, 4, 5.25], "texture": "#2"},
				"west": {"uv": [0, 4, 2, 5.75], "texture": "#2"},
				"up": {"uv": [2, 2, 0, 0], "texture": "#2"},
				"down": {"uv": [2, 2, 0, 4], "texture": "#2"}
			}
		},
		{
			"from": [6, 15, 5],
			"to": [10, 17.5, 5],
			"rotation": {"angle": 0, "axis": "y", "origin": [7, 0, 6]},
			"faces": {
				"north": {"uv": [7, 5.75, 8, 6.375], "texture": "#2"},
				"east": {"uv": [0, 0, 0, 0.625], "texture": "#2"},
				"south": {"uv": [1.5, 7.25, 2.5, 7.875], "texture": "#2"},
				"west": {"uv": [0, 0, 0, 0.625], "texture": "#2"},
				"up": {"uv": [1, 0, 0, 0], "texture": "#2"},
				"down": {"uv": [1, 0, 0, 0], "texture": "#2"}
			}
		},
		{
			"from": [0.5, 10.5, 7.25],
			"to": [6, 16.5, 8.75],
			"rotation": {"angle": 45, "axis": "y", "origin": [3.25, 13.5, 8]},
			"faces": {
				"north": {"uv": [5.5, 3.75, 6.875, 5.25], "texture": "#2"},
				"east": {"uv": [1.5, 5.75, 1.875, 7.25], "texture": "#2"},
				"south": {"uv": [5.5, 5.25, 6.875, 6.75], "texture": "#2"},
				"west": {"uv": [7.5, 7.25, 7.875, 8.75], "texture": "#2"},
				"up": {"uv": [9.375, 3.875, 8, 3.5], "texture": "#2"},
				"down": {"uv": [9.375, 4, 8, 4.375], "texture": "#2"}
			}
		},
		{
			"from": [6.498, 7.998, 2.498],
			"to": [9.502, 11.002, 5.002],
			"rotation": {"angle": 0, "axis": "y", "origin": [8, 8, 3.75]},
			"faces": {
				"north": {"uv": [2.5, 7.25, 3.25, 8], "texture": "#2"},
				"east": {"uv": [6.75, 7.75, 7.375, 8.5], "texture": "#2"},
				"south": {"uv": [0, 7.5, 0.75, 8.25], "texture": "#2"},
				"west": {"uv": [2.5, 8, 3.125, 8.75], "texture": "#2"},
				"up": {"uv": [8.75, 6.375, 8, 5.75], "texture": "#2"},
				"down": {"uv": [8.75, 7.25, 8, 7.875], "texture": "#2"}
			}
		},
		{
			"from": [5, 7.5, 3.25],
			"to": [6.25, 8.75, 6.25],
			"rotation": {"angle": -45, "axis": "x", "origin": [4.875, 7.5, 4.25]},
			"faces": {
				"north": {"uv": [4, 8.5, 4.375, 8.875], "texture": "#2"},
				"east": {"uv": [8.25, 2.25, 9, 2.625], "texture": "#2"},
				"south": {"uv": [4.5, 8.5, 4.875, 8.875], "texture": "#2"},
				"west": {"uv": [3.25, 8.5, 4, 8.875], "texture": "#2"},
				"up": {"uv": [3.875, 6, 3.5, 5.25], "texture": "#2"},
				"down": {"uv": [5.375, 6, 5, 6.75], "texture": "#2"}
			}
		},
		{
			"from": [3.248, -0.002, 4.998],
			"to": [8.002, 3.252, 8.252],
			"rotation": {"angle": -45, "axis": "y", "origin": [3, 2, 6]},
			"faces": {
				"north": {"uv": [6.25, 6.75, 5, 7.625], "texture": "#2"},
				"east": {"uv": [7.875, 3.75, 7, 4.625], "texture": "#2"},
				"south": {"uv": [7.5, 6.75, 6.25, 7.625], "texture": "#2"},
				"west": {"uv": [7.875, 2.75, 7, 3.625], "texture": "#2"},
				"up": {"uv": [7, 1.625, 8.25, 0.75], "texture": "#2"},
				"down": {"uv": [7, 1.75, 8.25, 2.625], "texture": "#2"}
			}
		},
		{
			"from": [3.5, 0, 4.25],
			"to": [6.5, 7, 7.25],
			"rotation": {"angle": 0, "axis": "y", "origin": [5, 3, 5.75]},
			"faces": {
				"north": {"uv": [0.75, 5.75, 0, 7.5], "texture": "#2"},
				"east": {"uv": [5, 6, 4.25, 7.75], "texture": "#2"},
				"south": {"uv": [4.25, 6, 3.5, 7.75], "texture": "#2"},
				"west": {"uv": [1.5, 5.75, 0.75, 7.5], "texture": "#2"},
				"up": {"uv": [3.25, 8.5, 4, 7.75], "texture": "#2"},
				"down": {"uv": [4, 7.75, 4.75, 8.5], "texture": "#2"}
			}
		},
		{
			"from": [9.75, 7.5, 3.25],
			"to": [11, 8.75, 6.25],
			"rotation": {"angle": -45, "axis": "x", "origin": [11.125, 7.5, 4.25]},
			"faces": {
				"north": {"uv": [4.375, 8.5, 4, 8.875], "texture": "#2"},
				"east": {"uv": [4, 8.5, 3.25, 8.875], "texture": "#2"},
				"south": {"uv": [4.875, 8.5, 4.5, 8.875], "texture": "#2"},
				"west": {"uv": [9, 2.25, 8.25, 2.625], "texture": "#2"},
				"up": {"uv": [3.5, 6, 3.875, 5.25], "texture": "#2"},
				"down": {"uv": [5, 6, 5.375, 6.75], "texture": "#2"}
			}
		},
		{
			"from": [10, 10.5, 7.25],
			"to": [15.5, 16.5, 8.75],
			"rotation": {"angle": -45, "axis": "y", "origin": [12.75, 13.5, 8]},
			"faces": {
				"north": {"uv": [6.875, 3.75, 5.5, 5.25], "texture": "#2"},
				"east": {"uv": [7.875, 7.25, 7.5, 8.75], "texture": "#2"},
				"south": {"uv": [6.875, 5.25, 5.5, 6.75], "texture": "#2"},
				"west": {"uv": [1.875, 5.75, 1.5, 7.25], "texture": "#2"},
				"up": {"uv": [8, 3.875, 9.375, 3.5], "texture": "#2"},
				"down": {"uv": [8, 4, 9.375, 4.375], "texture": "#2"}
			}
		},
		{
			"from": [6.5, 5.59253, 2.97887],
			"to": [9.5, 8.59253, 5.47887],
			"rotation": {"angle": -22.5, "axis": "x", "origin": [8, 7.09253, 4.22887]},
			"faces": {
				"north": {"uv": [0.75, 7.5, 1.5, 8.25], "texture": "#2"},
				"east": {"uv": [8, 8, 8.625, 8.75], "texture": "#2"},
				"south": {"uv": [7.5, 6.5, 8.25, 7.25], "texture": "#2"},
				"west": {"uv": [0, 8.25, 0.625, 9], "texture": "#2"},
				"up": {"uv": [1.5, 8.875, 0.75, 8.25], "texture": "#2"},
				"down": {"uv": [9, 0.75, 8.25, 1.375], "texture": "#2"}
			}
		},
		{
			"from": [9, 0, 11.5],
			"to": [19, 21, 11.5],
			"rotation": {"angle": -45, "axis": "y", "origin": [12, 13, 10]},
			"faces": {
				"north": {"uv": [0, 0, 8, 16], "texture": "#1"},
				"east": {"uv": [0, 0, 0, 16], "texture": "#missing"},
				"south": {"uv": [8, 0, 0, 16], "texture": "#1"},
				"west": {"uv": [0, 0, 0, 16], "texture": "#missing"},
				"up": {"uv": [0, 0, 8, 0], "texture": "#missing"},
				"down": {"uv": [0, 0, 8, 0], "texture": "#missing"}
			}
		},
		{
			"from": [9.47487, 1, 6.27513],
			"to": [15.97487, 18, 6.27513],
			"rotation": {"angle": -22.5, "axis": "y", "origin": [14.47487, 10.5, 7.52513]},
			"faces": {
				"north": {"uv": [0, 0, 8, 16], "texture": "#1"},
				"east": {"uv": [0, 0, 0, 16], "texture": "#missing"},
				"south": {"uv": [8, 0, 0, 16], "texture": "#1"},
				"west": {"uv": [0, 0, 0, 16], "texture": "#missing"},
				"up": {"uv": [0, 0, 8, 0], "texture": "#missing"},
				"down": {"uv": [0, 0, 8, 0], "texture": "#missing"}
			}
		},
		{
			"from": [-3, 0, 11.5],
			"to": [7, 21, 11.5],
			"rotation": {"angle": 45, "axis": "y", "origin": [4, 13, 10]},
			"faces": {
				"north": {"uv": [8, 0, 16, 16], "texture": "#1"},
				"east": {"uv": [0, 0, 0, 16], "texture": "#missing"},
				"south": {"uv": [16, 0, 8, 16], "texture": "#1"},
				"west": {"uv": [0, 0, 0, 16], "texture": "#missing"},
				"up": {"uv": [8, 0, 0, 0], "texture": "#missing"},
				"down": {"uv": [8, 0, 0, 0], "texture": "#missing"}
			}
		},
		{
			"from": [0.02513, 1, 6.27513],
			"to": [6.52513, 18, 6.27513],
			"rotation": {"angle": 22.5, "axis": "y", "origin": [1.52513, 10.5, 7.52513]},
			"faces": {
				"north": {"uv": [8, 0, 16, 16], "texture": "#1"},
				"east": {"uv": [0, 0, 0, 16], "texture": "#missing"},
				"south": {"uv": [16, 0, 8, 16], "texture": "#1"},
				"west": {"uv": [0, 0, 0, 16], "texture": "#missing"},
				"up": {"uv": [8, 0, 0, 0], "texture": "#missing"},
				"down": {"uv": [8, 0, 0, 0], "texture": "#missing"}
			}
		}
	],
	"gui_light": "front",
	"display": {
		"thirdperson_righthand": {
			"rotation": [61.23, 4.49, 0.46],
			"translation": [0, 1.75, 0.75],
			"scale": [0.5, 0.5, 0.5]
		},
		"thirdperson_lefthand": {
			"rotation": [61.23, 4.49, 0.46],
			"translation": [0, 1.75, 0.75],
			"scale": [0.5, 0.5, 0.5]
		},
		"firstperson_righthand": {
			"rotation": [-166, 53.68, 171.1],
			"translation": [0.75, 3.75, -0.75],
			"scale": [0.58336, 0.58336, 0.58336]
		},
		"firstperson_lefthand": {
			"rotation": [-166, 53.68, 171.1],
			"translation": [0.75, 3.75, -0.75],
			"scale": [0.58336, 0.58336, 0.58336]
		},
		"ground": {
			"rotation": [68, 0, 0],
			"translation": [0, 1.5, 0],
			"scale": [0.5, 0.5, 0.5]
		},
		"gui": {
			"rotation": [-170, 15, -180],
			"translation": [0.25, -2, 0],
			"scale": [0.62, 0.62, 0.62]
		},
		"head": {
			"rotation": [7, 180, 1],
			"translation": [0, -48.75, 11.25],
			"scale": [1.6, 1.6, 1.6]
		},
		"fixed": {
			"rotation": [-90, 0, 0],
			"translation": [0, -0.25, -16.25],
			"scale": [2, 2, 2]
		}
	}
}