{
	"credit": "Made with Blockbench",
	"texture_size": [64, 64],
	"textures": {
		"0": "item/hat",
		"particle": "item/hat"
	},
	"elements": [
		{
			"from": [4, 4, 4],
			"to": [12, 5, 12],
			"rotation": {"angle": 0, "axis": "y", "origin": [4, 3, 10]},
			"faces": {
				"north": {"uv": [6, 3.5, 8, 4], "texture": "#0"},
				"east": {"uv": [6, 4, 8, 4.5], "texture": "#0"},
				"south": {"uv": [6, 4.5, 8, 5], "texture": "#0"},
				"west": {"uv": [6, 5, 8, 5.5], "texture": "#0"},
				"up": {"uv": [4.5, 2, 2.5, 0], "texture": "#0"},
				"down": {"uv": [4.5, 2, 2.5, 4], "texture": "#0"}
			}
		},
		{
			"from": [3, 1, 3],
			"to": [13, 3, 13],
			"rotation": {"angle": 0, "axis": "y", "origin": [4, 1, 10]},
			"faces": {
				"north": {"uv": [1.5, 6, 4, 6.5], "texture": "#0"},
				"east": {"uv": [6, 2, 8.5, 2.5], "texture": "#0"},
				"south": {"uv": [6, 2.5, 8.5, 3], "texture": "#0"},
				"west": {"uv": [6, 3, 8.5, 3.5], "texture": "#0"},
				"up": {"uv": [2.5, 2.5, 0, 0], "texture": "#0"},
				"down": {"uv": [2.5, 2.5, 0, 5], "texture": "#0"}
			}
		},
		{
			"from": [1, 0, 1],
			"to": [15, 1, 15],
			"rotation": {"angle": 0, "axis": "y", "origin": [4, 0, 10]},
			"faces": {
				"north": {"uv": [1.5, 6, 4, 6.5], "texture": "#0"},
				"east": {"uv": [6, 2, 8.5, 2.5], "texture": "#0"},
				"south": {"uv": [6, 2.5, 8.5, 3], "texture": "#0"},
				"west": {"uv": [6, 3, 8.5, 3.5], "texture": "#0"},
				"up": {"uv": [2.5, 2.5, 0, 0], "texture": "#0"},
				"down": {"uv": [2.5, 2.5, 0, 5], "texture": "#0"}
			}
		},
		{
			"from": [4, 2, 4],
			"to": [12, 4, 12],
			"rotation": {"angle": 0, "axis": "y", "origin": [4, 2, 10]},
			"faces": {
				"north": {"uv": [0, 6.5, 2, 7], "texture": "#0"},
				"east": {"uv": [6.5, 0, 8.5, 0.5], "texture": "#0"},
				"south": {"uv": [6.5, 0.5, 8.5, 1], "texture": "#0"},
				"west": {"uv": [6.5, 1, 8.5, 1.5], "texture": "#0"},
				"up": {"uv": [4.5, 6, 2.5, 4], "texture": "#0"},
				"down": {"uv": [6.5, 0, 4.5, 2], "texture": "#0"}
			}
		},
		{
			"from": [5, 4, 5],
			"to": [11, 6, 11],
			"rotation": {"angle": 0, "axis": "y", "origin": [5, 4, 9]},
			"faces": {
				"north": {"uv": [6.5, 1.5, 8, 2], "texture": "#0"},
				"east": {"uv": [4, 6.5, 5.5, 7], "texture": "#0"},
				"south": {"uv": [5.5, 6.5, 7, 7], "texture": "#0"},
				"west": {"uv": [0, 7, 1.5, 7.5], "texture": "#0"},
				"up": {"uv": [6, 3.5, 4.5, 2], "texture": "#0"},
				"down": {"uv": [6, 3.5, 4.5, 5], "texture": "#0"}
			}
		},
		{
			"from": [5, 6, 5],
			"to": [11, 7, 11],
			"rotation": {"angle": 0, "axis": "y", "origin": [5, 5, 9]},
			"faces": {
				"north": {"uv": [4, 7, 5.5, 7.5], "texture": "#0"},
				"east": {"uv": [5.5, 7, 7, 7.5], "texture": "#0"},
				"south": {"uv": [7, 5.5, 8.5, 6], "texture": "#0"},
				"west": {"uv": [7, 6, 8.5, 6.5], "texture": "#0"},
				"up": {"uv": [1.5, 6.5, 0, 5], "texture": "#0"},
				"down": {"uv": [6, 5, 4.5, 6.5], "texture": "#0"}
			}
		},
		{
			"from": [6, 7, 6],
			"to": [10, 9, 10],
			"rotation": {"angle": 0, "axis": "y", "origin": [5, 7, 9]},
			"faces": {
				"north": {"uv": [7, 6.5, 8, 7], "texture": "#0"},
				"east": {"uv": [7, 7, 8, 7.5], "texture": "#0"},
				"south": {"uv": [0, 7.5, 1, 8], "texture": "#0"},
				"west": {"uv": [1, 7.5, 2, 8], "texture": "#0"},
				"up": {"uv": [2.5, 6, 1.5, 5], "texture": "#0"},
				"down": {"uv": [7, 5.5, 6, 6.5], "texture": "#0"}
			}
		},
		{
			"from": [6, 9, 6],
			"to": [10, 10, 10],
			"rotation": {"angle": 0, "axis": "y", "origin": [5, 8, 9]},
			"faces": {
				"north": {"uv": [2, 7.5, 3, 8], "texture": "#0"},
				"east": {"uv": [3, 7.5, 4, 8], "texture": "#0"},
				"south": {"uv": [4, 7.5, 5, 8], "texture": "#0"},
				"west": {"uv": [5, 7.5, 6, 8], "texture": "#0"},
				"up": {"uv": [3, 7.5, 2, 6.5], "texture": "#0"},
				"down": {"uv": [4, 6.5, 3, 7.5], "texture": "#0"}
			}
		},
		{
			"from": [7, 10, 7],
			"to": [9, 11, 9],
			"rotation": {"angle": 0, "axis": "y", "origin": [5, 10, 9]},
			"faces": {
				"north": {"uv": [4, 6, 4.5, 6.5], "texture": "#0"},
				"east": {"uv": [1.5, 7, 2, 7.5], "texture": "#0"},
				"south": {"uv": [6, 7.5, 6.5, 8], "texture": "#0"},
				"west": {"uv": [6.5, 7.5, 7, 8], "texture": "#0"},
				"up": {"uv": [7.5, 8, 7, 7.5], "texture": "#0"},
				"down": {"uv": [8, 7.5, 7.5, 8], "texture": "#0"}
			}
		},
		{
			"from": [7, 11, 7],
			"to": [9, 13, 9],
			"rotation": {"angle": 0, "axis": "y", "origin": [5, 11, 9]},
			"faces": {
				"north": {"uv": [0, 8, 0.5, 8.5], "texture": "#0"},
				"east": {"uv": [0.5, 8, 1, 8.5], "texture": "#0"},
				"south": {"uv": [1, 8, 1.5, 8.5], "texture": "#0"},
				"west": {"uv": [1.5, 8, 2, 8.5], "texture": "#0"},
				"up": {"uv": [8.5, 2, 8, 1.5], "texture": "#0"},
				"down": {"uv": [2.5, 8, 2, 8.5], "texture": "#0"}
			}
		},
		{
			"from": [2, 1, 2],
			"to": [14, 2, 3],
			"rotation": {"angle": 0, "axis": "y", "origin": [6, 1, 1]},
			"faces": {
				"north": {"uv": [8, 4.25, 11, 4.5], "texture": "#0"},
				"east": {"uv": [8, 5.25, 8.25, 5.5], "texture": "#0"},
				"south": {"uv": [8, 4.5, 11, 4.75], "texture": "#0"},
				"west": {"uv": [5.5, 8, 5.75, 8.25], "texture": "#0"},
				"up": {"uv": [11, 5, 8, 4.75], "texture": "#0"},
				"down": {"uv": [11, 5, 8, 5.25], "texture": "#0"}
			}
		},
		{
			"from": [2, 1, 13],
			"to": [14, 2, 14],
			"rotation": {"angle": 0, "axis": "y", "origin": [6, 1, 12]},
			"faces": {
				"north": {"uv": [8, 7.25, 11, 7.5], "texture": "#0"},
				"east": {"uv": [3, 8.25, 3.25, 8.5], "texture": "#0"},
				"south": {"uv": [8, 7.5, 11, 7.75], "texture": "#0"},
				"west": {"uv": [3.25, 8.25, 3.5, 8.5], "texture": "#0"},
				"up": {"uv": [11, 8, 8, 7.75], "texture": "#0"},
				"down": {"uv": [11.25, 3.75, 8.25, 4], "texture": "#0"}
			}
		},
		{
			"from": [2, 1, 3],
			"to": [3, 2, 13],
			"rotation": {"angle": 0, "axis": "y", "origin": [4, 1, 7]},
			"faces": {
				"north": {"uv": [8, 3.75, 8.25, 4], "texture": "#0"},
				"east": {"uv": [2.5, 8, 5, 8.25], "texture": "#0"},
				"south": {"uv": [8, 4, 8.25, 4.25], "texture": "#0"},
				"west": {"uv": [8, 3.5, 10.5, 3.75], "texture": "#0"},
				"up": {"uv": [5.25, 10.5, 5, 8], "texture": "#0"},
				"down": {"uv": [5.5, 8, 5.25, 10.5], "texture": "#0"}
			}
		},
		{
			"from": [13, 1, 3],
			"to": [14, 2, 13],
			"rotation": {"angle": 0, "axis": "y", "origin": [15, 1, 7]},
			"faces": {
				"north": {"uv": [8, 6.75, 8.25, 7], "texture": "#0"},
				"east": {"uv": [5.75, 8, 8.25, 8.25], "texture": "#0"},
				"south": {"uv": [8, 7, 8.25, 7.25], "texture": "#0"},
				"west": {"uv": [8, 6.5, 10.5, 6.75], "texture": "#0"},
				"up": {"uv": [2.75, 10.75, 2.5, 8.25], "texture": "#0"},
				"down": {"uv": [3, 8.25, 2.75, 10.75], "texture": "#0"}
			}
		},
		{
			"from": [7, 1, 1],
			"to": [9, 3, 2],
			"rotation": {"angle": 0, "axis": "y", "origin": [7, 1, 1]},
			"faces": {
				"north": {"uv": [3.5, 8.25, 4, 8.75], "texture": "#0"},
				"east": {"uv": [4.5, 8.25, 4.75, 8.75], "texture": "#0"},
				"south": {"uv": [4, 8.25, 4.5, 8.75], "texture": "#0"},
				"west": {"uv": [4.75, 8.25, 5, 8.75], "texture": "#0"},
				"up": {"uv": [8.75, 4.25, 8.25, 4], "texture": "#0"},
				"down": {"uv": [8.75, 5.25, 8.25, 5.5], "texture": "#0"}
			}
		}
	],
	"display": {
		"thirdperson_righthand": {
			"translation": [0, 8.25, 0]
		},
		"thirdperson_lefthand": {
			"translation": [0, 9, 0]
		},
		"ground": {
			"translation": [0, 4.75, 0]
		},
		"gui": {
			"rotation": [0, 180, 0]
		},
		"head": {
			"translation": [0, 14, 0],
			"scale": [1.4, 1.4, 1.4]
		},
		"fixed": {
			"rotation": [-90, 0, 0],
			"translation": [0, 0, -27],
			"scale": [2, 2, 2]
		}
	}
}