{"display":{"head":{"translation":[0.0,-9.0,31.25],"scale":[3.0,3.0,3.0]},"gui":{"rotation":[26.0,-152.0,0.0],"translation":[-0.25,0.0,0.0],"scale":[0.32,0.32,0.32]}},"elements":[{"from":[3.0,2.3,-7.0],"to":[4.0,11.3,9.0],"rotation":{"origin":[0.0,3.3,2.0],"axis":"y","angle":0.0},"faces":{"north":{"uv":[1.625,8.625,1.75,9.75],"texture":"#0"},"east":{"uv":[4.125,2.0,6.125,3.125],"texture":"#0"},"south":{"uv":[4.25,8.625,4.375,9.75],"texture":"#0"},"west":{"uv":[4.75,3.125,6.75,4.25],"texture":"#0"},"up":{"uv":[3.25,10.25,3.125,8.25],"texture":"#0"},"down":{"uv":[3.375,8.25,3.25,10.25],"texture":"#0"}}},{"from":[4.0,0.3,6.0],"to":[5.0,4.3,8.0],"rotation":{"origin":[1.0,4.3,13.0],"axis":"z","angle":-22.5},"faces":{"north":{"uv":[7.5,6.75,7.625,7.25],"texture":"#0"},"east":{"uv":[8.75,0.0,9.0,0.5],"texture":"#0"},"south":{"uv":[5.875,9.0,6.0,9.5],"texture":"#0"},"west":{"uv":[0.5,8.75,0.75,9.25],"texture":"#0"},"up":{"uv":[8.125,2.25,8.0,2.0],"texture":"#0"},"down":{"uv":[8.75,4.625,8.625,4.875],"texture":"#0"}}},{"from":[7.5,-2.75939,-9.61943],"to":[8.5,1.24061,-7.61943],"rotation":{"origin":[4.0,1.24061,-3.61943],"axis":"x","angle":22.5},"faces":{"north":{"uv":[8.125,9.0,8.25,9.5],"texture":"#0"},"east":{"uv":[0.75,8.75,1.0,9.25],"texture":"#0"},"south":{"uv":[8.25,9.0,8.375,9.5],"texture":"#0"},"west":{"uv":[1.75,8.75,2.0,9.25],"texture":"#0"},"up":{"uv":[9.625,1.125,9.5,0.875],"texture":"#0"},"down":{"uv":[9.625,1.125,9.5,1.375],"texture":"#0"}}},{"from":[7.0,-1.7,-12.0],"to":[9.0,-0.7,-8.0],"rotation":{"origin":[9.0,4.3,-4.0],"axis":"z","angle":0.0},"faces":{"north":{"uv":[8.625,9.0,8.875,9.125],"texture":"#0"},"east":{"uv":[7.25,1.0,7.75,1.125],"texture":"#0"},"south":{"uv":[1.375,9.5,1.625,9.625],"texture":"#0"},"west":{"uv":[9.0,4.875,9.5,5.0],"texture":"#0"},"up":{"uv":[2.25,9.25,2.0,8.75],"texture":"#0"},"down":{"uv":[4.125,8.75,3.875,9.25],"texture":"#0"}}},{"from":[7.0,-0.7,-11.0],"to":[9.0,0.3,-9.0],"rotation":{"origin":[9.0,4.3,-4.0],"axis":"z","angle":0.0},"faces":{"north":{"uv":[9.5,1.375,9.75,1.5],"texture":"#0"},"east":{"uv":[9.5,1.5,9.75,1.625],"texture":"#0"},"south":{"uv":[9.5,1.625,9.75,1.75],"texture":"#0"},"west":{"uv":[4.625,9.5,4.875,9.625],"texture":"#0"},"up":{"uv":[8.0,2.25,7.75,2.0],"texture":"#0"},"down":{"uv":[8.625,9.0,8.375,9.25],"texture":"#0"}}},{"from":[7.0,-8.11831,-10.1046],"to":[9.0,-6.69831,-9.1046],"rotation":{"origin":[9.0,-2.11831,-2.1046],"axis":"x","angle":45.0},"faces":{"north":{"uv":[8.875,9.25,9.125,9.4375],"texture":"#0"},"east":{"uv":[9.625,0.0,9.75,0.1875],"texture":"#0"},"south":{"uv":[0.0,9.375,0.25,9.5625],"texture":"#0"},"west":{"uv":[0.125,9.625,0.25,9.8125],"texture":"#0"},"up":{"uv":[9.75,5.0,9.5,4.875],"texture":"#0"},"down":{"uv":[9.75,5.0,9.5,5.125],"texture":"#0"}}},{"from":[7.0,-8.11831,-10.8954],"to":[9.0,-6.69831,-9.8954],"rotation":{"origin":[9.0,-2.11831,-17.8954],"axis":"x","angle":-45.0},"faces":{"north":{"uv":[1.125,9.375,1.375,9.5625],"texture":"#0"},"east":{"uv":[0.375,9.625,0.5,9.8125],"texture":"#0"},"south":{"uv":[1.75,9.375,2.0,9.5625],"texture":"#0"},"west":{"uv":[0.5,9.625,0.625,9.8125],"texture":"#0"},"up":{"uv":[5.375,9.625,5.125,9.5],"texture":"#0"},"down":{"uv":[5.625,9.5,5.375,9.625],"texture":"#0"}}},{"from":[1.5,-1.7,5.0],"to":[3.5,-0.7,9.0],"rotation":{"origin":[3.0,4.3,13.0],"axis":"z","angle":0.0},"faces":{"north":{"uv":[5.875,9.5,6.125,9.625],"texture":"#0"},"east":{"uv":[9.0,5.0,9.5,5.125],"texture":"#0"},"south":{"uv":[9.5,6.125,9.75,6.25],"texture":"#0"},"west":{"uv":[8.625,9.125,9.125,9.25],"texture":"#0"},"up":{"uv":[9.0,5.125,8.75,4.625],"texture":"#0"},"down":{"uv":[5.125,8.75,4.875,9.25],"texture":"#0"}}},{"from":[1.5,-8.11831,6.1046],"to":[3.5,-6.69831,7.1046],"rotation":{"origin":[3.0,-2.11831,-0.8954],"axis":"x","angle":-45.0},"faces":{"north":{"uv":[2.0,9.375,2.25,9.5625],"texture":"#0"},"east":{"uv":[0.625,9.625,0.75,9.8125],"texture":"#0"},"south":{"uv":[2.375,9.375,2.625,9.5625],"texture":"#0"},"west":{"uv":[9.625,0.875,9.75,1.0625],"texture":"#0"},"up":{"uv":[9.75,6.375,9.5,6.25],"texture":"#0"},"down":{"uv":[9.75,6.375,9.5,6.5],"texture":"#0"}}},{"from":[1.5,-8.11831,6.8954],"to":[3.5,-6.69831,7.8954],"rotation":{"origin":[3.0,-2.11831,14.8954],"axis":"x","angle":45.0},"faces":{"north":{"uv":[2.625,9.375,2.875,9.5625],"texture":"#0"},"east":{"uv":[1.125,9.625,1.25,9.8125],"texture":"#0"},"south":{"uv":[2.875,9.375,3.125,9.5625],"texture":"#0"},"west":{"uv":[9.625,1.125,9.75,1.3125],"texture":"#0"},"up":{"uv":[9.75,6.625,9.5,6.5],"texture":"#0"},"down":{"uv":[7.0,9.5,6.75,9.625],"texture":"#0"}}},{"from":[1.5,-0.7,6.0],"to":[3.5,0.3,8.0],"rotation":{"origin":[3.0,4.3,13.0],"axis":"z","angle":0.0},"faces":{"north":{"uv":[7.0,9.5,7.25,9.625],"texture":"#0"},"east":{"uv":[7.25,9.5,7.5,9.625],"texture":"#0"},"south":{"uv":[9.5,7.375,9.75,7.5],"texture":"#0"},"west":{"uv":[9.5,7.5,9.75,7.625],"texture":"#0"},"up":{"uv":[9.375,9.375,9.125,9.125],"texture":"#0"},"down":{"uv":[0.75,9.25,0.5,9.5],"texture":"#0"}}},{"from":[12.5,-1.7,5.0],"to":[14.5,-0.7,9.0],"rotation":{"origin":[14.0,4.3,13.0],"axis":"z","angle":0.0},"faces":{"north":{"uv":[9.5,7.625,9.75,7.75],"texture":"#0"},"east":{"uv":[1.75,9.25,2.25,9.375],"texture":"#0"},"south":{"uv":[9.5,7.75,9.75,7.875],"texture":"#0"},"west":{"uv":[3.625,9.25,4.125,9.375],"texture":"#0"},"up":{"uv":[5.375,9.25,5.125,8.75],"texture":"#0"},"down":{"uv":[5.625,8.75,5.375,9.25],"texture":"#0"}}},{"from":[12.5,-8.11831,6.1046],"to":[14.5,-6.69831,7.1046],"rotation":{"origin":[14.0,-2.11831,-0.8954],"axis":"x","angle":-45.0},"faces":{"north":{"uv":[3.625,9.375,3.875,9.5625],"texture":"#0"},"east":{"uv":[1.25,9.625,1.375,9.8125],"texture":"#0"},"south":{"uv":[3.875,9.375,4.125,9.5625],"texture":"#0"},"west":{"uv":[1.375,9.625,1.5,9.8125],"texture":"#0"},"up":{"uv":[8.375,9.625,8.125,9.5],"texture":"#0"},"down":{"uv":[8.625,9.5,8.375,9.625],"texture":"#0"}}},{"from":[12.5,-0.7,6.0],"to":[14.5,0.3,8.0],"rotation":{"origin":[14.0,4.3,13.0],"axis":"z","angle":0.0},"faces":{"north":{"uv":[9.5,8.375,9.75,8.5],"texture":"#0"},"east":{"uv":[9.5,8.5,9.75,8.625],"texture":"#0"},"south":{"uv":[8.875,9.5,9.125,9.625],"texture":"#0"},"west":{"uv":[9.125,9.5,9.375,9.625],"texture":"#0"},"up":{"uv":[1.0,9.5,0.75,9.25],"texture":"#0"},"down":{"uv":[1.625,9.25,1.375,9.5],"texture":"#0"}}},{"from":[12.5,-8.11831,6.8954],"to":[14.5,-6.69831,7.8954],"rotation":{"origin":[14.0,-2.11831,14.8954],"axis":"x","angle":45.0},"faces":{"north":{"uv":[9.375,5.625,9.625,5.8125],"texture":"#0"},"east":{"uv":[1.5,9.625,1.625,9.8125],"texture":"#0"},"south":{"uv":[6.25,9.375,6.5,9.5625],"texture":"#0"},"west":{"uv":[1.75,9.625,1.875,9.8125],"texture":"#0"},"up":{"uv":[9.625,9.625,9.375,9.5],"texture":"#0"},"down":{"uv":[9.75,9.375,9.5,9.5],"texture":"#0"}}},{"from":[7.5,-2.2,-11.2],"to":[8.5,-1.2,-8.79],"rotation":{"origin":[4.0,3.8,-4.0],"axis":"z","angle":0.0},"faces":{"north":{"uv":[6.625,7.125,6.75,7.25],"texture":"#0"},"east":{"uv":[9.375,9.0,9.6875,9.125],"texture":"#0"},"south":{"uv":[7.875,5.25,8.0,5.375],"texture":"#0"},"west":{"uv":[9.125,9.375,9.4375,9.5],"texture":"#0"},"up":{"uv":[6.625,9.6875,6.5,9.375],"texture":"#0"},"down":{"uv":[6.75,9.375,6.625,9.6875],"texture":"#0"}}},{"from":[7.5,-2.90711,-10.49289],"to":[8.5,-1.90711,-9.49289],"rotation":{"origin":[5.0,5.09289,-4.49289],"axis":"z","angle":0.0},"faces":{"north":{"uv":[8.25,6.625,8.375,6.75],"texture":"#0"},"east":{"uv":[8.375,7.875,8.5,8.0],"texture":"#0"},"south":{"uv":[9.625,0.25,9.75,0.375],"texture":"#0"},"west":{"uv":[1.875,9.625,2.0,9.75],"texture":"#0"},"up":{"uv":[2.125,9.75,2.0,9.625],"texture":"#0"},"down":{"uv":[2.25,9.625,2.125,9.75],"texture":"#0"}}},{"from":[7.51,-9.49289,-7.5934],"to":[8.49,-8.49289,-6.5934],"rotation":{"origin":[5.0,-1.49289,-0.5934],"axis":"x","angle":45.0},"faces":{"north":{"uv":[2.375,9.625,2.5,9.75],"texture":"#0"},"east":{"uv":[2.5,9.625,2.625,9.75],"texture":"#0"},"south":{"uv":[2.625,9.625,2.75,9.75],"texture":"#0"},"west":{"uv":[2.75,9.625,2.875,9.75],"texture":"#0"},"up":{"uv":[3.0,9.75,2.875,9.625],"texture":"#0"},"down":{"uv":[3.125,9.625,3.0,9.75],"texture":"#0"}}},{"from":[7.51,-8.07868,-6.00761],"to":[8.49,-7.07868,-5.00761],"rotation":{"origin":[5.0,-0.07868,-1.00761],"axis":"x","angle":45.0},"faces":{"north":{"uv":[3.625,9.625,3.75,9.75],"texture":"#0"},"east":{"uv":[3.75,9.625,3.875,9.75],"texture":"#0"},"south":{"uv":[3.875,9.625,4.0,9.75],"texture":"#0"},"west":{"uv":[4.0,9.625,4.125,9.75],"texture":"#0"},"up":{"uv":[9.75,4.625,9.625,4.5],"texture":"#0"},"down":{"uv":[4.75,9.625,4.625,9.75],"texture":"#0"}}},{"from":[13.0,-2.2,5.8],"to":[14.0,-1.2,8.21],"rotation":{"origin":[10.0,3.8,13.0],"axis":"z","angle":0.0},"faces":{"north":{"uv":[9.625,4.625,9.75,4.75],"texture":"#0"},"east":{"uv":[9.375,9.125,9.6875,9.25],"texture":"#0"},"south":{"uv":[4.75,9.625,4.875,9.75],"texture":"#0"},"west":{"uv":[9.375,9.25,9.6875,9.375],"texture":"#0"},"up":{"uv":[9.625,0.3125,9.5,0.0],"texture":"#0"},"down":{"uv":[0.375,9.5,0.25,9.8125],"texture":"#0"}}},{"from":[13.01,-8.07868,10.99239],"to":[13.99,-7.07868,11.99239],"rotation":{"origin":[11.0,-0.07868,15.99239],"axis":"x","angle":45.0},"faces":{"north":{"uv":[9.625,4.75,9.75,4.875],"texture":"#0"},"east":{"uv":[5.125,9.625,5.25,9.75],"texture":"#0"},"south":{"uv":[5.25,9.625,5.375,9.75],"texture":"#0"},"west":{"uv":[5.375,9.625,5.5,9.75],"texture":"#0"},"up":{"uv":[5.625,9.75,5.5,9.625],"texture":"#0"},"down":{"uv":[5.75,9.625,5.625,9.75],"texture":"#0"}}},{"from":[13.0,-2.90711,6.50711],"to":[14.0,-1.90711,7.50711],"rotation":{"origin":[11.0,5.09289,12.50711],"axis":"z","angle":0.0},"faces":{"north":{"uv":[9.625,5.625,9.75,5.75],"texture":"#0"},"east":{"uv":[5.75,9.625,5.875,9.75],"texture":"#0"},"south":{"uv":[9.625,5.75,9.75,5.875],"texture":"#0"},"west":{"uv":[5.875,9.625,6.0,9.75],"texture":"#0"},"up":{"uv":[6.125,9.75,6.0,9.625],"texture":"#0"},"down":{"uv":[6.375,9.625,6.25,9.75],"texture":"#0"}}},{"from":[13.01,-9.49289,9.4066],"to":[13.99,-8.49289,10.4066],"rotation":{"origin":[11.0,-1.49289,16.4066],"axis":"x","angle":45.0},"faces":{"north":{"uv":[6.375,9.625,6.5,9.75],"texture":"#0"},"east":{"uv":[6.75,9.625,6.875,9.75],"texture":"#0"},"south":{"uv":[6.875,9.625,7.0,9.75],"texture":"#0"},"west":{"uv":[7.0,9.625,7.125,9.75],"texture":"#0"},"up":{"uv":[7.25,9.75,7.125,9.625],"texture":"#0"},"down":{"uv":[7.375,9.625,7.25,9.75],"texture":"#0"}}},{"from":[2.0,-2.2,5.8],"to":[3.0,-1.2,8.21],"rotation":{"origin":[-1.0,3.8,13.0],"axis":"z","angle":0.0},"faces":{"north":{"uv":[7.375,9.625,7.5,9.75],"texture":"#0"},"east":{"uv":[0.375,9.5,0.6875,9.625],"texture":"#0"},"south":{"uv":[8.125,9.625,8.25,9.75],"texture":"#0"},"west":{"uv":[9.5,0.375,9.8125,0.5],"texture":"#0"},"up":{"uv":[0.875,9.8125,0.75,9.5],"texture":"#0"},"down":{"uv":[1.0,9.5,0.875,9.8125],"texture":"#0"}}},{"from":[2.01,-8.07868,10.99239],"to":[2.99,-7.07868,11.99239],"rotation":{"origin":[0.0,-0.07868,15.99239],"axis":"x","angle":45.0},"faces":{"north":{"uv":[8.25,9.625,8.375,9.75],"texture":"#0"},"east":{"uv":[8.375,9.625,8.5,9.75],"texture":"#0"},"south":{"uv":[8.5,9.625,8.625,9.75],"texture":"#0"},"west":{"uv":[8.875,9.625,9.0,9.75],"texture":"#0"},"up":{"uv":[9.125,9.75,9.0,9.625],"texture":"#0"},"down":{"uv":[9.25,9.625,9.125,9.75],"texture":"#0"}}},{"from":[2.0,-2.90711,6.50711],"to":[3.0,-1.90711,7.50711],"rotation":{"origin":[0.0,5.09289,12.50711],"axis":"z","angle":0.0},"faces":{"north":{"uv":[9.25,9.625,9.375,9.75],"texture":"#0"},"east":{"uv":[9.375,9.625,9.5,9.75],"texture":"#0"},"south":{"uv":[9.5,9.625,9.625,9.75],"texture":"#0"},"west":{"uv":[9.625,9.5,9.75,9.625],"texture":"#0"},"up":{"uv":[9.75,9.75,9.625,9.625],"texture":"#0"},"down":{"uv":[9.875,0.0,9.75,0.125],"texture":"#0"}}},{"from":[2.01,-9.49289,9.4066],"to":[2.99,-8.49289,10.4066],"rotation":{"origin":[0.0,-1.49289,16.4066],"axis":"x","angle":45.0},"faces":{"north":{"uv":[9.75,0.125,9.875,0.25],"texture":"#0"},"east":{"uv":[9.75,0.25,9.875,0.375],"texture":"#0"},"south":{"uv":[9.75,0.5,9.875,0.625],"texture":"#0"},"west":{"uv":[9.75,0.875,9.875,1.0],"texture":"#0"},"up":{"uv":[1.125,9.875,1.0,9.75],"texture":"#0"},"down":{"uv":[9.875,1.0,9.75,1.125],"texture":"#0"}}},{"from":[11.0,0.3,6.0],"to":[12.0,4.3,8.0],"rotation":{"origin":[15.0,4.3,13.0],"axis":"z","angle":22.5},"faces":{"north":{"uv":[4.875,9.25,5.0,9.75],"texture":"#0"},"east":{"uv":[6.75,8.75,7.0,9.25],"texture":"#0"},"south":{"uv":[5.0,9.25,5.125,9.75],"texture":"#0"},"west":{"uv":[7.0,8.75,7.25,9.25],"texture":"#0"},"up":{"uv":[6.25,9.75,6.125,9.5],"texture":"#0"},"down":{"uv":[0.125,9.625,0.0,9.875],"texture":"#0"}}},{"from":[4.0,2.3,-9.0],"to":[12.0,11.3,-7.0],"rotation":{"origin":[0.0,3.3,2.0],"axis":"y","angle":0.0},"faces":{"north":{"uv":[0.0,6.125,1.0,7.25],"texture":"#0"},"east":{"uv":[4.625,7.75,4.875,8.875],"texture":"#0"},"south":{"uv":[1.0,6.125,2.0,7.25],"texture":"#0"},"west":{"uv":[6.0,8.125,6.25,9.25],"texture":"#0"},"up":{"uv":[9.25,6.375,8.25,6.125],"texture":"#0"},"down":{"uv":[9.25,6.375,8.25,6.625],"texture":"#0"}}},{"from":[4.0,2.6806,-8.08658],"to":[12.0,6.6806,-6.08658],"rotation":{"origin":[0.0,3.6806,1.91342],"axis":"y","angle":0.0},"faces":{"north":{"uv":[7.25,0.0,8.25,0.5],"texture":"#0"},"east":{"uv":[7.25,8.75,7.5,9.25],"texture":"#0"},"south":{"uv":[7.25,0.5,8.25,1.0],"texture":"#0"},"west":{"uv":[0.0,8.875,0.25,9.375],"texture":"#0"},"up":{"uv":[7.625,8.5,6.625,8.25],"texture":"#0"},"down":{"uv":[9.375,6.625,8.375,6.875],"texture":"#0"}}},{"from":[4.0,10.7358,-6.69974],"to":[12.0,15.7358,-5.69974],"rotation":{"origin":[0.0,7.7358,4.30026],"axis":"x","angle":-22.5},"faces":{"north":{"uv":[7.125,2.25,8.125,2.875],"texture":"#0"},"east":{"uv":[0.25,8.875,0.375,9.5],"texture":"#0"},"south":{"uv":[3.875,7.125,4.875,7.75],"texture":"#0"},"west":{"uv":[0.375,8.875,0.5,9.5],"texture":"#0"},"up":{"uv":[9.75,0.625,8.75,0.5],"texture":"#0"},"down":{"uv":[9.75,5.125,8.75,5.25],"texture":"#0"}}},{"from":[5.0,2.3,-13.1],"to":[6.0,11.3,-8.50457],"rotation":{"origin":[0.0,3.3,2.4797],"axis":"y","angle":0.0},"faces":{"north":{"uv":[4.375,8.625,4.5,9.75],"texture":"#0"},"east":{"uv":[7.125,1.125,7.6875,2.25],"texture":"#0"},"south":{"uv":[4.5,8.625,4.625,9.75],"texture":"#0"},"west":{"uv":[2.0,7.125,2.5625,8.25],"texture":"#0"},"up":{"uv":[4.75,9.4375,4.625,8.875],"texture":"#0"},"down":{"uv":[4.875,8.875,4.75,9.4375],"texture":"#0"}}},{"from":[5.0,14.69309,-14.46927],"to":[11.0,15.69309,-9.87384],"rotation":{"origin":[8.0,15.69309,1.60586],"axis":"x","angle":-22.5},"faces":{"north":{"uv":[4.0,5.25,4.75,5.375],"texture":"#0"},"east":{"uv":[6.125,3.0,6.6875,3.125],"texture":"#0"},"south":{"uv":[6.75,5.25,7.5,5.375],"texture":"#0"},"west":{"uv":[9.0,4.5,9.5625,4.625],"texture":"#0"},"up":{"uv":[8.25,6.6875,7.5,6.125],"texture":"#0"},"down":{"uv":[0.75,7.625,0.0,8.1875],"texture":"#0"}}},{"from":[5.0,-2.09309,-14.46927],"to":[11.0,-1.09309,-9.87384],"rotation":{"origin":[8.0,-2.09309,1.60586],"axis":"x","angle":22.5},"faces":{"north":{"uv":[9.0,2.375,9.75,2.5],"texture":"#0"},"east":{"uv":[9.0,4.625,9.5625,4.75],"texture":"#0"},"south":{"uv":[9.0,3.875,9.75,4.0],"texture":"#0"},"west":{"uv":[9.0,4.75,9.5625,4.875],"texture":"#0"},"up":{"uv":[8.375,7.3125,7.625,6.75],"texture":"#0"},"down":{"uv":[8.375,7.375,7.625,7.9375],"texture":"#0"}}},{"from":[10.0,2.3,-13.1],"to":[11.0,11.3,-8.50457],"rotation":{"origin":[16.0,3.3,2.4797],"axis":"y","angle":0.0},"faces":{"north":{"uv":[7.625,8.625,7.75,9.75],"texture":"#0"},"east":{"uv":[2.625,7.125,3.1875,8.25],"texture":"#0"},"south":{"uv":[7.75,8.625,7.875,9.75],"texture":"#0"},"west":{"uv":[3.25,7.125,3.8125,8.25],"texture":"#0"},"up":{"uv":[5.75,9.5625,5.625,9.0],"texture":"#0"},"down":{"uv":[5.875,9.0,5.75,9.5625],"texture":"#0"}}},{"from":[4.0,2.3,-8.0],"to":[12.0,3.3,9.0],"rotation":{"origin":[0.0,3.3,2.0],"axis":"y","angle":0.0},"faces":{"north":{"uv":[8.875,3.25,9.875,3.375],"texture":"#0"},"east":{"uv":[8.25,0.625,10.375,0.75],"texture":"#0"},"south":{"uv":[8.875,3.375,9.875,3.5],"texture":"#0"},"west":{"uv":[8.25,0.75,10.375,0.875],"texture":"#0"},"up":{"uv":[3.0,7.125,2.0,5.0],"texture":"#0"},"down":{"uv":[4.0,5.0,3.0,7.125],"texture":"#0"}}},{"from":[12.0,2.3,-7.0],"to":[13.0,11.3,9.0],"rotation":{"origin":[0.0,3.3,2.0],"axis":"y","angle":0.0},"faces":{"north":{"uv":[7.875,8.625,8.0,9.75],"texture":"#0"},"east":{"uv":[4.75,4.25,6.75,5.375],"texture":"#0"},"south":{"uv":[8.0,8.625,8.125,9.75],"texture":"#0"},"west":{"uv":[0.0,5.0,2.0,6.125],"texture":"#0"},"up":{"uv":[3.5,10.25,3.375,8.25],"texture":"#0"},"down":{"uv":[3.625,8.25,3.5,10.25],"texture":"#0"}}},{"from":[-16.0,6.3,-2.0],"to":[3.0,7.3,6.0],"rotation":{"origin":[0.0,3.3,4.0],"axis":"z","angle":0.0},"faces":{"north":{"uv":[8.0,6.0,10.375,6.125],"texture":"#0"},"east":{"uv":[8.875,3.5,9.875,3.625],"texture":"#0"},"south":{"uv":[8.125,2.5,10.5,2.625],"texture":"#0"},"west":{"uv":[8.875,3.625,9.875,3.75],"texture":"#0"},"up":{"uv":[2.375,5.0,0.0,4.0],"texture":"#0"},"down":{"uv":[4.75,4.0,2.375,5.0],"texture":"#0"}}},{"from":[-15.0,-1.7,-1.0],"to":[-15.0,6.3,32.0],"rotation":{"origin":[0.0,3.3,4.0],"axis":"z","angle":0.0},"faces":{"north":{"uv":[0.0,0.0,0.0,1.0],"texture":"#0"},"east":{"uv":[0.0,0.0,4.125,1.0],"texture":"#0"},"south":{"uv":[0.0,0.0,0.0,1.0],"texture":"#0"},"west":{"uv":[0.0,1.0,4.125,2.0],"texture":"#0"},"up":{"uv":[0.0,4.125,0.0,0.0],"texture":"#0"},"down":{"uv":[0.0,0.0,0.0,4.125],"texture":"#0"}}},{"from":[31.0,-1.7,-1.0],"to":[31.0,6.3,32.0],"rotation":{"origin":[16.0,3.3,4.0],"axis":"z","angle":0.0},"faces":{"north":{"uv":[0.0,0.0,0.0,1.0],"texture":"#0"},"east":{"uv":[0.0,2.0,4.125,3.0],"texture":"#0"},"south":{"uv":[0.0,0.0,0.0,1.0],"texture":"#0"},"west":{"uv":[0.0,3.0,4.125,4.0],"texture":"#0"},"up":{"uv":[0.0,4.125,0.0,0.0],"texture":"#0"},"down":{"uv":[0.0,0.0,0.0,4.125],"texture":"#0"}}},{"from":[-15.68719,6.3,4.42742],"to":[-12.68719,7.3,14.42742],"rotation":{"origin":[0.31281,3.3,0.42742],"axis":"y","angle":-22.5},"faces":{"north":{"uv":[7.125,2.875,7.5,3.0],"texture":"#0"},"east":{"uv":[8.25,0.875,9.5,1.0],"texture":"#0"},"south":{"uv":[9.375,6.625,9.75,6.75],"texture":"#0"},"west":{"uv":[8.625,2.875,9.875,3.0],"texture":"#0"},"up":{"uv":[7.875,4.125,7.5,2.875],"texture":"#0"},"down":{"uv":[7.875,4.125,7.5,5.375],"texture":"#0"}}},{"from":[-14.29405,6.3,-0.73193],"to":[-7.29405,7.3,2.26807],"rotation":{"origin":[-0.29405,3.3,12.26807],"axis":"y","angle":22.5},"faces":{"north":{"uv":[9.0,1.875,9.875,2.0],"texture":"#0"},"east":{"uv":[9.375,6.75,9.75,6.875],"texture":"#0"},"south":{"uv":[9.0,2.0,9.875,2.125],"texture":"#0"},"west":{"uv":[9.375,6.875,9.75,7.0],"texture":"#0"},"up":{"uv":[8.75,5.25,7.875,4.875],"texture":"#0"},"down":{"uv":[8.875,5.25,8.0,5.625],"texture":"#0"}}},{"from":[13.0,6.3,-2.0],"to":[32.0,7.3,6.0],"rotation":{"origin":[16.0,3.3,4.0],"axis":"z","angle":0.0},"faces":{"north":{"uv":[8.125,2.625,10.5,2.75],"texture":"#0"},"east":{"uv":[8.875,3.75,9.875,3.875],"texture":"#0"},"south":{"uv":[8.125,2.75,10.5,2.875],"texture":"#0"},"west":{"uv":[8.875,5.25,9.875,5.375],"texture":"#0"},"up":{"uv":[6.5,1.0,4.125,0.0],"texture":"#0"},"down":{"uv":[6.5,1.0,4.125,2.0],"texture":"#0"}}},{"from":[23.29405,6.3,-0.73193],"to":[30.29405,7.3,2.26807],"rotation":{"origin":[16.29405,3.3,12.26807],"axis":"y","angle":-22.5},"faces":{"north":{"uv":[9.0,2.125,9.875,2.25],"texture":"#0"},"east":{"uv":[9.375,7.0,9.75,7.125],"texture":"#0"},"south":{"uv":[9.0,2.25,9.875,2.375],"texture":"#0"},"west":{"uv":[9.375,7.125,9.75,7.25],"texture":"#0"},"up":{"uv":[8.875,6.0,8.0,5.625],"texture":"#0"},"down":{"uv":[8.5,8.0,7.625,8.375],"texture":"#0"}}},{"from":[28.68719,6.3,4.42742],"to":[31.68719,7.3,14.42742],"rotation":{"origin":[15.68719,3.3,0.42742],"axis":"y","angle":22.5},"faces":{"north":{"uv":[9.375,7.25,9.75,7.375],"texture":"#0"},"east":{"uv":[8.625,3.0,9.875,3.125],"texture":"#0"},"south":{"uv":[9.375,8.625,9.75,8.75],"texture":"#0"},"west":{"uv":[8.625,3.125,9.875,3.25],"texture":"#0"},"up":{"uv":[5.25,8.75,4.875,7.5],"texture":"#0"},"down":{"uv":[5.625,7.5,5.25,8.75],"texture":"#0"}}},{"from":[5.5,4.3,-14.0],"to":[10.5,9.3,-12.0],"rotation":{"origin":[0.0,3.3,2.0],"axis":"y","angle":0.0},"faces":{"north":{"uv":[4.125,3.125,4.75,3.75],"texture":"#0"},"east":{"uv":[1.375,8.625,1.625,9.25],"texture":"#0"},"south":{"uv":[6.5,1.125,7.125,1.75],"texture":"#0"},"west":{"uv":[8.625,3.25,8.875,3.875],"texture":"#0"},"up":{"uv":[4.75,4.0,4.125,3.75],"texture":"#0"},"down":{"uv":[7.125,1.75,6.5,2.0],"texture":"#0"}}},{"from":[7.96301,9.58669,-15.0],"to":[14.96301,11.58669,-15.0],"rotation":{"origin":[-1.03699,7.08669,2.0],"axis":"z","angle":-22.5},"faces":{"north":{"uv":[8.375,7.375,9.25,7.625],"texture":"#0"},"east":{"uv":[0.0,0.0,0.0,0.25],"texture":"#0"},"south":{"uv":[8.375,7.625,9.25,7.875],"texture":"#0"},"west":{"uv":[0.0,0.0,0.0,0.25],"texture":"#0"},"up":{"uv":[0.875,0.0,0.0,0.0],"texture":"#0"},"down":{"uv":[0.875,0.0,0.0,0.0],"texture":"#0"}}},{"from":[7.0,7.8,-15.0],"to":[9.0,14.8,-15.0],"rotation":{"origin":[-0.5,10.8,2.0],"axis":"z","angle":0.0},"faces":{"north":{"uv":[6.25,8.5,6.5,9.375],"texture":"#0"},"east":{"uv":[0.0,0.0,0.0,0.875],"texture":"#0"},"south":{"uv":[6.25,8.5,6.5,9.375],"texture":"#0"},"west":{"uv":[0.0,0.0,0.0,0.875],"texture":"#0"},"up":{"uv":[0.25,0.0,0.0,0.0],"texture":"#0"},"down":{"uv":[0.25,0.0,0.0,0.0],"texture":"#0"}}},{"from":[-1.64804,3.08524,-15.0],"to":[5.35196,5.08524,-15.0],"rotation":{"origin":[-0.64804,10.58524,2.0],"axis":"z","angle":22.5},"faces":{"north":{"uv":[8.375,7.625,9.25,7.875],"texture":"#0"},"east":{"uv":[0.0,0.0,0.0,0.25],"texture":"#0"},"south":{"uv":[8.375,7.375,9.25,7.625],"texture":"#0"},"west":{"uv":[0.0,0.0,0.0,0.25],"texture":"#0"},"up":{"uv":[0.875,0.0,0.0,0.0],"texture":"#0"},"down":{"uv":[0.875,0.0,0.0,0.0],"texture":"#0"}}},{"from":[7.0,5.8,-16.0],"to":[9.0,7.8,-14.0],"rotation":{"origin":[0.0,3.3,2.0],"axis":"y","angle":0.0},"faces":{"north":{"uv":[5.125,9.25,5.375,9.5],"texture":"#0"},"east":{"uv":[5.375,9.25,5.625,9.5],"texture":"#0"},"south":{"uv":[6.0,9.25,6.25,9.5],"texture":"#0"},"west":{"uv":[9.25,6.125,9.5,6.375],"texture":"#0"},"up":{"uv":[9.5,6.625,9.25,6.375],"texture":"#0"},"down":{"uv":[7.0,9.25,6.75,9.5],"texture":"#0"}}},{"from":[4.0,3.3,8.0],"to":[12.0,11.3,9.0],"rotation":{"origin":[0.0,3.3,2.0],"axis":"y","angle":0.0},"faces":{"north":{"uv":[6.125,2.0,7.125,3.0],"texture":"#0"},"east":{"uv":[1.0,8.75,1.125,9.75],"texture":"#0"},"south":{"uv":[4.0,6.125,5.0,7.125],"texture":"#0"},"west":{"uv":[2.25,8.75,2.375,9.75],"texture":"#0"},"up":{"uv":[9.875,5.5,8.875,5.375],"texture":"#0"},"down":{"uv":[9.875,5.5,8.875,5.625],"texture":"#0"}}},{"from":[4.5,3.3,9.0],"to":[11.5,11.3,12.0],"rotation":{"origin":[0.0,3.3,2.0],"axis":"y","angle":0.0},"faces":{"north":{"uv":[5.0,6.125,5.875,7.125],"texture":"#0"},"east":{"uv":[7.75,1.0,8.125,2.0],"texture":"#0"},"south":{"uv":[5.875,6.125,6.75,7.125],"texture":"#0"},"west":{"uv":[3.875,7.75,4.25,8.75],"texture":"#0"},"up":{"uv":[9.0,1.375,8.125,1.0],"texture":"#0"},"down":{"uv":[9.0,1.375,8.125,1.75],"texture":"#0"}}},{"from":[5.0,3.3,-1.0],"to":[11.0,12.3,1.0],"rotation":{"origin":[0.0,3.3,2.0],"axis":"x","angle":0.0},"faces":{"north":{"uv":[6.5,0.0,7.25,1.125],"texture":"#0"},"east":{"uv":[1.125,8.25,1.375,9.375],"texture":"#0"},"south":{"uv":[6.75,3.0,7.5,4.125],"texture":"#0"},"west":{"uv":[2.375,8.25,2.625,9.375],"texture":"#0"},"up":{"uv":[4.75,5.25,4.0,5.0],"texture":"#0"},"down":{"uv":[9.25,7.875,8.5,8.125],"texture":"#0"}}},{"from":[6.0,12.3,-1.0],"to":[10.0,14.3,1.0],"rotation":{"origin":[0.0,3.3,2.0],"axis":"x","angle":0.0},"faces":{"north":{"uv":[8.875,5.625,9.375,5.875],"texture":"#0"},"east":{"uv":[7.0,9.25,7.25,9.5],"texture":"#0"},"south":{"uv":[8.875,8.625,9.375,8.875],"texture":"#0"},"west":{"uv":[7.25,9.25,7.5,9.5],"texture":"#0"},"up":{"uv":[9.375,9.125,8.875,8.875],"texture":"#0"},"down":{"uv":[9.5,0.0,9.0,0.25],"texture":"#0"}}},{"from":[6.0,12.3,6.0],"to":[10.0,14.3,8.0],"rotation":{"origin":[0.0,3.3,2.0],"axis":"x","angle":0.0},"faces":{"north":{"uv":[9.0,0.25,9.5,0.5],"texture":"#0"},"east":{"uv":[9.25,7.375,9.5,7.625],"texture":"#0"},"south":{"uv":[9.0,1.0,9.5,1.25],"texture":"#0"},"west":{"uv":[9.25,7.625,9.5,7.875],"texture":"#0"},"up":{"uv":[9.5,1.5,9.0,1.25],"texture":"#0"},"down":{"uv":[9.5,1.5,9.0,1.75],"texture":"#0"}}},{"from":[5.0,3.3,2.0],"to":[11.0,4.3,6.0],"rotation":{"origin":[0.0,3.3,2.0],"axis":"x","angle":0.0},"faces":{"north":{"uv":[9.0,4.0,9.75,4.125],"texture":"#0"},"east":{"uv":[9.25,7.875,9.75,8.0],"texture":"#0"},"south":{"uv":[9.0,4.125,9.75,4.25],"texture":"#0"},"west":{"uv":[9.25,8.0,9.75,8.125],"texture":"#0"},"up":{"uv":[8.625,3.375,7.875,2.875],"texture":"#0"},"down":{"uv":[8.625,3.375,7.875,3.875],"texture":"#0"}}},{"from":[5.0,3.3,-5.0],"to":[11.0,4.3,-1.0],"rotation":{"origin":[0.0,3.3,2.0],"axis":"x","angle":0.0},"faces":{"north":{"uv":[9.0,4.25,9.75,4.375],"texture":"#0"},"east":{"uv":[9.25,8.125,9.75,8.25],"texture":"#0"},"south":{"uv":[9.0,4.375,9.75,4.5],"texture":"#0"},"west":{"uv":[9.25,8.25,9.75,8.375],"texture":"#0"},"up":{"uv":[8.625,4.375,7.875,3.875],"texture":"#0"},"down":{"uv":[8.625,4.375,7.875,4.875],"texture":"#0"}}},{"from":[5.0,3.3,6.0],"to":[11.0,12.3,8.0],"rotation":{"origin":[0.0,3.3,2.0],"axis":"x","angle":0.0},"faces":{"north":{"uv":[6.75,4.125,7.5,5.25],"texture":"#0"},"east":{"uv":[2.625,8.25,2.875,9.375],"texture":"#0"},"south":{"uv":[6.75,6.125,7.5,7.25],"texture":"#0"},"west":{"uv":[2.875,8.25,3.125,9.375],"texture":"#0"},"up":{"uv":[9.25,8.375,8.5,8.125],"texture":"#0"},"down":{"uv":[9.25,8.375,8.5,8.625],"texture":"#0"}}},{"from":[5.5,5.3,12.0],"to":[10.5,10.3,16.0],"rotation":{"origin":[0.0,3.3,2.0],"axis":"y","angle":0.0},"faces":{"north":{"uv":[5.625,7.5,6.25,8.125],"texture":"#0"},"east":{"uv":[0.0,8.25,0.5,8.875],"texture":"#0"},"south":{"uv":[0.75,7.625,1.375,8.25],"texture":"#0"},"west":{"uv":[8.25,0.0,8.75,0.625],"texture":"#0"},"up":{"uv":[1.125,8.75,0.5,8.25],"texture":"#0"},"down":{"uv":[2.375,8.25,1.75,8.75],"texture":"#0"}}},{"from":[6.51,-0.29847,13.90925],"to":[9.49,2.70153,24.90925],"rotation":{"origin":[1.0,-3.29847,3.90925],"axis":"x","angle":-22.5},"faces":{"north":{"uv":[8.625,3.875,9.0,4.25],"texture":"#0"},"east":{"uv":[4.875,7.125,6.25,7.5],"texture":"#0"},"south":{"uv":[8.625,4.25,9.0,4.625],"texture":"#0"},"west":{"uv":[0.0,7.25,1.375,7.625],"texture":"#0"},"up":{"uv":[6.625,8.5,6.25,7.125],"texture":"#0"},"down":{"uv":[1.75,7.25,1.375,8.625],"texture":"#0"}}},{"from":[6.5,7.3,16.0],"to":[9.5,10.3,23.0],"rotation":{"origin":[2.0,-3.7,5.0],"axis":"x","angle":0.0},"faces":{"north":{"uv":[8.125,8.625,8.5,9.0],"texture":"#0"},"east":{"uv":[8.125,1.75,9.0,2.125],"texture":"#0"},"south":{"uv":[8.5,8.625,8.875,9.0],"texture":"#0"},"west":{"uv":[8.125,2.125,9.0,2.5],"texture":"#0"},"up":{"uv":[4.625,8.625,4.25,7.75],"texture":"#0"},"down":{"uv":[6.0,8.125,5.625,9.0],"texture":"#0"}}},{"from":[7.0,8.3,23.0],"to":[9.0,10.3,31.0],"rotation":{"origin":[0.0,4.3,2.0],"axis":"y","angle":0.0},"faces":{"north":{"uv":[8.375,9.25,8.625,9.5],"texture":"#0"},"east":{"uv":[8.375,6.875,9.375,7.125],"texture":"#0"},"south":{"uv":[9.25,8.375,9.5,8.625],"texture":"#0"},"west":{"uv":[8.375,7.125,9.375,7.375],"texture":"#0"},"up":{"uv":[2.0,8.25,1.75,7.25],"texture":"#0"},"down":{"uv":[3.875,8.25,3.625,9.25],"texture":"#0"}}},{"from":[0.0,9.24961,26.0],"to":[16.0,9.74961,32.0],"rotation":{"origin":[7.5,4.24961,3.05408],"axis":"y","angle":0.0},"faces":{"north":{"uv":[8.875,5.875,10.875,5.9375],"texture":"#0"},"east":{"uv":[9.375,8.75,10.125,8.8125],"texture":"#0"},"south":{"uv":[9.0,1.75,11.0,1.8125],"texture":"#0"},"west":{"uv":[9.375,8.875,10.125,8.9375],"texture":"#0"},"up":{"uv":[6.0,6.125,4.0,5.375],"texture":"#0"},"down":{"uv":[8.0,5.375,6.0,6.125],"texture":"#0"}}},{"from":[7.5,18.3,22.5],"to":[8.5,26.3,26.5],"rotation":{"origin":[0.0,4.3,3.0],"axis":"x","angle":22.5},"faces":{"north":{"uv":[4.125,8.75,4.25,9.75],"texture":"#0"},"east":{"uv":[6.625,7.25,7.125,8.25],"texture":"#0"},"south":{"uv":[7.5,8.75,7.625,9.75],"texture":"#0"},"west":{"uv":[7.125,7.25,7.625,8.25],"texture":"#0"},"up":{"uv":[8.75,9.75,8.625,9.25],"texture":"#0"},"down":{"uv":[8.875,9.25,8.75,9.75],"texture":"#0"}}}],"textures":{"particle":"custom/cars/plane","0":"custom/cars/plane"}}