{"display":{"thirdperson_righthand":{"scale":[1.0E-4,1.0E-4,1.0E-4]},"thirdperson_lefthand":{"scale":[1.0E-4,1.0E-4,1.0E-4]},"firstperson_righthand":{"translation":[2.0,1.0,-5.0],"scale":[0.4,0.4,0.4]},"firstperson_lefthand":{"translation":[2.0,1.0,-5.0],"scale":[0.4,0.4,0.4]},"gui":{"rotation":[30.0,125.0,0.0],"scale":[0.25,0.25,0.25]},"head":{"scale":[2.0,2.0,2.0]},"fixed":{"scale":[0.4,0.4,0.4]}},"elements":[{"from":[-4.0,-5.5,5.5],"to":[4.0,-2.0,10.5],"faces":{"down":{"uv":[3.6875,1.625,3.1875,1.9375],"texture":"#0"},"up":{"uv":[2.0625,1.4375,1.5625,1.125],"texture":"#0"},"north":{"uv":[6.0,5.75,6.5,6.0],"texture":"#0"},"south":{"uv":[5.75,8.5,6.25,8.75],"texture":"#0"},"west":{"uv":[7.375,9.0625,7.6875,9.3125],"texture":"#0"},"east":{"uv":[8.875,4.5,9.1875,4.75],"texture":"#0"}}},{"from":[-0.742,-5.5,4.8791],"to":[7.258,-2.0,9.879101],"rotation":{"origin":[11.75801,-0.5,15.87913],"axis":"y","angle":22.5},"faces":{"down":{"uv":[8.625,8.125,8.125,8.4375],"texture":"#0"},"up":{"uv":[2.875,8.4375,2.375,8.125],"texture":"#0"},"north":{"uv":[7.3125,8.5625,7.8125,8.8125],"texture":"#0"},"south":{"uv":[8.5625,5.6875,9.0625,5.9375],"texture":"#0"},"west":{"uv":[4.5625,9.125,4.875,9.375],"texture":"#0"},"east":{"uv":[4.25,9.125,4.5625,9.375],"texture":"#0"}}},{"from":[-0.742,-5.5,6.1209],"to":[7.258,-2.0,11.1209],"rotation":{"origin":[11.75801,-0.5,0.12087],"axis":"y","angle":-22.5},"faces":{"down":{"uv":[8.6875,5.0625,8.1875,5.375],"texture":"#0"},"up":{"uv":[8.6875,5.0625,8.1875,4.75],"texture":"#0"},"north":{"uv":[5.125,8.625,5.625,8.875],"texture":"#0"},"south":{"uv":[8.625,7.8125,9.125,8.0625],"texture":"#0"},"west":{"uv":[9.125,2.5,9.4375,2.75],"texture":"#0"},"east":{"uv":[9.125,2.25,9.4375,2.5],"texture":"#0"}}},{"from":[4.6122,-5.5,3.0764],"to":[8.8122,-2.0,11.0764],"rotation":{"origin":[-1.3878,-0.5,10.06467],"axis":"y","angle":45.0},"faces":{"down":{"uv":[4.375,8.25,4.125,8.75],"texture":"#0"},"up":{"uv":[5.8125,2.75,5.5625,2.25],"texture":"#0"},"north":{"uv":[1.625,5.0,1.875,5.25],"texture":"#0"},"south":{"uv":[5.5625,2.75,5.8125,3.0],"texture":"#0"},"west":{"uv":[8.125,8.6875,8.625,8.9375],"texture":"#0"},"east":{"uv":[1.5,8.6875,2.0,8.9375],"texture":"#0"}}},{"from":[4.0116,-5.5,-0.3224],"to":[9.0116,-2.0,7.6776],"rotation":{"origin":[-1.98839,-0.5,6.6658],"axis":"y","angle":22.5},"faces":{"down":{"uv":[3.1875,8.25,2.875,8.75],"texture":"#0"},"up":{"uv":[6.4375,8.5,6.125,8.0],"texture":"#0"},"north":{"uv":[9.125,3.25,9.4375,3.5],"texture":"#0"},"south":{"uv":[9.125,3.5,9.4375,3.75],"texture":"#0"},"west":{"uv":[1.0,8.6875,1.5,8.9375],"texture":"#0"},"east":{"uv":[0.5,8.6875,1.0,8.9375],"texture":"#0"}}},{"from":[5.5,-5.5,-4.0],"to":[10.5,-2.0,4.0],"faces":{"down":{"uv":[2.1875,4.1875,1.875,4.6875],"texture":"#0"},"up":{"uv":[1.4375,2.6875,1.125,2.1875],"texture":"#0"},"north":{"uv":[4.875,4.125,5.1875,4.375],"texture":"#0"},"south":{"uv":[5.1875,4.75,5.5,5.0],"texture":"#0"},"west":{"uv":[3.75,3.5,4.25,3.75],"texture":"#0"},"east":{"uv":[1.0625,0.8125,1.5625,1.0625],"texture":"#0"}}},{"from":[6.9884,-5.5,-0.3224],"to":[11.9884,-2.0,7.6776],"rotation":{"origin":[17.98839,-0.5,6.6658],"axis":"y","angle":-22.5},"faces":{"down":{"uv":[8.5625,0.0,8.25,0.5],"texture":"#0"},"up":{"uv":[4.125,8.75,3.8125,8.25],"texture":"#0"},"north":{"uv":[9.125,4.25,9.4375,4.5],"texture":"#0"},"south":{"uv":[9.125,7.8125,9.4375,8.0625],"texture":"#0"},"west":{"uv":[4.25,8.875,4.75,9.125],"texture":"#0"},"east":{"uv":[7.3125,8.8125,7.8125,9.0625],"texture":"#0"}}},{"from":[7.1878,-5.5,3.0764],"to":[11.3878,-2.0,11.0764],"rotation":{"origin":[17.3878,-0.5,10.06467],"axis":"y","angle":-45.0},"faces":{"down":{"uv":[2.25,8.6875,2.0,9.1875],"texture":"#0"},"up":{"uv":[6.5,9.0,6.25,8.5],"texture":"#0"},"north":{"uv":[5.75,6.6875,6.0,6.9375],"texture":"#0"},"south":{"uv":[1.3125,6.75,1.5625,7.0],"texture":"#0"},"west":{"uv":[8.6875,4.75,9.1875,5.0],"texture":"#0"},"east":{"uv":[8.625,8.6875,9.125,8.9375],"texture":"#0"}}},{"from":[8.742,-5.5,6.1209],"to":[16.742,-2.0,11.1209],"rotation":{"origin":[4.24199,-0.5,0.12087],"axis":"y","angle":22.5},"faces":{"down":{"uv":[0.5,8.25,0.0,8.5625],"texture":"#0"},"up":{"uv":[8.6875,5.6875,8.1875,5.375],"texture":"#0"},"north":{"uv":[8.625,8.0625,9.125,8.3125],"texture":"#0"},"south":{"uv":[0.0,8.6875,0.5,8.9375],"texture":"#0"},"west":{"uv":[9.125,3.0,9.4375,3.25],"texture":"#0"},"east":{"uv":[9.125,2.75,9.4375,3.0],"texture":"#0"}}},{"from":[12.0,-5.5,5.5],"to":[20.0,-2.0,10.5],"faces":{"down":{"uv":[2.375,8.125,1.875,8.4375],"texture":"#0"},"up":{"uv":[3.625,7.75,3.125,7.4375],"texture":"#0"},"north":{"uv":[2.25,8.5625,2.75,8.8125],"texture":"#0"},"south":{"uv":[6.8125,8.5625,7.3125,8.8125],"texture":"#0"},"west":{"uv":[9.0625,5.75,9.375,6.0],"texture":"#0"},"east":{"uv":[9.0625,5.5,9.375,5.75],"texture":"#0"}}},{"from":[8.742,-5.5,4.8791],"to":[16.742,-2.0,9.879101],"rotation":{"origin":[4.24199,-0.5,15.87913],"axis":"y","angle":-22.5},"faces":{"down":{"uv":[1.625,8.1875,1.125,8.5],"texture":"#0"},"up":{"uv":[8.625,8.125,8.125,7.8125],"texture":"#0"},"north":{"uv":[8.5625,5.9375,9.0625,6.1875],"texture":"#0"},"south":{"uv":[4.625,8.625,5.125,8.875],"texture":"#0"},"west":{"uv":[9.125,2.0,9.4375,2.25],"texture":"#0"},"east":{"uv":[4.875,9.125,5.1875,9.375],"texture":"#0"}}},{"from":[7.1878,-5.5,4.9236],"to":[11.3878,-2.0,12.9236],"rotation":{"origin":[17.3878,-0.5,5.93533],"axis":"y","angle":45.0},"faces":{"down":{"uv":[3.25,8.75,3.0,9.25],"texture":"#0"},"up":{"uv":[3.0,9.25,2.75,8.75],"texture":"#0"},"north":{"uv":[6.5625,7.0,6.8125,7.25],"texture":"#0"},"south":{"uv":[1.625,8.1875,1.875,8.4375],"texture":"#0"},"west":{"uv":[8.6875,5.25,9.1875,5.5],"texture":"#0"},"east":{"uv":[8.6875,5.0,9.1875,5.25],"texture":"#0"}}},{"from":[6.9884,-5.5,8.3224],"to":[11.9884,-2.0,16.3224],"rotation":{"origin":[17.98839,-0.5,9.3342],"axis":"y","angle":22.5},"faces":{"down":{"uv":[8.5625,5.6875,8.25,6.1875],"texture":"#0"},"up":{"uv":[8.5625,1.0,8.25,0.5],"texture":"#0"},"north":{"uv":[9.125,8.0625,9.4375,8.3125],"texture":"#0"},"south":{"uv":[9.125,8.6875,9.4375,8.9375],"texture":"#0"},"west":{"uv":[8.875,1.75,9.375,2.0],"texture":"#0"},"east":{"uv":[4.75,8.875,5.25,9.125],"texture":"#0"}}},{"from":[5.5,-5.5,12.0],"to":[10.5,-2.0,20.0],"faces":{"down":{"uv":[5.5625,5.8125,5.25,6.3125],"texture":"#0"},"up":{"uv":[4.625,0.5,4.3125,0.0],"texture":"#0"},"north":{"uv":[6.375,5.0,6.6875,5.25],"texture":"#0"},"south":{"uv":[6.5,5.75,6.8125,6.0],"texture":"#0"},"west":{"uv":[5.8125,4.5,6.3125,4.75],"texture":"#0"},"east":{"uv":[4.375,4.125,4.875,4.375],"texture":"#0"}}},{"from":[4.0116,-5.5,8.3224],"to":[9.0116,-2.0,16.3224],"rotation":{"origin":[-1.98839,-0.5,9.3342],"axis":"y","angle":-22.5},"faces":{"down":{"uv":[3.8125,8.25,3.5,8.75],"texture":"#0"},"up":{"uv":[3.5,8.75,3.1875,8.25],"texture":"#0"},"north":{"uv":[9.125,3.75,9.4375,4.0],"texture":"#0"},"south":{"uv":[9.125,4.0,9.4375,4.25],"texture":"#0"},"west":{"uv":[6.8125,8.8125,7.3125,9.0625],"texture":"#0"},"east":{"uv":[2.25,8.8125,2.75,9.0625],"texture":"#0"}}},{"from":[4.6122,-5.5,4.9236],"to":[8.8122,-2.0,12.9236],"rotation":{"origin":[-1.3878,-0.5,5.93533],"axis":"y","angle":-45.0},"faces":{"down":{"uv":[6.125,8.75,5.875,9.25],"texture":"#0"},"up":{"uv":[5.875,9.25,5.625,8.75],"texture":"#0"},"north":{"uv":[2.0,9.1875,2.25,9.4375],"texture":"#0"},"south":{"uv":[9.1875,4.5,9.4375,4.75],"texture":"#0"},"west":{"uv":[3.75,8.75,4.25,9.0],"texture":"#0"},"east":{"uv":[3.25,8.75,3.75,9.0],"texture":"#0"}}},{"from":[5.9768,0.0,11.6449],"to":[15.9768,8.0,24.6449],"rotation":{"origin":[27.97679,8.0,10.66839],"axis":"y","angle":22.5},"faces":{"down":{"uv":[4.125,5.3125,3.5,6.125],"texture":"#0"},"up":{"uv":[3.5,6.125,2.875,5.3125],"texture":"#0"},"north":{"uv":[3.125,7.75,3.75,8.25],"texture":"#0"},"south":{"uv":[3.75,7.75,4.375,8.25],"texture":"#0"},"west":{"uv":[7.0,3.8125,7.8125,4.3125],"texture":"#0"},"east":{"uv":[7.0,3.3125,7.8125,3.8125],"texture":"#0"}}},{"from":[3.0,0.0,-16.0],"to":[13.0,8.0,-3.0],"faces":{"down":{"uv":[0.625,4.1875,0.0,5.0],"texture":"#0"},"up":{"uv":[4.375,4.5625,3.75,3.75],"texture":"#0"},"north":{"uv":[1.875,7.125,2.5,7.625],"texture":"#0"},"south":{"uv":[2.5,7.125,3.125,7.625],"texture":"#0"},"west":{"uv":[5.5625,4.75,6.375,5.25],"texture":"#0"},"east":{"uv":[1.125,2.6875,1.9375,3.1875],"texture":"#0"}}},{"from":[3.0,0.0,19.0],"to":[13.0,8.0,32.0],"faces":{"down":{"uv":[1.875,4.1875,1.25,5.0],"texture":"#0"},"up":{"uv":[1.25,5.0,0.625,4.1875],"texture":"#0"},"north":{"uv":[7.1875,4.3125,7.8125,4.8125],"texture":"#0"},"south":{"uv":[0.0,7.25,0.625,7.75],"texture":"#0"},"west":{"uv":[6.0,0.0,6.8125,0.5],"texture":"#0"},"east":{"uv":[6.0,6.0,6.8125,6.5],"texture":"#0"}}},{"from":[-16.0,0.0,3.0],"to":[-3.0,8.0,13.0],"faces":{"down":{"uv":[5.1875,3.5,4.375,4.125],"texture":"#0"},"up":{"uv":[5.1875,5.0,4.375,4.375],"texture":"#0"},"north":{"uv":[6.0,0.5,6.8125,1.0],"texture":"#0"},"south":{"uv":[6.0,1.0,6.8125,1.5],"texture":"#0"},"west":{"uv":[7.1875,7.3125,7.8125,7.8125],"texture":"#0"},"east":{"uv":[6.5625,7.3125,7.1875,7.8125],"texture":"#0"}}},{"from":[19.0,0.0,3.0],"to":[32.0,8.0,13.0],"faces":{"down":{"uv":[3.5,4.6875,2.6875,5.3125],"texture":"#0"},"up":{"uv":[2.6875,5.3125,1.875,4.6875],"texture":"#0"},"north":{"uv":[6.0,1.5,6.8125,2.0],"texture":"#0"},"south":{"uv":[6.0,5.25,6.8125,5.75],"texture":"#0"},"west":{"uv":[7.3125,4.8125,7.9375,5.3125],"texture":"#0"},"east":{"uv":[7.3125,1.0,7.9375,1.5],"texture":"#0"}}},{"from":[-9.484,0.0,1.7583],"to":[3.516,8.0,11.7583],"rotation":{"origin":[15.51602,8.0,23.75826],"axis":"y","angle":22.5},"faces":{"down":{"uv":[5.5625,0.0,4.75,0.625],"texture":"#0"},"up":{"uv":[4.3125,5.3125,3.5,4.6875],"texture":"#0"},"north":{"uv":[1.5625,6.125,2.375,6.625],"texture":"#0"},"south":{"uv":[2.375,6.125,3.1875,6.625],"texture":"#0"},"west":{"uv":[4.6875,7.5,5.3125,8.0],"texture":"#0"},"east":{"uv":[7.3125,5.3125,7.9375,5.8125],"texture":"#0"}}},{"from":[12.484,0.0,1.7583],"to":[25.484,8.0,11.7583],"rotation":{"origin":[0.48398,8.0,23.75826],"axis":"y","angle":-22.5},"faces":{"down":{"uv":[5.5625,1.25,4.75,1.875],"texture":"#0"},"up":{"uv":[5.5625,1.25,4.75,0.625],"texture":"#0"},"north":{"uv":[3.1875,6.125,4.0,6.625],"texture":"#0"},"south":{"uv":[6.1875,2.0,7.0,2.5],"texture":"#0"},"west":{"uv":[5.9375,7.5,6.5625,8.0],"texture":"#0"},"east":{"uv":[5.3125,7.5,5.9375,8.0],"texture":"#0"}}},{"from":[-9.484,0.0,4.2417],"to":[3.516,8.0,14.2417],"rotation":{"origin":[15.51602,8.0,-7.75826],"axis":"y","angle":-22.5},"faces":{"down":{"uv":[5.5625,2.5,4.75,3.125],"texture":"#0"},"up":{"uv":[5.5625,2.5,4.75,1.875],"texture":"#0"},"north":{"uv":[6.1875,2.5,7.0,3.0],"texture":"#0"},"south":{"uv":[6.1875,3.0,7.0,3.5],"texture":"#0"},"west":{"uv":[1.875,7.625,2.5,8.125],"texture":"#0"},"east":{"uv":[0.625,7.5625,1.25,8.0625],"texture":"#0"}}},{"from":[12.484,0.0,4.2417],"to":[25.484,8.0,14.2417],"rotation":{"origin":[0.48398,8.0,-7.75826],"axis":"y","angle":22.5},"faces":{"down":{"uv":[1.625,5.0,0.8125,5.625],"texture":"#0"},"up":{"uv":[0.8125,5.625,0.0,5.0],"texture":"#0"},"north":{"uv":[6.1875,3.5,7.0,4.0],"texture":"#0"},"south":{"uv":[6.1875,4.0,7.0,4.5],"texture":"#0"},"west":{"uv":[7.625,0.0,8.25,0.5],"texture":"#0"},"east":{"uv":[2.5,7.625,3.125,8.125],"texture":"#0"}}},{"from":[0.0232,0.0,-8.644899],"to":[10.0232,8.0,4.355101],"rotation":{"origin":[-11.97679,8.0,5.33161],"axis":"y","angle":22.5},"faces":{"down":{"uv":[5.5625,5.0,4.9375,5.8125],"texture":"#0"},"up":{"uv":[4.9375,5.8125,4.3125,5.0],"texture":"#0"},"north":{"uv":[7.625,0.5,8.25,1.0],"texture":"#0"},"south":{"uv":[7.625,5.8125,8.25,6.3125],"texture":"#0"},"west":{"uv":[6.0,6.5,6.8125,7.0],"texture":"#0"},"east":{"uv":[6.375,4.5,7.1875,5.0],"texture":"#0"}}},{"from":[1.2244,0.0,-1.8471],"to":[9.624399,8.0,11.1529],"rotation":{"origin":[-10.77559,8.0,12.12934],"axis":"y","angle":45.0},"faces":{"down":{"uv":[3.6875,6.625,3.1875,7.4375],"texture":"#0"},"up":{"uv":[1.5625,0.8125,1.0625,0.0],"texture":"#0"},"north":{"uv":[7.8125,7.3125,8.3125,7.8125],"texture":"#0"},"south":{"uv":[7.9375,1.0,8.4375,1.5],"texture":"#0"},"west":{"uv":[2.375,6.625,3.1875,7.125],"texture":"#0"},"east":{"uv":[1.5625,6.625,2.375,7.125],"texture":"#0"}}},{"from":[6.3756,0.0,-1.8471],"to":[14.7756,8.0,11.1529],"rotation":{"origin":[26.77559,8.0,12.12934],"axis":"y","angle":-45.0},"faces":{"down":{"uv":[1.3125,6.75,0.8125,7.5625],"texture":"#0"},"up":{"uv":[5.75,7.5,5.25,6.6875],"texture":"#0"},"north":{"uv":[4.625,8.0,5.125,8.5],"texture":"#0"},"south":{"uv":[5.125,8.0,5.625,8.5],"texture":"#0"},"west":{"uv":[6.8125,6.8125,7.625,7.3125],"texture":"#0"},"east":{"uv":[0.0,6.75,0.8125,7.25],"texture":"#0"}}},{"from":[6.3756,0.0,4.8471],"to":[14.7756,8.0,17.8471],"rotation":{"origin":[26.77559,8.0,3.87066],"axis":"y","angle":45.0},"faces":{"down":{"uv":[7.3125,5.0,6.8125,5.8125],"texture":"#0"},"up":{"uv":[7.3125,1.8125,6.8125,1.0],"texture":"#0"},"north":{"uv":[5.625,8.0,6.125,8.5],"texture":"#0"},"south":{"uv":[0.625,8.0625,1.125,8.5625],"texture":"#0"},"west":{"uv":[6.8125,0.5,7.625,1.0],"texture":"#0"},"east":{"uv":[6.8125,0.0,7.625,0.5],"texture":"#0"}}},{"from":[1.2244,0.0,4.8471],"to":[9.624399,8.0,17.8471],"rotation":{"origin":[-10.77559,8.0,3.87066],"axis":"y","angle":-45.0},"faces":{"down":{"uv":[4.6875,6.9375,4.1875,7.75],"texture":"#0"},"up":{"uv":[4.1875,7.75,3.6875,6.9375],"texture":"#0"},"north":{"uv":[6.8125,8.0625,7.3125,8.5625],"texture":"#0"},"south":{"uv":[7.3125,8.0625,7.8125,8.5625],"texture":"#0"},"west":{"uv":[6.8125,6.3125,7.625,6.8125],"texture":"#0"},"east":{"uv":[6.8125,5.8125,7.625,6.3125],"texture":"#0"}}},{"from":[0.0232,0.0,11.6449],"to":[10.0232,8.0,24.6449],"rotation":{"origin":[-11.97679,8.0,10.66839],"axis":"y","angle":-22.5},"faces":{"down":{"uv":[5.8125,3.9375,5.1875,4.75],"texture":"#0"},"up":{"uv":[5.8125,3.9375,5.1875,3.125],"texture":"#0"},"north":{"uv":[7.625,6.3125,8.25,6.8125],"texture":"#0"},"south":{"uv":[7.625,6.8125,8.25,7.3125],"texture":"#0"},"west":{"uv":[7.0,1.8125,7.8125,2.3125],"texture":"#0"},"east":{"uv":[5.75,7.0,6.5625,7.5],"texture":"#0"}}},{"from":[5.9768,0.0,-8.644899],"to":[15.9768,8.0,4.355101],"rotation":{"origin":[27.97679,8.0,5.33161],"axis":"y","angle":-22.5},"faces":{"down":{"uv":[2.875,5.3125,2.25,6.125],"texture":"#0"},"up":{"uv":[2.25,6.125,1.625,5.3125],"texture":"#0"},"north":{"uv":[1.25,7.6875,1.875,8.1875],"texture":"#0"},"south":{"uv":[0.0,7.75,0.625,8.25],"texture":"#0"},"west":{"uv":[7.0,2.8125,7.8125,3.3125],"texture":"#0"},"east":{"uv":[7.0,2.3125,7.8125,2.8125],"texture":"#0"}}},{"from":[-4.5,8.0,-0.5],"to":[-4.499,15.5,16.5],"faces":{"down":{"uv":[0.0,0.0,0.0,1.0625],"texture":"#0"},"up":{"uv":[0.0,1.0625,0.0,0.0],"texture":"#0"},"north":{"uv":[0.0,0.0,0.0,0.5],"texture":"#0"},"south":{"uv":[0.0,0.0,0.0,0.5],"texture":"#0"},"west":{"uv":[1.0625,3.6875,2.125,4.1875],"texture":"#0"},"east":{"uv":[0.0,3.6875,1.0625,4.1875],"texture":"#0"}}},{"from":[-4.5,15.5,-0.5],"to":[-0.5,15.501,16.5],"faces":{"down":{"uv":[6.8125,7.8125,6.5625,8.875],"texture":"#0"},"up":{"uv":[4.625,8.8125,4.375,7.75],"texture":"#0"},"north":{"uv":[0.0,0.0,0.25,0.0],"texture":"#0"},"south":{"uv":[0.0,0.0,0.25,0.0],"texture":"#0"},"west":{"uv":[0.0,0.0,1.0625,0.0],"texture":"#0"},"east":{"uv":[0.0,0.0,1.0625,0.0],"texture":"#0"}}},{"from":[16.5,15.5,-0.5],"to":[20.5,15.501,16.5],"faces":{"down":{"uv":[8.1875,4.75,7.9375,5.8125],"texture":"#0"},"up":{"uv":[8.125,8.9375,7.875,7.875],"texture":"#0"},"north":{"uv":[0.0,0.0,0.25,0.0],"texture":"#0"},"south":{"uv":[0.0,0.0,0.25,0.0],"texture":"#0"},"west":{"uv":[0.0,0.0,1.0625,0.0],"texture":"#0"},"east":{"uv":[0.0,0.0,1.0625,0.0],"texture":"#0"}}},{"from":[-0.5,15.5,-0.5],"to":[-0.499,19.5,16.5],"faces":{"down":{"uv":[0.0,0.0,0.0,1.0625],"texture":"#0"},"up":{"uv":[0.0,1.0625,0.0,0.0],"texture":"#0"},"north":{"uv":[0.0,0.0,0.0,0.25],"texture":"#0"},"south":{"uv":[0.0,0.0,0.0,0.25],"texture":"#0"},"west":{"uv":[7.8125,2.0,8.875,2.25],"texture":"#0"},"east":{"uv":[7.8125,1.75,8.875,2.0],"texture":"#0"}}},{"from":[16.5,15.5,-0.5],"to":[16.501,19.5,16.5],"faces":{"down":{"uv":[0.0,0.0,0.0,1.0625],"texture":"#0"},"up":{"uv":[0.0,1.0625,0.0,0.0],"texture":"#0"},"north":{"uv":[0.0,0.0,0.0,0.25],"texture":"#0"},"south":{"uv":[0.0,0.0,0.0,0.25],"texture":"#0"},"west":{"uv":[7.8125,3.0,8.875,3.25],"texture":"#0"},"east":{"uv":[7.8125,2.75,8.875,3.0],"texture":"#0"}}},{"from":[-0.5,19.5,-0.5],"to":[16.5,19.501,16.5],"faces":{"down":{"uv":[1.0625,1.0625,0.0,2.125],"texture":"#0"},"up":{"uv":[1.0625,1.0625,0.0,0.0],"texture":"#0"},"north":{"uv":[0.0,0.0,1.0625,0.0],"texture":"#0"},"south":{"uv":[0.0,0.0,1.0625,0.0],"texture":"#0"},"west":{"uv":[0.0,0.0,1.0625,0.0],"texture":"#0"},"east":{"uv":[0.0,0.0,1.0625,0.0],"texture":"#0"}}},{"from":[3.5,-4.5,3.5],"to":[12.5,-4.499,12.5],"faces":{"down":{"uv":[1.875,7.125,1.3125,7.6875],"texture":"#0"},"up":{"uv":[5.25,7.5,4.6875,6.9375],"texture":"#0"},"north":{"uv":[0.0,0.0,0.5625,0.0],"texture":"#0"},"south":{"uv":[0.0,0.0,0.5625,0.0],"texture":"#0"},"west":{"uv":[0.0,0.0,0.5625,0.0],"texture":"#0"},"east":{"uv":[0.0,0.0,0.5625,0.0],"texture":"#0"}}},{"from":[-0.5,15.5,-0.5],"to":[16.5,19.5,-0.499],"faces":{"down":{"uv":[1.0625,0.0,0.0,0.0],"texture":"#0"},"up":{"uv":[1.0625,0.0,0.0,0.0],"texture":"#0"},"north":{"uv":[7.8125,2.25,8.875,2.5],"texture":"#0"},"south":{"uv":[7.8125,2.5,8.875,2.75],"texture":"#0"},"west":{"uv":[0.0,0.0,0.0,0.25],"texture":"#0"},"east":{"uv":[0.0,0.0,0.0,0.25],"texture":"#0"}}},{"from":[-0.5,15.5,16.5],"to":[16.5,19.5,16.501],"faces":{"down":{"uv":[1.0625,0.0,0.0,0.0],"texture":"#0"},"up":{"uv":[1.0625,0.0,0.0,0.0],"texture":"#0"},"north":{"uv":[7.8125,3.25,8.875,3.5],"texture":"#0"},"south":{"uv":[7.8125,3.5,8.875,3.75],"texture":"#0"},"west":{"uv":[0.0,0.0,0.0,0.25],"texture":"#0"},"east":{"uv":[0.0,0.0,0.0,0.25],"texture":"#0"}}},{"from":[-0.5,15.5,-0.5],"to":[16.5,19.5,-0.499],"faces":{"down":{"uv":[1.0625,0.0,0.0,0.0],"texture":"#0"},"up":{"uv":[1.0625,0.0,0.0,0.0],"texture":"#0"},"north":{"uv":[7.8125,3.75,8.875,4.0],"texture":"#0"},"south":{"uv":[7.8125,4.0,8.875,4.25],"texture":"#0"},"west":{"uv":[0.0,0.0,0.0,0.25],"texture":"#0"},"east":{"uv":[0.0,0.0,0.0,0.25],"texture":"#0"}}},{"from":[-0.5,15.5,-4.5],"to":[16.5,15.501,-0.5],"faces":{"down":{"uv":[7.875,7.8125,6.8125,8.0625],"texture":"#0"},"up":{"uv":[8.375,1.75,7.3125,1.5],"texture":"#0"},"north":{"uv":[0.0,0.0,1.0625,0.0],"texture":"#0"},"south":{"uv":[0.0,0.0,1.0625,0.0],"texture":"#0"},"west":{"uv":[0.0,0.0,0.25,0.0],"texture":"#0"},"east":{"uv":[0.0,0.0,0.25,0.0],"texture":"#0"}}},{"from":[-0.5,15.5,16.5],"to":[16.5,15.501,20.5],"faces":{"down":{"uv":[8.875,4.5,7.8125,4.75],"texture":"#0"},"up":{"uv":[8.875,4.5,7.8125,4.25],"texture":"#0"},"north":{"uv":[0.0,0.0,1.0625,0.0],"texture":"#0"},"south":{"uv":[0.0,0.0,1.0625,0.0],"texture":"#0"},"west":{"uv":[0.0,0.0,0.25,0.0],"texture":"#0"},"east":{"uv":[0.0,0.0,0.25,0.0],"texture":"#0"}}},{"from":[-4.5,8.0,-0.5],"to":[-0.5,15.5,-0.499],"faces":{"down":{"uv":[0.25,0.0,0.0,0.0],"texture":"#0"},"up":{"uv":[0.25,0.0,0.0,0.0],"texture":"#0"},"north":{"uv":[5.25,8.875,5.5,9.375],"texture":"#0"},"south":{"uv":[6.5,8.875,6.75,9.375],"texture":"#0"},"west":{"uv":[0.0,0.0,0.0,0.5],"texture":"#0"},"east":{"uv":[0.0,0.0,0.0,0.5],"texture":"#0"}}},{"from":[16.5,8.0,-0.5],"to":[20.5,15.5,-0.499],"faces":{"down":{"uv":[0.25,0.0,0.0,0.0],"texture":"#0"},"up":{"uv":[0.25,0.0,0.0,0.0],"texture":"#0"},"north":{"uv":[1.25,8.9375,1.5,9.4375],"texture":"#0"},"south":{"uv":[1.5,8.9375,1.75,9.4375],"texture":"#0"},"west":{"uv":[0.0,0.0,0.0,0.5],"texture":"#0"},"east":{"uv":[0.0,0.0,0.0,0.5],"texture":"#0"}}},{"from":[-4.5,8.0,16.5],"to":[-0.5,15.5,16.501],"faces":{"down":{"uv":[0.25,0.0,0.0,0.0],"texture":"#0"},"up":{"uv":[0.25,0.0,0.0,0.0],"texture":"#0"},"north":{"uv":[8.875,3.0,9.125,3.5],"texture":"#0"},"south":{"uv":[8.875,3.5,9.125,4.0],"texture":"#0"},"west":{"uv":[0.0,0.0,0.0,0.5],"texture":"#0"},"east":{"uv":[0.0,0.0,0.0,0.5],"texture":"#0"}}},{"from":[16.5,8.0,16.5],"to":[20.5,15.5,16.501],"faces":{"down":{"uv":[0.25,0.0,0.0,0.0],"texture":"#0"},"up":{"uv":[0.25,0.0,0.0,0.0],"texture":"#0"},"north":{"uv":[1.75,8.9375,2.0,9.4375],"texture":"#0"},"south":{"uv":[7.8125,8.9375,8.0625,9.4375],"texture":"#0"},"west":{"uv":[0.0,0.0,0.0,0.5],"texture":"#0"},"east":{"uv":[0.0,0.0,0.0,0.5],"texture":"#0"}}},{"from":[-0.5,8.0,-4.5],"to":[16.6,15.5,-4.499],"faces":{"down":{"uv":[1.0625,0.0,0.0,0.0],"texture":"#0"},"up":{"uv":[1.0625,0.0,0.0,0.0],"texture":"#0"},"north":{"uv":[3.6875,0.5,4.75,1.0],"texture":"#0"},"south":{"uv":[3.6875,1.0,4.75,1.5],"texture":"#0"},"west":{"uv":[0.0,0.0,0.0,0.5],"texture":"#0"},"east":{"uv":[0.0,0.0,0.0,0.5],"texture":"#0"}}},{"from":[-0.5,8.0,-4.5],"to":[-0.499,15.5,-0.5],"faces":{"down":{"uv":[0.0,0.0,0.0,0.25],"texture":"#0"},"up":{"uv":[0.0,0.25,0.0,0.0],"texture":"#0"},"north":{"uv":[0.0,0.0,0.0,0.5],"texture":"#0"},"south":{"uv":[0.0,0.0,0.0,0.5],"texture":"#0"},"west":{"uv":[8.875,2.5,9.125,3.0],"texture":"#0"},"east":{"uv":[8.875,2.0,9.125,2.5],"texture":"#0"}}},{"from":[-0.5,8.0,16.5],"to":[-0.499,15.5,20.5],"faces":{"down":{"uv":[0.0,0.0,0.0,0.25],"texture":"#0"},"up":{"uv":[0.0,0.25,0.0,0.0],"texture":"#0"},"north":{"uv":[0.0,0.0,0.0,0.5],"texture":"#0"},"south":{"uv":[0.0,0.0,0.0,0.5],"texture":"#0"},"west":{"uv":[0.5,8.9375,0.75,9.4375],"texture":"#0"},"east":{"uv":[0.25,8.9375,0.5,9.4375],"texture":"#0"}}},{"from":[16.5,8.0,-4.5],"to":[16.501,15.5,-0.5],"faces":{"down":{"uv":[2.25,4.25,2.1875,4.5],"texture":"#0"},"up":{"uv":[2.25,4.25,2.1875,4.0],"texture":"#0"},"north":{"uv":[1.4375,2.1875,1.5,2.6875],"texture":"#0"},"south":{"uv":[1.5,2.1875,1.5625,2.6875],"texture":"#0"},"west":{"uv":[0.0,8.9375,0.25,9.4375],"texture":"#0"},"east":{"uv":[8.875,4.0,9.125,4.5],"texture":"#0"}}},{"from":[16.5,8.0,16.5],"to":[16.501,15.5,20.5],"faces":{"down":{"uv":[0.0,0.0,0.0,0.25],"texture":"#0"},"up":{"uv":[0.0,0.25,0.0,0.0],"texture":"#0"},"north":{"uv":[0.0,0.0,0.0,0.5],"texture":"#0"},"south":{"uv":[0.0,0.0,0.0,0.5],"texture":"#0"},"west":{"uv":[1.0,8.9375,1.25,9.4375],"texture":"#0"},"east":{"uv":[0.75,8.9375,1.0,9.4375],"texture":"#0"}}},{"from":[20.5,8.0,-0.5],"to":[20.501,15.5,16.5],"faces":{"down":{"uv":[0.0,0.0,0.0,1.0625],"texture":"#0"},"up":{"uv":[0.0,1.0625,0.0,0.0],"texture":"#0"},"north":{"uv":[0.0,0.0,0.0,0.5],"texture":"#0"},"south":{"uv":[0.0,0.0,0.0,0.5],"texture":"#0"},"west":{"uv":[3.6875,2.0,4.75,2.5],"texture":"#0"},"east":{"uv":[3.6875,1.5,4.75,2.0],"texture":"#0"}}},{"from":[-0.5,8.0,20.5],"to":[16.5,15.5,20.501],"faces":{"down":{"uv":[1.0625,0.0,0.0,0.0],"texture":"#0"},"up":{"uv":[1.0625,0.0,0.0,0.0],"texture":"#0"},"north":{"uv":[3.6875,2.5,4.75,3.0],"texture":"#0"},"south":{"uv":[3.6875,3.0,4.75,3.5],"texture":"#0"},"west":{"uv":[0.0,0.0,0.0,0.5],"texture":"#0"},"east":{"uv":[0.0,0.0,0.0,0.5],"texture":"#0"}}},{"from":[6.4826,-2.0,2.4836],"to":[13.9826,0.0,20.48361],"rotation":{"origin":[22.98259,0.0,10.00129],"axis":"y","angle":22.5},"faces":{"down":{"uv":[6.0,0.0,5.5625,1.125],"texture":"#0"},"up":{"uv":[6.0,6.6875,5.5625,5.5625],"texture":"#0"},"north":{"uv":[7.375,9.3125,7.8125,9.4375],"texture":"#0"},"south":{"uv":[8.5625,9.3125,9.0,9.4375],"texture":"#0"},"west":{"uv":[8.25,6.3125,9.375,6.4375],"texture":"#0"},"east":{"uv":[8.25,6.1875,9.375,6.3125],"texture":"#0"}}},{"from":[4.25,-2.0,-10.0],"to":[11.75,0.0,8.0],"faces":{"down":{"uv":[2.0625,1.5625,1.5625,2.6875],"texture":"#0"},"up":{"uv":[1.5625,2.1875,1.0625,1.0625],"texture":"#0"},"north":{"uv":[1.5625,1.4375,2.0625,1.5625],"texture":"#0"},"south":{"uv":[3.75,4.5625,4.25,4.6875],"texture":"#0"},"west":{"uv":[8.25,6.5625,9.375,6.6875],"texture":"#0"},"east":{"uv":[8.25,6.4375,9.375,6.5625],"texture":"#0"}}},{"from":[4.25,-2.0,8.0],"to":[11.75,0.0,26.0],"faces":{"down":{"uv":[2.5625,2.0625,2.0625,3.1875],"texture":"#0"},"up":{"uv":[2.0625,1.125,1.5625,0.0],"texture":"#0"},"north":{"uv":[8.5625,0.875,9.0625,1.0],"texture":"#0"},"south":{"uv":[8.625,8.3125,9.125,8.4375],"texture":"#0"},"west":{"uv":[8.25,6.8125,9.375,6.9375],"texture":"#0"},"east":{"uv":[8.25,6.6875,9.375,6.8125],"texture":"#0"}}},{"from":[-10.0,-2.0,4.25],"to":[8.0,0.0,11.75],"faces":{"down":{"uv":[3.1875,0.5,2.0625,1.0],"texture":"#0"},"up":{"uv":[3.1875,0.5,2.0625,0.0],"texture":"#0"},"north":{"uv":[8.25,6.9375,9.375,7.0625],"texture":"#0"},"south":{"uv":[8.25,7.0625,9.375,7.1875],"texture":"#0"},"west":{"uv":[9.0625,6.0,9.5625,6.125],"texture":"#0"},"east":{"uv":[9.0625,0.875,9.5625,1.0],"texture":"#0"}}},{"from":[8.0,-2.0,4.25],"to":[26.0,0.0,11.75],"faces":{"down":{"uv":[3.1875,1.5,2.0625,2.0],"texture":"#0"},"up":{"uv":[3.1875,1.5,2.0625,1.0],"texture":"#0"},"north":{"uv":[8.25,7.1875,9.375,7.3125],"texture":"#0"},"south":{"uv":[8.3125,7.3125,9.4375,7.4375],"texture":"#0"},"west":{"uv":[9.1875,4.75,9.6875,4.875],"texture":"#0"},"east":{"uv":[9.125,8.3125,9.625,8.4375],"texture":"#0"}}},{"from":[-5.113,-2.0,3.3187],"to":[12.887,0.0,10.8187],"rotation":{"origin":[13.63701,0.0,19.81869],"axis":"y","angle":22.5},"faces":{"down":{"uv":[3.6875,2.5625,2.5625,3.0625],"texture":"#0"},"up":{"uv":[1.125,2.6875,0.0,2.1875],"texture":"#0"},"north":{"uv":[8.3125,7.4375,9.4375,7.5625],"texture":"#0"},"south":{"uv":[8.3125,7.5625,9.4375,7.6875],"texture":"#0"},"west":{"uv":[9.1875,5.0,9.6875,5.125],"texture":"#0"},"east":{"uv":[9.1875,4.875,9.6875,5.0],"texture":"#0"}}},{"from":[3.113,-2.0,3.3187],"to":[21.11301,0.0,10.8187],"rotation":{"origin":[2.36298,0.0,19.81869],"axis":"y","angle":-22.5},"faces":{"down":{"uv":[1.125,2.6875,0.0,3.1875],"texture":"#0"},"up":{"uv":[3.6875,2.5,2.5625,2.0],"texture":"#0"},"north":{"uv":[8.3125,7.6875,9.4375,7.8125],"texture":"#0"},"south":{"uv":[8.375,1.5,9.5,1.625],"texture":"#0"},"west":{"uv":[9.1875,5.25,9.6875,5.375],"texture":"#0"},"east":{"uv":[9.1875,5.125,9.6875,5.25],"texture":"#0"}}},{"from":[-5.113,-2.0,5.1813],"to":[12.887,0.0,12.6813],"rotation":{"origin":[13.63701,0.0,-3.81869],"axis":"y","angle":-22.5},"faces":{"down":{"uv":[1.125,3.1875,0.0,3.6875],"texture":"#0"},"up":{"uv":[3.6875,3.5625,2.5625,3.0625],"texture":"#0"},"north":{"uv":[8.375,1.625,9.5,1.75],"texture":"#0"},"south":{"uv":[1.625,8.4375,2.75,8.5625],"texture":"#0"},"west":{"uv":[2.5625,9.25,3.0625,9.375],"texture":"#0"},"east":{"uv":[9.1875,5.375,9.6875,5.5],"texture":"#0"}}},{"from":[3.113,-2.0,5.1813],"to":[21.11301,0.0,12.6813],"rotation":{"origin":[2.36298,0.0,-3.81869],"axis":"y","angle":22.5},"faces":{"down":{"uv":[4.3125,0.0,3.1875,0.5],"texture":"#0"},"up":{"uv":[2.25,3.6875,1.125,3.1875],"texture":"#0"},"north":{"uv":[8.125,8.4375,9.25,8.5625],"texture":"#0"},"south":{"uv":[8.4375,1.0,9.5625,1.125],"texture":"#0"},"west":{"uv":[9.25,8.4375,9.75,8.5625],"texture":"#0"},"east":{"uv":[5.5,9.25,6.0,9.375],"texture":"#0"}}},{"from":[2.0174,-2.0,-4.4837],"to":[9.5174,0.0,13.51631],"rotation":{"origin":[-6.98259,0.0,5.99871],"axis":"y","angle":22.5},"faces":{"down":{"uv":[2.75,3.5625,2.25,4.6875],"texture":"#0"},"up":{"uv":[3.6875,1.625,3.1875,0.5],"texture":"#0"},"north":{"uv":[9.25,8.5625,9.75,8.6875],"texture":"#0"},"south":{"uv":[8.0625,9.3125,8.5625,9.4375],"texture":"#0"},"west":{"uv":[8.4375,1.25,9.5625,1.375],"texture":"#0"},"east":{"uv":[8.4375,1.125,9.5625,1.25],"texture":"#0"}}},{"from":[2.9183,-2.0,0.6146],"to":[9.2183,0.0,18.6146],"rotation":{"origin":[-6.08169,0.0,11.09701],"axis":"y","angle":45.0},"faces":{"down":{"uv":[1.1875,5.625,0.8125,6.75],"texture":"#0"},"up":{"uv":[0.8125,6.75,0.4375,5.625],"texture":"#0"},"north":{"uv":[8.6875,5.5,9.0625,5.625],"texture":"#0"},"south":{"uv":[3.5625,9.3125,3.9375,9.4375],"texture":"#0"},"west":{"uv":[4.625,8.5,5.75,8.625],"texture":"#0"},"east":{"uv":[8.4375,1.375,9.5625,1.5],"texture":"#0"}}},{"from":[6.7817,-2.0,0.6146],"to":[13.0817,0.0,18.6146],"rotation":{"origin":[22.08169,0.0,11.09701],"axis":"y","angle":-45.0},"faces":{"down":{"uv":[4.5,5.8125,4.125,6.9375],"texture":"#0"},"up":{"uv":[1.5625,6.75,1.1875,5.625],"texture":"#0"},"north":{"uv":[2.5625,9.375,2.9375,9.5],"texture":"#0"},"south":{"uv":[2.9375,9.375,3.3125,9.5],"texture":"#0"},"west":{"uv":[1.125,8.5625,2.25,8.6875],"texture":"#0"},"east":{"uv":[0.0,8.5625,1.125,8.6875],"texture":"#0"}}},{"from":[6.7817,-2.0,-2.6146],"to":[13.0817,0.0,15.3854],"rotation":{"origin":[22.08169,0.0,4.903],"axis":"y","angle":45.0},"faces":{"down":{"uv":[5.25,5.8125,4.875,6.9375],"texture":"#0"},"up":{"uv":[4.875,6.9375,4.5,5.8125],"texture":"#0"},"north":{"uv":[3.9375,9.375,4.3125,9.5],"texture":"#0"},"south":{"uv":[4.3125,9.375,4.6875,9.5],"texture":"#0"},"west":{"uv":[8.5625,0.0,9.6875,0.125],"texture":"#0"},"east":{"uv":[8.125,8.5625,9.25,8.6875],"texture":"#0"}}},{"from":[2.9183,-2.0,-2.6146],"to":[9.2183,0.0,15.3854],"rotation":{"origin":[-6.08169,0.0,4.903],"axis":"y","angle":-45.0},"faces":{"down":{"uv":[6.1875,3.375,5.8125,4.5],"texture":"#0"},"up":{"uv":[6.1875,3.375,5.8125,2.25],"texture":"#0"},"north":{"uv":[4.6875,9.375,5.0625,9.5],"texture":"#0"},"south":{"uv":[5.0625,9.375,5.4375,9.5],"texture":"#0"},"west":{"uv":[8.5625,0.25,9.6875,0.375],"texture":"#0"},"east":{"uv":[8.5625,0.125,9.6875,0.25],"texture":"#0"}}},{"from":[2.0174,-2.0,2.4836],"to":[9.5174,0.0,20.48361],"rotation":{"origin":[-6.98259,0.0,10.00129],"axis":"y","angle":-22.5},"faces":{"down":{"uv":[3.75,3.5625,3.25,4.6875],"texture":"#0"},"up":{"uv":[3.25,4.6875,2.75,3.5625],"texture":"#0"},"north":{"uv":[9.3125,9.3125,9.8125,9.4375],"texture":"#0"},"south":{"uv":[9.3125,8.9375,9.8125,9.0625],"texture":"#0"},"west":{"uv":[8.5625,0.5,9.6875,0.625],"texture":"#0"},"east":{"uv":[8.5625,0.375,9.6875,0.5],"texture":"#0"}}},{"from":[6.4826,-2.0,-4.4837],"to":[13.9826,0.0,13.51631],"rotation":{"origin":[22.98259,0.0,5.99871],"axis":"y","angle":-22.5},"faces":{"down":{"uv":[0.4375,5.625,0.0,6.75],"texture":"#0"},"up":{"uv":[6.0,2.25,5.5625,1.125],"texture":"#0"},"north":{"uv":[9.3125,9.0625,9.75,9.1875],"texture":"#0"},"south":{"uv":[9.3125,9.1875,9.75,9.3125],"texture":"#0"},"west":{"uv":[8.5625,0.75,9.6875,0.875],"texture":"#0"},"east":{"uv":[8.5625,0.625,9.6875,0.75],"texture":"#0"}}},{"from":[5.5,8.0,-13.0],"to":[10.5,9.0,-7.0],"faces":{"down":{"uv":[2.5625,9.0625,2.25,9.4375],"texture":"#0"},"up":{"uv":[9.3125,9.375,9.0,9.0],"texture":"#0"},"north":{"uv":[9.375,5.8125,9.6875,5.875],"texture":"#0"},"south":{"uv":[9.375,5.875,9.6875,5.9375],"texture":"#0"},"west":{"uv":[5.4375,9.375,5.8125,9.4375],"texture":"#0"},"east":{"uv":[9.0625,6.125,9.4375,6.1875],"texture":"#0"}}},{"from":[5.5,8.0,23.0],"to":[10.5,9.0,29.0],"faces":{"down":{"uv":[7.375,9.0625,7.0625,9.4375],"texture":"#0"},"up":{"uv":[7.0625,9.4375,6.75,9.0625],"texture":"#0"},"north":{"uv":[9.375,5.9375,9.6875,6.0],"texture":"#0"},"south":{"uv":[9.375,6.1875,9.6875,6.25],"texture":"#0"},"west":{"uv":[6.1875,9.375,6.5625,9.4375],"texture":"#0"},"east":{"uv":[5.8125,9.375,6.1875,9.4375],"texture":"#0"}}},{"from":[-13.0,8.0,5.5],"to":[-7.0,9.0,10.5],"faces":{"down":{"uv":[5.9375,5.25,5.5625,5.5625],"texture":"#0"},"up":{"uv":[5.125,3.4375,4.75,3.125],"texture":"#0"},"north":{"uv":[2.0625,2.0,2.4375,2.0625],"texture":"#0"},"south":{"uv":[0.0,2.125,0.375,2.1875],"texture":"#0"},"west":{"uv":[9.0,8.9375,9.3125,9.0],"texture":"#0"},"east":{"uv":[0.75,2.125,1.0625,2.1875],"texture":"#0"}}},{"from":[2.9744,8.0,8.847099],"to":[7.8744,9.0,14.8471],"rotation":{"origin":[-10.77559,16.0,3.87066],"axis":"y","angle":-45.0},"faces":{"down":{"uv":[5.5625,6.3125,5.25,6.6875],"texture":"#0"},"up":{"uv":[2.5625,3.5625,2.25,3.1875],"texture":"#0"},"north":{"uv":[9.0,9.375,9.3125,9.4375],"texture":"#0"},"south":{"uv":[9.375,1.75,9.6875,1.8125],"texture":"#0"},"west":{"uv":[2.5625,2.5,2.9375,2.5625],"texture":"#0"},"east":{"uv":[0.375,2.125,0.75,2.1875],"texture":"#0"}}},{"from":[2.9744,8.0,1.1529],"to":[7.8744,9.0,7.1529],"rotation":{"origin":[-10.77559,16.0,12.12934],"axis":"y","angle":45.0},"faces":{"down":{"uv":[6.4375,9.0,6.125,9.375],"texture":"#0"},"up":{"uv":[4.25,9.375,3.9375,9.0],"texture":"#0"},"north":{"uv":[9.375,5.6875,9.6875,5.75],"texture":"#0"},"south":{"uv":[9.375,5.75,9.6875,5.8125],"texture":"#0"},"west":{"uv":[4.25,8.8125,4.625,8.875],"texture":"#0"},"east":{"uv":[8.6875,5.625,9.0625,5.6875],"texture":"#0"}}},{"from":[8.1256,8.0,1.1529],"to":[13.0256,9.0,7.1529],"rotation":{"origin":[26.77559,16.0,12.12934],"axis":"y","angle":-45.0},"faces":{"down":{"uv":[3.5625,9.0,3.25,9.375],"texture":"#0"},"up":{"uv":[9.0,9.3125,8.6875,8.9375],"texture":"#0"},"north":{"uv":[9.375,1.9375,9.6875,2.0],"texture":"#0"},"south":{"uv":[9.375,5.5,9.6875,5.5625],"texture":"#0"},"west":{"uv":[4.75,3.4375,5.125,3.5],"texture":"#0"},"east":{"uv":[3.3125,2.5,3.6875,2.5625],"texture":"#0"}}},{"from":[23.0,8.0,5.5],"to":[29.0,9.0,10.5],"faces":{"down":{"uv":[3.9375,9.0,3.5625,9.3125],"texture":"#0"},"up":{"uv":[4.0625,6.9375,3.6875,6.625],"texture":"#0"},"north":{"uv":[7.3125,1.75,7.6875,1.8125],"texture":"#0"},"south":{"uv":[1.125,8.5,1.5,8.5625],"texture":"#0"},"west":{"uv":[9.375,5.625,9.6875,5.6875],"texture":"#0"},"east":{"uv":[9.375,5.5625,9.6875,5.625],"texture":"#0"}}},{"from":[8.1256,8.0,8.847099],"to":[13.0256,9.0,14.8471],"rotation":{"origin":[26.77559,16.0,3.87066],"axis":"y","angle":45.0},"faces":{"down":{"uv":[8.6875,8.9375,8.375,9.3125],"texture":"#0"},"up":{"uv":[8.375,9.3125,8.0625,8.9375],"texture":"#0"},"north":{"uv":[9.375,1.8125,9.6875,1.875],"texture":"#0"},"south":{"uv":[9.375,1.875,9.6875,1.9375],"texture":"#0"},"west":{"uv":[3.1875,1.9375,3.5625,2.0],"texture":"#0"},"east":{"uv":[2.9375,2.5,3.3125,2.5625],"texture":"#0"}}},{"from":[7.5,19.5,7.5],"to":[8.5,24.5,8.5],"faces":{"down":{"uv":[2.5625,2.0,2.5,2.0625],"texture":"#0"},"up":{"uv":[2.5,2.0625,2.4375,2.0],"texture":"#0"},"north":{"uv":[1.9375,2.6875,2.0,3.0],"texture":"#0"},"south":{"uv":[2.125,3.6875,2.1875,4.0],"texture":"#0"},"west":{"uv":[2.1875,3.6875,2.25,4.0],"texture":"#0"},"east":{"uv":[2.0,2.6875,2.0625,3.0],"texture":"#0"}}},{"from":[7.0,24.5,7.0],"to":[9.0,26.5,9.0],"faces":{"down":{"uv":[4.75,0.125,4.625,0.25],"texture":"#0"},"up":{"uv":[4.75,0.125,4.625,0.0],"texture":"#0"},"north":{"uv":[1.9375,3.0,2.0625,3.125],"texture":"#0"},"south":{"uv":[4.25,3.625,4.375,3.75],"texture":"#0"},"west":{"uv":[4.25,4.5625,4.375,4.6875],"texture":"#0"},"east":{"uv":[4.25,3.5,4.375,3.625],"texture":"#0"}}}],"textures":{"particle":"custom/cars/ufo_vehicle","0":"custom/cars/ufo_vehicle"}}