{"display":{"thirdperson_righthand":{"scale":[1.0E-4,1.0E-4,1.0E-4]},"thirdperson_lefthand":{"scale":[1.0E-4,1.0E-4,1.0E-4]},"firstperson_righthand":{"rotation":[28.0,0.0,0.0],"translation":[0.0,6.9565,0.0],"scale":[0.5,0.5,0.5]},"firstperson_lefthand":{"rotation":[28.0,0.0,0.0],"translation":[0.0,6.9565,0.0],"scale":[0.5,0.5,0.5]},"gui":{"rotation":[67.0,45.0,0.0],"translation":[-0.3,1.6,0.0],"scale":[0.5,0.5,0.5]},"head":{"translation":[0.8,43.13,-4.173],"scale":[4.0,4.0,4.0]},"ground":{"translation":[0.0,5.0,0.0]},"fixed":{"rotation":[90.0,0.0,0.0],"translation":[0.0,0.0,5.5652]}},"elements":[{"from":[-12.1,1.5,8.4],"to":[27.8,1.8,9.299999],"faces":{"down":{"uv":[0.0,15.8125,8.3125,16.0],"texture":"#voxels_atlas"},"up":{"uv":[0.0,15.8125,8.3125,15.625],"texture":"#voxels_atlas"},"north":{"uv":[8.5,15.5625,0.1875,15.625],"texture":"#voxels_atlas"},"south":{"uv":[0.1875,15.5,8.5,15.5625],"texture":"#voxels_atlas"},"west":{"uv":[0.1875,6.1875,0.375,6.25],"texture":"#voxels_atlas"},"east":{"uv":[0.375,6.125,0.1875,6.1875],"texture":"#voxels_atlas"}}},{"from":[-12.1,1.5,9.3],"to":[3.800001,1.8,9.6],"faces":{"down":{"uv":[8.3125,15.8125,11.625,15.875],"texture":"#voxels_atlas"},"up":{"uv":[12.0625,16.0,15.375,15.9375],"texture":"#voxels_atlas"},"north":{"uv":[15.375,15.875,12.0625,15.9375],"texture":"#voxels_atlas"},"south":{"uv":[12.0625,15.8125,15.375,15.875],"texture":"#voxels_atlas"},"west":{"uv":[0.4375,4.0625,0.5,4.125],"texture":"#voxels_atlas"},"east":{"uv":[0.4375,4.0625,0.375,4.125],"texture":"#voxels_atlas"}}},{"from":[-12.1,1.5,9.599999],"to":[-1.299999,1.8,9.9],"faces":{"down":{"uv":[3.125,15.4375,5.375,15.5],"texture":"#voxels_atlas"},"up":{"uv":[0.875,15.5,3.125,15.4375],"texture":"#voxels_atlas"},"north":{"uv":[15.25,15.5,13.0,15.5625],"texture":"#voxels_atlas"},"south":{"uv":[10.75,15.5,13.0,15.5625],"texture":"#voxels_atlas"},"west":{"uv":[0.4375,4.125,0.5,4.1875],"texture":"#voxels_atlas"},"east":{"uv":[0.4375,4.1875,0.375,4.25],"texture":"#voxels_atlas"}}},{"from":[-11.8,1.5,9.9],"to":[-7.299999,1.8,10.2],"faces":{"down":{"uv":[13.3125,15.4375,14.25,15.5],"texture":"#voxels_atlas"},"up":{"uv":[14.25,15.5,15.1875,15.4375],"texture":"#voxels_atlas"},"north":{"uv":[1.8125,15.375,0.875,15.4375],"texture":"#voxels_atlas"},"south":{"uv":[1.8125,15.375,2.75,15.4375],"texture":"#voxels_atlas"},"west":{"uv":[0.4375,4.25,0.5,4.3125],"texture":"#voxels_atlas"},"east":{"uv":[0.4375,4.25,0.375,4.3125],"texture":"#voxels_atlas"}}},{"from":[5.9,1.2,8.4],"to":[9.799999,1.5,8.7],"faces":{"down":{"uv":[8.375,15.375,9.1875,15.4375],"texture":"#voxels_atlas"},"up":{"uv":[9.1875,15.4375,10.0,15.375],"texture":"#voxels_atlas"},"north":{"uv":[10.8125,15.375,10.0,15.4375],"texture":"#voxels_atlas"},"south":{"uv":[10.8125,15.375,11.625,15.4375],"texture":"#voxels_atlas"},"west":{"uv":[0.4375,4.3125,0.5,4.375],"texture":"#voxels_atlas"},"east":{"uv":[0.4375,4.3125,0.375,4.375],"texture":"#voxels_atlas"}}},{"from":[5.9,1.2,9.0],"to":[9.799999,1.5,9.3],"faces":{"down":{"uv":[15.1875,15.4375,16.0,15.5],"texture":"#voxels_atlas"},"up":{"uv":[11.625,15.4375,12.4375,15.375],"texture":"#voxels_atlas"},"north":{"uv":[13.25,15.375,12.4375,15.4375],"texture":"#voxels_atlas"},"south":{"uv":[13.25,15.375,14.0625,15.4375],"texture":"#voxels_atlas"},"west":{"uv":[0.4375,4.375,0.5,4.4375],"texture":"#voxels_atlas"},"east":{"uv":[0.4375,4.4375,0.375,4.5],"texture":"#voxels_atlas"}}},{"from":[5.9,1.5,8.099999],"to":[6.8,1.8,8.4],"faces":{"down":{"uv":[0.1875,5.3125,0.375,5.375],"texture":"#voxels_atlas"},"up":{"uv":[0.1875,5.3125,0.375,5.25],"texture":"#voxels_atlas"},"north":{"uv":[0.375,4.9375,0.1875,5.0],"texture":"#voxels_atlas"},"south":{"uv":[0.1875,6.375,0.375,6.4375],"texture":"#voxels_atlas"},"west":{"uv":[0.4375,4.5,0.5,4.5625],"texture":"#voxels_atlas"},"east":{"uv":[0.4375,4.5625,0.375,4.625],"texture":"#voxels_atlas"}}},{"from":[5.9,1.5,9.3],"to":[6.8,1.8,9.6],"faces":{"down":{"uv":[0.1875,4.5,0.375,4.5625],"texture":"#voxels_atlas"},"up":{"uv":[0.1875,4.375,0.375,4.3125],"texture":"#voxels_atlas"},"north":{"uv":[0.375,4.25,0.1875,4.3125],"texture":"#voxels_atlas"},"south":{"uv":[0.1875,3.8125,0.375,3.875],"texture":"#voxels_atlas"},"west":{"uv":[0.4375,4.625,0.5,4.6875],"texture":"#voxels_atlas"},"east":{"uv":[0.4375,4.625,0.375,4.6875],"texture":"#voxels_atlas"}}},{"from":[5.9,1.8,8.4],"to":[6.8,2.1,8.7],"faces":{"down":{"uv":[0.1875,2.875,0.375,2.9375],"texture":"#voxels_atlas"},"up":{"uv":[0.1875,2.8125,0.375,2.75],"texture":"#voxels_atlas"},"north":{"uv":[0.375,2.6875,0.1875,2.75],"texture":"#voxels_atlas"},"south":{"uv":[0.1875,2.625,0.375,2.6875],"texture":"#voxels_atlas"},"west":{"uv":[0.4375,4.6875,0.5,4.75],"texture":"#voxels_atlas"},"east":{"uv":[0.4375,4.0,0.375,4.0625],"texture":"#voxels_atlas"}}},{"from":[5.9,1.8,9.0],"to":[6.8,2.1,9.3],"faces":{"down":{"uv":[0.1875,2.4375,0.375,2.5],"texture":"#voxels_atlas"},"up":{"uv":[0.1875,2.375,0.375,2.3125],"texture":"#voxels_atlas"},"north":{"uv":[0.375,2.25,0.1875,2.3125],"texture":"#voxels_atlas"},"south":{"uv":[0.1875,2.1875,0.375,2.25],"texture":"#voxels_atlas"},"west":{"uv":[0.375,4.75,0.4375,4.8125],"texture":"#voxels_atlas"},"east":{"uv":[0.5,4.8125,0.4375,4.875],"texture":"#voxels_atlas"}}},{"from":[6.2,1.2,8.7],"to":[9.5,1.5,9.0],"faces":{"down":{"uv":[14.75,15.375,15.4375,15.4375],"texture":"#voxels_atlas"},"up":{"uv":[14.0625,15.4375,14.75,15.375],"texture":"#voxels_atlas"},"north":{"uv":[15.9375,15.5625,15.25,15.625],"texture":"#voxels_atlas"},"south":{"uv":[15.25,15.5,15.9375,15.5625],"texture":"#voxels_atlas"},"west":{"uv":[0.375,4.8125,0.4375,4.875],"texture":"#voxels_atlas"},"east":{"uv":[0.4375,5.125,0.375,5.1875],"texture":"#voxels_atlas"}}},{"from":[6.2,1.8,8.7],"to":[7.1,2.1,9.0],"faces":{"down":{"uv":[0.1875,7.5625,0.375,7.625],"texture":"#voxels_atlas"},"up":{"uv":[0.1875,7.5625,0.375,7.5],"texture":"#voxels_atlas"},"north":{"uv":[0.375,7.4375,0.1875,7.5],"texture":"#voxels_atlas"},"south":{"uv":[0.1875,7.375,0.375,7.4375],"texture":"#voxels_atlas"},"west":{"uv":[0.4375,5.1875,0.5,5.25],"texture":"#voxels_atlas"},"east":{"uv":[0.4375,5.1875,0.375,5.25],"texture":"#voxels_atlas"}}},{"from":[6.5,0.9,8.7],"to":[6.8,1.2,9.0],"faces":{"down":{"uv":[0.4375,5.25,0.5,5.3125],"texture":"#voxels_atlas"},"up":{"uv":[0.375,5.3125,0.4375,5.25],"texture":"#voxels_atlas"},"north":{"uv":[0.5,5.3125,0.4375,5.375],"texture":"#voxels_atlas"},"south":{"uv":[0.375,5.375,0.4375,5.4375],"texture":"#voxels_atlas"},"west":{"uv":[0.4375,5.4375,0.5,5.5],"texture":"#voxels_atlas"},"east":{"uv":[0.4375,5.4375,0.375,5.5],"texture":"#voxels_atlas"}}},{"from":[6.5,1.5,-10.8],"to":[8.3,1.8,-6.3],"faces":{"down":{"uv":[0.5,14.5625,0.875,15.5],"texture":"#voxels_atlas"},"up":{"uv":[0.5,14.5625,0.875,13.625],"texture":"#voxels_atlas"},"north":{"uv":[0.875,13.5,0.5,13.5625],"texture":"#voxels_atlas"},"south":{"uv":[0.5,13.5625,0.875,13.625],"texture":"#voxels_atlas"},"west":{"uv":[2.75,15.375,3.6875,15.4375],"texture":"#voxels_atlas"},"east":{"uv":[8.375,15.375,7.4375,15.4375],"texture":"#voxels_atlas"}}},{"from":[6.5,2.1,8.7],"to":[6.8,2.4,9.0],"faces":{"down":{"uv":[0.4375,5.5,0.5,5.5625],"texture":"#voxels_atlas"},"up":{"uv":[0.375,5.625,0.4375,5.5625],"texture":"#voxels_atlas"},"north":{"uv":[0.5,5.625,0.4375,5.6875],"texture":"#voxels_atlas"},"south":{"uv":[0.375,6.5,0.4375,6.5625],"texture":"#voxels_atlas"},"west":{"uv":[0.4375,7.9375,0.5,8.0],"texture":"#voxels_atlas"},"east":{"uv":[0.5,8.875,0.4375,8.9375],"texture":"#voxels_atlas"}}},{"from":[6.8,1.5,-11.1],"to":[8.299999,1.8,-10.8],"faces":{"down":{"uv":[0.1875,8.0,0.5,8.0625],"texture":"#voxels_atlas"},"up":{"uv":[0.1875,8.25,0.5,8.1875],"texture":"#voxels_atlas"},"north":{"uv":[0.5,8.25,0.1875,8.3125],"texture":"#voxels_atlas"},"south":{"uv":[0.1875,8.3125,0.5,8.375],"texture":"#voxels_atlas"},"west":{"uv":[0.375,3.6875,0.4375,3.75],"texture":"#voxels_atlas"},"east":{"uv":[0.5,3.75,0.4375,3.8125],"texture":"#voxels_atlas"}}},{"from":[6.8,1.5,-6.3],"to":[8.299999,1.8,-0.2999997],"faces":{"down":{"uv":[0.1875,14.25,0.5,15.5],"texture":"#voxels_atlas"},"up":{"uv":[0.1875,14.25,0.5,13.0],"texture":"#voxels_atlas"},"north":{"uv":[0.5,8.4375,0.1875,8.5],"texture":"#voxels_atlas"},"south":{"uv":[0.1875,8.5625,0.5,8.625],"texture":"#voxels_atlas"},"west":{"uv":[9.875,15.4375,11.125,15.5],"texture":"#voxels_atlas"},"east":{"uv":[12.375,15.4375,11.125,15.5],"texture":"#voxels_atlas"}}},{"from":[7.1,0.9,8.4],"to":[8.6,1.2,9.299999],"faces":{"down":{"uv":[0.1875,9.75,0.5,9.9375],"texture":"#voxels_atlas"},"up":{"uv":[15.375,16.0,15.6875,15.8125],"texture":"#voxels_atlas"},"north":{"uv":[0.5,8.625,0.1875,8.6875],"texture":"#voxels_atlas"},"south":{"uv":[0.1875,8.75,0.5,8.8125],"texture":"#voxels_atlas"},"west":{"uv":[0.1875,2.5,0.375,2.5625],"texture":"#voxels_atlas"},"east":{"uv":[0.375,7.0625,0.1875,7.125],"texture":"#voxels_atlas"}}},{"from":[7.1,1.5,-0.3],"to":[8.3,1.8,4.8],"faces":{"down":{"uv":[0.1875,11.9375,0.4375,13.0],"texture":"#voxels_atlas"},"up":{"uv":[0.1875,11.9375,0.4375,10.875],"texture":"#voxels_atlas"},"north":{"uv":[0.4375,7.875,0.1875,7.9375],"texture":"#voxels_atlas"},"south":{"uv":[0.1875,7.9375,0.4375,8.0],"texture":"#voxels_atlas"},"west":{"uv":[14.9375,15.6875,16.0,15.75],"texture":"#voxels_atlas"},"east":{"uv":[16.0,15.75,14.9375,15.8125],"texture":"#voxels_atlas"}}},{"from":[7.1,1.5,6.9],"to":[8.6,1.8,7.8],"faces":{"down":{"uv":[15.6875,15.8125,16.0,16.0],"texture":"#voxels_atlas"},"up":{"uv":[0.1875,10.875,0.5,10.6875],"texture":"#voxels_atlas"},"north":{"uv":[0.5,8.125,0.1875,8.1875],"texture":"#voxels_atlas"},"south":{"uv":[0.1875,8.0625,0.5,8.125],"texture":"#voxels_atlas"},"west":{"uv":[0.1875,2.125,0.375,2.1875],"texture":"#voxels_atlas"},"east":{"uv":[0.375,7.125,0.1875,7.1875],"texture":"#voxels_atlas"}}},{"from":[7.1,1.5,9.9],"to":[8.6,1.8,10.8],"faces":{"down":{"uv":[0.1875,10.5,0.5,10.6875],"texture":"#voxels_atlas"},"up":{"uv":[0.1875,10.5,0.5,10.3125],"texture":"#voxels_atlas"},"north":{"uv":[0.5,8.8125,0.1875,8.875],"texture":"#voxels_atlas"},"south":{"uv":[0.1875,8.375,0.5,8.4375],"texture":"#voxels_atlas"},"west":{"uv":[0.1875,6.9375,0.375,7.0],"texture":"#voxels_atlas"},"east":{"uv":[0.375,6.875,0.1875,6.9375],"texture":"#voxels_atlas"}}},{"from":[7.1,2.4,8.4],"to":[8.6,2.7,9.299999],"faces":{"down":{"uv":[0.1875,10.125,0.5,10.3125],"texture":"#voxels_atlas"},"up":{"uv":[0.1875,10.125,0.5,9.9375],"texture":"#voxels_atlas"},"north":{"uv":[0.5,8.5,0.1875,8.5625],"texture":"#voxels_atlas"},"south":{"uv":[0.1875,8.6875,0.5,8.75],"texture":"#voxels_atlas"},"west":{"uv":[0.1875,6.8125,0.375,6.875],"texture":"#voxels_atlas"},"east":{"uv":[0.375,6.75,0.1875,6.8125],"texture":"#voxels_atlas"}}},{"from":[7.4,0.3,8.7],"to":[8.299999,0.9,9.0],"faces":{"down":{"uv":[0.1875,6.6875,0.375,6.75],"texture":"#voxels_atlas"},"up":{"uv":[0.1875,6.6875,0.375,6.625],"texture":"#voxels_atlas"},"north":{"uv":[0.1875,0.0625,0.0,0.1875],"texture":"#voxels_atlas"},"south":{"uv":[0.1875,9.625,0.375,9.75],"texture":"#voxels_atlas"},"west":{"uv":[0.125,2.75,0.1875,2.875],"texture":"#voxels_atlas"},"east":{"uv":[0.5,12.875,0.4375,13.0],"texture":"#voxels_atlas"}}},{"from":[7.4,0.9,8.099999],"to":[8.299999,1.8,8.4],"faces":{"down":{"uv":[0.1875,6.5,0.375,6.5625],"texture":"#voxels_atlas"},"up":{"uv":[0.1875,6.5,0.375,6.4375],"texture":"#voxels_atlas"},"north":{"uv":[0.1875,0.9375,0.0,1.125],"texture":"#voxels_atlas"},"south":{"uv":[0.0,1.5,0.1875,1.6875],"texture":"#voxels_atlas"},"west":{"uv":[0.125,3.25,0.1875,3.4375],"texture":"#voxels_atlas"},"east":{"uv":[0.1875,4.125,0.125,4.3125],"texture":"#voxels_atlas"}}},{"from":[7.4,0.9,9.3],"to":[8.299999,1.8,9.6],"faces":{"down":{"uv":[0.1875,6.3125,0.375,6.375],"texture":"#voxels_atlas"},"up":{"uv":[0.1875,6.3125,0.375,6.25],"texture":"#voxels_atlas"},"north":{"uv":[0.1875,0.375,0.0,0.5625],"texture":"#voxels_atlas"},"south":{"uv":[0.0,0.1875,0.1875,0.375],"texture":"#voxels_atlas"},"west":{"uv":[0.125,3.9375,0.1875,4.125],"texture":"#voxels_atlas"},"east":{"uv":[0.125,3.4375,0.0625,3.625],"texture":"#voxels_atlas"}}},{"from":[7.4,1.2,6.9],"to":[7.7,1.5,8.099999],"faces":{"down":{"uv":[0.125,4.3125,0.1875,4.5625],"texture":"#voxels_atlas"},"up":{"uv":[0.125,4.8125,0.1875,4.5625],"texture":"#voxels_atlas"},"north":{"uv":[0.4375,7.6875,0.375,7.75],"texture":"#voxels_atlas"},"south":{"uv":[0.4375,7.75,0.5,7.8125],"texture":"#voxels_atlas"},"west":{"uv":[0.1875,7.75,0.4375,7.8125],"texture":"#voxels_atlas"},"east":{"uv":[0.4375,7.8125,0.1875,7.875],"texture":"#voxels_atlas"}}},{"from":[7.4,1.2,9.599999],"to":[8.299999,1.8,9.9],"faces":{"down":{"uv":[0.1875,5.6875,0.375,5.75],"texture":"#voxels_atlas"},"up":{"uv":[0.1875,5.6875,0.375,5.625],"texture":"#voxels_atlas"},"north":{"uv":[0.375,9.25,0.1875,9.375],"texture":"#voxels_atlas"},"south":{"uv":[0.1875,9.125,0.375,9.25],"texture":"#voxels_atlas"},"west":{"uv":[0.4375,12.75,0.5,12.875],"texture":"#voxels_atlas"},"east":{"uv":[0.5,12.625,0.4375,12.75],"texture":"#voxels_atlas"}}},{"from":[7.4,1.2,9.9],"to":[8.299999,1.5,10.5],"faces":{"down":{"uv":[0.1875,9.375,0.375,9.5],"texture":"#voxels_atlas"},"up":{"uv":[0.1875,9.0,0.375,8.875],"texture":"#voxels_atlas"},"north":{"uv":[0.375,5.1875,0.1875,5.25],"texture":"#voxels_atlas"},"south":{"uv":[0.1875,5.125,0.375,5.1875],"texture":"#voxels_atlas"},"west":{"uv":[0.375,9.25,0.5,9.3125],"texture":"#voxels_atlas"},"east":{"uv":[0.5,9.1875,0.375,9.25],"texture":"#voxels_atlas"}}},{"from":[7.4,1.2,10.5],"to":[7.7,1.5,10.8],"faces":{"down":{"uv":[0.4375,7.8125,0.5,7.875],"texture":"#voxels_atlas"},"up":{"uv":[0.4375,10.9375,0.5,10.875],"texture":"#voxels_atlas"},"north":{"uv":[0.5,10.9375,0.4375,11.0],"texture":"#voxels_atlas"},"south":{"uv":[0.4375,11.0,0.5,11.0625],"texture":"#voxels_atlas"},"west":{"uv":[0.4375,11.1875,0.5,11.25],"texture":"#voxels_atlas"},"east":{"uv":[0.5,11.8125,0.4375,11.875],"texture":"#voxels_atlas"}}},{"from":[7.4,1.5,4.8],"to":[8.299999,1.8,6.9],"faces":{"down":{"uv":[0.0,1.6875,0.1875,2.125],"texture":"#voxels_atlas"},"up":{"uv":[0.0,2.5625,0.1875,2.125],"texture":"#voxels_atlas"},"north":{"uv":[0.375,4.4375,0.1875,4.5],"texture":"#voxels_atlas"},"south":{"uv":[0.1875,4.375,0.375,4.4375],"texture":"#voxels_atlas"},"west":{"uv":[11.625,15.8125,12.0625,15.875],"texture":"#voxels_atlas"},"east":{"uv":[15.875,15.375,15.4375,15.4375],"texture":"#voxels_atlas"}}},{"from":[7.4,1.5,7.8],"to":[8.299999,1.8,8.099999],"faces":{"down":{"uv":[0.1875,4.1875,0.375,4.25],"texture":"#voxels_atlas"},"up":{"uv":[0.1875,4.1875,0.375,4.125],"texture":"#voxels_atlas"},"north":{"uv":[0.375,4.0625,0.1875,4.125],"texture":"#voxels_atlas"},"south":{"uv":[0.1875,4.0,0.375,4.0625],"texture":"#voxels_atlas"},"west":{"uv":[0.4375,11.875,0.5,11.9375],"texture":"#voxels_atlas"},"east":{"uv":[0.5,11.9375,0.4375,12.0],"texture":"#voxels_atlas"}}},{"from":[7.4,1.5,10.8],"to":[8.299999,1.8,28.8],"faces":{"down":{"uv":[0.0,8.125,0.1875,11.875],"texture":"#voxels_atlas"},"up":{"uv":[0.0,15.625,0.1875,11.875],"texture":"#voxels_atlas"},"north":{"uv":[0.375,3.6875,0.1875,3.75],"texture":"#voxels_atlas"},"south":{"uv":[0.1875,3.625,0.375,3.6875],"texture":"#voxels_atlas"},"west":{"uv":[8.3125,15.9375,12.0625,16.0],"texture":"#voxels_atlas"},"east":{"uv":[12.0625,15.875,8.3125,15.9375],"texture":"#voxels_atlas"}}},{"from":[7.4,1.8,6.9],"to":[7.7,2.1,7.8],"faces":{"down":{"uv":[0.125,3.4375,0.1875,3.625],"texture":"#voxels_atlas"},"up":{"uv":[0.0625,3.4375,0.125,3.25],"texture":"#voxels_atlas"},"north":{"uv":[0.5,12.0,0.4375,12.0625],"texture":"#voxels_atlas"},"south":{"uv":[0.375,3.25,0.4375,3.3125],"texture":"#voxels_atlas"},"west":{"uv":[0.1875,3.3125,0.375,3.375],"texture":"#voxels_atlas"},"east":{"uv":[0.375,3.25,0.1875,3.3125],"texture":"#voxels_atlas"}}},{"from":[7.4,1.8,8.4],"to":[8.299999,2.1,9.299999],"faces":{"down":{"uv":[0.0,0.75,0.1875,0.9375],"texture":"#voxels_atlas"},"up":{"uv":[0.0,1.3125,0.1875,1.125],"texture":"#voxels_atlas"},"north":{"uv":[0.375,3.125,0.1875,3.1875],"texture":"#voxels_atlas"},"south":{"uv":[0.1875,3.0625,0.375,3.125],"texture":"#voxels_atlas"},"west":{"uv":[0.1875,3.0,0.375,3.0625],"texture":"#voxels_atlas"},"east":{"uv":[0.375,2.9375,0.1875,3.0],"texture":"#voxels_atlas"}}},{"from":[7.4,1.8,9.9],"to":[8.299999,2.1,10.5],"faces":{"down":{"uv":[0.1875,9.0,0.375,9.125],"texture":"#voxels_atlas"},"up":{"uv":[0.1875,9.625,0.375,9.5],"texture":"#voxels_atlas"},"north":{"uv":[0.375,6.5625,0.1875,6.625],"texture":"#voxels_atlas"},"south":{"uv":[0.1875,5.4375,0.375,5.5],"texture":"#voxels_atlas"},"west":{"uv":[0.375,9.125,0.5,9.1875],"texture":"#voxels_atlas"},"east":{"uv":[0.5,9.0625,0.375,9.125],"texture":"#voxels_atlas"}}},{"from":[7.4,1.8,10.5],"to":[7.7,2.1,10.8],"faces":{"down":{"uv":[0.4375,3.3125,0.5,3.375],"texture":"#voxels_atlas"},"up":{"uv":[0.375,3.5,0.4375,3.4375],"texture":"#voxels_atlas"},"north":{"uv":[0.5,3.5,0.4375,3.5625],"texture":"#voxels_atlas"},"south":{"uv":[0.4375,11.25,0.5,11.3125],"texture":"#voxels_atlas"},"west":{"uv":[0.4375,3.5625,0.5,3.625],"texture":"#voxels_atlas"},"east":{"uv":[0.4375,3.5,0.375,3.5625],"texture":"#voxels_atlas"}}},{"from":[7.4,2.1,8.7],"to":[8.299999,2.4,9.0],"faces":{"down":{"uv":[0.1875,5.0625,0.375,5.125],"texture":"#voxels_atlas"},"up":{"uv":[0.1875,5.4375,0.375,5.375],"texture":"#voxels_atlas"},"north":{"uv":[0.375,5.0,0.1875,5.0625],"texture":"#voxels_atlas"},"south":{"uv":[0.1875,3.375,0.375,3.4375],"texture":"#voxels_atlas"},"west":{"uv":[0.125,3.875,0.1875,3.9375],"texture":"#voxels_atlas"},"east":{"uv":[16.0,15.5625,15.9375,15.625],"texture":"#voxels_atlas"}}},{"from":[7.4,2.4,8.099999],"to":[8.299999,2.7,8.4],"faces":{"down":{"uv":[0.1875,3.4375,0.375,3.5],"texture":"#voxels_atlas"},"up":{"uv":[0.1875,3.9375,0.375,3.875],"texture":"#voxels_atlas"},"north":{"uv":[0.375,3.9375,0.1875,4.0],"texture":"#voxels_atlas"},"south":{"uv":[0.1875,4.625,0.375,4.6875],"texture":"#voxels_atlas"},"west":{"uv":[0.4375,11.375,0.5,11.4375],"texture":"#voxels_atlas"},"east":{"uv":[0.5,11.3125,0.4375,11.375],"texture":"#voxels_atlas"}}},{"from":[7.4,2.4,9.3],"to":[8.299999,2.7,9.6],"faces":{"down":{"uv":[0.1875,4.6875,0.375,4.75],"texture":"#voxels_atlas"},"up":{"uv":[0.1875,4.8125,0.375,4.75],"texture":"#voxels_atlas"},"north":{"uv":[0.375,4.8125,0.1875,4.875],"texture":"#voxels_atlas"},"south":{"uv":[0.1875,4.875,0.375,4.9375],"texture":"#voxels_atlas"},"west":{"uv":[0.375,8.9375,0.4375,9.0],"texture":"#voxels_atlas"},"east":{"uv":[0.5,7.875,0.4375,7.9375],"texture":"#voxels_atlas"}}},{"from":[7.4,2.7,8.4],"to":[8.299999,3.0,9.299999],"faces":{"down":{"uv":[0.0,0.5625,0.1875,0.75],"texture":"#voxels_atlas"},"up":{"uv":[0.0,1.5,0.1875,1.3125],"texture":"#voxels_atlas"},"north":{"uv":[0.375,5.9375,0.1875,6.0],"texture":"#voxels_atlas"},"south":{"uv":[0.1875,7.0,0.375,7.0625],"texture":"#voxels_atlas"},"west":{"uv":[0.1875,3.75,0.375,3.8125],"texture":"#voxels_atlas"},"east":{"uv":[0.375,3.5,0.1875,3.5625],"texture":"#voxels_atlas"}}},{"from":[7.7,0.3,8.4],"to":[8.0,0.9,8.7],"faces":{"down":{"uv":[0.4375,3.6875,0.5,3.75],"texture":"#voxels_atlas"},"up":{"uv":[0.375,3.6875,0.4375,3.625],"texture":"#voxels_atlas"},"north":{"uv":[0.5,12.5,0.4375,12.625],"texture":"#voxels_atlas"},"south":{"uv":[0.4375,12.375,0.5,12.5],"texture":"#voxels_atlas"},"west":{"uv":[0.4375,12.25,0.5,12.375],"texture":"#voxels_atlas"},"east":{"uv":[0.5,12.125,0.4375,12.25],"texture":"#voxels_atlas"}}},{"from":[7.7,0.3,9.0],"to":[8.0,0.9,9.3],"faces":{"down":{"uv":[0.4375,3.375,0.5,3.4375],"texture":"#voxels_atlas"},"up":{"uv":[0.375,3.375,0.4375,3.3125],"texture":"#voxels_atlas"},"north":{"uv":[0.1875,4.8125,0.125,4.9375],"texture":"#voxels_atlas"},"south":{"uv":[0.0625,3.125,0.125,3.25],"texture":"#voxels_atlas"},"west":{"uv":[0.125,3.125,0.1875,3.25],"texture":"#voxels_atlas"},"east":{"uv":[0.125,3.0,0.0625,3.125],"texture":"#voxels_atlas"}}},{"from":[7.7,0.9,7.5],"to":[8.0,1.5,7.8],"faces":{"down":{"uv":[15.9375,15.5,16.0,15.5625],"texture":"#voxels_atlas"},"up":{"uv":[0.4375,12.125,0.5,12.0625],"texture":"#voxels_atlas"},"north":{"uv":[0.1875,3.0,0.125,3.125],"texture":"#voxels_atlas"},"south":{"uv":[0.0625,2.875,0.125,3.0],"texture":"#voxels_atlas"},"west":{"uv":[0.125,2.875,0.1875,3.0],"texture":"#voxels_atlas"},"east":{"uv":[0.125,2.75,0.0625,2.875],"texture":"#voxels_atlas"}}},{"from":[7.7,0.9,9.9],"to":[8.0,1.2,10.2],"faces":{"down":{"uv":[0.4375,11.75,0.5,11.8125],"texture":"#voxels_atlas"},"up":{"uv":[0.4375,11.75,0.5,11.6875],"texture":"#voxels_atlas"},"north":{"uv":[0.5,11.625,0.4375,11.6875],"texture":"#voxels_atlas"},"south":{"uv":[0.4375,11.5625,0.5,11.625],"texture":"#voxels_atlas"},"west":{"uv":[0.4375,11.5,0.5,11.5625],"texture":"#voxels_atlas"},"east":{"uv":[0.5,11.4375,0.4375,11.5],"texture":"#voxels_atlas"}}},{"from":[7.7,1.2,7.2],"to":[8.3,1.5,7.5],"faces":{"down":{"uv":[15.875,15.625,16.0,15.6875],"texture":"#voxels_atlas"},"up":{"uv":[0.0625,2.75,0.1875,2.6875],"texture":"#voxels_atlas"},"north":{"uv":[0.5,9.0,0.375,9.0625],"texture":"#voxels_atlas"},"south":{"uv":[0.0625,2.625,0.1875,2.6875],"texture":"#voxels_atlas"},"west":{"uv":[0.4375,11.125,0.5,11.1875],"texture":"#voxels_atlas"},"east":{"uv":[0.5,11.0625,0.4375,11.125],"texture":"#voxels_atlas"}}},{"from":[7.7,1.2,7.8],"to":[8.3,1.5,8.099999],"faces":{"down":{"uv":[0.0625,2.5625,0.1875,2.625],"texture":"#voxels_atlas"},"up":{"uv":[0.375,9.75,0.5,9.6875],"texture":"#voxels_atlas"},"north":{"uv":[0.5,9.625,0.375,9.6875],"texture":"#voxels_atlas"},"south":{"uv":[0.375,9.5625,0.5,9.625],"texture":"#voxels_atlas"},"west":{"uv":[0.4375,8.9375,0.5,9.0],"texture":"#voxels_atlas"},"east":{"uv":[0.4375,8.875,0.375,8.9375],"texture":"#voxels_atlas"}}},{"from":[7.7,1.8,7.2],"to":[8.3,2.1,7.8],"faces":{"down":{"uv":[0.0625,3.75,0.1875,3.875],"texture":"#voxels_atlas"},"up":{"uv":[0.0625,3.75,0.1875,3.625],"texture":"#voxels_atlas"},"north":{"uv":[0.5,9.5,0.375,9.5625],"texture":"#voxels_atlas"},"south":{"uv":[0.375,9.4375,0.5,9.5],"texture":"#voxels_atlas"},"west":{"uv":[0.375,9.375,0.5,9.4375],"texture":"#voxels_atlas"},"east":{"uv":[0.5,9.3125,0.375,9.375],"texture":"#voxels_atlas"}}},{"from":[7.7,1.8,7.8],"to":[8.0,2.1,8.099999],"faces":{"down":{"uv":[0.4375,7.6875,0.5,7.75],"texture":"#voxels_atlas"},"up":{"uv":[0.375,7.6875,0.4375,7.625],"texture":"#voxels_atlas"},"north":{"uv":[0.5,7.625,0.4375,7.6875],"texture":"#voxels_atlas"},"south":{"uv":[0.375,7.5625,0.4375,7.625],"texture":"#voxels_atlas"},"west":{"uv":[0.4375,7.5625,0.5,7.625],"texture":"#voxels_atlas"},"east":{"uv":[0.4375,7.5,0.375,7.5625],"texture":"#voxels_atlas"}}},{"from":[7.7,1.8,9.599999],"to":[8.0,2.1,9.9],"faces":{"down":{"uv":[0.4375,7.5,0.5,7.5625],"texture":"#voxels_atlas"},"up":{"uv":[0.375,7.5,0.4375,7.4375],"texture":"#voxels_atlas"},"north":{"uv":[0.5,7.4375,0.4375,7.5],"texture":"#voxels_atlas"},"south":{"uv":[0.375,7.375,0.4375,7.4375],"texture":"#voxels_atlas"},"west":{"uv":[0.4375,7.375,0.5,7.4375],"texture":"#voxels_atlas"},"east":{"uv":[0.4375,7.3125,0.375,7.375],"texture":"#voxels_atlas"}}},{"from":[7.7,2.1,7.5],"to":[8.0,2.4,7.8],"faces":{"down":{"uv":[0.4375,7.3125,0.5,7.375],"texture":"#voxels_atlas"},"up":{"uv":[0.375,7.3125,0.4375,7.25],"texture":"#voxels_atlas"},"north":{"uv":[0.5,7.25,0.4375,7.3125],"texture":"#voxels_atlas"},"south":{"uv":[0.375,7.1875,0.4375,7.25],"texture":"#voxels_atlas"},"west":{"uv":[0.4375,7.1875,0.5,7.25],"texture":"#voxels_atlas"},"east":{"uv":[0.4375,7.125,0.375,7.1875],"texture":"#voxels_atlas"}}},{"from":[7.7,2.1,8.4],"to":[8.0,2.4,8.7],"faces":{"down":{"uv":[0.4375,7.125,0.5,7.1875],"texture":"#voxels_atlas"},"up":{"uv":[0.375,7.125,0.4375,7.0625],"texture":"#voxels_atlas"},"north":{"uv":[0.5,7.0625,0.4375,7.125],"texture":"#voxels_atlas"},"south":{"uv":[0.375,7.0,0.4375,7.0625],"texture":"#voxels_atlas"},"west":{"uv":[0.4375,7.0,0.5,7.0625],"texture":"#voxels_atlas"},"east":{"uv":[0.4375,6.9375,0.375,7.0],"texture":"#voxels_atlas"}}},{"from":[7.7,2.1,9.0],"to":[8.0,2.4,9.3],"faces":{"down":{"uv":[0.4375,6.9375,0.5,7.0],"texture":"#voxels_atlas"},"up":{"uv":[0.375,6.9375,0.4375,6.875],"texture":"#voxels_atlas"},"north":{"uv":[0.5,6.875,0.4375,6.9375],"texture":"#voxels_atlas"},"south":{"uv":[0.375,6.8125,0.4375,6.875],"texture":"#voxels_atlas"},"west":{"uv":[0.4375,6.8125,0.5,6.875],"texture":"#voxels_atlas"},"east":{"uv":[0.4375,6.75,0.375,6.8125],"texture":"#voxels_atlas"}}},{"from":[7.7,2.1,9.9],"to":[8.0,2.4,10.2],"faces":{"down":{"uv":[0.4375,6.75,0.5,6.8125],"texture":"#voxels_atlas"},"up":{"uv":[0.375,6.75,0.4375,6.6875],"texture":"#voxels_atlas"},"north":{"uv":[0.5,6.6875,0.4375,6.75],"texture":"#voxels_atlas"},"south":{"uv":[0.375,6.625,0.4375,6.6875],"texture":"#voxels_atlas"},"west":{"uv":[0.4375,6.625,0.5,6.6875],"texture":"#voxels_atlas"},"east":{"uv":[0.4375,6.5625,0.375,6.625],"texture":"#voxels_atlas"}}},{"from":[8.0,1.2,6.9],"to":[8.3,1.5,7.2],"faces":{"down":{"uv":[0.4375,6.5625,0.5,6.625],"texture":"#voxels_atlas"},"up":{"uv":[0.4375,4.9375,0.5,4.875],"texture":"#voxels_atlas"},"north":{"uv":[0.5,6.5,0.4375,6.5625],"texture":"#voxels_atlas"},"south":{"uv":[0.375,6.4375,0.4375,6.5],"texture":"#voxels_atlas"},"west":{"uv":[0.4375,6.4375,0.5,6.5],"texture":"#voxels_atlas"},"east":{"uv":[0.4375,6.375,0.375,6.4375],"texture":"#voxels_atlas"}}},{"from":[8.0,1.2,7.5],"to":[8.3,1.5,7.8],"faces":{"down":{"uv":[0.4375,6.375,0.5,6.4375],"texture":"#voxels_atlas"},"up":{"uv":[0.375,6.375,0.4375,6.3125],"texture":"#voxels_atlas"},"north":{"uv":[0.5,6.3125,0.4375,6.375],"texture":"#voxels_atlas"},"south":{"uv":[0.375,6.25,0.4375,6.3125],"texture":"#voxels_atlas"},"west":{"uv":[0.4375,6.25,0.5,6.3125],"texture":"#voxels_atlas"},"east":{"uv":[0.4375,6.1875,0.375,6.25],"texture":"#voxels_atlas"}}},{"from":[8.0,1.2,10.5],"to":[8.3,1.5,10.8],"faces":{"down":{"uv":[0.4375,6.1875,0.5,6.25],"texture":"#voxels_atlas"},"up":{"uv":[0.375,6.1875,0.4375,6.125],"texture":"#voxels_atlas"},"north":{"uv":[0.5,6.125,0.4375,6.1875],"texture":"#voxels_atlas"},"south":{"uv":[0.375,6.0625,0.4375,6.125],"texture":"#voxels_atlas"},"west":{"uv":[0.4375,6.0625,0.5,6.125],"texture":"#voxels_atlas"},"east":{"uv":[0.4375,6.0,0.375,6.0625],"texture":"#voxels_atlas"}}},{"from":[8.0,1.8,6.9],"to":[8.3,2.1,7.2],"faces":{"down":{"uv":[0.4375,6.0,0.5,6.0625],"texture":"#voxels_atlas"},"up":{"uv":[0.375,6.0,0.4375,5.9375],"texture":"#voxels_atlas"},"north":{"uv":[0.5,5.9375,0.4375,6.0],"texture":"#voxels_atlas"},"south":{"uv":[0.375,5.875,0.4375,5.9375],"texture":"#voxels_atlas"},"west":{"uv":[0.4375,5.875,0.5,5.9375],"texture":"#voxels_atlas"},"east":{"uv":[0.4375,5.8125,0.375,5.875],"texture":"#voxels_atlas"}}},{"from":[8.0,1.8,10.5],"to":[8.3,2.1,10.8],"faces":{"down":{"uv":[0.4375,5.8125,0.5,5.875],"texture":"#voxels_atlas"},"up":{"uv":[0.375,5.8125,0.4375,5.75],"texture":"#voxels_atlas"},"north":{"uv":[0.5,5.75,0.4375,5.8125],"texture":"#voxels_atlas"},"south":{"uv":[0.375,5.6875,0.4375,5.75],"texture":"#voxels_atlas"},"west":{"uv":[0.4375,5.6875,0.5,5.75],"texture":"#voxels_atlas"},"east":{"uv":[0.4375,5.625,0.375,5.6875],"texture":"#voxels_atlas"}}},{"from":[8.3,1.5,12.9],"to":[8.6,1.8,28.8],"faces":{"down":{"uv":[0.0,4.8125,0.0625,8.125],"texture":"#voxels_atlas"},"up":{"uv":[0.0625,8.125,0.125,4.8125],"texture":"#voxels_atlas"},"north":{"uv":[0.5,5.5625,0.4375,5.625],"texture":"#voxels_atlas"},"south":{"uv":[0.375,5.5,0.4375,5.5625],"texture":"#voxels_atlas"},"west":{"uv":[8.3125,15.6875,11.625,15.75],"texture":"#voxels_atlas"},"east":{"uv":[11.625,15.75,8.3125,15.8125],"texture":"#voxels_atlas"}}},{"from":[8.599999,1.5,18.0],"to":[8.9,1.8,28.8],"faces":{"down":{"uv":[0.0,2.5625,0.0625,4.8125],"texture":"#voxels_atlas"},"up":{"uv":[0.125,8.125,0.1875,5.875],"texture":"#voxels_atlas"},"north":{"uv":[0.5,5.375,0.4375,5.4375],"texture":"#voxels_atlas"},"south":{"uv":[0.375,5.3125,0.4375,5.375],"texture":"#voxels_atlas"},"west":{"uv":[7.625,15.4375,9.875,15.5],"texture":"#voxels_atlas"},"east":{"uv":[7.625,15.4375,5.375,15.5],"texture":"#voxels_atlas"}}},{"from":[8.599999,1.8,8.7],"to":[9.499999,2.1,9.0],"faces":{"down":{"uv":[0.1875,7.1875,0.375,7.25],"texture":"#voxels_atlas"},"up":{"uv":[0.1875,7.3125,0.375,7.25],"texture":"#voxels_atlas"},"north":{"uv":[0.375,7.3125,0.1875,7.375],"texture":"#voxels_atlas"},"south":{"uv":[0.1875,7.625,0.375,7.6875],"texture":"#voxels_atlas"},"west":{"uv":[0.4375,5.125,0.5,5.1875],"texture":"#voxels_atlas"},"east":{"uv":[0.4375,5.0625,0.375,5.125],"texture":"#voxels_atlas"}}},{"from":[8.9,0.9,8.7],"to":[9.2,1.2,9.0],"faces":{"down":{"uv":[0.4375,5.0625,0.5,5.125],"texture":"#voxels_atlas"},"up":{"uv":[0.375,5.0625,0.4375,5.0],"texture":"#voxels_atlas"},"north":{"uv":[0.5,5.0,0.4375,5.0625],"texture":"#voxels_atlas"},"south":{"uv":[0.375,4.9375,0.4375,5.0],"texture":"#voxels_atlas"},"west":{"uv":[0.4375,4.9375,0.5,5.0],"texture":"#voxels_atlas"},"east":{"uv":[0.4375,4.875,0.375,4.9375],"texture":"#voxels_atlas"}}},{"from":[8.9,1.5,8.099999],"to":[9.799999,1.8,8.4],"faces":{"down":{"uv":[0.1875,2.375,0.375,2.4375],"texture":"#voxels_atlas"},"up":{"uv":[0.1875,7.75,0.375,7.6875],"texture":"#voxels_atlas"},"north":{"uv":[0.1875,0.0,0.0,0.0625],"texture":"#voxels_atlas"},"south":{"uv":[0.1875,2.0625,0.375,2.125],"texture":"#voxels_atlas"},"west":{"uv":[0.4375,4.75,0.5,4.8125],"texture":"#voxels_atlas"},"east":{"uv":[0.4375,4.6875,0.375,4.75],"texture":"#voxels_atlas"}}},{"from":[8.9,1.5,9.3],"to":[9.799999,1.8,9.6],"faces":{"down":{"uv":[0.1875,2.5625,0.375,2.625],"texture":"#voxels_atlas"},"up":{"uv":[0.1875,3.25,0.375,3.1875],"texture":"#voxels_atlas"},"north":{"uv":[0.375,3.5625,0.1875,3.625],"texture":"#voxels_atlas"},"south":{"uv":[0.1875,4.5625,0.375,4.625],"texture":"#voxels_atlas"},"west":{"uv":[0.4375,4.5625,0.5,4.625],"texture":"#voxels_atlas"},"east":{"uv":[0.4375,4.5,0.375,4.5625],"texture":"#voxels_atlas"}}},{"from":[8.9,1.5,24.0],"to":[9.2,1.8,28.5],"faces":{"down":{"uv":[0.0625,3.875,0.125,4.8125],"texture":"#voxels_atlas"},"up":{"uv":[0.125,5.875,0.1875,4.9375],"texture":"#voxels_atlas"},"north":{"uv":[0.5,4.4375,0.4375,4.5],"texture":"#voxels_atlas"},"south":{"uv":[0.375,4.375,0.4375,4.4375],"texture":"#voxels_atlas"},"west":{"uv":[14.9375,15.625,15.875,15.6875],"texture":"#voxels_atlas"},"east":{"uv":[5.5625,15.375,4.625,15.4375],"texture":"#voxels_atlas"}}},{"from":[8.9,1.8,8.4],"to":[9.799999,2.1,8.7],"faces":{"down":{"uv":[0.1875,5.5,0.375,5.5625],"texture":"#voxels_atlas"},"up":{"uv":[0.1875,5.625,0.375,5.5625],"texture":"#voxels_atlas"},"north":{"uv":[0.375,5.75,0.1875,5.8125],"texture":"#voxels_atlas"},"south":{"uv":[0.1875,5.8125,0.375,5.875],"texture":"#voxels_atlas"},"west":{"uv":[0.4375,4.1875,0.5,4.25],"texture":"#voxels_atlas"},"east":{"uv":[0.4375,4.125,0.375,4.1875],"texture":"#voxels_atlas"}}},{"from":[8.9,1.8,9.0],"to":[9.799999,2.1,9.3],"faces":{"down":{"uv":[0.1875,5.875,0.375,5.9375],"texture":"#voxels_atlas"},"up":{"uv":[0.1875,6.0625,0.375,6.0],"texture":"#voxels_atlas"},"north":{"uv":[0.375,6.0625,0.1875,6.125],"texture":"#voxels_atlas"},"south":{"uv":[0.1875,2.8125,0.375,2.875],"texture":"#voxels_atlas"},"west":{"uv":[0.4375,4.0,0.5,4.0625],"texture":"#voxels_atlas"},"east":{"uv":[0.4375,3.9375,0.375,4.0],"texture":"#voxels_atlas"}}},{"from":[8.9,2.1,8.7],"to":[9.2,2.4,9.0],"faces":{"down":{"uv":[0.4375,3.9375,0.5,4.0],"texture":"#voxels_atlas"},"up":{"uv":[0.375,3.9375,0.4375,3.875],"texture":"#voxels_atlas"},"north":{"uv":[0.5,3.875,0.4375,3.9375],"texture":"#voxels_atlas"},"south":{"uv":[0.375,3.8125,0.4375,3.875],"texture":"#voxels_atlas"},"west":{"uv":[0.4375,3.8125,0.5,3.875],"texture":"#voxels_atlas"},"east":{"uv":[0.4375,3.75,0.375,3.8125],"texture":"#voxels_atlas"}}},{"from":[11.9,1.5,8.099999],"to":[27.8,1.8,8.4],"faces":{"down":{"uv":[11.625,15.625,14.9375,15.6875],"texture":"#voxels_atlas"},"up":{"uv":[11.625,15.75,14.9375,15.6875],"texture":"#voxels_atlas"},"north":{"uv":[11.625,15.625,8.3125,15.6875],"texture":"#voxels_atlas"},"south":{"uv":[11.625,15.75,14.9375,15.8125],"texture":"#voxels_atlas"},"west":{"uv":[0.4375,3.625,0.5,3.6875],"texture":"#voxels_atlas"},"east":{"uv":[0.4375,3.5625,0.375,3.625],"texture":"#voxels_atlas"}}},{"from":[17.0,1.5,7.8],"to":[27.8,1.8,8.099999],"faces":{"down":{"uv":[8.5,15.5,10.75,15.5625],"texture":"#voxels_atlas"},"up":{"uv":[13.0,15.625,15.25,15.5625],"texture":"#voxels_atlas"},"north":{"uv":[10.75,15.5625,8.5,15.625],"texture":"#voxels_atlas"},"south":{"uv":[10.75,15.5625,13.0,15.625],"texture":"#voxels_atlas"},"west":{"uv":[0.4375,3.4375,0.5,3.5],"texture":"#voxels_atlas"},"east":{"uv":[0.4375,3.375,0.375,3.4375],"texture":"#voxels_atlas"}}},{"from":[23.0,1.5,7.5],"to":[27.5,1.8,7.8],"faces":{"down":{"uv":[3.6875,15.375,4.625,15.4375],"texture":"#voxels_atlas"},"up":{"uv":[5.5625,15.4375,6.5,15.375],"texture":"#voxels_atlas"},"north":{"uv":[7.4375,15.375,6.5,15.4375],"texture":"#voxels_atlas"},"south":{"uv":[12.375,15.4375,13.3125,15.5],"texture":"#voxels_atlas"},"west":{"uv":[0.4375,3.25,0.5,3.3125],"texture":"#voxels_atlas"},"east":{"uv":[0.4375,3.1875,0.375,3.25],"texture":"#voxels_atlas"}}}],"textures":{"particle":"items/particle","texture":"items/texture","voxels_atlas":"custom/cars/wieken_groot"}}