{"car.idle":{"sounds":["car/idle"]},"car.start":{"sounds":["car/start"]},"car.accelerate":{"sounds":["car/accelerate"]},"car.driving":{"sounds":["car/driving"]},"car.slowingdown":{"sounds":["car/slowingdown"]},"welcome":{"category":"master","sounds":["welcome"]},"block.wood.step":{"category":"master","replace":true,"sounds":[]},"block.wood.place":{"category":"master","replace":true,"sounds":[]},"block.wood.break":{"category":"master","replace":true,"sounds":[]},"block.wood.fall":{"category":"master","replace":true,"sounds":[]},"block.wood.hit":{"category":"master","replace":true,"sounds":[]},"block.stone.step":{"category":"master","replace":true,"sounds":[]},"block.stone.place":{"category":"master","replace":true,"sounds":[]},"block.stone.break":{"category":"master","replace":true,"sounds":[]},"block.stone.fall":{"category":"master","replace":true,"sounds":[]},"block.stone.hit":{"category":"master","replace":true,"sounds":[]},"required.wood.hit":{"category":"master","subtitle":"subtitles.block.generic.hit","sounds":["step/wood1","step/wood2","step/wood3","step/wood4","step/wood5","step/wood6"]},"required.wood.place":{"category":"master","subtitle":"subtitles.block.generic.place","sounds":["dig/wood1","dig/wood2","dig/wood3","dig/wood4"]},"required.wood.break":{"category":"master","subtitle":"subtitles.block.generic.break","sounds":["dig/wood1","dig/wood2","dig/wood3","dig/wood4"]},"required.wood.step":{"category":"master","subtitle":"subtitles.block.generic.footsteps","sounds":["step/wood1","step/wood2","step/wood3","step/wood4","step/wood5","step/wood6"]},"required.wood.fall":{"category":"master","sounds":["step/wood1","step/wood2","step/wood3","step/wood4","step/wood5","step/wood6"]},"required.stone.hit":{"category":"master","subtitle":"subtitles.block.generic.hit","sounds":["step/stone1","step/stone2","step/stone3","step/stone4","step/stone5","step/stone6"]},"required.stone.place":{"category":"master","subtitle":"subtitles.block.generic.place","sounds":["dig/stone1","dig/stone2","dig/stone3","dig/stone4"]},"required.stone.break":{"category":"master","subtitle":"subtitles.block.generic.break","sounds":["dig/stone1","dig/stone2","dig/stone3","dig/stone4"]},"required.stone.step":{"category":"master","subtitle":"subtitles.block.generic.footsteps","sounds":["step/stone1","step/stone2","step/stone3","step/stone4","step/stone5","step/stone6"]},"required.stone.fall":{"category":"master","sounds":["step/stone1","step/stone2","step/stone3","step/stone4","step/stone5","step/stone6"]},"xmas":{"category":"master","sounds":["xmas"]},"sirena":{"category":"master","sounds":["sirena"]},"saber":{"category":"master","sounds":[]},"saber.ignition":{"category":"master","sounds":["lunar_studios/enderkariz/block_wars/saber_ignition"]},"saber.swing":{"category":"master","sounds":["lunar_studios/enderkariz/block_wars/saber_swing"]},"r2d2":{"category":"master","sounds":[]},"r2d2.death":{"category":"master","sounds":["lunar_studios/enderkariz/block_wars/r2d2_death"]},"r2d2.chatter":{"category":"master","sounds":["lunar_studios/enderkariz/block_wars/r2d2_chatter"]},"r2d2.randomnoise":{"category":"master","sounds":["lunar_studios/enderkariz/block_wars/r2d2_sound1","lunar_studios/enderkariz/block_wars/r2d2_sound2"]},"yoda":{"category":"master","sounds":[]},"yoda.whines":{"category":"master","sounds":["lunar_studios/enderkariz/block_wars/yoda_whines"]},"blaster":{"category":"master","sounds":[]},"blaster.shoot":{"category":"master","sounds":["lunar_studios/enderkariz/block_wars/blaster_shoot"]}}