{
	"credit": "Made with Blockbench",
	"texture_size": [128, 128],
	"textures": {
		"0": "elitecreatures:witchcaster_animated/witchcaster_texture",
		"4": "elitecreatures:witchcaster_animated/witchcaster_animation_03",
		"5": "elitecreatures:witchcaster_animated/witchcaster_animation_002-export",
		"particle": "elitecreatures:witchcaster_animated/witchcaster_texture"
	},
	"elements": [
		{
			"from": [5, 6, 5.9],
			"to": [11, 12, 11.9],
			"rotation": {"angle": 45, "axis": "x", "origin": [6.56598, 6.45932, 7.70866]},
			"faces": {
				"north": {"uv": [11.0625, 6.1875, 11.8125, 6.9375], "texture": "#0"},
				"east": {"uv": [10.3125, 5.1875, 11.0625, 5.9375], "texture": "#0"},
				"south": {"uv": [10.3125, 4.4375, 11.0625, 5.1875], "texture": "#0"},
				"west": {"uv": [11.0625, 5.1875, 10.3125, 5.9375], "texture": "#0"},
				"up": {"uv": [11.0625, 6.6875, 10.3125, 5.9375], "texture": "#0"},
				"down": {"uv": [11.0625, 6.6875, 10.3125, 5.9375], "texture": "#0"}
			}
		},
		{
			"from": [6, 8.26798, 10.34934],
			"to": [10, 11.26798, 16.34934],
			"rotation": {"angle": 22.5, "axis": "x", "origin": [6.56598, 10.45932, 10.80866]},
			"faces": {
				"north": {"uv": [12.125, 2.9375, 11.625, 2.5625], "texture": "#0"},
				"east": {"uv": [11.0625, 4.5625, 11.4375, 5.3125], "rotation": 90, "texture": "#0"},
				"south": {"uv": [12.125, 2.9375, 11.625, 2.5625], "texture": "#0"},
				"west": {"uv": [11.0625, 5.3125, 11.4375, 4.5625], "rotation": 90, "texture": "#0"},
				"up": {"uv": [11.4375, 4.5625, 11.9375, 5.3125], "rotation": 180, "texture": "#0"},
				"down": {"uv": [11.4375, 4.5625, 11.9375, 5.3125], "rotation": 180, "texture": "#0"}
			}
		},
		{
			"from": [7, 6.26798, 14.04934],
			"to": [9, 8.26798, 19.04934],
			"rotation": {"angle": -45, "axis": "x", "origin": [6.56598, 7.45932, 14.50866]},
			"faces": {
				"north": {"uv": [11.3125, 6.1875, 11.0625, 5.9375], "texture": "#0"},
				"east": {"uv": [11.9375, 4.5625, 12.1875, 5.1875], "rotation": 90, "texture": "#0"},
				"south": {"uv": [11.3125, 6.1875, 11.0625, 5.9375], "texture": "#0"},
				"west": {"uv": [11.9375, 5.1875, 12.1875, 4.5625], "rotation": 90, "texture": "#0"},
				"up": {"uv": [11.0625, 5.3125, 11.3125, 5.9375], "texture": "#0"},
				"down": {"uv": [11.0625, 5.9375, 11.3125, 5.3125], "texture": "#0"}
			}
		},
		{
			"from": [15, -10, 8.5],
			"to": [15, -6, 16.5],
			"rotation": {"angle": 0, "axis": "y", "origin": [13, -6, 9.5]},
			"faces": {
				"north": {"uv": [0, 0, 0, 14], "texture": "#5"},
				"east": {"uv": [16, 6, 0, 14], "texture": "#5"},
				"south": {"uv": [0, 0, 0, 14], "texture": "#5"},
				"west": {"uv": [0, 6, 16, 14], "texture": "#5"},
				"up": {"uv": [0, 10, 0, 0], "texture": "#5"},
				"down": {"uv": [0, 0, 0, 10], "texture": "#5"}
			}
		},
		{
			"from": [14, -6, 11.5],
			"to": [16, -4.5, 13.5],
			"rotation": {"angle": 0, "axis": "y", "origin": [7, -8.5, -3.5]},
			"faces": {
				"north": {"uv": [1.6875, 3.9375, 1.9375, 4.125], "texture": "#0"},
				"east": {"uv": [1.6875, 3.9375, 1.9375, 4.125], "texture": "#0"},
				"south": {"uv": [1.6875, 3.9375, 1.9375, 4.125], "texture": "#0"},
				"west": {"uv": [1.6875, 3.9375, 1.9375, 4.125], "texture": "#0"},
				"up": {"uv": [1.6875, 4.125, 1.9375, 4.375], "texture": "#0"},
				"down": {"uv": [1.6875, 4.125, 1.9375, 4.375], "texture": "#0"}
			}
		},
		{
			"from": [15, -5.5, 11.5],
			"to": [15, 1.5, 14.5],
			"rotation": {"angle": 0, "axis": "y", "origin": [7, -8.5, -3.5]},
			"faces": {
				"north": {"uv": [0, 0, 0, 256], "texture": "#missing"},
				"east": {"uv": [3.75, 0.4375, 3.375, 1.3125], "texture": "#0"},
				"south": {"uv": [0, 0, 0, 256], "texture": "#missing"},
				"west": {"uv": [3.375, 0.4375, 3.75, 1.3125], "texture": "#0"},
				"up": {"uv": [0, 0, 0, 96], "texture": "#missing"},
				"down": {"uv": [0, 0, 0, 96], "texture": "#missing"}
			}
		},
		{
			"from": [4, 1.18431, 5.54389],
			"to": [12, 7.18431, 12.54389],
			"rotation": {"angle": 22.5, "axis": "x", "origin": [6.56598, 6.45932, 7.80866]},
			"faces": {
				"north": {"uv": [10.125, 2.9375, 11.125, 3.6875], "texture": "#0"},
				"east": {"uv": [10.3125, 3.6875, 11.1875, 4.4375], "texture": "#0"},
				"south": {"uv": [11.125, 2.9375, 12.125, 3.6875], "texture": "#0"},
				"west": {"uv": [11.1875, 3.6875, 10.3125, 4.4375], "texture": "#0"},
				"up": {"uv": [12.3125, 6.1875, 11.3125, 5.3125], "texture": "#0"},
				"down": {"uv": [12.1875, 4.5625, 11.1875, 3.6875], "texture": "#0"}
			}
		},
		{
			"from": [2, 2.1, -2],
			"to": [14, 2.1, 18],
			"rotation": {"angle": 0, "axis": "x", "origin": [8, 2.1, 8]},
			"faces": {
				"north": {"uv": [3, 2.375, 4.5, 2.375], "texture": "#0"},
				"east": {"uv": [2.625, 3, 5.125, 3], "texture": "#0"},
				"south": {"uv": [3, 2.375, 4.5, 2.375], "texture": "#0"},
				"west": {"uv": [2.625, 3, 5.125, 3], "texture": "#0"},
				"up": {"uv": [14.5625, 5.375, 13.0625, 2.875], "texture": "#0"},
				"down": {"uv": [14.5625, 5.375, 13.0625, 2.875], "texture": "#0"}
			}
		},
		{
			"from": [4.025, -0.21327, 10.15089],
			"to": [11.95, 5.48673, 12.85089],
			"rotation": {"angle": 0, "axis": "x", "origin": [8, 2.73673, 10.85089]},
			"faces": {
				"north": {"uv": [10.3125, 4.125, 10.5625, 4.4375], "texture": "#0"},
				"east": {"uv": [10.3125, 4.125, 10.5625, 4.4375], "texture": "#0"},
				"south": {"uv": [10.3125, 4.125, 10.5625, 4.4375], "texture": "#0"},
				"west": {"uv": [10.3125, 4.125, 10.5625, 4.4375], "texture": "#0"},
				"up": {"uv": [10.3125, 4.125, 10.5625, 4.4375], "texture": "#0"},
				"down": {"uv": [10.3125, 4.125, 10.5625, 4.4375], "texture": "#0"}
			}
		},
		{
			"from": [14, 2.1, -2],
			"to": [17, 2.1, 18],
			"rotation": {"angle": -22.5, "axis": "z", "origin": [14, 2.1, 8]},
			"faces": {
				"north": {"uv": [3, 2.375, 4.25, 2.4375], "texture": "#missing"},
				"east": {"uv": [2.625, 3, 3.875, 3.0625], "texture": "#missing"},
				"south": {"uv": [3, 2.375, 4.25, 2.4375], "texture": "#missing"},
				"west": {"uv": [2.625, 3, 3.875, 3.0625], "texture": "#missing"},
				"up": {"uv": [13.0625, 5.375, 12.6875, 2.875], "texture": "#0"},
				"down": {"uv": [13.0625, 5.375, 12.6875, 2.875], "texture": "#0"}
			}
		},
		{
			"from": [-1, 2.1, -2],
			"to": [2, 2.1, 18],
			"rotation": {"angle": -22.5, "axis": "z", "origin": [2, 2.1, 8]},
			"faces": {
				"north": {"uv": [4.25, 2.375, 3, 2.4375], "texture": "#missing"},
				"east": {"uv": [3.875, 3, 2.625, 3.0625], "texture": "#missing"},
				"south": {"uv": [4.25, 2.375, 3, 2.4375], "texture": "#missing"},
				"west": {"uv": [3.875, 3, 2.625, 3.0625], "texture": "#missing"},
				"up": {"uv": [12.6875, 5.375, 13.0625, 2.875], "texture": "#0"},
				"down": {"uv": [12.6875, 5.375, 13.0625, 2.875], "texture": "#0"}
			}
		},
		{
			"from": [3, 2, 3],
			"to": [13, 3, 13],
			"rotation": {"angle": 0, "axis": "y", "origin": [6.56598, 6.45932, 7.80866]},
			"faces": {
				"north": {"uv": [10.375, 2.8125, 11.625, 2.9375], "texture": "#0"},
				"east": {"uv": [10.375, 2.8125, 11.625, 2.9375], "texture": "#0"},
				"south": {"uv": [10.375, 2.8125, 11.625, 2.9375], "texture": "#0"},
				"west": {"uv": [10.375, 2.8125, 11.625, 2.9375], "texture": "#0"},
				"up": {"uv": [11.625, 2.8125, 10.375, 1.5625], "texture": "#0"},
				"down": {"uv": [11.625, 2.8125, 10.375, 1.5625], "texture": "#0"}
			}
		},
		{
			"from": [6.75, 3, 2.8],
			"to": [9.25, 5.5, 2.8],
			"rotation": {"angle": -45, "axis": "z", "origin": [8, 4.25, 3.8]},
			"faces": {
				"north": {"uv": [0, 0, 5, 5], "texture": "#4"},
				"east": {"uv": [0, 0, 0, 5], "texture": "#4"},
				"south": {"uv": [5, 0, 0, 5], "texture": "#4"},
				"west": {"uv": [0, 0, 0, 5], "texture": "#4"},
				"up": {"uv": [0, 5, 0, 0], "rotation": 90, "texture": "#4"},
				"down": {"uv": [0, 0, 0, 5], "rotation": 270, "texture": "#4"}
			}
		},
		{
			"from": [6.75, 3, 2.9],
			"to": [9.25, 5.5, 3.9],
			"rotation": {"angle": -45, "axis": "z", "origin": [8, 4.25, 3.9]},
			"faces": {
				"north": {"uv": [0.875, 4.75, 1.1875, 4.4375], "texture": "#0"},
				"east": {"uv": [1.4375, 4.75, 1.5625, 4.4375], "texture": "#0"},
				"south": {"uv": [1.1875, 4.75, 0.875, 4.4375], "texture": "#0"},
				"west": {"uv": [1.1875, 4.4375, 1.3125, 4.75], "texture": "#0"},
				"up": {"uv": [1.1875, 4.75, 1.3125, 4.4375], "rotation": 90, "texture": "#0"},
				"down": {"uv": [1.4375, 4.75, 1.5625, 4.4375], "rotation": 270, "texture": "#0"}
			}
		},
		{
			"from": [6.25, 2.5, 3.4],
			"to": [9.75, 6, 4.4],
			"rotation": {"angle": -45, "axis": "z", "origin": [8, 4.25, 3.9]},
			"faces": {
				"north": {"uv": [0, 5.1875, 0.4375, 4.75], "texture": "#0"},
				"east": {"uv": [0.5625, 5.1875, 0.4375, 4.75], "texture": "#0"},
				"south": {"uv": [0, 5.1875, 0.4375, 4.75], "texture": "#0"},
				"west": {"uv": [0.4375, 4.75, 0.5625, 5.1875], "texture": "#0"},
				"up": {"uv": [0.4375, 5.1875, 0.5625, 4.75], "rotation": 90, "texture": "#0"},
				"down": {"uv": [0.4375, 5.1875, 0.5625, 4.75], "rotation": 270, "texture": "#0"}
			}
		},
		{
			"from": [6.25, 2.5, 4.4],
			"to": [9.75, 6, 5.4],
			"rotation": {"angle": -45, "axis": "z", "origin": [8, 4.25, 4.9]},
			"faces": {
				"north": {"uv": [0, 5.1875, 0.4375, 4.75], "texture": "#0"},
				"east": {"uv": [0.5625, 5.1875, 0.4375, 4.75], "texture": "#0"},
				"south": {"uv": [0, 5.1875, 0.4375, 4.75], "texture": "#0"},
				"west": {"uv": [0.5625, 4.75, 0.4375, 5.1875], "texture": "#0"},
				"up": {"uv": [0.5625, 5.1875, 0.4375, 4.75], "rotation": 90, "texture": "#0"},
				"down": {"uv": [0.4375, 5.1875, 0.5625, 4.75], "rotation": 270, "texture": "#0"}
			}
		}
	],
	"gui_light": "front",
	"display": {
		"thirdperson_righthand": {
			"rotation": [42.76, 10.93, -4.97],
			"translation": [0, 4.75, 1],
			"scale": [0.6, 0.6, 0.6]
		},
		"thirdperson_lefthand": {
			"rotation": [42.76, 10.93, -4.97],
			"translation": [0, 4.75, 1],
			"scale": [0.6, 0.6, 0.6]
		},
		"firstperson_righthand": {
			"rotation": [5, 106, 0],
			"translation": [16, 4.75, -23.25],
			"scale": [1.73633, 1.73633, 1.73633]
		},
		"firstperson_lefthand": {
			"rotation": [5, 106, 0],
			"translation": [16, 4.75, -23.25],
			"scale": [1.73633, 1.73633, 1.73633]
		},
		"ground": {
			"translation": [0, 3, 0],
			"scale": [0.54688, 0.54688, 0.54688]
		},
		"gui": {
			"rotation": [25, 143, 0],
			"translation": [0, 1.5, 0],
			"scale": [0.73477, 0.73477, 0.73477]
		},
		"head": {
			"rotation": [-9, 0, 0],
			"translation": [0, 13.75, -2.25],
			"scale": [1.85, 1.7, 1.8]
		},
		"fixed": {
			"translation": [0, 0.5, -9.5],
			"scale": [1.61133, 1.61133, 1.61133]
		}
	}
}