{"sources":[{"type":"directory","source":"custom","prefix":"custom/"},{"type":"directory","source":"entity","prefix":"entity/"},{"type":"directory","source":"block","prefix":"block/"},{"type":"directory","source":"items","prefix":"items/"},{"type":"directory","source":"item","prefix":"item/"},{"type":"directory","source":"entity/conduit","prefix":"entity/conduit/"},{"type":"single","resource":"entity/bell/bell_body"},{"type":"single","resource":"entity/enchanting_table_book"},{"type":"single","resource":"advent_calendar/closed_present_1"},{"type":"single","resource":"advent_calendar/closed_present_2"},{"type":"single","resource":"advent_calendar/gift_green_moving_animation"},{"type":"single","resource":"advent_calendar/light_menu_animation"},{"type":"single","resource":"advent_calendar/light_menu_animation_2"},{"type":"single","resource":"advent_calendar/open_present_1"},{"type":"single","resource":"advent_calendar/open_present_2"},{"type":"single","resource":"advent_calendar/open_present_green"},{"type":"single","resource":"advent_calendar/present_ready"},{"type":"single","resource":"advent_calendar/rank_gift_green"},{"type":"single","resource":"advent_calendar/snow_menu_animation2"},{"type":"single","resource":"advent_calendar/snow_menu_animation3"},{"type":"single","resource":"block/acacia_leaves"},{"type":"single","resource":"block/acacia_leaves/acacia_leaves"},{"type":"single","resource":"block/acacia_leaves/acacia_leaves_side"},{"type":"single","resource":"block/acacia_leaves/acacia_leaves_top"},{"type":"single","resource":"block/acacia_leaves_bush1"},{"type":"single","resource":"block/acacia_leaves_bush1_dark"},{"type":"single","resource":"block/acacia_leaves_bush2"},{"type":"single","resource":"block/acacia_leaves_bush2_dark"},{"type":"single","resource":"block/acacia_leaves_bush3"},{"type":"single","resource":"block/acacia_leaves_bush4"},{"type":"single","resource":"block/azalea_leaves"},{"type":"single","resource":"block/azalea_leaves_bush1"},{"type":"single","resource":"block/azalea_leaves_bush1_dark"},{"type":"single","resource":"block/azalea_leaves_bush2"},{"type":"single","resource":"block/azalea_leaves_bush2_dark"},{"type":"single","resource":"block/birch_leaves"},{"type":"single","resource":"block/birch_leaves/birch_leaves"},{"type":"single","resource":"block/birch_leaves/birch_leaves_side"},{"type":"single","resource":"block/birch_leaves/birch_leaves_top"},{"type":"single","resource":"block/birch_leaves_bush1"},{"type":"single","resource":"block/birch_leaves_bush1_dark"},{"type":"single","resource":"block/birch_leaves_bush2"},{"type":"single","resource":"block/birch_leaves_bush2_dark"},{"type":"single","resource":"block/cherry_leaves"},{"type":"single","resource":"block/cherry_leaves/cherry_leaves"},{"type":"single","resource":"block/cherry_leaves/cherry_leaves_side"},{"type":"single","resource":"block/cherry_leaves/cherry_leaves_top"},{"type":"single","resource":"block/cherry_leaves_bush1"},{"type":"single","resource":"block/cherry_leaves_bush1_dark"},{"type":"single","resource":"block/cherry_leaves_bush2"},{"type":"single","resource":"block/cherry_leaves_bush2_dark"},{"type":"single","resource":"block/dark_oak_leaves/dark_oak_leaves"},{"type":"single","resource":"block/dark_oak_leaves/dark_oak_leaves_side"},{"type":"single","resource":"block/dark_oak_leaves/dark_oak_leaves_top"},{"type":"single","resource":"block/dark_oak_planks"},{"type":"single","resource":"block/dirt"},{"type":"single","resource":"block/flowering_azalea_leaves"},{"type":"single","resource":"block/flowering_azalea_leaves_bush1"},{"type":"single","resource":"block/flowering_azalea_leaves_bush1_dark"},{"type":"single","resource":"block/flowering_azalea_leaves_bush2"},{"type":"single","resource":"block/flowering_azalea_leaves_bush2_dark"},{"type":"single","resource":"block/grass/grass"},{"type":"single","resource":"block/grass_block/grass_block_side"},{"type":"single","resource":"block/grass_block/grass_block_side_overlay"},{"type":"single","resource":"block/grass_block/grass_block_top"},{"type":"single","resource":"block/grass_block/grass_block_top_1"},{"type":"single","resource":"block/grass_block/grass_block_top_2"},{"type":"single","resource":"block/grass_block/grass_block_top_3"},{"type":"single","resource":"block/grass_block/grass_block_top_4"},{"type":"single","resource":"block/grass_block/grass_block_top_4a"},{"type":"single","resource":"block/grass_block/grass_block_top_4b"},{"type":"single","resource":"block/grass_block/grass_block_top_4c"},{"type":"single","resource":"block/grass_block/grass_block_top_4d"},{"type":"single","resource":"block/grass_block/grass_block_top_4e"},{"type":"single","resource":"block/grass_block/grass_block_top_4f"},{"type":"single","resource":"block/grass_block/grass_block_top_5a"},{"type":"single","resource":"block/grass_block/grass_block_top_5b"},{"type":"single","resource":"block/grass_block/grass_block_top_5c"},{"type":"single","resource":"block/grass_block/grass_block_top_5d"},{"type":"single","resource":"block/grass_block/grass_block_top_6a"},{"type":"single","resource":"block/grass_block/grass_block_top_6b"},{"type":"single","resource":"block/grass_block/grass_block_top_6c"},{"type":"single","resource":"block/grass_block/grass_block_top_6d"},{"type":"single","resource":"block/grass_block/grass_block_top_6e"},{"type":"single","resource":"block/grass_block/grass_block_top_6f"},{"type":"single","resource":"block/jungle_leaves"},{"type":"single","resource":"block/jungle_leaves/jungle_leaves"},{"type":"single","resource":"block/jungle_leaves/jungle_leaves_side"},{"type":"single","resource":"block/jungle_leaves/jungle_leaves_top"},{"type":"single","resource":"block/jungle_leaves_bush1"},{"type":"single","resource":"block/jungle_leaves_bush1_dark"},{"type":"single","resource":"block/jungle_leaves_bush2"},{"type":"single","resource":"block/jungle_leaves_bush2_dark"},{"type":"single","resource":"block/jungle_leaves_bush3"},{"type":"single","resource":"block/jungle_leaves_bush4"},{"type":"single","resource":"block/kelp"},{"type":"single","resource":"block/mangrove_leaves"},{"type":"single","resource":"block/mangrove_leaves/mangrove_leaves"},{"type":"single","resource":"block/mangrove_leaves/mangrove_leaves_side"},{"type":"single","resource":"block/mangrove_leaves/mangrove_leaves_top"},{"type":"single","resource":"block/mangrove_leaves_bush1"},{"type":"single","resource":"block/mangrove_leaves_bush1_dark"},{"type":"single","resource":"block/mangrove_leaves_bush2"},{"type":"single","resource":"block/mangrove_leaves_bush3"},{"type":"single","resource":"block/mangrove_leaves_bush4"},{"type":"single","resource":"block/mangrove_leaves_side1"},{"type":"single","resource":"block/mangrove_leaves_side2"},{"type":"single","resource":"block/oak_leaves"},{"type":"single","resource":"block/oak_leaves/oak_leaves"},{"type":"single","resource":"block/oak_leaves/oak_leaves_side"},{"type":"single","resource":"block/oak_leaves/oak_leaves_top"},{"type":"single","resource":"block/oak_leaves_bush1"},{"type":"single","resource":"block/oak_leaves_bush1_dark"},{"type":"single","resource":"block/oak_leaves_bush2"},{"type":"single","resource":"block/oak_leaves_bush2_dark"},{"type":"single","resource":"block/oak_leaves_bush3"},{"type":"single","resource":"block/oak_leaves_bush4"},{"type":"single","resource":"block/packed_ice"},{"type":"single","resource":"block/peony/snowman_base"},{"type":"single","resource":"block/peony/snowman_head"},{"type":"single","resource":"block/peony/snowman_mid"},{"type":"single","resource":"block/short_grass/grass"},{"type":"single","resource":"block/short_grass/grass_1"},{"type":"single","resource":"block/short_grass/grass_2"},{"type":"single","resource":"block/short_grass/grass_3"},{"type":"single","resource":"block/snow"},{"type":"single","resource":"block/snowman_head"},{"type":"single","resource":"block/spruce_leaves"},{"type":"single","resource":"block/spruce_leaves/spruce_leaves"},{"type":"single","resource":"block/spruce_leaves/spruce_leaves_side"},{"type":"single","resource":"block/spruce_leaves/spruce_leaves_top"},{"type":"single","resource":"block/spruce_leaves_bush1"},{"type":"single","resource":"block/spruce_leaves_bush1_dark"},{"type":"single","resource":"block/spruce_leaves_bush2"},{"type":"single","resource":"block/spruce_leaves_bush2_dark"},{"type":"single","resource":"block/tall_grass_bottom"},{"type":"single","resource":"block/tall_grass_top"},{"type":"single","resource":"block/vine"},{"type":"single","resource":"blocks/concrete_black"},{"type":"single","resource":"blocks/concrete_yellow"},{"type":"single","resource":"blocks/glass_gray"},{"type":"single","resource":"blocks/glass_light_blue"},{"type":"single","resource":"blocks/glass_lime"},{"type":"single","resource":"blocks/glass_yellow"},{"type":"single","resource":"blocks/mushroom_block_skin_red"},{"type":"single","resource":"blocks/water_still"},{"type":"single","resource":"cosmetic_packv6/end_backpack"},{"type":"single","resource":"cosmetic_packv6/end_hand"},{"type":"single","resource":"cosmetic_packv6/end_hat"},{"type":"single","resource":"cosmetic_packv6/engineer_backpack"},{"type":"single","resource":"cosmetic_packv6/engineer_hand"},{"type":"single","resource":"cosmetic_packv6/engineer_hat"},{"type":"single","resource":"cosmetic_packv6/ghost_animation1"},{"type":"single","resource":"cosmetic_packv6/ghost_animation2"},{"type":"single","resource":"cosmetic_packv6/ghost_animation3"},{"type":"single","resource":"cosmetic_packv6/ghost_animation4"},{"type":"single","resource":"cosmetic_packv6/ghost_backpack"},{"type":"single","resource":"cosmetic_packv6/ghost_hand"},{"type":"single","resource":"cosmetic_packv6/ghost_hat"},{"type":"single","resource":"cosmetic_packv6/ocultism_backpack"},{"type":"single","resource":"cosmetic_packv6/ocultism_hand"},{"type":"single","resource":"cosmetic_packv6/ocultism_hat"},{"type":"single","resource":"cosmetic_packv6/oni_backpack"},{"type":"single","resource":"cosmetic_packv6/oni_hand"},{"type":"single","resource":"cosmetic_packv6/oni_hat"},{"type":"single","resource":"cosmetic_packv7/creaking_backpack"},{"type":"single","resource":"cosmetic_packv7/creaking_hand"},{"type":"single","resource":"cosmetic_packv7/creaking_hat"},{"type":"single","resource":"cosmetic_packv7/fire_animation"},{"type":"single","resource":"cosmetic_packv7/fire_backpack"},{"type":"single","resource":"cosmetic_packv7/fire_cape"},{"type":"single","resource":"cosmetic_packv7/summer_animation"},{"type":"single","resource":"cosmetic_packv7/summer_backpack"},{"type":"single","resource":"cosmetic_packv7/summer_hand"},{"type":"single","resource":"cosmetic_packv7/summer_hat"},{"type":"single","resource":"custom/cars/apache_black"},{"type":"single","resource":"custom/cars/apache_blue"},{"type":"single","resource":"custom/cars/apache_bordeaux"},{"type":"single","resource":"custom/cars/apache_brown"},{"type":"single","resource":"custom/cars/apache_copper"},{"type":"single","resource":"custom/cars/apache_creme"},{"type":"single","resource":"custom/cars/apache_criminalblack"},{"type":"single","resource":"custom/cars/apache_gold"},{"type":"single","resource":"custom/cars/apache_gray"},{"type":"single","resource":"custom/cars/apache_green"},{"type":"single","resource":"custom/cars/apache_leaves"},{"type":"single","resource":"custom/cars/apache_mint"},{"type":"single","resource":"custom/cars/apache_obsidian"},{"type":"single","resource":"custom/cars/apache_orange"},{"type":"single","resource":"custom/cars/apache_pink"},{"type":"single","resource":"custom/cars/apache_realpink"},{"type":"single","resource":"custom/cars/apache_red"},{"type":"single","resource":"custom/cars/apache_roodze"},{"type":"single","resource":"custom/cars/apache_upperblue"},{"type":"single","resource":"custom/cars/boat_1"},{"type":"single","resource":"custom/cars/boat_2"},{"type":"single","resource":"custom/cars/boat_3"},{"type":"single","resource":"custom/cars/fiets_man_babyblue"},{"type":"single","resource":"custom/cars/fiets_man_blueblack"},{"type":"single","resource":"custom/cars/fiets_man_bluediamond"},{"type":"single","resource":"custom/cars/fiets_man_brown"},{"type":"single","resource":"custom/cars/fiets_man_gold"},{"type":"single","resource":"custom/cars/fiets_man_gray"},{"type":"single","resource":"custom/cars/fiets_man_green"},{"type":"single","resource":"custom/cars/fiets_man_king"},{"type":"single","resource":"custom/cars/fiets_man_pink"},{"type":"single","resource":"custom/cars/fiets_man_red"},{"type":"single","resource":"custom/cars/fiets_vrouw_babygirl"},{"type":"single","resource":"custom/cars/fiets_vrouw_blueblack"},{"type":"single","resource":"custom/cars/fiets_vrouw_bluediamond"},{"type":"single","resource":"custom/cars/fiets_vrouw_brown"},{"type":"single","resource":"custom/cars/fiets_vrouw_gold"},{"type":"single","resource":"custom/cars/fiets_vrouw_gray"},{"type":"single","resource":"custom/cars/fiets_vrouw_green"},{"type":"single","resource":"custom/cars/fiets_vrouw_king"},{"type":"single","resource":"custom/cars/fiets_vrouw_pink"},{"type":"single","resource":"custom/cars/fiets_vrouw_rainbow"},{"type":"single","resource":"custom/cars/fiets_vrouw_red"},{"type":"single","resource":"custom/cars/hotrod_army"},{"type":"single","resource":"custom/cars/hotrod_black"},{"type":"single","resource":"custom/cars/hotrod_blackyellow"},{"type":"single","resource":"custom/cars/hotrod_blue"},{"type":"single","resource":"custom/cars/hotrod_gold"},{"type":"single","resource":"custom/cars/hotrod_orange"},{"type":"single","resource":"custom/cars/hotrod_pink"},{"type":"single","resource":"custom/cars/hotrod_red"},{"type":"single","resource":"custom/cars/hotrod_valentijn"},{"type":"single","resource":"custom/cars/hoverboard_babyblue"},{"type":"single","resource":"custom/cars/hoverboard_blue"},{"type":"single","resource":"custom/cars/hoverboard_champagne"},{"type":"single","resource":"custom/cars/hoverboard_desert"},{"type":"single","resource":"custom/cars/hoverboard_ender"},{"type":"single","resource":"custom/cars/hoverboard_gold"},{"type":"single","resource":"custom/cars/hoverboard_goldenglass"},{"type":"single","resource":"custom/cars/hoverboard_green"},{"type":"single","resource":"custom/cars/hoverboard_lemonyellow"},{"type":"single","resource":"custom/cars/hoverboard_orange"},{"type":"single","resource":"custom/cars/hoverboard_purple"},{"type":"single","resource":"custom/cars/hoverboard_red"},{"type":"single","resource":"custom/cars/hoverboard_white"},{"type":"single","resource":"custom/cars/hoverboard_yellow"},{"type":"single","resource":"custom/cars/hovercraft_animatedpurpleyellow"},{"type":"single","resource":"custom/cars/hovercraft_black"},{"type":"single","resource":"custom/cars/hovercraft_gold"},{"type":"single","resource":"custom/cars/hovercraft_lime"},{"type":"single","resource":"custom/cars/hovercraft_orange"},{"type":"single","resource":"custom/cars/hovercraft_white"},{"type":"single","resource":"custom/cars/jeep_blue"},{"type":"single","resource":"custom/cars/jeep_gold"},{"type":"single","resource":"custom/cars/jeep_politie"},{"type":"single","resource":"custom/cars/motor_black"},{"type":"single","resource":"custom/cars/motor_blue"},{"type":"single","resource":"custom/cars/motor_easter"},{"type":"single","resource":"custom/cars/motor_gold"},{"type":"single","resource":"custom/cars/motor_gray"},{"type":"single","resource":"custom/cars/motor_green"},{"type":"single","resource":"custom/cars/motor_koningsdag"},{"type":"single","resource":"custom/cars/motor_orange"},{"type":"single","resource":"custom/cars/motor_pink"},{"type":"single","resource":"custom/cars/motor_police"},{"type":"single","resource":"custom/cars/motor_red"},{"type":"single","resource":"custom/cars/motor_vierjaar"},{"type":"single","resource":"custom/cars/motor_white"},{"type":"single","resource":"custom/cars/plane"},{"type":"single","resource":"custom/cars/planeblue"},{"type":"single","resource":"custom/cars/planedragon"},{"type":"single","resource":"custom/cars/planefighter"},{"type":"single","resource":"custom/cars/planefighter_oranje"},{"type":"single","resource":"custom/cars/planegold"},{"type":"single","resource":"custom/cars/planegreen"},{"type":"single","resource":"custom/cars/planeoctopus"},{"type":"single","resource":"custom/cars/planeorange"},{"type":"single","resource":"custom/cars/planepurple"},{"type":"single","resource":"custom/cars/racecar_animatedrainbow"},{"type":"single","resource":"custom/cars/racecar_black"},{"type":"single","resource":"custom/cars/racecar_diamond"},{"type":"single","resource":"custom/cars/racecar_emerald"},{"type":"single","resource":"custom/cars/racecar_ender"},{"type":"single","resource":"custom/cars/racecar_gold"},{"type":"single","resource":"custom/cars/racecar_orange"},{"type":"single","resource":"custom/cars/racecar_orangeblack"},{"type":"single","resource":"custom/cars/racecar_pink"},{"type":"single","resource":"custom/cars/racecar_purplefade"},{"type":"single","resource":"custom/cars/racecar_red"},{"type":"single","resource":"custom/cars/raket_legend_black"},{"type":"single","resource":"custom/cars/raket_legend_camodark"},{"type":"single","resource":"custom/cars/raket_legend_camoforest"},{"type":"single","resource":"custom/cars/raket_legend_camomarine"},{"type":"single","resource":"custom/cars/raket_legend_desert"},{"type":"single","resource":"custom/cars/raket_legend_green"},{"type":"single","resource":"custom/cars/raket_legend_sand"},{"type":"single","resource":"custom/cars/sedan_babyblue"},{"type":"single","resource":"custom/cars/sedan_beige"},{"type":"single","resource":"custom/cars/sedan_black"},{"type":"single","resource":"custom/cars/sedan_brown"},{"type":"single","resource":"custom/cars/sedan_cars"},{"type":"single","resource":"custom/cars/sedan_cognac"},{"type":"single","resource":"custom/cars/sedan_gray"},{"type":"single","resource":"custom/cars/sedan_green"},{"type":"single","resource":"custom/cars/sedan_kerst"},{"type":"single","resource":"custom/cars/sedan_koningsdag"},{"type":"single","resource":"custom/cars/sedan_lemonyellow"},{"type":"single","resource":"custom/cars/sedan_les"},{"type":"single","resource":"custom/cars/sedan_lightning"},{"type":"single","resource":"custom/cars/sedan_lily"},{"type":"single","resource":"custom/cars/sedan_monster"},{"type":"single","resource":"custom/cars/sedan_navyblauw"},{"type":"single","resource":"custom/cars/sedan_pink"},{"type":"single","resource":"custom/cars/sedan_politie"},{"type":"single","resource":"custom/cars/sedan_purple"},{"type":"single","resource":"custom/cars/sedan_red"},{"type":"single","resource":"custom/cars/sedan_sportief_1"},{"type":"single","resource":"custom/cars/sedan_sportief_2"},{"type":"single","resource":"custom/cars/sedan_sportief_3"},{"type":"single","resource":"custom/cars/sedan_sportief_4"},{"type":"single","resource":"custom/cars/sedan_sportief_babyboy"},{"type":"single","resource":"custom/cars/sedan_sportief_babygirl"},{"type":"single","resource":"custom/cars/sedan_sportief_diamond"},{"type":"single","resource":"custom/cars/sedan_sportief_emerald"},{"type":"single","resource":"custom/cars/sedan_sportief_gold"},{"type":"single","resource":"custom/cars/sedan_sportief_goldv2"},{"type":"single","resource":"custom/cars/sedan_sportief_kerst"},{"type":"single","resource":"custom/cars/sedan_sportief_lego"},{"type":"single","resource":"custom/cars/sedan_sportief_obsidian"},{"type":"single","resource":"custom/cars/sedan_sportief_president"},{"type":"single","resource":"custom/cars/sedan_sportief_quarts"},{"type":"single","resource":"custom/cars/sedan_sportief_rainbow"},{"type":"single","resource":"custom/cars/sedan_yellow"},{"type":"single","resource":"custom/cars/sedan_zalm"},{"type":"single","resource":"custom/cars/sportief_black"},{"type":"single","resource":"custom/cars/sportief_blackyellow"},{"type":"single","resource":"custom/cars/sportief_bordeauxclean"},{"type":"single","resource":"custom/cars/sportief_diamond"},{"type":"single","resource":"custom/cars/sportief_emerald"},{"type":"single","resource":"custom/cars/sportief_fakegold"},{"type":"single","resource":"custom/cars/sportief_fakegoldclean"},{"type":"single","resource":"custom/cars/sportief_flameblue"},{"type":"single","resource":"custom/cars/sportief_flamegreen"},{"type":"single","resource":"custom/cars/sportief_flamepink"},{"type":"single","resource":"custom/cars/sportief_flamered"},{"type":"single","resource":"custom/cars/sportief_flamewhite"},{"type":"single","resource":"custom/cars/sportief_forest"},{"type":"single","resource":"custom/cars/sportief_forestclean"},{"type":"single","resource":"custom/cars/sportief_gold"},{"type":"single","resource":"custom/cars/sportief_koningsclean"},{"type":"single","resource":"custom/cars/sportief_navyblauw"},{"type":"single","resource":"custom/cars/sportief_nietrood"},{"type":"single","resource":"custom/cars/sportief_nietroodclean"},{"type":"single","resource":"custom/cars/sportief_orange"},{"type":"single","resource":"custom/cars/sportief_peppa"},{"type":"single","resource":"custom/cars/sportief_peppaclean"},{"type":"single","resource":"custom/cars/sportief_pink"},{"type":"single","resource":"custom/cars/sportief_puppel"},{"type":"single","resource":"custom/cars/sportief_puppelclean"},{"type":"single","resource":"custom/cars/sportief_roze"},{"type":"single","resource":"custom/cars/sportief_white"},{"type":"single","resource":"custom/cars/suv_black"},{"type":"single","resource":"custom/cars/suv_blue"},{"type":"single","resource":"custom/cars/suv_bordeaux"},{"type":"single","resource":"custom/cars/suv_brown"},{"type":"single","resource":"custom/cars/suv_cabrio_greenwhite"},{"type":"single","resource":"custom/cars/suv_cabrio_lightbluewhite"},{"type":"single","resource":"custom/cars/suv_cabrio_orangeblack"},{"type":"single","resource":"custom/cars/suv_cabrio_pinkwhite"},{"type":"single","resource":"custom/cars/suv_cabrio_purplewhite"},{"type":"single","resource":"custom/cars/suv_cabrio_redblack"},{"type":"single","resource":"custom/cars/suv_cabrio_yellowgold"},{"type":"single","resource":"custom/cars/suv_criminalblack"},{"type":"single","resource":"custom/cars/suv_ender"},{"type":"single","resource":"custom/cars/suv_giraffe"},{"type":"single","resource":"custom/cars/suv_gold"},{"type":"single","resource":"custom/cars/suv_green"},{"type":"single","resource":"custom/cars/suv_lime"},{"type":"single","resource":"custom/cars/suv_navyblue"},{"type":"single","resource":"custom/cars/suv_pink"},{"type":"single","resource":"custom/cars/suv_pokemon"},{"type":"single","resource":"custom/cars/suv_politie"},{"type":"single","resource":"custom/cars/suv_red"},{"type":"single","resource":"custom/cars/suv_stars"},{"type":"single","resource":"custom/cars/suv_upperblue"},{"type":"single","resource":"custom/cars/suv_white"},{"type":"single","resource":"custom/cars/suv_yellow"},{"type":"single","resource":"custom/cars/tank_legend_black"},{"type":"single","resource":"custom/cars/tank_legend_camodark"},{"type":"single","resource":"custom/cars/tank_legend_camoforest"},{"type":"single","resource":"custom/cars/tank_legend_camomarine"},{"type":"single","resource":"custom/cars/tank_legend_desert"},{"type":"single","resource":"custom/cars/tank_legend_green"},{"type":"single","resource":"custom/cars/tank_legend_sand"},{"type":"single","resource":"custom/cars/ufo_vehicle"},{"type":"single","resource":"custom/cars/ufo_vehicle_black"},{"type":"single","resource":"custom/cars/ufo_vehicle_blackgold"},{"type":"single","resource":"custom/cars/ufo_vehicle_blue"},{"type":"single","resource":"custom/cars/ufo_vehicle_orange"},{"type":"single","resource":"custom/cars/ufo_vehicle_purple"},{"type":"single","resource":"custom/cars/wieken_groot"},{"type":"single","resource":"custom/cars/wieken_klein"},{"type":"single","resource":"custom/icons/adventure_pass_booster"},{"type":"single","resource":"custom/icons/gems_icon"},{"type":"single","resource":"custom/icons/gold_icon"},{"type":"single","resource":"custom/icons/luck_booster"},{"type":"single","resource":"custom/icons/pinata"},{"type":"single","resource":"custom/icons/protection_booster"},{"type":"single","resource":"custom/items/ankh_charm"},{"type":"single","resource":"custom/items/ankh_scepter"},{"type":"single","resource":"custom/items/blood_vial"},{"type":"single","resource":"custom/items/bone_necklace"},{"type":"single","resource":"custom/items/bone_sword"},{"type":"single","resource":"custom/items/cloak_of_wrath"},{"type":"single","resource":"custom/items/dark_magic_necklace"},{"type":"single","resource":"custom/items/desert_key"},{"type":"single","resource":"custom/items/diving_mask"},{"type":"single","resource":"custom/items/dracula_key"},{"type":"single","resource":"custom/items/dracula_sword"},{"type":"single","resource":"custom/items/dragonscale"},{"type":"single","resource":"custom/items/dragonscale_axe"},{"type":"single","resource":"custom/items/dragonscale_boots"},{"type":"single","resource":"custom/items/dragonscale_chestplate"},{"type":"single","resource":"custom/items/dragonscale_helmet"},{"type":"single","resource":"custom/items/dragonscale_leggings"},{"type":"single","resource":"custom/items/dragonscale_sword"},{"type":"single","resource":"custom/items/ender_gauntlet"},{"type":"single","resource":"custom/items/flashlight"},{"type":"single","resource":"custom/items/gold_pouch"},{"type":"single","resource":"custom/items/gold_tooth"},{"type":"single","resource":"custom/items/golem_heart"},{"type":"single","resource":"custom/items/hermes_boots"},{"type":"single","resource":"custom/items/home_teleportation_scroll"},{"type":"single","resource":"custom/items/horseshoe"},{"type":"single","resource":"custom/items/jungle_amulet"},{"type":"single","resource":"custom/items/jungle_key"},{"type":"single","resource":"custom/items/knight_shield"},{"type":"single","resource":"custom/items/lightning_boots"},{"type":"single","resource":"custom/items/magic_bracelet"},{"type":"single","resource":"custom/items/magma_boots"},{"type":"single","resource":"custom/items/miner_helmet"},{"type":"single","resource":"custom/items/miner_helmet_lamp"},{"type":"single","resource":"custom/items/miner_wrath_texture"},{"type":"single","resource":"custom/items/molten_dice"},{"type":"single","resource":"custom/items/ninja_cloak"},{"type":"single","resource":"custom/items/philosopher_stone"},{"type":"single","resource":"custom/items/portal_stone"},{"type":"single","resource":"custom/items/random_teleportation_scroll"},{"type":"single","resource":"custom/items/rocket_boots"},{"type":"single","resource":"custom/items/sculk_shield"},{"type":"single","resource":"custom/items/shackle"},{"type":"single","resource":"custom/items/shiver_bracelet"},{"type":"single","resource":"custom/items/silver_chain"},{"type":"single","resource":"custom/items/skeleton_key"},{"type":"single","resource":"custom/items/speed_ring"},{"type":"single","resource":"custom/items/spider_venom"},{"type":"single","resource":"custom/items/sunstone_ring"},{"type":"single","resource":"custom/items/talisman_of_vitality"},{"type":"single","resource":"custom/items/vampire_signet"},{"type":"single","resource":"custom/items/vitality_ring"},{"type":"single","resource":"custom/items/wither_crown"},{"type":"single","resource":"custom/items/wool_scarf"},{"type":"single","resource":"custom/items/zephyr_veil"},{"type":"single","resource":"custom/items/zombie_brain"},{"type":"single","resource":"custom/menus/auctions/1"},{"type":"single","resource":"custom/menus/auctions/10"},{"type":"single","resource":"custom/menus/auctions/100"},{"type":"single","resource":"custom/menus/auctions/32"},{"type":"single","resource":"custom/menus/auctions/64"},{"type":"single","resource":"custom/menus/auctions/bids_button"},{"type":"single","resource":"custom/menus/auctions/browser_button"},{"type":"single","resource":"custom/menus/auctions/categories"},{"type":"single","resource":"custom/menus/auctions/close"},{"type":"single","resource":"custom/menus/auctions/enter_amount"},{"type":"single","resource":"custom/menus/auctions/manage_auctions_icon"},{"type":"single","resource":"custom/menus/auctions/refresh"},{"type":"single","resource":"custom/menus/badges/caving_coal"},{"type":"single","resource":"custom/menus/badges/caving_copper"},{"type":"single","resource":"custom/menus/badges/caving_diamond"},{"type":"single","resource":"custom/menus/badges/caving_emerald"},{"type":"single","resource":"custom/menus/badges/caving_gold"},{"type":"single","resource":"custom/menus/badges/caving_iron"},{"type":"single","resource":"custom/menus/badges/caving_netherite"},{"type":"single","resource":"custom/menus/badges/caving_stone"},{"type":"single","resource":"custom/menus/badges/caving_wooden"},{"type":"single","resource":"custom/menus/badges/crafting_coal"},{"type":"single","resource":"custom/menus/badges/crafting_copper"},{"type":"single","resource":"custom/menus/badges/crafting_diamond"},{"type":"single","resource":"custom/menus/badges/crafting_emerald"},{"type":"single","resource":"custom/menus/badges/crafting_gold"},{"type":"single","resource":"custom/menus/badges/crafting_iron"},{"type":"single","resource":"custom/menus/badges/crafting_netherite"},{"type":"single","resource":"custom/menus/badges/crafting_stone"},{"type":"single","resource":"custom/menus/badges/crafting_wooden"},{"type":"single","resource":"custom/menus/badges/hunting_coal"},{"type":"single","resource":"custom/menus/badges/hunting_copper"},{"type":"single","resource":"custom/menus/badges/hunting_diamond"},{"type":"single","resource":"custom/menus/badges/hunting_emerald"},{"type":"single","resource":"custom/menus/badges/hunting_gold"},{"type":"single","resource":"custom/menus/badges/hunting_iron"},{"type":"single","resource":"custom/menus/badges/hunting_netherite"},{"type":"single","resource":"custom/menus/badges/hunting_stone"},{"type":"single","resource":"custom/menus/badges/hunting_wooden"},{"type":"single","resource":"custom/menus/badges/mining_coal"},{"type":"single","resource":"custom/menus/badges/mining_copper"},{"type":"single","resource":"custom/menus/badges/mining_diamond"},{"type":"single","resource":"custom/menus/badges/mining_emerald"},{"type":"single","resource":"custom/menus/badges/mining_gold"},{"type":"single","resource":"custom/menus/badges/mining_iron"},{"type":"single","resource":"custom/menus/badges/mining_netherite"},{"type":"single","resource":"custom/menus/badges/mining_stone"},{"type":"single","resource":"custom/menus/badges/mining_wooden"},{"type":"single","resource":"custom/menus/badges/new_badge"},{"type":"single","resource":"custom/menus/badges/survival_coal"},{"type":"single","resource":"custom/menus/badges/survival_copper"},{"type":"single","resource":"custom/menus/badges/survival_diamond"},{"type":"single","resource":"custom/menus/badges/survival_emerald"},{"type":"single","resource":"custom/menus/badges/survival_gold"},{"type":"single","resource":"custom/menus/badges/survival_iron"},{"type":"single","resource":"custom/menus/badges/survival_netherite"},{"type":"single","resource":"custom/menus/badges/survival_stone"},{"type":"single","resource":"custom/menus/badges/survival_wooden"},{"type":"single","resource":"custom/menus/badges/unknown_badge"},{"type":"single","resource":"custom/menus/book"},{"type":"single","resource":"custom/menus/button_air"},{"type":"single","resource":"custom/menus/claim_button"},{"type":"single","resource":"custom/menus/claim_button2"},{"type":"single","resource":"custom/menus/claim_button_unavailable"},{"type":"single","resource":"custom/menus/claimed"},{"type":"single","resource":"custom/menus/claimed_button"},{"type":"single","resource":"custom/menus/close_button"},{"type":"single","resource":"custom/menus/crates/adventure_crate"},{"type":"single","resource":"custom/menus/crates/hero_crate"},{"type":"single","resource":"custom/menus/crates/legendary_crate"},{"type":"single","resource":"custom/menus/daily_rewards/wooden_chest"},{"type":"single","resource":"custom/menus/daily_rewards/wooden_chest_opened"},{"type":"single","resource":"custom/menus/daily_rewards/wooden_chest_ready"},{"type":"single","resource":"custom/menus/daily_rewards/wooden_chest_waiting"},{"type":"single","resource":"custom/menus/dungeons/dungeon_entrance"},{"type":"single","resource":"custom/menus/dungeons/dungeon_entrance_boss"},{"type":"single","resource":"custom/menus/dungeons/dungeon_entrance_locked"},{"type":"single","resource":"custom/menus/gems_icon"},{"type":"single","resource":"custom/menus/gold_icon"},{"type":"single","resource":"custom/menus/hourglass_icon"},{"type":"single","resource":"custom/menus/info_icon"},{"type":"single","resource":"custom/menus/jobs/builder"},{"type":"single","resource":"custom/menus/jobs/crafter"},{"type":"single","resource":"custom/menus/jobs/explorer"},{"type":"single","resource":"custom/menus/lands_button"},{"type":"single","resource":"custom/menus/left_button"},{"type":"single","resource":"custom/menus/links_button"},{"type":"single","resource":"custom/menus/lock"},{"type":"single","resource":"custom/menus/open_button"},{"type":"single","resource":"custom/menus/premium_store/gems_button"},{"type":"single","resource":"custom/menus/profile/auto_tool"},{"type":"single","resource":"custom/menus/profile/auto_tool_off"},{"type":"single","resource":"custom/menus/profile/auto_tp_accept"},{"type":"single","resource":"custom/menus/profile/auto_tp_accept_off"},{"type":"single","resource":"custom/menus/profile/bossbar"},{"type":"single","resource":"custom/menus/profile/bossbar_off"},{"type":"single","resource":"custom/menus/profile/bp_pickup"},{"type":"single","resource":"custom/menus/profile/bp_pickup_off"},{"type":"single","resource":"custom/menus/profile/lumberjack"},{"type":"single","resource":"custom/menus/profile/lumberjack_off"},{"type":"single","resource":"custom/menus/profile/private_messages"},{"type":"single","resource":"custom/menus/profile/private_messages_off"},{"type":"single","resource":"custom/menus/profile/sidebar"},{"type":"single","resource":"custom/menus/profile/sidebar_off"},{"type":"single","resource":"custom/menus/profile/tp_requests"},{"type":"single","resource":"custom/menus/profile/tp_requests_off"},{"type":"single","resource":"custom/menus/purchase_button"},{"type":"single","resource":"custom/menus/quests/quest_completed"},{"type":"single","resource":"custom/menus/quests/quest_icon"},{"type":"single","resource":"custom/menus/quests/quest_in_progress"},{"type":"single","resource":"custom/menus/quests/quest_locked"},{"type":"single","resource":"custom/menus/reputation/filled"},{"type":"single","resource":"custom/menus/reputation/level/0"},{"type":"single","resource":"custom/menus/reputation/level/1"},{"type":"single","resource":"custom/menus/reputation/level/10"},{"type":"single","resource":"custom/menus/reputation/level/11"},{"type":"single","resource":"custom/menus/reputation/level/12"},{"type":"single","resource":"custom/menus/reputation/level/13"},{"type":"single","resource":"custom/menus/reputation/level/14"},{"type":"single","resource":"custom/menus/reputation/level/15"},{"type":"single","resource":"custom/menus/reputation/level/16"},{"type":"single","resource":"custom/menus/reputation/level/17"},{"type":"single","resource":"custom/menus/reputation/level/18"},{"type":"single","resource":"custom/menus/reputation/level/19"},{"type":"single","resource":"custom/menus/reputation/level/2"},{"type":"single","resource":"custom/menus/reputation/level/20"},{"type":"single","resource":"custom/menus/reputation/level/21"},{"type":"single","resource":"custom/menus/reputation/level/22"},{"type":"single","resource":"custom/menus/reputation/level/23"},{"type":"single","resource":"custom/menus/reputation/level/24"},{"type":"single","resource":"custom/menus/reputation/level/25"},{"type":"single","resource":"custom/menus/reputation/level/26"},{"type":"single","resource":"custom/menus/reputation/level/27"},{"type":"single","resource":"custom/menus/reputation/level/28"},{"type":"single","resource":"custom/menus/reputation/level/29"},{"type":"single","resource":"custom/menus/reputation/level/3"},{"type":"single","resource":"custom/menus/reputation/level/30"},{"type":"single","resource":"custom/menus/reputation/level/31"},{"type":"single","resource":"custom/menus/reputation/level/32"},{"type":"single","resource":"custom/menus/reputation/level/33"},{"type":"single","resource":"custom/menus/reputation/level/34"},{"type":"single","resource":"custom/menus/reputation/level/35"},{"type":"single","resource":"custom/menus/reputation/level/36"},{"type":"single","resource":"custom/menus/reputation/level/37"},{"type":"single","resource":"custom/menus/reputation/level/38"},{"type":"single","resource":"custom/menus/reputation/level/39"},{"type":"single","resource":"custom/menus/reputation/level/4"},{"type":"single","resource":"custom/menus/reputation/level/40"},{"type":"single","resource":"custom/menus/reputation/level/41"},{"type":"single","resource":"custom/menus/reputation/level/42"},{"type":"single","resource":"custom/menus/reputation/level/43"},{"type":"single","resource":"custom/menus/reputation/level/44"},{"type":"single","resource":"custom/menus/reputation/level/45"},{"type":"single","resource":"custom/menus/reputation/level/5"},{"type":"single","resource":"custom/menus/reputation/level/6"},{"type":"single","resource":"custom/menus/reputation/level/7"},{"type":"single","resource":"custom/menus/reputation/level/8"},{"type":"single","resource":"custom/menus/reputation/level/9"},{"type":"single","resource":"custom/menus/reputation/reward_ready"},{"type":"single","resource":"custom/menus/right_button"},{"type":"single","resource":"custom/menus/search_button"},{"type":"single","resource":"custom/menus/skills/abilities"},{"type":"single","resource":"custom/menus/skills/agility"},{"type":"single","resource":"custom/menus/skills/alchemy"},{"type":"single","resource":"custom/menus/skills/archery"},{"type":"single","resource":"custom/menus/skills/chart_icon"},{"type":"single","resource":"custom/menus/skills/defense"},{"type":"single","resource":"custom/menus/skills/enchanting"},{"type":"single","resource":"custom/menus/skills/endurance"},{"type":"single","resource":"custom/menus/skills/excavation"},{"type":"single","resource":"custom/menus/skills/farming"},{"type":"single","resource":"custom/menus/skills/fighting"},{"type":"single","resource":"custom/menus/skills/fishing"},{"type":"single","resource":"custom/menus/skills/foraging"},{"type":"single","resource":"custom/menus/skills/forging"},{"type":"single","resource":"custom/menus/skills/healing"},{"type":"single","resource":"custom/menus/skills/health"},{"type":"single","resource":"custom/menus/skills/level_claim"},{"type":"single","resource":"custom/menus/skills/level_locked"},{"type":"single","resource":"custom/menus/skills/level_progress"},{"type":"single","resource":"custom/menus/skills/level_unlocked"},{"type":"single","resource":"custom/menus/skills/luck"},{"type":"single","resource":"custom/menus/skills/mining"},{"type":"single","resource":"custom/menus/skills/regeneration"},{"type":"single","resource":"custom/menus/skills/sorcery"},{"type":"single","resource":"custom/menus/skills/stats"},{"type":"single","resource":"custom/menus/skills/strength"},{"type":"single","resource":"custom/menus/skills/toughness"},{"type":"single","resource":"custom/menus/skills/wisdom"},{"type":"single","resource":"custom/menus/skills/xp_sources"},{"type":"single","resource":"custom/menus/sort_button"},{"type":"single","resource":"custom/menus/star_icon"},{"type":"single","resource":"custom/models/adventure_backpack"},{"type":"single","resource":"custom/models/balloon"},{"type":"single","resource":"custom/models/hero_backpack_potion"},{"type":"single","resource":"custom/models/hero_backpack_sword"},{"type":"single","resource":"custom/overige/broomstick_texture"},{"type":"single","resource":"custom/overige/broomstick_texture2"},{"type":"single","resource":"custom/overige/broomstick_texture3"},{"type":"single","resource":"custom/overige/broomstick_texture4"},{"type":"single","resource":"custom/overige/broomstick_texture5"},{"type":"single","resource":"elitecreatures/collectibles_v1_32x/adorable_baby_elephants_inside_32"},{"type":"single","resource":"elitecreatures/collectibles_v1_32x/baby_penguins_inside_32"},{"type":"single","resource":"elitecreatures/collectibles_v1_32x/charming_puppies_inside_32"},{"type":"single","resource":"elitecreatures/collectibles_v1_32x/collectibles_package"},{"type":"single","resource":"elitecreatures/collectibles_v1_32x/cuddly_pandas_inside_32"},{"type":"single","resource":"elitecreatures/collectibles_v1_32x/delightful_otters_inside_32"},{"type":"single","resource":"elitecreatures/collectibles_v1_32x/ef_adorable_baby_elephants_long"},{"type":"single","resource":"elitecreatures/collectibles_v1_32x/ef_baby_penguins_long"},{"type":"single","resource":"elitecreatures/collectibles_v1_32x/ef_charming_puppies_long"},{"type":"single","resource":"elitecreatures/collectibles_v1_32x/ef_cuddly_pandas_long"},{"type":"single","resource":"elitecreatures/collectibles_v1_32x/ef_delightful_otters_long"},{"type":"single","resource":"elitecreatures/collectibles_v1_32x/ef_fluffy_bunnies_long"},{"type":"single","resource":"elitecreatures/collectibles_v1_32x/ef_lovely_ladybugs_long"},{"type":"single","resource":"elitecreatures/collectibles_v1_32x/ef_playful_kittens_long"},{"type":"single","resource":"elitecreatures/collectibles_v1_32x/ef_sweet_little_lambs_long"},{"type":"single","resource":"elitecreatures/collectibles_v1_32x/ef_tiny_hedgehogs_long"},{"type":"single","resource":"elitecreatures/collectibles_v1_32x/fluffy_bunnies_inside_32"},{"type":"single","resource":"elitecreatures/collectibles_v1_32x/lovely_ladybugs_inside_32"},{"type":"single","resource":"elitecreatures/collectibles_v1_32x/playful_kittens_inside_32"},{"type":"single","resource":"elitecreatures/collectibles_v1_32x/sweet_little_lambs_inside_32"},{"type":"single","resource":"elitecreatures/collectibles_v1_32x/tiny_hedgehogs_inside_32"},{"type":"single","resource":"elitecreatures/halloween_decoration_v1/01_animation_2_texture"},{"type":"single","resource":"elitecreatures/halloween_decoration_v1/01_animation_texture"},{"type":"single","resource":"elitecreatures/halloween_decoration_v1/01_skull_jar_texture"},{"type":"single","resource":"elitecreatures/halloween_decoration_v1/02_spider_in_jar_texture"},{"type":"single","resource":"elitecreatures/halloween_decoration_v1/03_witch_pot_texture"},{"type":"single","resource":"elitecreatures/halloween_decoration_v1/04_broom_exture"},{"type":"single","resource":"elitecreatures/halloween_decoration_v1/05_candle_texture"},{"type":"single","resource":"elitecreatures/halloween_decoration_v1/06_trick_or_treat_bowl_texture"},{"type":"single","resource":"elitecreatures/halloween_decoration_v1/07_rose_in_glass_texture"},{"type":"single","resource":"elitecreatures/halloween_decoration_v1/08_mr_thing_texture"},{"type":"single","resource":"elitecreatures/halloween_decoration_v1/09_pumpkin_texture"},{"type":"single","resource":"elitecreatures/halloween_decoration_v1/10_pump_kin_2_texture"},{"type":"single","resource":"elitecreatures/halloween_decoration_v1/11_smile_flag_texture"},{"type":"single","resource":"elitecreatures/halloween_decoration_v1/12_wall_lamp_texture"},{"type":"single","resource":"elitecreatures/halloween_decoration_v1/13_pumpkin_3_texture"},{"type":"single","resource":"elitecreatures/halloween_decoration_v1/14_pumpkin_4_texture"},{"type":"single","resource":"elitecreatures/halloween_decoration_v1/15_skull_sun_flower_texture"},{"type":"single","resource":"elitecreatures/halloween_decoration_v1/16_celling_lamp_texture"},{"type":"single","resource":"elitecreatures/halloween_decoration_v1/17_tomb_stone_texture"},{"type":"single","resource":"elitecreatures/halloween_decoration_v1/18_tomb_stome_2_texture"},{"type":"single","resource":"elitecreatures/halloween_decoration_v1/19_picture_texture"},{"type":"single","resource":"elitecreatures/halloween_decoration_v1/20_scarecrow_texture"},{"type":"single","resource":"halloweenset/axe_1"},{"type":"single","resource":"halloweenset/axe_2"},{"type":"single","resource":"halloweenset/bow_0_1"},{"type":"single","resource":"halloweenset/bow_0_2"},{"type":"single","resource":"halloweenset/bow_1_1"},{"type":"single","resource":"halloweenset/bow_1_2"},{"type":"single","resource":"halloweenset/bow_2_1"},{"type":"single","resource":"halloweenset/bow_2_2"},{"type":"single","resource":"halloweenset/bow_3_1"},{"type":"single","resource":"halloweenset/bow_3_2"},{"type":"single","resource":"halloweenset/chest_1"},{"type":"single","resource":"halloweenset/chest_2"},{"type":"single","resource":"halloweenset/fishing_0_1"},{"type":"single","resource":"halloweenset/fishing_0_2"},{"type":"single","resource":"halloweenset/fishing_1_1"},{"type":"single","resource":"halloweenset/fishing_1_2"},{"type":"single","resource":"halloweenset/gun_1"},{"type":"single","resource":"halloweenset/hammer_1"},{"type":"single","resource":"halloweenset/hammer_2"},{"type":"single","resource":"halloweenset/hat"},{"type":"single","resource":"halloweenset/hoe_1"},{"type":"single","resource":"halloweenset/hoe_2"},{"type":"single","resource":"halloweenset/key_1"},{"type":"single","resource":"halloweenset/pickaxe_1"},{"type":"single","resource":"halloweenset/pickaxe_2"},{"type":"single","resource":"halloweenset/scythe_1"},{"type":"single","resource":"halloweenset/scythe_2"},{"type":"single","resource":"halloweenset/shovel_1"},{"type":"single","resource":"halloweenset/shovel_2"},{"type":"single","resource":"halloweenset/spear_1"},{"type":"single","resource":"halloweenset/spear_2"},{"type":"single","resource":"halloweenset/staff_1"},{"type":"single","resource":"halloweenset/staff_2"},{"type":"single","resource":"halloweenset/sword_1"},{"type":"single","resource":"halloweenset/sword_2"},{"type":"single","resource":"halloweenset/trident_1"},{"type":"single","resource":"halloweenset/trident_2"},{"type":"single","resource":"halloweenset/wing"},{"type":"single","resource":"item/bow"},{"type":"single","resource":"item/brick"},{"type":"single","resource":"item/chainmail_boots"},{"type":"single","resource":"item/chainmail_chestplate"},{"type":"single","resource":"item/chainmail_helmet"},{"type":"single","resource":"item/chainmail_leggings"},{"type":"single","resource":"item/clay_ball"},{"type":"single","resource":"item/crossbow_standby"},{"type":"single","resource":"item/diamond_axe"},{"type":"single","resource":"item/diamond_boots"},{"type":"single","resource":"item/diamond_chestplate"},{"type":"single","resource":"item/diamond_helmet"},{"type":"single","resource":"item/diamond_hoe"},{"type":"single","resource":"item/diamond_leggings"},{"type":"single","resource":"item/diamond_pickaxe"},{"type":"single","resource":"item/diamond_shovel"},{"type":"single","resource":"item/diamond_sword"},{"type":"single","resource":"item/feather"},{"type":"single","resource":"item/fishing_rod"},{"type":"single","resource":"item/fruit_key"},{"type":"single","resource":"item/golden_axe"},{"type":"single","resource":"item/golden_hoe"},{"type":"single","resource":"item/golden_pickaxe"},{"type":"single","resource":"item/golden_shovel"},{"type":"single","resource":"item/golden_sword"},{"type":"single","resource":"item/halloween_key"},{"type":"single","resource":"item/hat"},{"type":"single","resource":"item/iron_axe"},{"type":"single","resource":"item/iron_hoe"},{"type":"single","resource":"item/iron_pickaxe"},{"type":"single","resource":"item/iron_shovel"},{"type":"single","resource":"item/iron_sword"},{"type":"single","resource":"item/kelp"},{"type":"single","resource":"item/leather_boots"},{"type":"single","resource":"item/leather_boots_overlay"},{"type":"single","resource":"item/leather_chestplate"},{"type":"single","resource":"item/leather_chestplate_overlay"},{"type":"single","resource":"item/leather_helmet"},{"type":"single","resource":"item/leather_helmet_overlay"},{"type":"single","resource":"item/leather_horse_armor"},{"type":"single","resource":"item/leather_leggings"},{"type":"single","resource":"item/leather_leggings_overlay"},{"type":"single","resource":"item/netherite_axe"},{"type":"single","resource":"item/netherite_hoe"},{"type":"single","resource":"item/netherite_pickaxe"},{"type":"single","resource":"item/netherite_shovel"},{"type":"single","resource":"item/netherite_sword"},{"type":"single","resource":"nexo:item/nexo_armor/forest_helmet"},{"type":"single","resource":"nexo:item/nexo_furniture/arm_chair"},{"type":"single","resource":"nexo:item/nexo_furniture/arm_chair_dyeable"},{"type":"single","resource":"nexo:item/nexo_furniture/coffee_table"},{"type":"single","resource":"nexo:item/nexo_furniture/coffee_table_dyeable"},{"type":"single","resource":"nexo:item/nexo_furniture/connectable/connectable"},{"type":"single","resource":"nexo:item/nexo_furniture/connectable/connectable_dyeable"},{"type":"single","resource":"nexo:item/nexo_furniture/connectable/connectable_inner"},{"type":"single","resource":"nexo:item/nexo_furniture/connectable/connectable_inner_dyeable"},{"type":"single","resource":"nexo:item/nexo_furniture/connectable/connectable_left"},{"type":"single","resource":"nexo:item/nexo_furniture/connectable/connectable_left_dyeable"},{"type":"single","resource":"nexo:item/nexo_furniture/connectable/connectable_outer"},{"type":"single","resource":"nexo:item/nexo_furniture/connectable/connectable_outer_dyeable"},{"type":"single","resource":"nexo:item/nexo_furniture/connectable/connectable_straight"},{"type":"single","resource":"nexo:item/nexo_furniture/connectable/connectable_straight_dyeable"},{"type":"single","resource":"nexo:item/nexo_furniture/double_bed"},{"type":"single","resource":"nexo:item/nexo_furniture/double_bed_dyeable"},{"type":"single","resource":"nexo:item/nexo_furniture/end_table"},{"type":"single","resource":"nexo:item/nexo_furniture/large_wooden_door"},{"type":"single","resource":"nexo:item/nexo_furniture/sofa"},{"type":"single","resource":"nexo:item/nexo_furniture/sofa_dyeable"},{"type":"single","resource":"nexo:item/nexo_furniture/storage_chest"},{"type":"single","resource":"nexo:item/nexo_furniture/table_lamp"},{"type":"single","resource":"nexo:item/nexo_furniture/table_lamp_dyeable"},{"type":"single","resource":"nexo:item/nexo_tools/forest_axe"},{"type":"single","resource":"nexo:item/nexo_tools/forest_hoe"},{"type":"single","resource":"nexo:item/nexo_tools/forest_pickaxe"},{"type":"single","resource":"nexo:item/nexo_tools/forest_shield"},{"type":"single","resource":"nexo:item/nexo_tools/forest_shovel"},{"type":"single","resource":"nexo:item/nexo_tools/forest_sword"},{"type":"single","resource":"nexo:item/nexo_tools/forest_trident"},{"type":"single","resource":"item/normal_chest"},{"type":"single","resource":"item/normal_key"},{"type":"single","resource":"item/paper"},{"type":"single","resource":"item/potion"},{"type":"single","resource":"item/potion_overlay"},{"type":"single","resource":"item/snowman"},{"type":"single","resource":"item/stick"},{"type":"single","resource":"item/stone_axe"},{"type":"single","resource":"item/stone_hoe"},{"type":"single","resource":"item/stone_pickaxe"},{"type":"single","resource":"item/stone_shovel"},{"type":"single","resource":"item/stone_sword"},{"type":"single","resource":"item/toffy_crate_orange"},{"type":"single","resource":"item/toffy_crate_yellow"},{"type":"single","resource":"item/vanocnakridla"},{"type":"single","resource":"item/vanocnybatoh"},{"type":"single","resource":"item/white_dye"},{"type":"single","resource":"item/wooden_axe"},{"type":"single","resource":"item/wooden_hoe"},{"type":"single","resource":"item/wooden_pickaxe"},{"type":"single","resource":"item/wooden_shovel"},{"type":"single","resource":"item/wooden_sword"},{"type":"single","resource":"items/diamond_hoe"},{"type":"single","resource":"items/e_particle"},{"type":"single","resource":"items/e_texture"},{"type":"single","resource":"items/particle"},{"type":"single","resource":"items/texture"},{"type":"single","resource":"merry_christmasset/armors/merrychristmas_boots"},{"type":"single","resource":"merry_christmasset/armors/merrychristmas_chestplate"},{"type":"single","resource":"merry_christmasset/armors/merrychristmas_helmet"},{"type":"single","resource":"merry_christmasset/armors/merrychristmas_leggings"},{"type":"single","resource":"merry_christmasset/axe"},{"type":"single","resource":"merry_christmasset/backpack"},{"type":"single","resource":"merry_christmasset/bow"},{"type":"single","resource":"merry_christmasset/bow_1"},{"type":"single","resource":"merry_christmasset/bow_2"},{"type":"single","resource":"merry_christmasset/chest"},{"type":"single","resource":"merry_christmasset/crossbow"},{"type":"single","resource":"merry_christmasset/crossbow_1"},{"type":"single","resource":"merry_christmasset/crossbow_2"},{"type":"single","resource":"merry_christmasset/detail"},{"type":"single","resource":"merry_christmasset/fishing_rod"},{"type":"single","resource":"merry_christmasset/greatsword"},{"type":"single","resource":"merry_christmasset/hammer"},{"type":"single","resource":"merry_christmasset/hat"},{"type":"single","resource":"merry_christmasset/hoe"},{"type":"single","resource":"merry_christmasset/key"},{"type":"single","resource":"merry_christmasset/pickaxe"},{"type":"single","resource":"merry_christmasset/scythe"},{"type":"single","resource":"merry_christmasset/shield"},{"type":"single","resource":"merry_christmasset/shovel"},{"type":"single","resource":"merry_christmasset/spear"},{"type":"single","resource":"merry_christmasset/staff"},{"type":"single","resource":"merry_christmasset/sword"},{"type":"single","resource":"merry_christmasset/trident"},{"type":"single","resource":"merry_christmasset/wings"},{"type":"single","resource":"elitecreatures:newyear_2024_animated/armor/new_year_boots_icon"},{"type":"single","resource":"elitecreatures:newyear_2024_animated/armor/new_year_chestplate_icon"},{"type":"single","resource":"elitecreatures:newyear_2024_animated/armor/new_year_helmet_icon"},{"type":"single","resource":"elitecreatures:newyear_2024_animated/armor/new_year_leggings_icon"},{"type":"single","resource":"elitecreatures:newyear_2024_animated/newyear_animation_01"},{"type":"single","resource":"elitecreatures:newyear_2024_animated/newyear_animation_02"},{"type":"single","resource":"elitecreatures:newyear_2024_animated/newyear_animation_03"},{"type":"single","resource":"elitecreatures:newyear_2024_animated/newyear_animation_04"},{"type":"single","resource":"elitecreatures:newyear_2024_animated/newyear_texture_01"},{"type":"single","resource":"plny_summer2025cosmeticsset/duck_floatie"},{"type":"single","resource":"plny_summer2025cosmeticsset/flower_crown"},{"type":"single","resource":"plny_summer2025cosmeticsset/mini_fan"},{"type":"single","resource":"plny_summer2025cosmeticsset/mini_fan_animated"},{"type":"single","resource":"plny_summer2025cosmeticsset/popsicle_sword"},{"type":"single","resource":"plny_summer2025cosmeticsset/popsicle_sword_animated"},{"type":"single","resource":"plny_summer2025cosmeticsset/snorkel_mask"},{"type":"single","resource":"plny_summer2025cosmeticsset/sun_hat"},{"type":"single","resource":"plny_summer2025cosmeticsset/surfboard"},{"type":"single","resource":"plny_summer2025cosmeticsset/umbrella"},{"type":"single","resource":"plny_summer2025cosmeticsset/water_gun"},{"type":"single","resource":"plny_summer2025cosmeticsset/water_gun_animated"},{"type":"single","resource":"required/arrow_next_icon"},{"type":"single","resource":"required/arrow_previous_icon"},{"type":"single","resource":"required/cancel_icon"},{"type":"single","resource":"required/directory_icon"},{"type":"single","resource":"required/exit_icon"},{"type":"single","resource":"required/next_page_icon"},{"type":"single","resource":"required/previous_page_icon"},{"type":"single","resource":"summerset/animations/animations_axe"},{"type":"single","resource":"summerset/animations/animations_greatsword"},{"type":"single","resource":"summerset/animations/animations_hoe"},{"type":"single","resource":"summerset/animations/animations_pickaxe"},{"type":"single","resource":"summerset/animations/animations_scythe"},{"type":"single","resource":"summerset/animations/animations_shovel"},{"type":"single","resource":"summerset/animations/animations_spear"},{"type":"single","resource":"summerset/animations/animations_sword"},{"type":"single","resource":"summerset/animations/animations_trident"},{"type":"single","resource":"summerset/animations/animations_water"},{"type":"single","resource":"summerset/animations/bubble_1"},{"type":"single","resource":"summerset/animations/spin_animations"},{"type":"single","resource":"summerset/armor/summerset_boots"},{"type":"single","resource":"summerset/armor/summerset_chestplate"},{"type":"single","resource":"summerset/armor/summerset_helmet"},{"type":"single","resource":"summerset/armor/summerset_leggings"},{"type":"single","resource":"summerset/axe"},{"type":"single","resource":"summerset/backpack"},{"type":"single","resource":"summerset/bow"},{"type":"single","resource":"summerset/bow_1"},{"type":"single","resource":"summerset/bow_2"},{"type":"single","resource":"summerset/chest"},{"type":"single","resource":"summerset/crossbow"},{"type":"single","resource":"summerset/crossbow_1"},{"type":"single","resource":"summerset/crossbow_2"},{"type":"single","resource":"summerset/crossbow_firework"},{"type":"single","resource":"summerset/fishing_rod"},{"type":"single","resource":"summerset/fishing_rod_cast"},{"type":"single","resource":"summerset/greatsword"},{"type":"single","resource":"summerset/hammer"},{"type":"single","resource":"summerset/hoe"},{"type":"single","resource":"summerset/key"},{"type":"single","resource":"summerset/mask"},{"type":"single","resource":"summerset/pickaxe"},{"type":"single","resource":"summerset/shield"},{"type":"single","resource":"summerset/shovel"},{"type":"single","resource":"summerset/sword"},{"type":"single","resource":"summerset/weapons_theme_1"},{"type":"single","resource":"summerset/weapons_theme_2"},{"type":"single","resource":"summerset/weapons_theme_3"},{"type":"single","resource":"summerset/wings"},{"type":"single","resource":"elitecreatures:tiki_summer_animated/summer_animation_01"},{"type":"single","resource":"elitecreatures:tiki_summer_animated/summer_animation_02"},{"type":"single","resource":"elitecreatures:tiki_summer_animated/summer_animation_03"},{"type":"single","resource":"elitecreatures:tiki_summer_animated/summer_animation_04"},{"type":"single","resource":"elitecreatures:tiki_summer_animated/summer_texture"},{"type":"single","resource":"toffy/crates/toffy_crate_black"},{"type":"single","resource":"toffy/crates/toffy_crate_blue"},{"type":"single","resource":"toffy/crates/toffy_crate_cinder"},{"type":"single","resource":"toffy/crates/toffy_crate_green"},{"type":"single","resource":"toffy/crates/toffy_crate_purple"},{"type":"single","resource":"toffy/crates/toffy_crate_red"},{"type":"single","resource":"toffy/crates/toffy_crate_viking"},{"type":"single","resource":"toffy/crates/toffy_key_black"},{"type":"single","resource":"toffy/crates/toffy_key_blue"},{"type":"single","resource":"toffy/crates/toffy_key_cinder"},{"type":"single","resource":"toffy/crates/toffy_key_green"},{"type":"single","resource":"toffy/crates/toffy_key_purple"},{"type":"single","resource":"toffy/crates/toffy_key_red"},{"type":"single","resource":"toffy/crates/toffy_key_viking"},{"type":"single","resource":"elitecreatures:witchcaster_animated/witchcaster_animation_002-export"},{"type":"single","resource":"elitecreatures:witchcaster_animated/witchcaster_animation_01"},{"type":"single","resource":"elitecreatures:witchcaster_animated/witchcaster_animation_03"},{"type":"single","resource":"elitecreatures:witchcaster_animated/witchcaster_texture"}]}