{"display":{"gui":{"rotation":[0.0,90.0,0.0],"translation":[-18.25,-15.75,0.0],"scale":[2.34,2.34,2.34]}},"elements":[{"from":[6.0,-3.0,8.0],"to":[6.0,32.0,24.0],"faces":{"north":{"uv":[0.0,0.0,0.5,8.0],"texture":"#missing"},"east":{"uv":[0.0,0.0,8.0,16.0],"texture":"#0"},"south":{"uv":[0.0,0.0,0.5,8.0],"texture":"#missing"},"west":{"uv":[0.0,0.0,8.0,16.0],"texture":"#0"},"up":{"uv":[0.0,0.0,0.5,4.0],"texture":"#missing"},"down":{"uv":[0.0,0.0,0.5,4.0],"texture":"#missing"}}}],"textures":{"particle":"advent_calendar/snow_menu_animation3","0":"advent_calendar/snow_menu_animation3"},"gui_light":"front"}