{"parent":"item/handheld","textures":{"layer0":"item/diamond_sword"},"overrides":[{"predicate":{"custom_model_data":730},"model":"custom/items/bone_sword"},{"predicate":{"custom_model_data":1000},"model":"elitecreatures:witchcaster_animated/sword"},{"predicate":{"custom_model_data":1001},"model":"elitecreatures:witchcaster_animated/dagger"},{"predicate":{"custom_model_data":1002},"model":"elitecreatures:witchcaster_animated/greatsword"},{"predicate":{"custom_model_data":1003},"model":"elitecreatures:witchcaster_animated/hammer"},{"predicate":{"custom_model_data":1004},"model":"elitecreatures:newyear_2024_animated/claymore"},{"predicate":{"custom_model_data":1005},"model":"elitecreatures:newyear_2024_animated/hammer"},{"predicate":{"custom_model_data":1006},"model":"elitecreatures:newyear_2024_animated/scythe"},{"predicate":{"custom_model_data":1007},"model":"elitecreatures:newyear_2024_animated/spear"},{"predicate":{"custom_model_data":1008},"model":"elitecreatures:newyear_2024_animated/staff"},{"predicate":{"custom_model_data":1009},"model":"elitecreatures:newyear_2024_animated/sword"},{"predicate":{"custom_model_data":1010},"model":"elitecreatures:newyear_2024_animated/trident"},{"predicate":{"custom_model_data":1011},"model":"elitecreatures:witchcaster_animated/mace"},{"predicate":{"custom_model_data":1012},"model":"elitecreatures:witchcaster_animated/spear"},{"predicate":{"custom_model_data":1013},"model":"elitecreatures:witchcaster_animated/staff"},{"predicate":{"custom_model_data":1014},"model":"elitecreatures:witchcaster_animated/key"}]}