{"parent":"item/handheld","textures":{"layer0":"item/netherite_sword"},"overrides":[{"predicate":{"custom_model_data":731},"model":"custom/items/dragonscale_sword"},{"predicate":{"custom_model_data":732},"model":"custom/items/dracula_sword"},{"predicate":{"custom_model_data":1015},"model":"merry_christmasset/scythe"},{"predicate":{"custom_model_data":1016},"model":"merry_christmasset/spear"},{"predicate":{"custom_model_data":1017},"model":"merry_christmasset/staff"},{"predicate":{"custom_model_data":1018},"model":"merry_christmasset/sword"},{"predicate":{"custom_model_data":1019},"model":"merry_christmasset/trident"}]}