{"sources":[{"type":"single","resource":"modelengine:entity/vampire","sprite":"modelengine:entity/vampire"},{"type":"single","resource":"modelengine:entity/miner_wrath_texture","sprite":"modelengine:entity/miner_wrath_texture"},{"type":"single","resource":"modelengine:entity/egyptian_boss","sprite":"modelengine:entity/egyptian_boss"},{"type":"single","resource":"minecraft:toffy/crates/toffy_key_viking","sprite":"minecraft:toffy/crates/toffy_key_viking"},{"type":"single","resource":"minecraft:toffy/crates/toffy_key_red","sprite":"minecraft:toffy/crates/toffy_key_red"},{"type":"single","resource":"minecraft:toffy/crates/toffy_key_purple","sprite":"minecraft:toffy/crates/toffy_key_purple"},{"type":"single","resource":"minecraft:toffy/crates/toffy_key_paladin","sprite":"minecraft:toffy/crates/toffy_key_paladin"},{"type":"single","resource":"minecraft:toffy/crates/toffy_key_green","sprite":"minecraft:toffy/crates/toffy_key_green"},{"type":"single","resource":"minecraft:toffy/crates/toffy_key_cinder","sprite":"minecraft:toffy/crates/toffy_key_cinder"},{"type":"single","resource":"minecraft:toffy/crates/toffy_key_blue","sprite":"minecraft:toffy/crates/toffy_key_blue"},{"type":"single","resource":"minecraft:toffy/crates/toffy_key_black","sprite":"minecraft:toffy/crates/toffy_key_black"},{"type":"single","resource":"minecraft:toffy/crates/toffy_crate_viking","sprite":"minecraft:toffy/crates/toffy_crate_viking"},{"type":"single","resource":"minecraft:toffy/crates/toffy_crate_red","sprite":"minecraft:toffy/crates/toffy_crate_red"},{"type":"single","resource":"minecraft:toffy/crates/toffy_crate_purple","sprite":"minecraft:toffy/crates/toffy_crate_purple"},{"type":"single","resource":"minecraft:toffy/crates/toffy_crate_green","sprite":"minecraft:toffy/crates/toffy_crate_green"},{"type":"single","resource":"minecraft:toffy/crates/toffy_crate_cinder","sprite":"minecraft:toffy/crates/toffy_crate_cinder"},{"type":"single","resource":"minecraft:toffy/crates/toffy_crate_blue","sprite":"minecraft:toffy/crates/toffy_crate_blue"},{"type":"single","resource":"minecraft:toffy/crates/toffy_crate_black","sprite":"minecraft:toffy/crates/toffy_crate_black"},{"type":"single","resource":"minecraft:summerset/wings","sprite":"minecraft:summerset/wings"},{"type":"single","resource":"minecraft:summerset/weapons_theme_3","sprite":"minecraft:summerset/weapons_theme_3"},{"type":"single","resource":"minecraft:summerset/weapons_theme_2","sprite":"minecraft:summerset/weapons_theme_2"},{"type":"single","resource":"minecraft:summerset/weapons_theme_1","sprite":"minecraft:summerset/weapons_theme_1"},{"type":"single","resource":"minecraft:summerset/sword","sprite":"minecraft:summerset/sword"},{"type":"single","resource":"minecraft:summerset/shovel","sprite":"minecraft:summerset/shovel"},{"type":"single","resource":"minecraft:summerset/shield","sprite":"minecraft:summerset/shield"},{"type":"single","resource":"minecraft:summerset/pickaxe","sprite":"minecraft:summerset/pickaxe"},{"type":"single","resource":"minecraft:summerset/mask","sprite":"minecraft:summerset/mask"},{"type":"single","resource":"minecraft:summerset/key","sprite":"minecraft:summerset/key"},{"type":"single","resource":"minecraft:summerset/hoe","sprite":"minecraft:summerset/hoe"},{"type":"single","resource":"minecraft:summerset/hammer","sprite":"minecraft:summerset/hammer"},{"type":"single","resource":"minecraft:summerset/greatsword","sprite":"minecraft:summerset/greatsword"},{"type":"single","resource":"minecraft:summerset/fishing_rod_cast","sprite":"minecraft:summerset/fishing_rod_cast"},{"type":"single","resource":"minecraft:summerset/fishing_rod","sprite":"minecraft:summerset/fishing_rod"},{"type":"single","resource":"minecraft:summerset/crossbow_firework","sprite":"minecraft:summerset/crossbow_firework"},{"type":"single","resource":"minecraft:summerset/crossbow_2","sprite":"minecraft:summerset/crossbow_2"},{"type":"single","resource":"minecraft:summerset/crossbow_1","sprite":"minecraft:summerset/crossbow_1"},{"type":"single","resource":"minecraft:summerset/crossbow","sprite":"minecraft:summerset/crossbow"},{"type":"single","resource":"minecraft:summerset/chest","sprite":"minecraft:summerset/chest"},{"type":"single","resource":"minecraft:summerset/bow_2","sprite":"minecraft:summerset/bow_2"},{"type":"single","resource":"minecraft:summerset/bow_1","sprite":"minecraft:summerset/bow_1"},{"type":"single","resource":"minecraft:summerset/bow","sprite":"minecraft:summerset/bow"},{"type":"single","resource":"minecraft:summerset/backpack","sprite":"minecraft:summerset/backpack"},{"type":"single","resource":"minecraft:summerset/axe","sprite":"minecraft:summerset/axe"},{"type":"single","resource":"minecraft:summerset/armor/summerset_leggings","sprite":"minecraft:summerset/armor/summerset_leggings"},{"type":"single","resource":"minecraft:summerset/armor/summerset_helmet","sprite":"minecraft:summerset/armor/summerset_helmet"},{"type":"single","resource":"minecraft:summerset/armor/summerset_chestplate","sprite":"minecraft:summerset/armor/summerset_chestplate"},{"type":"single","resource":"minecraft:summerset/armor/summerset_boots","sprite":"minecraft:summerset/armor/summerset_boots"},{"type":"single","resource":"minecraft:summerset/animations/spin_animations","sprite":"minecraft:summerset/animations/spin_animations"},{"type":"single","resource":"minecraft:summerset/animations/bubble_1","sprite":"minecraft:summerset/animations/bubble_1"},{"type":"single","resource":"minecraft:summerset/animations/animations_water","sprite":"minecraft:summerset/animations/animations_water"},{"type":"single","resource":"minecraft:summerset/animations/animations_trident","sprite":"minecraft:summerset/animations/animations_trident"},{"type":"single","resource":"minecraft:summerset/animations/animations_sword","sprite":"minecraft:summerset/animations/animations_sword"},{"type":"single","resource":"minecraft:summerset/animations/animations_spear","sprite":"minecraft:summerset/animations/animations_spear"},{"type":"single","resource":"minecraft:summerset/animations/animations_shovel","sprite":"minecraft:summerset/animations/animations_shovel"},{"type":"single","resource":"minecraft:summerset/animations/animations_scythe","sprite":"minecraft:summerset/animations/animations_scythe"},{"type":"single","resource":"minecraft:summerset/animations/animations_pickaxe","sprite":"minecraft:summerset/animations/animations_pickaxe"},{"type":"single","resource":"minecraft:summerset/animations/animations_hoe","sprite":"minecraft:summerset/animations/animations_hoe"},{"type":"single","resource":"minecraft:summerset/animations/animations_greatsword","sprite":"minecraft:summerset/animations/animations_greatsword"},{"type":"single","resource":"minecraft:summerset/animations/animations_axe","sprite":"minecraft:summerset/animations/animations_axe"},{"type":"single","resource":"minecraft:required/particle","sprite":"minecraft:required/particle"},{"type":"single","resource":"minecraft:required/exit_icon","sprite":"minecraft:required/exit_icon"},{"type":"single","resource":"minecraft:required/ascii_offset","sprite":"minecraft:required/ascii_offset"},{"type":"single","resource":"minecraft:required/arrow_previous_icon","sprite":"minecraft:required/arrow_previous_icon"},{"type":"single","resource":"minecraft:required/arrow_next_icon","sprite":"minecraft:required/arrow_next_icon"},{"type":"single","resource":"minecraft:models/armor/leather_layer_2_overlay","sprite":"minecraft:models/armor/leather_layer_2_overlay"},{"type":"single","resource":"minecraft:models/armor/leather_layer_1_overlay","sprite":"minecraft:models/armor/leather_layer_1_overlay"},{"type":"single","resource":"minecraft:misc/pumpkinblur","sprite":"minecraft:misc/pumpkinblur"},{"type":"single","resource":"minecraft:merry_christmasset/wings","sprite":"minecraft:merry_christmasset/wings"},{"type":"single","resource":"minecraft:merry_christmasset/trident","sprite":"minecraft:merry_christmasset/trident"},{"type":"single","resource":"minecraft:merry_christmasset/sword","sprite":"minecraft:merry_christmasset/sword"},{"type":"single","resource":"minecraft:merry_christmasset/staff","sprite":"minecraft:merry_christmasset/staff"},{"type":"single","resource":"minecraft:merry_christmasset/spear","sprite":"minecraft:merry_christmasset/spear"},{"type":"single","resource":"minecraft:merry_christmasset/shovel","sprite":"minecraft:merry_christmasset/shovel"},{"type":"single","resource":"minecraft:merry_christmasset/shield","sprite":"minecraft:merry_christmasset/shield"},{"type":"single","resource":"minecraft:merry_christmasset/scythe","sprite":"minecraft:merry_christmasset/scythe"},{"type":"single","resource":"minecraft:merry_christmasset/pickaxe","sprite":"minecraft:merry_christmasset/pickaxe"},{"type":"single","resource":"minecraft:merry_christmasset/key","sprite":"minecraft:merry_christmasset/key"},{"type":"single","resource":"minecraft:merry_christmasset/hoe","sprite":"minecraft:merry_christmasset/hoe"},{"type":"single","resource":"minecraft:merry_christmasset/hat","sprite":"minecraft:merry_christmasset/hat"},{"type":"single","resource":"minecraft:merry_christmasset/hammer","sprite":"minecraft:merry_christmasset/hammer"},{"type":"single","resource":"minecraft:merry_christmasset/greatsword","sprite":"minecraft:merry_christmasset/greatsword"},{"type":"single","resource":"minecraft:merry_christmasset/fishing_rod","sprite":"minecraft:merry_christmasset/fishing_rod"},{"type":"single","resource":"minecraft:merry_christmasset/detail","sprite":"minecraft:merry_christmasset/detail"},{"type":"single","resource":"minecraft:merry_christmasset/crossbow_2","sprite":"minecraft:merry_christmasset/crossbow_2"},{"type":"single","resource":"minecraft:merry_christmasset/crossbow_1","sprite":"minecraft:merry_christmasset/crossbow_1"},{"type":"single","resource":"minecraft:merry_christmasset/crossbow","sprite":"minecraft:merry_christmasset/crossbow"},{"type":"single","resource":"minecraft:merry_christmasset/chest","sprite":"minecraft:merry_christmasset/chest"},{"type":"single","resource":"minecraft:merry_christmasset/bow_2","sprite":"minecraft:merry_christmasset/bow_2"},{"type":"single","resource":"minecraft:merry_christmasset/bow_1","sprite":"minecraft:merry_christmasset/bow_1"},{"type":"single","resource":"minecraft:merry_christmasset/bow","sprite":"minecraft:merry_christmasset/bow"},{"type":"single","resource":"minecraft:merry_christmasset/backpack","sprite":"minecraft:merry_christmasset/backpack"},{"type":"single","resource":"minecraft:merry_christmasset/axe","sprite":"minecraft:merry_christmasset/axe"},{"type":"single","resource":"minecraft:merry_christmasset/armors/merrychristmas_leggings","sprite":"minecraft:merry_christmasset/armors/merrychristmas_leggings"},{"type":"single","resource":"minecraft:merry_christmasset/armors/merrychristmas_helmet","sprite":"minecraft:merry_christmasset/armors/merrychristmas_helmet"},{"type":"single","resource":"minecraft:merry_christmasset/armors/merrychristmas_chestplate","sprite":"minecraft:merry_christmasset/armors/merrychristmas_chestplate"},{"type":"single","resource":"minecraft:merry_christmasset/armors/merrychristmas_boots","sprite":"minecraft:merry_christmasset/armors/merrychristmas_boots"},{"type":"single","resource":"minecraft:item/vanocnybatoh","sprite":"minecraft:item/vanocnybatoh"},{"type":"single","resource":"minecraft:item/vanocnakridla","sprite":"minecraft:item/vanocnakridla"},{"type":"single","resource":"minecraft:item/toffy_key_sweet_tooth","sprite":"minecraft:item/toffy_key_sweet_tooth"},{"type":"single","resource":"minecraft:item/toffy_key_raven","sprite":"minecraft:item/toffy_key_raven"},{"type":"single","resource":"minecraft:item/toffy_key_creature","sprite":"minecraft:item/toffy_key_creature"},{"type":"single","resource":"minecraft:item/toffy_crate_yellow","sprite":"minecraft:item/toffy_crate_yellow"},{"type":"single","resource":"minecraft:item/toffy_crate_viking","sprite":"minecraft:item/toffy_crate_viking"},{"type":"single","resource":"minecraft:item/toffy_crate_orange","sprite":"minecraft:item/toffy_crate_orange"},{"type":"single","resource":"minecraft:item/toffy_crate_green","sprite":"minecraft:item/toffy_crate_green"},{"type":"single","resource":"minecraft:item/toffy_crate_cinder","sprite":"minecraft:item/toffy_crate_cinder"},{"type":"single","resource":"minecraft:item/premium_key","sprite":"minecraft:item/premium_key"},{"type":"single","resource":"minecraft:item/premium_chest","sprite":"minecraft:item/premium_chest"},{"type":"single","resource":"minecraft:item/normal_key","sprite":"minecraft:item/normal_key"},{"type":"single","resource":"minecraft:item/normal_chest_2","sprite":"minecraft:item/normal_chest_2"},{"type":"single","resource":"minecraft:item/normal_chest","sprite":"minecraft:item/normal_chest"},{"type":"single","resource":"minecraft:item/medium_key","sprite":"minecraft:item/medium_key"},{"type":"single","resource":"minecraft:item/medium_chest","sprite":"minecraft:item/medium_chest"},{"type":"single","resource":"minecraft:item/hat","sprite":"minecraft:item/hat"},{"type":"single","resource":"minecraft:item/halloween_key","sprite":"minecraft:item/halloween_key"},{"type":"single","resource":"minecraft:item/fruit_key","sprite":"minecraft:item/fruit_key"},{"type":"single","resource":"minecraft:guis/randomtp/rtp7","sprite":"minecraft:guis/randomtp/rtp7"},{"type":"single","resource":"minecraft:guis/randomtp/rtp6","sprite":"minecraft:guis/randomtp/rtp6"},{"type":"single","resource":"minecraft:guis/randomtp/rtp4","sprite":"minecraft:guis/randomtp/rtp4"},{"type":"single","resource":"minecraft:guis/randomtp/rtp3","sprite":"minecraft:guis/randomtp/rtp3"},{"type":"single","resource":"minecraft:guis/randomtp/rtp2","sprite":"minecraft:guis/randomtp/rtp2"},{"type":"single","resource":"minecraft:guis/randomtp/rtp1","sprite":"minecraft:guis/randomtp/rtp1"},{"type":"single","resource":"minecraft:entity/bear/polarbear","sprite":"minecraft:entity/bear/polarbear"},{"type":"single","resource":"minecraft:elitecreatures/witchcasteranimated/witchcasteranimated_leggings","sprite":"minecraft:elitecreatures/witchcasteranimated/witchcasteranimated_leggings"},{"type":"single","resource":"minecraft:elitecreatures/witchcasteranimated/witchcasteranimated_helmet","sprite":"minecraft:elitecreatures/witchcasteranimated/witchcasteranimated_helmet"},{"type":"single","resource":"minecraft:elitecreatures/witchcasteranimated/witchcasteranimated_chestplate","sprite":"minecraft:elitecreatures/witchcasteranimated/witchcasteranimated_chestplate"},{"type":"single","resource":"minecraft:elitecreatures/witchcasteranimated/witchcasteranimated_boots","sprite":"minecraft:elitecreatures/witchcasteranimated/witchcasteranimated_boots"},{"type":"single","resource":"minecraft:elitecreatures/witchcasteranimated/witchcasteranimated_armor_2","sprite":"minecraft:elitecreatures/witchcasteranimated/witchcasteranimated_armor_2"},{"type":"single","resource":"minecraft:elitecreatures/witchcasteranimated/witchcasteranimated_armor_1","sprite":"minecraft:elitecreatures/witchcasteranimated/witchcasteranimated_armor_1"},{"type":"single","resource":"minecraft:elitecreatures/collectibles_v1_32x/tiny_hedgehogs_inside_32","sprite":"minecraft:elitecreatures/collectibles_v1_32x/tiny_hedgehogs_inside_32"},{"type":"single","resource":"minecraft:elitecreatures/collectibles_v1_32x/sweet_little_lambs_inside_32","sprite":"minecraft:elitecreatures/collectibles_v1_32x/sweet_little_lambs_inside_32"},{"type":"single","resource":"minecraft:elitecreatures/collectibles_v1_32x/playful_kittens_inside_32","sprite":"minecraft:elitecreatures/collectibles_v1_32x/playful_kittens_inside_32"},{"type":"single","resource":"minecraft:elitecreatures/collectibles_v1_32x/lovely_ladybugs_inside_32","sprite":"minecraft:elitecreatures/collectibles_v1_32x/lovely_ladybugs_inside_32"},{"type":"single","resource":"minecraft:elitecreatures/collectibles_v1_32x/fluffy_bunnies_inside_32","sprite":"minecraft:elitecreatures/collectibles_v1_32x/fluffy_bunnies_inside_32"},{"type":"single","resource":"minecraft:elitecreatures/collectibles_v1_32x/ef_tiny_hedgehogs_long","sprite":"minecraft:elitecreatures/collectibles_v1_32x/ef_tiny_hedgehogs_long"},{"type":"single","resource":"minecraft:elitecreatures/collectibles_v1_32x/ef_sweet_little_lambs_long","sprite":"minecraft:elitecreatures/collectibles_v1_32x/ef_sweet_little_lambs_long"},{"type":"single","resource":"minecraft:elitecreatures/collectibles_v1_32x/ef_playful_kittens_long","sprite":"minecraft:elitecreatures/collectibles_v1_32x/ef_playful_kittens_long"},{"type":"single","resource":"minecraft:elitecreatures/collectibles_v1_32x/ef_lovely_ladybugs_long","sprite":"minecraft:elitecreatures/collectibles_v1_32x/ef_lovely_ladybugs_long"},{"type":"single","resource":"minecraft:elitecreatures/collectibles_v1_32x/ef_fluffy_bunnies_long","sprite":"minecraft:elitecreatures/collectibles_v1_32x/ef_fluffy_bunnies_long"},{"type":"single","resource":"minecraft:elitecreatures/collectibles_v1_32x/ef_delightful_otters_long","sprite":"minecraft:elitecreatures/collectibles_v1_32x/ef_delightful_otters_long"},{"type":"single","resource":"minecraft:elitecreatures/collectibles_v1_32x/ef_cuddly_pandas_long","sprite":"minecraft:elitecreatures/collectibles_v1_32x/ef_cuddly_pandas_long"},{"type":"single","resource":"minecraft:elitecreatures/collectibles_v1_32x/ef_charming_puppies_long","sprite":"minecraft:elitecreatures/collectibles_v1_32x/ef_charming_puppies_long"},{"type":"single","resource":"minecraft:elitecreatures/collectibles_v1_32x/ef_baby_penguins_long","sprite":"minecraft:elitecreatures/collectibles_v1_32x/ef_baby_penguins_long"},{"type":"single","resource":"minecraft:elitecreatures/collectibles_v1_32x/ef_adorable_baby_elephants_long","sprite":"minecraft:elitecreatures/collectibles_v1_32x/ef_adorable_baby_elephants_long"},{"type":"single","resource":"minecraft:elitecreatures/collectibles_v1_32x/delightful_otters_inside_32","sprite":"minecraft:elitecreatures/collectibles_v1_32x/delightful_otters_inside_32"},{"type":"single","resource":"minecraft:elitecreatures/collectibles_v1_32x/cuddly_pandas_inside_32","sprite":"minecraft:elitecreatures/collectibles_v1_32x/cuddly_pandas_inside_32"},{"type":"single","resource":"minecraft:elitecreatures/collectibles_v1_32x/collectibles_package","sprite":"minecraft:elitecreatures/collectibles_v1_32x/collectibles_package"},{"type":"single","resource":"minecraft:elitecreatures/collectibles_v1_32x/charming_puppies_inside_32","sprite":"minecraft:elitecreatures/collectibles_v1_32x/charming_puppies_inside_32"},{"type":"single","resource":"minecraft:elitecreatures/collectibles_v1_32x/baby_penguins_inside_32","sprite":"minecraft:elitecreatures/collectibles_v1_32x/baby_penguins_inside_32"},{"type":"single","resource":"minecraft:elitecreatures/collectibles_v1_32x/adorable_baby_elephants_inside_32","sprite":"minecraft:elitecreatures/collectibles_v1_32x/adorable_baby_elephants_inside_32"},{"type":"single","resource":"minecraft:default/chat/heart","sprite":"minecraft:default/chat/heart"},{"type":"single","resource":"minecraft:custom/models/hero_backpack_sword","sprite":"minecraft:custom/models/hero_backpack_sword"},{"type":"single","resource":"minecraft:custom/models/hero_backpack_potion","sprite":"minecraft:custom/models/hero_backpack_potion"},{"type":"single","resource":"minecraft:custom/models/balloon","sprite":"minecraft:custom/models/balloon"},{"type":"single","resource":"minecraft:custom/models/adventure_backpack","sprite":"minecraft:custom/models/adventure_backpack"},{"type":"single","resource":"minecraft:custom/menus/star_icon","sprite":"minecraft:custom/menus/star_icon"},{"type":"single","resource":"minecraft:custom/menus/sort_button","sprite":"minecraft:custom/menus/sort_button"},{"type":"single","resource":"minecraft:custom/menus/skills/xp_sources","sprite":"minecraft:custom/menus/skills/xp_sources"},{"type":"single","resource":"minecraft:custom/menus/skills/wisdom","sprite":"minecraft:custom/menus/skills/wisdom"},{"type":"single","resource":"minecraft:custom/menus/skills/toughness","sprite":"minecraft:custom/menus/skills/toughness"},{"type":"single","resource":"minecraft:custom/menus/skills/strength","sprite":"minecraft:custom/menus/skills/strength"},{"type":"single","resource":"minecraft:custom/menus/skills/stats","sprite":"minecraft:custom/menus/skills/stats"},{"type":"single","resource":"minecraft:custom/menus/skills/sorcery","sprite":"minecraft:custom/menus/skills/sorcery"},{"type":"single","resource":"minecraft:custom/menus/skills/regeneration","sprite":"minecraft:custom/menus/skills/regeneration"},{"type":"single","resource":"minecraft:custom/menus/skills/mining","sprite":"minecraft:custom/menus/skills/mining"},{"type":"single","resource":"minecraft:custom/menus/skills/luck","sprite":"minecraft:custom/menus/skills/luck"},{"type":"single","resource":"minecraft:custom/menus/skills/level_unlocked","sprite":"minecraft:custom/menus/skills/level_unlocked"},{"type":"single","resource":"minecraft:custom/menus/skills/level_progress","sprite":"minecraft:custom/menus/skills/level_progress"},{"type":"single","resource":"minecraft:custom/menus/skills/level_locked","sprite":"minecraft:custom/menus/skills/level_locked"},{"type":"single","resource":"minecraft:custom/menus/skills/level_claim","sprite":"minecraft:custom/menus/skills/level_claim"},{"type":"single","resource":"minecraft:custom/menus/skills/health","sprite":"minecraft:custom/menus/skills/health"},{"type":"single","resource":"minecraft:custom/menus/skills/healing","sprite":"minecraft:custom/menus/skills/healing"},{"type":"single","resource":"minecraft:custom/menus/skills/forging","sprite":"minecraft:custom/menus/skills/forging"},{"type":"single","resource":"minecraft:custom/menus/skills/foraging","sprite":"minecraft:custom/menus/skills/foraging"},{"type":"single","resource":"minecraft:custom/menus/skills/fishing","sprite":"minecraft:custom/menus/skills/fishing"},{"type":"single","resource":"minecraft:custom/menus/skills/fighting","sprite":"minecraft:custom/menus/skills/fighting"},{"type":"single","resource":"minecraft:custom/menus/skills/farming","sprite":"minecraft:custom/menus/skills/farming"},{"type":"single","resource":"minecraft:custom/menus/skills/excavation","sprite":"minecraft:custom/menus/skills/excavation"},{"type":"single","resource":"minecraft:custom/menus/skills/endurance","sprite":"minecraft:custom/menus/skills/endurance"},{"type":"single","resource":"minecraft:custom/menus/skills/enchanting","sprite":"minecraft:custom/menus/skills/enchanting"},{"type":"single","resource":"minecraft:custom/menus/skills/defense","sprite":"minecraft:custom/menus/skills/defense"},{"type":"single","resource":"minecraft:custom/menus/skills/chart_icon","sprite":"minecraft:custom/menus/skills/chart_icon"},{"type":"single","resource":"minecraft:custom/menus/skills/archery","sprite":"minecraft:custom/menus/skills/archery"},{"type":"single","resource":"minecraft:custom/menus/skills/alchemy","sprite":"minecraft:custom/menus/skills/alchemy"},{"type":"single","resource":"minecraft:custom/menus/skills/agility","sprite":"minecraft:custom/menus/skills/agility"},{"type":"single","resource":"minecraft:custom/menus/skills/abilities","sprite":"minecraft:custom/menus/skills/abilities"},{"type":"single","resource":"minecraft:custom/menus/search_button","sprite":"minecraft:custom/menus/search_button"},{"type":"single","resource":"minecraft:custom/menus/right_button","sprite":"minecraft:custom/menus/right_button"},{"type":"single","resource":"minecraft:custom/menus/reputation/slayers_example","sprite":"minecraft:custom/menus/reputation/slayers_example"},{"type":"single","resource":"minecraft:custom/menus/reputation/reward_ready","sprite":"minecraft:custom/menus/reputation/reward_ready"},{"type":"single","resource":"minecraft:custom/menus/reputation/level/9","sprite":"minecraft:custom/menus/reputation/level/9"},{"type":"single","resource":"minecraft:custom/menus/reputation/level/8","sprite":"minecraft:custom/menus/reputation/level/8"},{"type":"single","resource":"minecraft:custom/menus/reputation/level/7","sprite":"minecraft:custom/menus/reputation/level/7"},{"type":"single","resource":"minecraft:custom/menus/reputation/level/6","sprite":"minecraft:custom/menus/reputation/level/6"},{"type":"single","resource":"minecraft:custom/menus/reputation/level/5","sprite":"minecraft:custom/menus/reputation/level/5"},{"type":"single","resource":"minecraft:custom/menus/reputation/level/45","sprite":"minecraft:custom/menus/reputation/level/45"},{"type":"single","resource":"minecraft:custom/menus/reputation/level/44","sprite":"minecraft:custom/menus/reputation/level/44"},{"type":"single","resource":"minecraft:custom/menus/reputation/level/43","sprite":"minecraft:custom/menus/reputation/level/43"},{"type":"single","resource":"minecraft:custom/menus/reputation/level/42","sprite":"minecraft:custom/menus/reputation/level/42"},{"type":"single","resource":"minecraft:custom/menus/reputation/level/41","sprite":"minecraft:custom/menus/reputation/level/41"},{"type":"single","resource":"minecraft:custom/menus/reputation/level/40","sprite":"minecraft:custom/menus/reputation/level/40"},{"type":"single","resource":"minecraft:custom/menus/reputation/level/4","sprite":"minecraft:custom/menus/reputation/level/4"},{"type":"single","resource":"minecraft:custom/menus/reputation/level/39","sprite":"minecraft:custom/menus/reputation/level/39"},{"type":"single","resource":"minecraft:custom/menus/reputation/level/38","sprite":"minecraft:custom/menus/reputation/level/38"},{"type":"single","resource":"minecraft:custom/menus/reputation/level/37","sprite":"minecraft:custom/menus/reputation/level/37"},{"type":"single","resource":"minecraft:custom/menus/reputation/level/36","sprite":"minecraft:custom/menus/reputation/level/36"},{"type":"single","resource":"minecraft:custom/menus/reputation/level/35","sprite":"minecraft:custom/menus/reputation/level/35"},{"type":"single","resource":"minecraft:custom/menus/reputation/level/34","sprite":"minecraft:custom/menus/reputation/level/34"},{"type":"single","resource":"minecraft:custom/menus/reputation/level/33","sprite":"minecraft:custom/menus/reputation/level/33"},{"type":"single","resource":"minecraft:custom/menus/reputation/level/32","sprite":"minecraft:custom/menus/reputation/level/32"},{"type":"single","resource":"minecraft:custom/menus/reputation/level/31","sprite":"minecraft:custom/menus/reputation/level/31"},{"type":"single","resource":"minecraft:custom/menus/reputation/level/30","sprite":"minecraft:custom/menus/reputation/level/30"},{"type":"single","resource":"minecraft:custom/menus/reputation/level/3","sprite":"minecraft:custom/menus/reputation/level/3"},{"type":"single","resource":"minecraft:custom/menus/reputation/level/29","sprite":"minecraft:custom/menus/reputation/level/29"},{"type":"single","resource":"minecraft:custom/menus/reputation/level/28","sprite":"minecraft:custom/menus/reputation/level/28"},{"type":"single","resource":"minecraft:custom/menus/reputation/level/27","sprite":"minecraft:custom/menus/reputation/level/27"},{"type":"single","resource":"minecraft:custom/menus/reputation/level/26","sprite":"minecraft:custom/menus/reputation/level/26"},{"type":"single","resource":"minecraft:custom/menus/reputation/level/25","sprite":"minecraft:custom/menus/reputation/level/25"},{"type":"single","resource":"minecraft:custom/menus/reputation/level/24","sprite":"minecraft:custom/menus/reputation/level/24"},{"type":"single","resource":"minecraft:custom/menus/reputation/level/23","sprite":"minecraft:custom/menus/reputation/level/23"},{"type":"single","resource":"minecraft:custom/menus/reputation/level/22","sprite":"minecraft:custom/menus/reputation/level/22"},{"type":"single","resource":"minecraft:custom/menus/reputation/level/21","sprite":"minecraft:custom/menus/reputation/level/21"},{"type":"single","resource":"minecraft:custom/menus/reputation/level/20","sprite":"minecraft:custom/menus/reputation/level/20"},{"type":"single","resource":"minecraft:custom/menus/reputation/level/2","sprite":"minecraft:custom/menus/reputation/level/2"},{"type":"single","resource":"minecraft:custom/menus/reputation/level/19","sprite":"minecraft:custom/menus/reputation/level/19"},{"type":"single","resource":"minecraft:custom/menus/reputation/level/18","sprite":"minecraft:custom/menus/reputation/level/18"},{"type":"single","resource":"minecraft:custom/menus/reputation/level/17","sprite":"minecraft:custom/menus/reputation/level/17"},{"type":"single","resource":"minecraft:custom/menus/reputation/level/16","sprite":"minecraft:custom/menus/reputation/level/16"},{"type":"single","resource":"minecraft:custom/menus/reputation/level/15","sprite":"minecraft:custom/menus/reputation/level/15"},{"type":"single","resource":"minecraft:custom/menus/reputation/level/14","sprite":"minecraft:custom/menus/reputation/level/14"},{"type":"single","resource":"minecraft:custom/menus/reputation/level/13","sprite":"minecraft:custom/menus/reputation/level/13"},{"type":"single","resource":"minecraft:custom/menus/reputation/level/12","sprite":"minecraft:custom/menus/reputation/level/12"},{"type":"single","resource":"minecraft:custom/menus/reputation/level/11","sprite":"minecraft:custom/menus/reputation/level/11"},{"type":"single","resource":"minecraft:custom/menus/reputation/level/10","sprite":"minecraft:custom/menus/reputation/level/10"},{"type":"single","resource":"minecraft:custom/menus/reputation/level/1","sprite":"minecraft:custom/menus/reputation/level/1"},{"type":"single","resource":"minecraft:custom/menus/reputation/level/0","sprite":"minecraft:custom/menus/reputation/level/0"},{"type":"single","resource":"minecraft:custom/menus/reputation/filled","sprite":"minecraft:custom/menus/reputation/filled"},{"type":"single","resource":"minecraft:custom/menus/quests/quest_locked","sprite":"minecraft:custom/menus/quests/quest_locked"},{"type":"single","resource":"minecraft:custom/menus/quests/quest_in_progress","sprite":"minecraft:custom/menus/quests/quest_in_progress"},{"type":"single","resource":"minecraft:custom/menus/quests/quest_icon","sprite":"minecraft:custom/menus/quests/quest_icon"},{"type":"single","resource":"minecraft:custom/menus/quests/quest_completed","sprite":"minecraft:custom/menus/quests/quest_completed"},{"type":"single","resource":"minecraft:custom/menus/questionmark","sprite":"minecraft:custom/menus/questionmark"},{"type":"single","resource":"minecraft:custom/menus/purchase_button","sprite":"minecraft:custom/menus/purchase_button"},{"type":"single","resource":"minecraft:custom/menus/profile/tp_requests_off","sprite":"minecraft:custom/menus/profile/tp_requests_off"},{"type":"single","resource":"minecraft:custom/menus/profile/tp_requests","sprite":"minecraft:custom/menus/profile/tp_requests"},{"type":"single","resource":"minecraft:custom/menus/profile/sidebar_off","sprite":"minecraft:custom/menus/profile/sidebar_off"},{"type":"single","resource":"minecraft:custom/menus/profile/sidebar","sprite":"minecraft:custom/menus/profile/sidebar"},{"type":"single","resource":"minecraft:custom/menus/profile/private_messages_off","sprite":"minecraft:custom/menus/profile/private_messages_off"},{"type":"single","resource":"minecraft:custom/menus/profile/private_messages","sprite":"minecraft:custom/menus/profile/private_messages"},{"type":"single","resource":"minecraft:custom/menus/profile/lumberjack_off","sprite":"minecraft:custom/menus/profile/lumberjack_off"},{"type":"single","resource":"minecraft:custom/menus/profile/lumberjack","sprite":"minecraft:custom/menus/profile/lumberjack"},{"type":"single","resource":"minecraft:custom/menus/profile/bp_pickup_off","sprite":"minecraft:custom/menus/profile/bp_pickup_off"},{"type":"single","resource":"minecraft:custom/menus/profile/bp_pickup","sprite":"minecraft:custom/menus/profile/bp_pickup"},{"type":"single","resource":"minecraft:custom/menus/profile/bossbar_off","sprite":"minecraft:custom/menus/profile/bossbar_off"},{"type":"single","resource":"minecraft:custom/menus/profile/bossbar","sprite":"minecraft:custom/menus/profile/bossbar"},{"type":"single","resource":"minecraft:custom/menus/profile/auto_tp_accept_off","sprite":"minecraft:custom/menus/profile/auto_tp_accept_off"},{"type":"single","resource":"minecraft:custom/menus/profile/auto_tp_accept","sprite":"minecraft:custom/menus/profile/auto_tp_accept"},{"type":"single","resource":"minecraft:custom/menus/profile/auto_tool_off","sprite":"minecraft:custom/menus/profile/auto_tool_off"},{"type":"single","resource":"minecraft:custom/menus/profile/auto_tool","sprite":"minecraft:custom/menus/profile/auto_tool"},{"type":"single","resource":"minecraft:custom/menus/premium_store/gems_button","sprite":"minecraft:custom/menus/premium_store/gems_button"},{"type":"single","resource":"minecraft:custom/menus/open_button","sprite":"minecraft:custom/menus/open_button"},{"type":"single","resource":"minecraft:custom/menus/lock","sprite":"minecraft:custom/menus/lock"},{"type":"single","resource":"minecraft:custom/menus/links_button","sprite":"minecraft:custom/menus/links_button"},{"type":"single","resource":"minecraft:custom/menus/left_button","sprite":"minecraft:custom/menus/left_button"},{"type":"single","resource":"minecraft:custom/menus/lands_button","sprite":"minecraft:custom/menus/lands_button"},{"type":"single","resource":"minecraft:custom/menus/jobs/explorer","sprite":"minecraft:custom/menus/jobs/explorer"},{"type":"single","resource":"minecraft:custom/menus/jobs/crafter","sprite":"minecraft:custom/menus/jobs/crafter"},{"type":"single","resource":"minecraft:custom/menus/jobs/builder","sprite":"minecraft:custom/menus/jobs/builder"},{"type":"single","resource":"minecraft:custom/menus/info_icon","sprite":"minecraft:custom/menus/info_icon"},{"type":"single","resource":"minecraft:custom/menus/hourglass_icon","sprite":"minecraft:custom/menus/hourglass_icon"},{"type":"single","resource":"minecraft:custom/menus/gold_icon","sprite":"minecraft:custom/menus/gold_icon"},{"type":"single","resource":"minecraft:custom/menus/gems_icon","sprite":"minecraft:custom/menus/gems_icon"},{"type":"single","resource":"minecraft:custom/menus/dungeons/menu_dungeons_old","sprite":"minecraft:custom/menus/dungeons/menu_dungeons_old"},{"type":"single","resource":"minecraft:custom/menus/dungeons/dungeon_entrance_locked","sprite":"minecraft:custom/menus/dungeons/dungeon_entrance_locked"},{"type":"single","resource":"minecraft:custom/menus/dungeons/dungeon_entrance_boss","sprite":"minecraft:custom/menus/dungeons/dungeon_entrance_boss"},{"type":"single","resource":"minecraft:custom/menus/dungeons/dungeon_entrance","sprite":"minecraft:custom/menus/dungeons/dungeon_entrance"},{"type":"single","resource":"minecraft:custom/menus/dungeons/backup/mineshaft","sprite":"minecraft:custom/menus/dungeons/backup/mineshaft"},{"type":"single","resource":"minecraft:custom/menus/dungeons/backup/dracula","sprite":"minecraft:custom/menus/dungeons/backup/dracula"},{"type":"single","resource":"minecraft:custom/menus/dungeons/backup/desert","sprite":"minecraft:custom/menus/dungeons/backup/desert"},{"type":"single","resource":"minecraft:custom/menus/daily_rewards/wooden_chest_waiting","sprite":"minecraft:custom/menus/daily_rewards/wooden_chest_waiting"},{"type":"single","resource":"minecraft:custom/menus/daily_rewards/wooden_chest_ready","sprite":"minecraft:custom/menus/daily_rewards/wooden_chest_ready"},{"type":"single","resource":"minecraft:custom/menus/daily_rewards/wooden_chest_opened","sprite":"minecraft:custom/menus/daily_rewards/wooden_chest_opened"},{"type":"single","resource":"minecraft:custom/menus/daily_rewards/wooden_chest","sprite":"minecraft:custom/menus/daily_rewards/wooden_chest"},{"type":"single","resource":"minecraft:custom/menus/crates/legendary_crate","sprite":"minecraft:custom/menus/crates/legendary_crate"},{"type":"single","resource":"minecraft:custom/menus/crates/hero_crate","sprite":"minecraft:custom/menus/crates/hero_crate"},{"type":"single","resource":"minecraft:custom/menus/crates/adventure_crate","sprite":"minecraft:custom/menus/crates/adventure_crate"},{"type":"single","resource":"minecraft:custom/menus/close_button","sprite":"minecraft:custom/menus/close_button"},{"type":"single","resource":"minecraft:custom/menus/claimed_button","sprite":"minecraft:custom/menus/claimed_button"},{"type":"single","resource":"minecraft:custom/menus/claimed","sprite":"minecraft:custom/menus/claimed"},{"type":"single","resource":"minecraft:custom/menus/claim_button_unavailable","sprite":"minecraft:custom/menus/claim_button_unavailable"},{"type":"single","resource":"minecraft:custom/menus/claim_button2","sprite":"minecraft:custom/menus/claim_button2"},{"type":"single","resource":"minecraft:custom/menus/claim_button","sprite":"minecraft:custom/menus/claim_button"},{"type":"single","resource":"minecraft:custom/menus/button_air","sprite":"minecraft:custom/menus/button_air"},{"type":"single","resource":"minecraft:custom/menus/book","sprite":"minecraft:custom/menus/book"},{"type":"single","resource":"minecraft:custom/menus/badges/unknown_badge","sprite":"minecraft:custom/menus/badges/unknown_badge"},{"type":"single","resource":"minecraft:custom/menus/badges/survival_wooden","sprite":"minecraft:custom/menus/badges/survival_wooden"},{"type":"single","resource":"minecraft:custom/menus/badges/survival_stone","sprite":"minecraft:custom/menus/badges/survival_stone"},{"type":"single","resource":"minecraft:custom/menus/badges/survival_netherite","sprite":"minecraft:custom/menus/badges/survival_netherite"},{"type":"single","resource":"minecraft:custom/menus/badges/survival_iron","sprite":"minecraft:custom/menus/badges/survival_iron"},{"type":"single","resource":"minecraft:custom/menus/badges/survival_gold","sprite":"minecraft:custom/menus/badges/survival_gold"},{"type":"single","resource":"minecraft:custom/menus/badges/survival_emerald","sprite":"minecraft:custom/menus/badges/survival_emerald"},{"type":"single","resource":"minecraft:custom/menus/badges/survival_diamond","sprite":"minecraft:custom/menus/badges/survival_diamond"},{"type":"single","resource":"minecraft:custom/menus/badges/survival_copper","sprite":"minecraft:custom/menus/badges/survival_copper"},{"type":"single","resource":"minecraft:custom/menus/badges/survival_coal","sprite":"minecraft:custom/menus/badges/survival_coal"},{"type":"single","resource":"minecraft:custom/menus/badges/new_badge","sprite":"minecraft:custom/menus/badges/new_badge"},{"type":"single","resource":"minecraft:custom/menus/badges/mining_wooden","sprite":"minecraft:custom/menus/badges/mining_wooden"},{"type":"single","resource":"minecraft:custom/menus/badges/mining_stone","sprite":"minecraft:custom/menus/badges/mining_stone"},{"type":"single","resource":"minecraft:custom/menus/badges/mining_netherite","sprite":"minecraft:custom/menus/badges/mining_netherite"},{"type":"single","resource":"minecraft:custom/menus/badges/mining_iron","sprite":"minecraft:custom/menus/badges/mining_iron"},{"type":"single","resource":"minecraft:custom/menus/badges/mining_gold","sprite":"minecraft:custom/menus/badges/mining_gold"},{"type":"single","resource":"minecraft:custom/menus/badges/mining_emerald","sprite":"minecraft:custom/menus/badges/mining_emerald"},{"type":"single","resource":"minecraft:custom/menus/badges/mining_diamond","sprite":"minecraft:custom/menus/badges/mining_diamond"},{"type":"single","resource":"minecraft:custom/menus/badges/mining_copper","sprite":"minecraft:custom/menus/badges/mining_copper"},{"type":"single","resource":"minecraft:custom/menus/badges/mining_coal","sprite":"minecraft:custom/menus/badges/mining_coal"},{"type":"single","resource":"minecraft:custom/menus/badges/hunting_wooden","sprite":"minecraft:custom/menus/badges/hunting_wooden"},{"type":"single","resource":"minecraft:custom/menus/badges/hunting_stone","sprite":"minecraft:custom/menus/badges/hunting_stone"},{"type":"single","resource":"minecraft:custom/menus/badges/hunting_netherite","sprite":"minecraft:custom/menus/badges/hunting_netherite"},{"type":"single","resource":"minecraft:custom/menus/badges/hunting_iron","sprite":"minecraft:custom/menus/badges/hunting_iron"},{"type":"single","resource":"minecraft:custom/menus/badges/hunting_gold","sprite":"minecraft:custom/menus/badges/hunting_gold"},{"type":"single","resource":"minecraft:custom/menus/badges/hunting_emerald","sprite":"minecraft:custom/menus/badges/hunting_emerald"},{"type":"single","resource":"minecraft:custom/menus/badges/hunting_diamond","sprite":"minecraft:custom/menus/badges/hunting_diamond"},{"type":"single","resource":"minecraft:custom/menus/badges/hunting_copper","sprite":"minecraft:custom/menus/badges/hunting_copper"},{"type":"single","resource":"minecraft:custom/menus/badges/hunting_coal","sprite":"minecraft:custom/menus/badges/hunting_coal"},{"type":"single","resource":"minecraft:custom/menus/badges/crafting_wooden","sprite":"minecraft:custom/menus/badges/crafting_wooden"},{"type":"single","resource":"minecraft:custom/menus/badges/crafting_stone","sprite":"minecraft:custom/menus/badges/crafting_stone"},{"type":"single","resource":"minecraft:custom/menus/badges/crafting_netherite","sprite":"minecraft:custom/menus/badges/crafting_netherite"},{"type":"single","resource":"minecraft:custom/menus/badges/crafting_iron","sprite":"minecraft:custom/menus/badges/crafting_iron"},{"type":"single","resource":"minecraft:custom/menus/badges/crafting_gold","sprite":"minecraft:custom/menus/badges/crafting_gold"},{"type":"single","resource":"minecraft:custom/menus/badges/crafting_emerald","sprite":"minecraft:custom/menus/badges/crafting_emerald"},{"type":"single","resource":"minecraft:custom/menus/badges/crafting_diamond","sprite":"minecraft:custom/menus/badges/crafting_diamond"},{"type":"single","resource":"minecraft:custom/menus/badges/crafting_copper","sprite":"minecraft:custom/menus/badges/crafting_copper"},{"type":"single","resource":"minecraft:custom/menus/badges/crafting_coal","sprite":"minecraft:custom/menus/badges/crafting_coal"},{"type":"single","resource":"minecraft:custom/menus/badges/caving_wooden","sprite":"minecraft:custom/menus/badges/caving_wooden"},{"type":"single","resource":"minecraft:custom/menus/badges/caving_stone","sprite":"minecraft:custom/menus/badges/caving_stone"},{"type":"single","resource":"minecraft:custom/menus/badges/caving_netherite","sprite":"minecraft:custom/menus/badges/caving_netherite"},{"type":"single","resource":"minecraft:custom/menus/badges/caving_iron","sprite":"minecraft:custom/menus/badges/caving_iron"},{"type":"single","resource":"minecraft:custom/menus/badges/caving_gold","sprite":"minecraft:custom/menus/badges/caving_gold"},{"type":"single","resource":"minecraft:custom/menus/badges/caving_emerald","sprite":"minecraft:custom/menus/badges/caving_emerald"},{"type":"single","resource":"minecraft:custom/menus/badges/caving_diamond","sprite":"minecraft:custom/menus/badges/caving_diamond"},{"type":"single","resource":"minecraft:custom/menus/badges/caving_copper","sprite":"minecraft:custom/menus/badges/caving_copper"},{"type":"single","resource":"minecraft:custom/menus/badges/caving_coal","sprite":"minecraft:custom/menus/badges/caving_coal"},{"type":"single","resource":"minecraft:custom/menus/back_button","sprite":"minecraft:custom/menus/back_button"},{"type":"single","resource":"minecraft:custom/menus/auctions/refresh","sprite":"minecraft:custom/menus/auctions/refresh"},{"type":"single","resource":"minecraft:custom/menus/auctions/manage_auctions_icon","sprite":"minecraft:custom/menus/auctions/manage_auctions_icon"},{"type":"single","resource":"minecraft:custom/menus/auctions/main_menu","sprite":"minecraft:custom/menus/auctions/main_menu"},{"type":"single","resource":"minecraft:custom/menus/auctions/enter_amount","sprite":"minecraft:custom/menus/auctions/enter_amount"},{"type":"single","resource":"minecraft:custom/menus/auctions/close","sprite":"minecraft:custom/menus/auctions/close"},{"type":"single","resource":"minecraft:custom/menus/auctions/categories","sprite":"minecraft:custom/menus/auctions/categories"},{"type":"single","resource":"minecraft:custom/menus/auctions/browser_button","sprite":"minecraft:custom/menus/auctions/browser_button"},{"type":"single","resource":"minecraft:custom/menus/auctions/bids_button","sprite":"minecraft:custom/menus/auctions/bids_button"},{"type":"single","resource":"minecraft:custom/menus/auctions/64","sprite":"minecraft:custom/menus/auctions/64"},{"type":"single","resource":"minecraft:custom/menus/auctions/32","sprite":"minecraft:custom/menus/auctions/32"},{"type":"single","resource":"minecraft:custom/menus/auctions/100","sprite":"minecraft:custom/menus/auctions/100"},{"type":"single","resource":"minecraft:custom/menus/auctions/10","sprite":"minecraft:custom/menus/auctions/10"},{"type":"single","resource":"minecraft:custom/menus/auctions/1","sprite":"minecraft:custom/menus/auctions/1"},{"type":"single","resource":"minecraft:custom/items/zombie_brain","sprite":"minecraft:custom/items/zombie_brain"},{"type":"single","resource":"minecraft:custom/items/zephyr_veil","sprite":"minecraft:custom/items/zephyr_veil"},{"type":"single","resource":"minecraft:custom/items/wool_scarf","sprite":"minecraft:custom/items/wool_scarf"},{"type":"single","resource":"minecraft:custom/items/wither_crown","sprite":"minecraft:custom/items/wither_crown"},{"type":"single","resource":"minecraft:custom/items/vitality_ring","sprite":"minecraft:custom/items/vitality_ring"},{"type":"single","resource":"minecraft:custom/items/vampire_signet","sprite":"minecraft:custom/items/vampire_signet"},{"type":"single","resource":"minecraft:custom/items/vampire","sprite":"minecraft:custom/items/vampire"},{"type":"single","resource":"minecraft:custom/items/talisman_of_vitality","sprite":"minecraft:custom/items/talisman_of_vitality"},{"type":"single","resource":"minecraft:custom/items/sunstone_ring","sprite":"minecraft:custom/items/sunstone_ring"},{"type":"single","resource":"minecraft:custom/items/spider_venom","sprite":"minecraft:custom/items/spider_venom"},{"type":"single","resource":"minecraft:custom/items/speed_ring","sprite":"minecraft:custom/items/speed_ring"},{"type":"single","resource":"minecraft:custom/items/skeleton_key","sprite":"minecraft:custom/items/skeleton_key"},{"type":"single","resource":"minecraft:custom/items/silver_chain","sprite":"minecraft:custom/items/silver_chain"},{"type":"single","resource":"minecraft:custom/items/shiver_bracelet","sprite":"minecraft:custom/items/shiver_bracelet"},{"type":"single","resource":"minecraft:custom/items/shackle","sprite":"minecraft:custom/items/shackle"},{"type":"single","resource":"minecraft:custom/items/sculk_shield","sprite":"minecraft:custom/items/sculk_shield"},{"type":"single","resource":"minecraft:custom/items/rocket_boots","sprite":"minecraft:custom/items/rocket_boots"},{"type":"single","resource":"minecraft:custom/items/random_teleportation_scroll","sprite":"minecraft:custom/items/random_teleportation_scroll"},{"type":"single","resource":"minecraft:custom/items/portal_stone","sprite":"minecraft:custom/items/portal_stone"},{"type":"single","resource":"minecraft:custom/items/philosopher_stone","sprite":"minecraft:custom/items/philosopher_stone"},{"type":"single","resource":"minecraft:custom/items/ninja_cloak","sprite":"minecraft:custom/items/ninja_cloak"},{"type":"single","resource":"minecraft:custom/items/molten_dice","sprite":"minecraft:custom/items/molten_dice"},{"type":"single","resource":"minecraft:custom/items/miner_wrath_texture","sprite":"minecraft:custom/items/miner_wrath_texture"},{"type":"single","resource":"minecraft:custom/items/miner_helmet_lamp","sprite":"minecraft:custom/items/miner_helmet_lamp"},{"type":"single","resource":"minecraft:custom/items/miner_helmet","sprite":"minecraft:custom/items/miner_helmet"},{"type":"single","resource":"minecraft:custom/items/magma_boots","sprite":"minecraft:custom/items/magma_boots"},{"type":"single","resource":"minecraft:custom/items/magic_bracelet","sprite":"minecraft:custom/items/magic_bracelet"},{"type":"single","resource":"minecraft:custom/items/lightning_boots","sprite":"minecraft:custom/items/lightning_boots"},{"type":"single","resource":"minecraft:custom/items/knight_shield","sprite":"minecraft:custom/items/knight_shield"},{"type":"single","resource":"minecraft:custom/items/jungle_key","sprite":"minecraft:custom/items/jungle_key"},{"type":"single","resource":"minecraft:custom/items/jungle_amulet","sprite":"minecraft:custom/items/jungle_amulet"},{"type":"single","resource":"minecraft:custom/items/horseshoe","sprite":"minecraft:custom/items/horseshoe"},{"type":"single","resource":"minecraft:custom/items/home_teleportation_scroll","sprite":"minecraft:custom/items/home_teleportation_scroll"},{"type":"single","resource":"minecraft:custom/items/hermes_boots","sprite":"minecraft:custom/items/hermes_boots"},{"type":"single","resource":"minecraft:custom/items/golem_heart","sprite":"minecraft:custom/items/golem_heart"},{"type":"single","resource":"minecraft:custom/items/gold_tooth","sprite":"minecraft:custom/items/gold_tooth"},{"type":"single","resource":"minecraft:custom/items/gold_pouch","sprite":"minecraft:custom/items/gold_pouch"},{"type":"single","resource":"minecraft:custom/items/flashlight","sprite":"minecraft:custom/items/flashlight"},{"type":"single","resource":"minecraft:custom/items/ender_gauntlet","sprite":"minecraft:custom/items/ender_gauntlet"},{"type":"single","resource":"minecraft:custom/items/dragonscale_sword","sprite":"minecraft:custom/items/dragonscale_sword"},{"type":"single","resource":"minecraft:custom/items/dragonscale_leggings","sprite":"minecraft:custom/items/dragonscale_leggings"},{"type":"single","resource":"minecraft:custom/items/dragonscale_helmet","sprite":"minecraft:custom/items/dragonscale_helmet"},{"type":"single","resource":"minecraft:custom/items/dragonscale_chestplate","sprite":"minecraft:custom/items/dragonscale_chestplate"},{"type":"single","resource":"minecraft:custom/items/dragonscale_boots","sprite":"minecraft:custom/items/dragonscale_boots"},{"type":"single","resource":"minecraft:custom/items/dragonscale_axe","sprite":"minecraft:custom/items/dragonscale_axe"},{"type":"single","resource":"minecraft:custom/items/dragonscale","sprite":"minecraft:custom/items/dragonscale"},{"type":"single","resource":"minecraft:custom/items/dracula_sword","sprite":"minecraft:custom/items/dracula_sword"},{"type":"single","resource":"minecraft:custom/items/dracula_key","sprite":"minecraft:custom/items/dracula_key"},{"type":"single","resource":"minecraft:custom/items/diving_mask","sprite":"minecraft:custom/items/diving_mask"},{"type":"single","resource":"minecraft:custom/items/desert_key","sprite":"minecraft:custom/items/desert_key"},{"type":"single","resource":"minecraft:custom/items/dark_magic_necklace","sprite":"minecraft:custom/items/dark_magic_necklace"},{"type":"single","resource":"minecraft:custom/items/cloak_of_wrath","sprite":"minecraft:custom/items/cloak_of_wrath"},{"type":"single","resource":"minecraft:custom/items/bone_sword","sprite":"minecraft:custom/items/bone_sword"},{"type":"single","resource":"minecraft:custom/items/bone_necklace","sprite":"minecraft:custom/items/bone_necklace"},{"type":"single","resource":"minecraft:custom/items/blood_vial","sprite":"minecraft:custom/items/blood_vial"},{"type":"single","resource":"minecraft:custom/items/ankh_scepter","sprite":"minecraft:custom/items/ankh_scepter"},{"type":"single","resource":"minecraft:custom/items/ankh_charm","sprite":"minecraft:custom/items/ankh_charm"},{"type":"single","resource":"minecraft:custom/items/adventure_backpack","sprite":"minecraft:custom/items/adventure_backpack"},{"type":"single","resource":"minecraft:custom/icons/server-icon","sprite":"minecraft:custom/icons/server-icon"},{"type":"single","resource":"minecraft:custom/icons/protection_booster","sprite":"minecraft:custom/icons/protection_booster"},{"type":"single","resource":"minecraft:custom/icons/pinata","sprite":"minecraft:custom/icons/pinata"},{"type":"single","resource":"minecraft:custom/icons/luck_booster","sprite":"minecraft:custom/icons/luck_booster"},{"type":"single","resource":"minecraft:custom/icons/claim_button","sprite":"minecraft:custom/icons/claim_button"},{"type":"single","resource":"minecraft:custom/icons/adventure_pass_booster","sprite":"minecraft:custom/icons/adventure_pass_booster"},{"type":"single","resource":"minecraft:blocks/itemframe_background","sprite":"minecraft:blocks/itemframe_background"},{"type":"single","resource":"minecraft:block/spruce_leaves_bush2_dark","sprite":"minecraft:block/spruce_leaves_bush2_dark"},{"type":"single","resource":"minecraft:block/spruce_leaves_bush2","sprite":"minecraft:block/spruce_leaves_bush2"},{"type":"single","resource":"minecraft:block/spruce_leaves_bush1_dark","sprite":"minecraft:block/spruce_leaves_bush1_dark"},{"type":"single","resource":"minecraft:block/spruce_leaves_bush1","sprite":"minecraft:block/spruce_leaves_bush1"},{"type":"single","resource":"minecraft:block/oak_leaves_bush4","sprite":"minecraft:block/oak_leaves_bush4"},{"type":"single","resource":"minecraft:block/oak_leaves_bush3","sprite":"minecraft:block/oak_leaves_bush3"},{"type":"single","resource":"minecraft:block/oak_leaves_bush2_dark","sprite":"minecraft:block/oak_leaves_bush2_dark"},{"type":"single","resource":"minecraft:block/oak_leaves_bush2","sprite":"minecraft:block/oak_leaves_bush2"},{"type":"single","resource":"minecraft:block/oak_leaves_bush1_dark","sprite":"minecraft:block/oak_leaves_bush1_dark"},{"type":"single","resource":"minecraft:block/oak_leaves_bush1","sprite":"minecraft:block/oak_leaves_bush1"},{"type":"single","resource":"minecraft:block/mangrove_leaves_side2","sprite":"minecraft:block/mangrove_leaves_side2"},{"type":"single","resource":"minecraft:block/mangrove_leaves_side1","sprite":"minecraft:block/mangrove_leaves_side1"},{"type":"single","resource":"minecraft:block/mangrove_leaves_bush4","sprite":"minecraft:block/mangrove_leaves_bush4"},{"type":"single","resource":"minecraft:block/mangrove_leaves_bush3","sprite":"minecraft:block/mangrove_leaves_bush3"},{"type":"single","resource":"minecraft:block/mangrove_leaves_bush2_dark","sprite":"minecraft:block/mangrove_leaves_bush2_dark"},{"type":"single","resource":"minecraft:block/mangrove_leaves_bush2","sprite":"minecraft:block/mangrove_leaves_bush2"},{"type":"single","resource":"minecraft:block/mangrove_leaves_bush1_dark","sprite":"minecraft:block/mangrove_leaves_bush1_dark"},{"type":"single","resource":"minecraft:block/mangrove_leaves_bush1","sprite":"minecraft:block/mangrove_leaves_bush1"},{"type":"single","resource":"minecraft:block/jungle_leaves_bush4","sprite":"minecraft:block/jungle_leaves_bush4"},{"type":"single","resource":"minecraft:block/jungle_leaves_bush3","sprite":"minecraft:block/jungle_leaves_bush3"},{"type":"single","resource":"minecraft:block/jungle_leaves_bush2_dark","sprite":"minecraft:block/jungle_leaves_bush2_dark"},{"type":"single","resource":"minecraft:block/jungle_leaves_bush2","sprite":"minecraft:block/jungle_leaves_bush2"},{"type":"single","resource":"minecraft:block/jungle_leaves_bush1_dark","sprite":"minecraft:block/jungle_leaves_bush1_dark"},{"type":"single","resource":"minecraft:block/jungle_leaves_bush1","sprite":"minecraft:block/jungle_leaves_bush1"},{"type":"single","resource":"minecraft:block/flowering_azalea_leaves_bush2_dark","sprite":"minecraft:block/flowering_azalea_leaves_bush2_dark"},{"type":"single","resource":"minecraft:block/flowering_azalea_leaves_bush2","sprite":"minecraft:block/flowering_azalea_leaves_bush2"},{"type":"single","resource":"minecraft:block/flowering_azalea_leaves_bush1_dark","sprite":"minecraft:block/flowering_azalea_leaves_bush1_dark"},{"type":"single","resource":"minecraft:block/flowering_azalea_leaves_bush1","sprite":"minecraft:block/flowering_azalea_leaves_bush1"},{"type":"single","resource":"minecraft:block/cherry_leaves_bush2_dark","sprite":"minecraft:block/cherry_leaves_bush2_dark"},{"type":"single","resource":"minecraft:block/cherry_leaves_bush2","sprite":"minecraft:block/cherry_leaves_bush2"},{"type":"single","resource":"minecraft:block/cherry_leaves_bush1_dark","sprite":"minecraft:block/cherry_leaves_bush1_dark"},{"type":"single","resource":"minecraft:block/cherry_leaves_bush1","sprite":"minecraft:block/cherry_leaves_bush1"},{"type":"single","resource":"minecraft:block/birch_leaves_bush2_dark","sprite":"minecraft:block/birch_leaves_bush2_dark"},{"type":"single","resource":"minecraft:block/birch_leaves_bush2","sprite":"minecraft:block/birch_leaves_bush2"},{"type":"single","resource":"minecraft:block/birch_leaves_bush1_dark","sprite":"minecraft:block/birch_leaves_bush1_dark"},{"type":"single","resource":"minecraft:block/birch_leaves_bush1","sprite":"minecraft:block/birch_leaves_bush1"},{"type":"single","resource":"minecraft:block/azalea_leaves_bush2_dark","sprite":"minecraft:block/azalea_leaves_bush2_dark"},{"type":"single","resource":"minecraft:block/azalea_leaves_bush2","sprite":"minecraft:block/azalea_leaves_bush2"},{"type":"single","resource":"minecraft:block/azalea_leaves_bush1_dark","sprite":"minecraft:block/azalea_leaves_bush1_dark"},{"type":"single","resource":"minecraft:block/azalea_leaves_bush1","sprite":"minecraft:block/azalea_leaves_bush1"},{"type":"single","resource":"minecraft:block/acacia_leaves_bush4","sprite":"minecraft:block/acacia_leaves_bush4"},{"type":"single","resource":"minecraft:block/acacia_leaves_bush3","sprite":"minecraft:block/acacia_leaves_bush3"},{"type":"single","resource":"minecraft:block/acacia_leaves_bush2_dark","sprite":"minecraft:block/acacia_leaves_bush2_dark"},{"type":"single","resource":"minecraft:block/acacia_leaves_bush2","sprite":"minecraft:block/acacia_leaves_bush2"},{"type":"single","resource":"minecraft:block/acacia_leaves_bush1_dark","sprite":"minecraft:block/acacia_leaves_bush1_dark"},{"type":"single","resource":"minecraft:block/acacia_leaves_bush1","sprite":"minecraft:block/acacia_leaves_bush1"},{"type":"single","resource":"elitecreatures:witchcaster_animated/witchcaster_texture","sprite":"elitecreatures:witchcaster_animated/witchcaster_texture"},{"type":"single","resource":"elitecreatures:witchcaster_animated/witchcaster_animation_03_e","sprite":"elitecreatures:witchcaster_animated/witchcaster_animation_03_e"},{"type":"single","resource":"elitecreatures:witchcaster_animated/witchcaster_animation_03","sprite":"elitecreatures:witchcaster_animated/witchcaster_animation_03"},{"type":"single","resource":"elitecreatures:witchcaster_animated/witchcaster_animation_03-export_e","sprite":"elitecreatures:witchcaster_animated/witchcaster_animation_03-export_e"},{"type":"single","resource":"elitecreatures:witchcaster_animated/witchcaster_animation_03-export","sprite":"elitecreatures:witchcaster_animated/witchcaster_animation_03-export"},{"type":"single","resource":"elitecreatures:witchcaster_animated/witchcaster_animation_02_e","sprite":"elitecreatures:witchcaster_animated/witchcaster_animation_02_e"},{"type":"single","resource":"elitecreatures:witchcaster_animated/witchcaster_animation_02","sprite":"elitecreatures:witchcaster_animated/witchcaster_animation_02"},{"type":"single","resource":"elitecreatures:witchcaster_animated/witchcaster_animation_01_e","sprite":"elitecreatures:witchcaster_animated/witchcaster_animation_01_e"},{"type":"single","resource":"elitecreatures:witchcaster_animated/witchcaster_animation_01","sprite":"elitecreatures:witchcaster_animated/witchcaster_animation_01"},{"type":"single","resource":"elitecreatures:witchcaster_animated/witchcaster_animation_002-export_e","sprite":"elitecreatures:witchcaster_animated/witchcaster_animation_002-export_e"},{"type":"single","resource":"elitecreatures:witchcaster_animated/witchcaster_animation_002-export","sprite":"elitecreatures:witchcaster_animated/witchcaster_animation_002-export"},{"type":"single","resource":"elitecreatures:newyear_2024_animated/newyear_texture_01","sprite":"elitecreatures:newyear_2024_animated/newyear_texture_01"},{"type":"single","resource":"elitecreatures:newyear_2024_animated/newyear_animation_04","sprite":"elitecreatures:newyear_2024_animated/newyear_animation_04"},{"type":"single","resource":"elitecreatures:newyear_2024_animated/newyear_animation_03","sprite":"elitecreatures:newyear_2024_animated/newyear_animation_03"},{"type":"single","resource":"elitecreatures:newyear_2024_animated/newyear_animation_02","sprite":"elitecreatures:newyear_2024_animated/newyear_animation_02"},{"type":"single","resource":"elitecreatures:newyear_2024_animated/newyear_animation_01","sprite":"elitecreatures:newyear_2024_animated/newyear_animation_01"},{"type":"single","resource":"elitecreatures:newyear_2024_animated/armor/newyear2024_armor_2","sprite":"elitecreatures:newyear_2024_animated/armor/newyear2024_armor_2"},{"type":"single","resource":"elitecreatures:newyear_2024_animated/armor/newyear2024_armor_1","sprite":"elitecreatures:newyear_2024_animated/armor/newyear2024_armor_1"},{"type":"single","resource":"elitecreatures:newyear_2024_animated/armor/new_year_leggings_icon","sprite":"elitecreatures:newyear_2024_animated/armor/new_year_leggings_icon"},{"type":"single","resource":"elitecreatures:newyear_2024_animated/armor/new_year_helmet_icon","sprite":"elitecreatures:newyear_2024_animated/armor/new_year_helmet_icon"},{"type":"single","resource":"elitecreatures:newyear_2024_animated/armor/new_year_chestplate_icon","sprite":"elitecreatures:newyear_2024_animated/armor/new_year_chestplate_icon"},{"type":"single","resource":"elitecreatures:newyear_2024_animated/armor/new_year_boots_icon","sprite":"elitecreatures:newyear_2024_animated/armor/new_year_boots_icon"}]}