{
	"credit": "Made with Blockbench",
	"texture_size": [128, 128],
	"textures": {
		"0": "elitecreatures:newyear_2024_animated/newyear_texture_01",
		"2": "elitecreatures:newyear_2024_animated/newyear_animation_02",
		"3": "elitecreatures:newyear_2024_animated/newyear_animation_03",
		"4": "elitecreatures:newyear_2024_animated/newyear_animation_04",
		"particle": "elitecreatures:newyear_2024_animated/newyear_texture_01"
	},
	"elements": [
		{
			"from": [1.44313, -0.9, 4.51599],
			"to": [9.44313, 16.1, 5.51599],
			"rotation": {"angle": 22.5, "axis": "y", "origin": [8, 9.3, 8]},
			"faces": {
				"north": {"uv": [1.625, 9.3125, 2.625, 7.1875], "texture": "#0"},
				"east": {"uv": [2.625, 9.3125, 2.75, 7.1875], "texture": "#0"},
				"south": {"uv": [2.625, 9.3125, 1.625, 7.1875], "texture": "#0"},
				"west": {"uv": [2.625, 9.3125, 2.75, 7.1875], "texture": "#0"},
				"up": {"uv": [0.1875, 8, 0.0625, 9], "rotation": 270, "texture": "#0"},
				"down": {"uv": [0.1875, 8, 0.0625, 9], "rotation": 90, "texture": "#0"}
			}
		},
		{
			"from": [10.83975, 15.1, 4.95723],
			"to": [16.83975, 21.6, 4.95723],
			"rotation": {"angle": -22.5, "axis": "y", "origin": [8, 9.3, 8]},
			"faces": {
				"north": {"uv": [1.625, 1.9375, 2.375, 2.75], "texture": "#0"},
				"east": {"uv": [0, 0, 0, 0.5], "texture": "#missing"},
				"south": {"uv": [2.375, 1.9375, 1.625, 2.75], "texture": "#0"},
				"west": {"uv": [0, 0, 0, 0.5], "texture": "#0"},
				"up": {"uv": [0, 0.5, 0, 0], "rotation": 270, "texture": "#missing"},
				"down": {"uv": [0, 0.5, 0, 0], "rotation": 90, "texture": "#missing"}
			}
		},
		{
			"from": [-0.83975, 15.1, 4.95723],
			"to": [5.16025, 21.6, 4.95723],
			"rotation": {"angle": 22.5, "axis": "y", "origin": [8, 9.3, 8]},
			"faces": {
				"north": {"uv": [2.375, 1.9375, 1.625, 2.75], "texture": "#0"},
				"east": {"uv": [0, 0, 0, 0.5], "texture": "#0"},
				"south": {"uv": [1.625, 1.9375, 2.375, 2.75], "texture": "#0"},
				"west": {"uv": [0, 0, 0, 0.5], "texture": "#missing"},
				"up": {"uv": [0, 0, 0, 0.5], "rotation": 270, "texture": "#missing"},
				"down": {"uv": [0, 0, 0, 0.5], "rotation": 90, "texture": "#missing"}
			}
		},
		{
			"from": [4.48286, 17, 4.92987],
			"to": [8.48286, 21, 4.92987],
			"rotation": {"angle": 22.5, "axis": "y", "origin": [8, 9.3, 8]},
			"faces": {
				"north": {"uv": [2.125, 1.4375, 1.625, 1.9375], "texture": "#0"},
				"east": {"uv": [0, 0, 0, 0.5], "texture": "#0"},
				"south": {"uv": [1.625, 1.4375, 2.125, 1.9375], "texture": "#0"},
				"west": {"uv": [0, 0, 0, 0.5], "texture": "#missing"},
				"up": {"uv": [0, 0, 0, 0.5], "rotation": 270, "texture": "#missing"},
				"down": {"uv": [0, 0, 0, 0.5], "rotation": 90, "texture": "#missing"}
			}
		},
		{
			"from": [7.51714, 17, 4.92987],
			"to": [11.51714, 21, 4.92987],
			"rotation": {"angle": -22.5, "axis": "y", "origin": [8, 9.3, 8]},
			"faces": {
				"north": {"uv": [1.625, 1.4375, 2.125, 1.9375], "texture": "#0"},
				"east": {"uv": [0, 0, 0, 0.5], "texture": "#missing"},
				"south": {"uv": [2.125, 1.4375, 1.625, 1.9375], "texture": "#0"},
				"west": {"uv": [0, 0, 0, 0.5], "texture": "#0"},
				"up": {"uv": [0, 0.5, 0, 0], "rotation": 270, "texture": "#missing"},
				"down": {"uv": [0, 0.5, 0, 0], "rotation": 90, "texture": "#missing"}
			}
		},
		{
			"from": [7.41861, 8, 4.3236],
			"to": [10.61861, 10.7, 4.3236],
			"rotation": {"angle": -22.5, "axis": "y", "origin": [8, 9.3, 8]},
			"faces": {
				"north": {"uv": [6, 0, 0, 6], "texture": "#4"},
				"east": {"uv": [0, 0, 0, 6], "texture": "#4"},
				"south": {"uv": [6, 0, 0, 6], "texture": "#4"},
				"west": {"uv": [0, 0, 0, 6], "texture": "#4"},
				"up": {"uv": [0, 0, 0, 6], "rotation": 270, "texture": "#4"},
				"down": {"uv": [0, 6, 0, 0], "rotation": 90, "texture": "#4"}
			}
		},
		{
			"from": [6.51861, 3, 4.4236],
			"to": [12.51861, 15, 4.4236],
			"rotation": {"angle": -22.5, "axis": "y", "origin": [8, 9.3, 8]},
			"faces": {
				"north": {"uv": [13.75, 0, 14.5, 1.875], "texture": "#0"},
				"east": {"uv": [0, 0, 0, 120], "texture": "#missing"},
				"south": {"uv": [14.5, 0, 13.75, 1.875], "texture": "#0"},
				"west": {"uv": [0, 0, 0, 120], "texture": "#missing"},
				"up": {"uv": [0, 0, 0, 48], "rotation": 270, "texture": "#missing"},
				"down": {"uv": [0, 0, 0, 48], "rotation": 90, "texture": "#missing"}
			}
		},
		{
			"from": [5.38139, 8, 4.3236],
			"to": [8.58139, 10.7, 4.3236],
			"rotation": {"angle": 22.5, "axis": "y", "origin": [8, 9.3, 8]},
			"faces": {
				"north": {"uv": [0, 0, 6, 6], "texture": "#4"},
				"east": {"uv": [0, 0, 0, 6], "texture": "#4"},
				"south": {"uv": [0, 0, 6, 6], "texture": "#4"},
				"west": {"uv": [0, 0, 0, 6], "texture": "#4"},
				"up": {"uv": [0, 6, 0, 0], "rotation": 270, "texture": "#4"},
				"down": {"uv": [0, 0, 0, 6], "rotation": 90, "texture": "#4"}
			}
		},
		{
			"from": [3.48139, 3, 4.4236],
			"to": [9.48139, 15, 4.4236],
			"rotation": {"angle": 22.5, "axis": "y", "origin": [8, 9.3, 8]},
			"faces": {
				"north": {"uv": [14.5, 0, 13.75, 1.875], "texture": "#0"},
				"east": {"uv": [0, 0, 0, 120], "texture": "#missing"},
				"south": {"uv": [13.75, 0, 14.5, 1.875], "texture": "#0"},
				"west": {"uv": [0, 0, 0, 120], "texture": "#missing"},
				"up": {"uv": [0, 48, 0, 0], "rotation": 270, "texture": "#missing"},
				"down": {"uv": [0, 48, 0, 0], "rotation": 90, "texture": "#missing"}
			}
		},
		{
			"from": [1.44313, -5.9, 4.51599],
			"to": [9.44313, -0.9, 4.51599],
			"rotation": {"angle": 22.5, "axis": "y", "origin": [8, 9.3, 8]},
			"faces": {
				"north": {"uv": [13.75, 2.625, 14.75, 2], "texture": "#0"},
				"east": {"uv": [0.6875, 7.875, 0.6875, 7.25], "texture": "#0"},
				"south": {"uv": [14.75, 2.625, 13.75, 2], "texture": "#0"},
				"west": {"uv": [0.6875, 7.875, 0.6875, 7.25], "texture": "#0"},
				"up": {"uv": [0.0625, 8.375, 0.0625, 9.375], "rotation": 270, "texture": "#0"},
				"down": {"uv": [0.0625, 8.375, 0.0625, 9.375], "rotation": 90, "texture": "#0"}
			}
		},
		{
			"from": [6.55687, -5.9, 4.51599],
			"to": [14.55687, -0.9, 4.51599],
			"rotation": {"angle": -22.5, "axis": "y", "origin": [8, 9.3, 8]},
			"faces": {
				"north": {"uv": [14.75, 2.625, 13.75, 2], "texture": "#0"},
				"east": {"uv": [0.6875, 7.875, 0.6875, 7.25], "texture": "#0"},
				"south": {"uv": [13.75, 2.625, 14.75, 2], "texture": "#0"},
				"west": {"uv": [0.6875, 7.875, 0.6875, 7.25], "texture": "#0"},
				"up": {"uv": [0.0625, 9.375, 0.0625, 8.375], "rotation": 270, "texture": "#0"},
				"down": {"uv": [0.0625, 9.375, 0.0625, 8.375], "rotation": 90, "texture": "#0"}
			}
		},
		{
			"from": [6.55687, -0.9, 4.51599],
			"to": [14.55687, 16.1, 5.51599],
			"rotation": {"angle": -22.5, "axis": "y", "origin": [8, 9.3, 8]},
			"faces": {
				"north": {"uv": [2.625, 9.3125, 1.625, 7.1875], "texture": "#0"},
				"east": {"uv": [2.75, 9.3125, 2.625, 7.1875], "texture": "#0"},
				"south": {"uv": [1.625, 9.3125, 2.625, 7.1875], "texture": "#0"},
				"west": {"uv": [2.75, 9.3125, 2.625, 7.1875], "texture": "#0"},
				"up": {"uv": [0.1875, 9, 0.0625, 8], "rotation": 270, "texture": "#0"},
				"down": {"uv": [0.1875, 9, 0.0625, 8], "rotation": 90, "texture": "#0"}
			}
		},
		{
			"from": [12.67193, 13.97193, 2.22893],
			"to": [14.67193, 15.97193, 8.22893],
			"rotation": {"angle": 45, "axis": "z", "origin": [8, 9.3, 8]},
			"faces": {
				"north": {"uv": [1.3125, 1.3125, 1.5625, 1.5625], "texture": "#0"},
				"east": {"uv": [2.3125, 1.125, 1.5625, 1.375], "texture": "#0"},
				"south": {"uv": [1.5625, 1.3125, 1.3125, 1.5625], "texture": "#0"},
				"west": {"uv": [2.3125, 1.125, 1.5625, 1.375], "texture": "#0"},
				"up": {"uv": [2.3125, 1.125, 1.5625, 1.375], "rotation": 270, "texture": "#0"},
				"down": {"uv": [2.3125, 1.125, 1.5625, 1.375], "rotation": 90, "texture": "#0"}
			}
		},
		{
			"from": [12.39411, 13.69411, 2.97893],
			"to": [15.39411, 16.69411, 7.47893],
			"rotation": {"angle": 45, "axis": "z", "origin": [8, 9.3, 8]},
			"faces": {
				"north": {"uv": [0.8125, 2, 1.1875, 2.375], "rotation": 90, "texture": "#0"},
				"east": {"uv": [1.1875, 2.375, 0.8125, 2.9375], "rotation": 90, "texture": "#0"},
				"south": {"uv": [0.8125, 2.375, 1.1875, 2], "rotation": 90, "texture": "#0"},
				"west": {"uv": [1.1875, 2.375, 0.8125, 2.9375], "rotation": 90, "texture": "#0"},
				"up": {"uv": [0.8125, 2.375, 1.1875, 2.9375], "texture": "#0"},
				"down": {"uv": [0.8125, 2.375, 1.1875, 2.9375], "rotation": 180, "texture": "#0"}
			}
		},
		{
			"from": [7.23058, 14.6, 3.3117],
			"to": [9.83058, 17.1, 5.9117],
			"rotation": {"angle": 45, "axis": "y", "origin": [8, 9.3, 8]},
			"faces": {
				"north": {"uv": [1, 0.625, 1.3125, 0.9375], "texture": "#0"},
				"east": {"uv": [1.3125, 0.625, 1, 0.9375], "texture": "#0"},
				"south": {"uv": [1.25, 0.3125, 0.9375, 0.625], "texture": "#0"},
				"west": {"uv": [1.3125, 0.625, 1, 0.9375], "texture": "#0"},
				"up": {"uv": [1.5, 0.3125, 1.8125, 0], "rotation": 270, "texture": "#0"},
				"down": {"uv": [1.5625, 0.625, 1.875, 0.3125], "rotation": 90, "texture": "#0"}
			}
		},
		{
			"from": [6, 14.55, 3.37893],
			"to": [10, 17.15, 7.07893],
			"rotation": {"angle": 0, "axis": "y", "origin": [8, 9.3, 8]},
			"faces": {
				"north": {"uv": [1.0625, 0, 0.5625, 0.3125], "texture": "#0"},
				"east": {"uv": [1.0625, 0, 1.525, 0.325], "texture": "#0"},
				"south": {"uv": [0.5625, 0, 1.0625, 0.3125], "texture": "#0"},
				"west": {"uv": [1.525, 0, 1.0625, 0.325], "texture": "#0"},
				"up": {"uv": [0.5625, 0.3125, 1, 0.8125], "rotation": 270, "texture": "#0"},
				"down": {"uv": [1.5625, 0.625, 2.025, 1.125], "rotation": 90, "texture": "#0"}
			}
		},
		{
			"from": [6.16942, 14.6, 3.3117],
			"to": [8.76942, 17.1, 5.9117],
			"rotation": {"angle": -45, "axis": "y", "origin": [8, 9.3, 8]},
			"faces": {
				"north": {"uv": [1.3125, 0.625, 1, 0.9375], "texture": "#0"},
				"east": {"uv": [1, 0.625, 1.3125, 0.9375], "texture": "#0"},
				"south": {"uv": [1, 0.3125, 1.3125, 0.625], "texture": "#0"},
				"west": {"uv": [1, 0.625, 1.3125, 0.9375], "texture": "#0"},
				"up": {"uv": [1.5, 0, 1.8125, 0.3125], "rotation": 270, "texture": "#0"},
				"down": {"uv": [1.5625, 0.3125, 1.875, 0.625], "rotation": 90, "texture": "#0"}
			}
		},
		{
			"from": [6.34822, 15, 3.97793],
			"to": [15.34822, 17.5, 5.97793],
			"rotation": {"angle": -22.5, "axis": "y", "origin": [8, 9.3, 8]},
			"faces": {
				"north": {"uv": [2.8125, 6.9375, 3.9375, 7.25], "rotation": 180, "texture": "#0"},
				"east": {"uv": [4.1875, 6.9375, 3.9375, 7.25], "rotation": 180, "texture": "#0"},
				"south": {"uv": [3.9375, 6.9375, 2.8125, 7.25], "rotation": 180, "texture": "#0"},
				"west": {"uv": [4.1875, 6.9375, 3.9375, 7.25], "rotation": 180, "texture": "#0"},
				"up": {"uv": [3, 8.375, 3.25, 7.25], "rotation": 90, "texture": "#0"},
				"down": {"uv": [2.75, 8.375, 3, 7.25], "rotation": 270, "texture": "#0"}
			}
		},
		{
			"from": [0.65178, 15, 3.97793],
			"to": [9.65178, 17.5, 5.97793],
			"rotation": {"angle": 22.5, "axis": "y", "origin": [8, 9.3, 8]},
			"faces": {
				"north": {"uv": [3.9375, 6.9375, 2.8125, 7.25], "rotation": 180, "texture": "#0"},
				"east": {"uv": [3.9375, 6.9375, 4.1875, 7.25], "rotation": 180, "texture": "#0"},
				"south": {"uv": [2.8125, 6.9375, 3.9375, 7.25], "rotation": 180, "texture": "#0"},
				"west": {"uv": [3.9375, 6.9375, 4.1875, 7.25], "rotation": 180, "texture": "#0"},
				"up": {"uv": [3, 7.25, 3.25, 8.375], "rotation": 90, "texture": "#0"},
				"down": {"uv": [2.75, 7.25, 3, 8.375], "rotation": 270, "texture": "#0"}
			}
		},
		{
			"from": [5.32391, 5, 8.47609],
			"to": [5.32391, 15, 10.67609],
			"rotation": {"angle": 45, "axis": "y", "origin": [8, 9.3, 8]},
			"faces": {
				"north": {"uv": [0.8125, 1.4375, 0.5625, 2.6875], "texture": "#0"},
				"east": {"uv": [15.75, 3.4375, 16, 4.6875], "texture": "#0"},
				"south": {"uv": [0.8125, 1.4375, 0.5625, 2.6875], "texture": "#0"},
				"west": {"uv": [16, 3.4375, 15.75, 4.6875], "texture": "#0"},
				"up": {"uv": [0.8125, 1.4375, 0.5625, 1.6875], "rotation": 90, "texture": "#0"},
				"down": {"uv": [0.8125, 1.4375, 0.5625, 1.6875], "rotation": 270, "texture": "#0"}
			}
		},
		{
			"from": [8.32609, 12.5, 8.32609],
			"to": [10.82609, 15, 10.82609],
			"rotation": {"angle": -45, "axis": "y", "origin": [8, 9.3, 8]},
			"faces": {
				"north": {"uv": [0.8125, 1.375, 1.125, 1.6875], "texture": "#0"},
				"east": {"uv": [0.8125, 1.375, 1.125, 1.6875], "texture": "#0"},
				"south": {"uv": [0.8125, 1.375, 1.125, 1.6875], "texture": "#0"},
				"west": {"uv": [0.8125, 1.375, 1.125, 1.6875], "texture": "#0"},
				"up": {"uv": [0.8125, 1.6875, 1.125, 2], "rotation": 270, "texture": "#0"},
				"down": {"uv": [0.8125, 1.6875, 1.125, 2], "rotation": 90, "texture": "#0"}
			}
		},
		{
			"from": [10.67609, 4, 8.47609],
			"to": [10.67609, 14, 10.67609],
			"rotation": {"angle": -45, "axis": "y", "origin": [8, 9.3, 8]},
			"faces": {
				"north": {"uv": [0.5625, 1.4375, 0.8125, 2.6875], "texture": "#0"},
				"east": {"uv": [15.75, 3.4375, 16, 4.6875], "texture": "#0"},
				"south": {"uv": [0.5625, 1.4375, 0.8125, 2.6875], "texture": "#0"},
				"west": {"uv": [16, 3.4375, 15.75, 4.6875], "texture": "#0"},
				"up": {"uv": [0.8125, 1.6875, 0.5625, 1.4375], "rotation": 90, "texture": "#0"},
				"down": {"uv": [0.8125, 1.6875, 0.5625, 1.4375], "rotation": 270, "texture": "#0"}
			}
		},
		{
			"from": [7.52391, 4, 8.47609],
			"to": [7.52391, 14, 10.67609],
			"rotation": {"angle": 45, "axis": "y", "origin": [8, 9.3, 8]},
			"faces": {
				"north": {"uv": [0.8125, 1.4375, 0.5625, 2.6875], "texture": "#0"},
				"east": {"uv": [16, 3.4375, 15.75, 4.6875], "texture": "#0"},
				"south": {"uv": [0.8125, 1.4375, 0.5625, 2.6875], "texture": "#0"},
				"west": {"uv": [15.75, 3.4375, 16, 4.6875], "texture": "#0"},
				"up": {"uv": [0.5625, 1.6875, 0.8125, 1.4375], "rotation": 90, "texture": "#0"},
				"down": {"uv": [0.5625, 1.6875, 0.8125, 1.4375], "rotation": 270, "texture": "#0"}
			}
		},
		{
			"from": [8.47609, 4, 8.47609],
			"to": [8.47609, 14, 10.67609],
			"rotation": {"angle": -45, "axis": "y", "origin": [8, 9.3, 8]},
			"faces": {
				"north": {"uv": [0.5625, 1.4375, 0.8125, 2.6875], "texture": "#0"},
				"east": {"uv": [16, 3.4375, 15.75, 4.6875], "texture": "#0"},
				"south": {"uv": [0.5625, 1.4375, 0.8125, 2.6875], "texture": "#0"},
				"west": {"uv": [15.75, 3.4375, 16, 4.6875], "texture": "#0"},
				"up": {"uv": [0.5625, 1.4375, 0.8125, 1.6875], "rotation": 90, "texture": "#0"},
				"down": {"uv": [0.5625, 1.4375, 0.8125, 1.6875], "rotation": 270, "texture": "#0"}
			}
		},
		{
			"from": [8.57609, 4, 8.57609],
			"to": [10.57609, 14, 10.57609],
			"rotation": {"angle": -45, "axis": "y", "origin": [8, 9.3, 8]},
			"faces": {
				"north": {"uv": [0.5625, 1.4375, 0.8125, 2.6875], "texture": "#0"},
				"east": {"uv": [0.5625, 1.4375, 0.8125, 2.6875], "texture": "#0"},
				"south": {"uv": [0.5625, 1.4375, 0.8125, 2.6875], "texture": "#0"},
				"west": {"uv": [0.5625, 1.4375, 0.8125, 2.6875], "texture": "#0"},
				"up": {"uv": [0.5625, 1.4375, 0.8125, 1.6875], "rotation": 90, "texture": "#0"},
				"down": {"uv": [0.5625, 1.4375, 0.8125, 1.6875], "rotation": 270, "texture": "#0"}
			}
		},
		{
			"from": [7, 12.8, 5.22893],
			"to": [9, 14.8, 10.22893],
			"rotation": {"angle": 0, "axis": "y", "origin": [8, 9.3, 8]},
			"faces": {
				"north": {"uv": [0.5625, 1.4375, 0.8125, 1.6875], "texture": "#0"},
				"east": {"uv": [0.5625, 1.6875, 0.8125, 2.3125], "rotation": 270, "texture": "#0"},
				"south": {"uv": [0.5625, 1.4375, 0.8125, 1.6875], "rotation": 180, "texture": "#0"},
				"west": {"uv": [0.5625, 1.6875, 0.8125, 2.3125], "rotation": 270, "texture": "#0"},
				"up": {"uv": [0.5625, 1.6875, 0.8125, 2.3125], "texture": "#0"},
				"down": {"uv": [0.5625, 1.6875, 0.8125, 2.3125], "rotation": 180, "texture": "#0"}
			}
		},
		{
			"from": [7.37704, 2.17717, 9.47893],
			"to": [9.37704, 4.67717, 10.97893],
			"rotation": {"angle": -22.5, "axis": "z", "origin": [8, 9.3, 8]},
			"faces": {
				"north": {"uv": [1.875, 0.5625, 2.125, 0.25], "texture": "#0"},
				"east": {"uv": [2.125, 0.5625, 2.3125, 0.25], "texture": "#0"},
				"south": {"uv": [1.875, 0.5625, 2.125, 0.25], "texture": "#0"},
				"west": {"uv": [2.125, 0.5625, 2.3125, 0.25], "texture": "#0"},
				"up": {"uv": [2.0625, 0.25, 2.25, 0], "rotation": 90, "texture": "#0"},
				"down": {"uv": [2.0625, 0.25, 2.25, 0], "rotation": 270, "texture": "#0"}
			}
		},
		{
			"from": [7.98112, 3.5, 9.07107],
			"to": [10.08112, 5.5, 11.17107],
			"rotation": {"angle": -45, "axis": "y", "origin": [8, 9.3, 8]},
			"faces": {
				"north": {"uv": [1.8125, 0, 2.0625, 0.25], "texture": "#0"},
				"east": {"uv": [1.3125, 0.3125, 1.5625, 0.5625], "texture": "#0"},
				"south": {"uv": [1.5625, 0.3125, 1.3125, 0.5625], "texture": "#0"},
				"west": {"uv": [1.3125, 0.3125, 1.5625, 0.5625], "texture": "#0"},
				"up": {"uv": [1.3125, 0.5625, 1.5625, 0.8125], "rotation": 90, "texture": "#0"},
				"down": {"uv": [1.3125, 0.5625, 1.5625, 0.8125], "rotation": 270, "texture": "#0"}
			}
		},
		{
			"from": [5.91888, 3.5, 9.07107],
			"to": [8.01888, 5.5, 11.17107],
			"rotation": {"angle": 45, "axis": "y", "origin": [8, 9.3, 8]},
			"faces": {
				"north": {"uv": [2.0625, 0, 1.8125, 0.25], "texture": "#0"},
				"east": {"uv": [1.5625, 0.3125, 1.3125, 0.5625], "texture": "#0"},
				"south": {"uv": [1.3125, 0.3125, 1.5625, 0.5625], "texture": "#0"},
				"west": {"uv": [1.5625, 0.3125, 1.3125, 0.5625], "texture": "#0"},
				"up": {"uv": [1.3125, 0.8125, 1.5625, 0.5625], "rotation": 90, "texture": "#0"},
				"down": {"uv": [1.3125, 0.8125, 1.5625, 0.5625], "rotation": 270, "texture": "#0"}
			}
		},
		{
			"from": [7.25, 3.45, 8.72893],
			"to": [8.75, 5.55, 11.72893],
			"rotation": {"angle": 0, "axis": "y", "origin": [8, 9.3, 8]},
			"faces": {
				"north": {"uv": [0.75, 1.125, 0.9375, 1.375], "texture": "#0"},
				"east": {"uv": [0.9375, 1.125, 1.3125, 1.375], "texture": "#0"},
				"south": {"uv": [0.9375, 1.125, 0.75, 1.375], "texture": "#0"},
				"west": {"uv": [0.9375, 1.125, 1.3125, 1.375], "texture": "#0"},
				"up": {"uv": [0.875, 0.9375, 1.25, 1.125], "rotation": 90, "texture": "#0"},
				"down": {"uv": [0.875, 0.9375, 1.25, 1.125], "rotation": 270, "texture": "#0"}
			}
		},
		{
			"from": [6.62296, 2.17717, 9.47893],
			"to": [8.62296, 4.67717, 10.97893],
			"rotation": {"angle": 22.5, "axis": "z", "origin": [8, 9.3, 8]},
			"faces": {
				"north": {"uv": [2.125, 0.5625, 1.875, 0.25], "texture": "#0"},
				"east": {"uv": [2.3125, 0.5625, 2.125, 0.25], "texture": "#0"},
				"south": {"uv": [2.125, 0.5625, 1.875, 0.25], "texture": "#0"},
				"west": {"uv": [2.3125, 0.5625, 2.125, 0.25], "texture": "#0"},
				"up": {"uv": [2.0625, 0, 2.25, 0.25], "rotation": 90, "texture": "#0"},
				"down": {"uv": [2.0625, 0, 2.25, 0.25], "rotation": 270, "texture": "#0"}
			}
		},
		{
			"from": [8.57609, 1.6, 8.57609],
			"to": [10.57609, 3.6, 10.57609],
			"rotation": {"angle": -45, "axis": "y", "origin": [8, 9.3, 8]},
			"faces": {
				"north": {"uv": [1.3125, 0.8125, 1.5625, 1.0625], "texture": "#0"},
				"east": {"uv": [1.3125, 0.8125, 1.5625, 1.0625], "texture": "#0"},
				"south": {"uv": [1.3125, 0.8125, 1.5625, 1.0625], "texture": "#0"},
				"west": {"uv": [1.3125, 0.8125, 1.5625, 1.0625], "texture": "#0"},
				"up": {"uv": [1.3125, 1.0625, 1.5625, 1.3125], "rotation": 90, "texture": "#0"},
				"down": {"uv": [1.3125, 1.0625, 1.5625, 1.3125], "rotation": 270, "texture": "#0"}
			}
		},
		{
			"from": [10, 17, 6.22893],
			"to": [20, 27, 6.22893],
			"rotation": {"angle": 0, "axis": "y", "origin": [8, 9.3, 8]},
			"faces": {
				"north": {"uv": [10.5, 1, 0.5, 11], "texture": "#2"},
				"east": {"uv": [0.5, 1, 0.5, 11], "texture": "#2"},
				"south": {"uv": [10.5, 1, 0.5, 11], "texture": "#2"},
				"west": {"uv": [0.5, 1, 0.5, 11], "texture": "#2"},
				"up": {"uv": [0.5, 11, 0.5, 1], "rotation": 270, "texture": "#2"},
				"down": {"uv": [0.5, 1, 0.5, 11], "rotation": 90, "texture": "#2"}
			}
		},
		{
			"from": [-6, 6, 5.22893],
			"to": [4, 16, 5.22893],
			"rotation": {"angle": 0, "axis": "y", "origin": [8, 9.3, 8]},
			"faces": {
				"north": {"uv": [0.5, 1, 10.5, 11], "texture": "#2"},
				"east": {"uv": [0, 0, 0, 12], "texture": "#2"},
				"south": {"uv": [0.5, 1, 10.5, 11], "texture": "#2"},
				"west": {"uv": [0, 0, 0, 12], "texture": "#2"},
				"up": {"uv": [0, 12, 0, 0], "rotation": 270, "texture": "#2"},
				"down": {"uv": [0, 0, 0, 12], "rotation": 90, "texture": "#2"}
			}
		},
		{
			"from": [13, 0, 6.22893],
			"to": [21, 8, 6.22893],
			"rotation": {"angle": 0, "axis": "y", "origin": [8, 9.3, 8]},
			"faces": {
				"north": {"uv": [0, 0, 16, 16], "texture": "#3"},
				"east": {"uv": [0, 0, 0, 16], "texture": "#3"},
				"south": {"uv": [0, 0, 16, 16], "texture": "#3"},
				"west": {"uv": [0, 0, 0, 16], "texture": "#3"},
				"up": {"uv": [0, 16, 0, 0], "rotation": 270, "texture": "#3"},
				"down": {"uv": [0, 0, 0, 16], "rotation": 90, "texture": "#3"}
			}
		}
	],
	"gui_light": "front",
	"display": {
		"thirdperson_righthand": {
			"rotation": [0, -90, 0],
			"translation": [3.25, -1.75, 2.25],
			"scale": [0.7, 0.7, 0.7]
		},
		"thirdperson_lefthand": {
			"rotation": [0, -90, 0],
			"translation": [3.25, -1.75, 2.25],
			"scale": [0.7, 0.7, 0.7]
		},
		"firstperson_righthand": {
			"translation": [4.5, -6.5, -4.75],
			"scale": [1.04922, 1.04922, 1.04922]
		},
		"firstperson_lefthand": {
			"translation": [4.5, -6.5, -4.75],
			"scale": [1.04922, 1.04922, 1.04922]
		},
		"ground": {
			"rotation": [78, 0, 0],
			"translation": [0, 3.75, 0],
			"scale": [0.6, 0.6, 0.6]
		},
		"gui": {
			"rotation": [17, 158, 0],
			"translation": [0, -0.75, -1.5],
			"scale": [0.64258, 0.64258, 0.64258]
		},
		"head": {
			"rotation": [0, 0, -34],
			"translation": [0, 13.5, -0.5],
			"scale": [0.6, 0.6, 0.6]
		},
		"fixed": {
			"translation": [1.25, 0.75, -4.25],
			"scale": [1.51992, 1.51992, 1.51992]
		}
	},
	"groups": [
		{
			"name": "group",
			"origin": [4, 16.5, 8],
			"color": 0,
			"boneType": "",
			"children": []
		},
		0,
		1,
		2,
		3,
		4,
		5,
		6,
		7,
		8,
		9,
		10,
		11,
		12,
		13,
		14,
		15,
		16,
		17,
		18,
		19,
		20,
		21,
		22,
		23,
		24,
		25,
		26,
		27,
		28,
		29,
		30,
		31,
		32,
		33,
		34
	]
}