{
	"credit": "Made with Blockbench",
	"texture_size": [32, 32],
	"textures": {
		"0": "item/halloween_key",
		"particle": "item/halloween_key"
	},
	"elements": [
		{
			"from": [2, 1, 6],
			"to": [6, 5, 10],
			"rotation": {"angle": 0, "axis": "y", "origin": [3, 1, 7]},
			"faces": {
				"north": {"uv": [4.5, 6.5, 6.5, 8.5], "texture": "#0"},
				"east": {"uv": [6.5, 5.5, 8.5, 7.5], "texture": "#0"},
				"south": {"uv": [7, 0, 9, 2], "texture": "#0"},
				"west": {"uv": [2, 7, 4, 9], "texture": "#0"},
				"up": {"uv": [9, 4.5, 7, 2.5], "texture": "#0"},
				"down": {"uv": [8.5, 7.5, 6.5, 9.5], "texture": "#0"}
			}
		},
		{
			"from": [2, 5, 7],
			"to": [3, 6, 9],
			"rotation": {"angle": 0, "axis": "y", "origin": [1, 5, 7]},
			"faces": {
				"north": {"uv": [6, 5.5, 6.5, 6], "texture": "#0"},
				"east": {"uv": [6, 5, 7, 5.5], "texture": "#0"},
				"south": {"uv": [2, 6.5, 2.5, 7], "texture": "#0"},
				"west": {"uv": [5.5, 6, 6.5, 6.5], "texture": "#0"},
				"up": {"uv": [1.5, 7.5, 1, 6.5], "texture": "#0"},
				"down": {"uv": [2, 6.5, 1.5, 7.5], "texture": "#0"}
			}
		},
		{
			"from": [5, 5, 7],
			"to": [6, 6, 9],
			"rotation": {"angle": 0, "axis": "y", "origin": [4, 5, 7]},
			"faces": {
				"north": {"uv": [4.5, 6, 5, 6.5], "texture": "#0"},
				"east": {"uv": [6, 3, 7, 3.5], "texture": "#0"},
				"south": {"uv": [5, 6, 5.5, 6.5], "texture": "#0"},
				"west": {"uv": [6, 3.5, 7, 4], "texture": "#0"},
				"up": {"uv": [4.5, 7, 4, 6], "texture": "#0"},
				"down": {"uv": [6.5, 4, 6, 5], "texture": "#0"}
			}
		},
		{
			"from": [3, 5, 6],
			"to": [5, 6, 10],
			"rotation": {"angle": 0, "axis": "y", "origin": [5, 5, 5]},
			"faces": {
				"north": {"uv": [6, 2.5, 7, 3], "texture": "#0"},
				"east": {"uv": [1, 6, 3, 6.5], "texture": "#0"},
				"south": {"uv": [3, 6, 4, 6.5], "texture": "#0"},
				"west": {"uv": [6, 2, 8, 2.5], "texture": "#0"},
				"up": {"uv": [1, 8, 0, 6], "texture": "#0"},
				"down": {"uv": [7, 0, 6, 2], "texture": "#0"}
			}
		},
		{
			"from": [3, 0, 6],
			"to": [5, 1, 10],
			"rotation": {"angle": 0, "axis": "y", "origin": [5, 0, 5]},
			"faces": {
				"north": {"uv": [2.5, 6.5, 3.5, 7], "texture": "#0"},
				"east": {"uv": [9.5, 2, 11.5, 2.5], "texture": "#0"},
				"south": {"uv": [7, 5, 8, 5.5], "texture": "#0"},
				"west": {"uv": [9.5, 2.5, 11.5, 3], "texture": "#0"},
				"up": {"uv": [10, 8.5, 9, 6.5], "texture": "#0"},
				"down": {"uv": [10, 8.5, 9, 10.5], "texture": "#0"}
			}
		},
		{
			"from": [2, 0, 7],
			"to": [3, 1, 9],
			"rotation": {"angle": 0, "axis": "y", "origin": [1, 0, 7]},
			"faces": {
				"north": {"uv": [3.5, 6.5, 4, 7], "texture": "#0"},
				"east": {"uv": [1, 7.5, 2, 8], "texture": "#0"},
				"south": {"uv": [6.5, 4, 7, 4.5], "texture": "#0"},
				"west": {"uv": [8, 2, 9, 2.5], "texture": "#0"},
				"up": {"uv": [4.5, 8, 4, 7], "texture": "#0"},
				"down": {"uv": [10, 3, 9.5, 4], "texture": "#0"}
			}
		},
		{
			"from": [5, 0, 7],
			"to": [6, 1, 9],
			"rotation": {"angle": 0, "axis": "y", "origin": [4, 0, 7]},
			"faces": {
				"north": {"uv": [4, 8, 4.5, 8.5], "texture": "#0"},
				"east": {"uv": [9.5, 4, 10.5, 4.5], "texture": "#0"},
				"south": {"uv": [8, 5, 8.5, 5.5], "texture": "#0"},
				"west": {"uv": [9.5, 4.5, 10.5, 5], "texture": "#0"},
				"up": {"uv": [10, 6, 9.5, 5], "texture": "#0"},
				"down": {"uv": [7, 9.5, 6.5, 10.5], "texture": "#0"}
			}
		},
		{
			"from": [6, 1, 6],
			"to": [7, 5, 10],
			"rotation": {"angle": 0, "axis": "z", "origin": [6, 2, 5]},
			"faces": {
				"north": {"uv": [7, 9.5, 7.5, 11.5], "texture": "#0"},
				"east": {"uv": [0, 10, 2, 12], "texture": "#0"},
				"south": {"uv": [7.5, 9.5, 8, 11.5], "texture": "#0"},
				"west": {"uv": [10, 6.5, 12, 8.5], "texture": "#0"},
				"up": {"uv": [8.5, 11.5, 8, 9.5], "texture": "#0"},
				"down": {"uv": [10.5, 8.5, 10, 10.5], "texture": "#0"}
			}
		},
		{
			"from": [1, 1, 6],
			"to": [2, 5, 10],
			"rotation": {"angle": 0, "axis": "z", "origin": [1, 2, 5]},
			"faces": {
				"north": {"uv": [8.5, 4.5, 9, 6.5], "texture": "#0"},
				"east": {"uv": [0, 8, 2, 10], "texture": "#0"},
				"south": {"uv": [6, 8.5, 6.5, 10.5], "texture": "#0"},
				"west": {"uv": [4, 8.5, 6, 10.5], "texture": "#0"},
				"up": {"uv": [9, 8.5, 8.5, 6.5], "texture": "#0"},
				"down": {"uv": [9, 8.5, 8.5, 10.5], "texture": "#0"}
			}
		},
		{
			"from": [2, 1, 5],
			"to": [6, 5, 6],
			"rotation": {"angle": 0, "axis": "y", "origin": [1, 2, 6]},
			"faces": {
				"north": {"uv": [0, 0, 2, 2], "texture": "#0"},
				"east": {"uv": [2, 0, 2.5, 2], "texture": "#0"},
				"south": {"uv": [0, 2, 2, 4], "texture": "#0"},
				"west": {"uv": [2, 2, 2.5, 4], "texture": "#0"},
				"up": {"uv": [4.5, 0.5, 2.5, 0], "texture": "#0"},
				"down": {"uv": [4.5, 0.5, 2.5, 1], "texture": "#0"}
			}
		},
		{
			"from": [2, 1, 10],
			"to": [6, 5, 11],
			"rotation": {"angle": 0, "axis": "y", "origin": [1, 2, 11]},
			"faces": {
				"north": {"uv": [9, 0, 11, 2], "texture": "#0"},
				"east": {"uv": [9, 2, 9.5, 4], "texture": "#0"},
				"south": {"uv": [2, 9, 4, 11], "texture": "#0"},
				"west": {"uv": [9, 4, 9.5, 6], "texture": "#0"},
				"up": {"uv": [8.5, 5, 6.5, 4.5], "texture": "#0"},
				"down": {"uv": [11, 6, 9, 6.5], "texture": "#0"}
			}
		},
		{
			"from": [7, 2, 7],
			"to": [14, 4, 9],
			"rotation": {"angle": 0, "axis": "y", "origin": [7, 2, 7]},
			"faces": {
				"north": {"uv": [2.5, 1, 6, 2], "texture": "#0"},
				"east": {"uv": [3.5, 4, 4.5, 5], "texture": "#0"},
				"south": {"uv": [2.5, 2, 6, 3], "texture": "#0"},
				"west": {"uv": [4.5, 0, 5.5, 1], "texture": "#0"},
				"up": {"uv": [6, 4, 2.5, 3], "texture": "#0"},
				"down": {"uv": [3.5, 4, 0, 5], "texture": "#0"}
			}
		},
		{
			"from": [11, 1, 7],
			"to": [12, 2, 9],
			"rotation": {"angle": 0, "axis": "y", "origin": [10, 0, 7]},
			"faces": {
				"north": {"uv": [5, 5, 5.5, 6], "texture": "#0"},
				"east": {"uv": [3, 5, 4, 6], "texture": "#0"},
				"south": {"uv": [5.5, 0, 6, 1], "texture": "#0"},
				"west": {"uv": [4, 5, 5, 6], "texture": "#0"},
				"up": {"uv": [6, 5, 5.5, 4], "texture": "#0"},
				"down": {"uv": [6, 5, 5.5, 6], "texture": "#0"}
			}
		},
		{
			"from": [13, 1, 7],
			"to": [14, 2, 9],
			"rotation": {"angle": 0, "axis": "y", "origin": [12, 0, 7]},
			"faces": {
				"north": {"uv": [1, 5, 1.5, 6], "texture": "#0"},
				"east": {"uv": [4.5, 4, 5.5, 5], "texture": "#0"},
				"south": {"uv": [1.5, 5, 2, 6], "texture": "#0"},
				"west": {"uv": [0, 5, 1, 6], "texture": "#0"},
				"up": {"uv": [2.5, 6, 2, 5], "texture": "#0"},
				"down": {"uv": [3, 5, 2.5, 6], "texture": "#0"}
			}
		}
	],
	"display": {
		"thirdperson_righthand": {
			"rotation": [90, 90, 0],
			"translation": [0, 6.75, 6]
		},
		"thirdperson_lefthand": {
			"rotation": [90, -90, 0],
			"translation": [0, 6.75, 6]
		},
		"firstperson_righthand": {
			"rotation": [10, 90, 0],
			"translation": [-0.5, 4.25, 0]
		},
		"firstperson_lefthand": {
			"rotation": [0, -90, 0],
			"translation": [-0.5, 4.25, 0]
		},
		"ground": {
			"translation": [0, 4.75, 0]
		},
		"gui": {
			"rotation": [0, 0, 45],
			"translation": [-3.75, 5, 0],
			"scale": [1.2, 1.2, 1.2]
		},
		"fixed": {
			"translation": [0, 4.5, -1.75]
		}
	}
}