{
	"credit": "Made with Blockbench",
	"texture_size": [128, 128],
	"textures": {
		"0": "elitecreatures:witchcaster_animated/witchcaster_texture",
		"5": "elitecreatures:witchcaster_animated/witchcaster_animation_002-export",
		"particle": "elitecreatures:witchcaster_animated/witchcaster_texture"
	},
	"elements": [
		{
			"from": [5.29954, -15.34132, 8.46209],
			"to": [9.79954, -9.34132, 10.96209],
			"rotation": {"angle": 0, "axis": "y", "origin": [11.79954, -16.84132, 14.96209]},
			"faces": {
				"north": {"uv": [1.125, 13.75, 0, 15.25], "texture": "#0"},
				"east": {"uv": [1.125, 12.25, 1.75, 13.75], "texture": "#0"},
				"south": {"uv": [1.125, 12.25, 0, 13.75], "texture": "#0"},
				"west": {"uv": [1.75, 12.25, 1.125, 13.75], "texture": "#0"},
				"up": {"uv": [1.75, 12.875, 2.875, 12.25], "rotation": 180, "texture": "#0"},
				"down": {"uv": [1.75, 12.875, 2.875, 12.25], "rotation": 180, "texture": "#0"}
			}
		},
		{
			"from": [5.79954, -9.34132, 8.71209],
			"to": [9.29954, -7.84132, 10.46209],
			"rotation": {"angle": 0, "axis": "y", "origin": [11.79954, -14.84132, 14.96209]},
			"faces": {
				"north": {"uv": [2.625, 13.375, 1.75, 13.75], "texture": "#0"},
				"south": {"uv": [2.625, 13.375, 1.75, 13.75], "texture": "#0"},
				"up": {"uv": [1.125, 14.1875, 2, 13.75], "rotation": 180, "texture": "#0"},
				"down": {"uv": [1.125, 14.1875, 2, 13.75], "rotation": 180, "texture": "#0"}
			}
		},
		{
			"from": [5.32454, -11.34132, 9.96209],
			"to": [9.77454, -9.34132, 10.96209],
			"rotation": {"angle": -22.5, "axis": "x", "origin": [7.79954, -9.34132, 10.96209]},
			"faces": {
				"north": {"uv": [2.875, 12.875, 1.75, 13.375], "texture": "#0"},
				"east": {"uv": [5.125, 10.0625, 4.875, 10.5625], "texture": "#0"},
				"south": {"uv": [2.875, 12.875, 1.75, 13.375], "texture": "#0"},
				"west": {"uv": [4.875, 10.0625, 5.125, 10.5625], "texture": "#0"},
				"up": {"uv": [5.125, 10.5625, 6.25, 10.3125], "rotation": 180, "texture": "#0"},
				"down": {"uv": [5.125, 10.5625, 6.25, 10.3125], "rotation": 180, "texture": "#0"}
			}
		},
		{
			"from": [4.19954, -10.09132, 8.51209],
			"to": [6.44954, -8.09132, 10.76209],
			"rotation": {"angle": 22.5, "axis": "z", "origin": [5.19954, -8.96632, 9.51209]},
			"faces": {
				"north": {"uv": [3.4375, 12.25, 2.875, 12.75], "texture": "#0"},
				"east": {"uv": [4, 12.25, 4.5625, 12.75], "texture": "#0"},
				"south": {"uv": [2.875, 12.25, 3.4375, 12.75], "texture": "#0"},
				"west": {"uv": [3.4375, 12.25, 4, 12.75], "texture": "#0"},
				"up": {"uv": [2.875, 12.75, 3.4375, 13.3125], "texture": "#0"},
				"down": {"uv": [2.875, 12.75, 3.4375, 13.3125], "texture": "#0"}
			}
		},
		{
			"from": [8.64954, -10.09132, 8.51209],
			"to": [10.89954, -8.09132, 10.76209],
			"rotation": {"angle": -22.5, "axis": "z", "origin": [9.89954, -8.96632, 9.51209]},
			"faces": {
				"north": {"uv": [2.875, 12.25, 3.4375, 12.75], "texture": "#0"},
				"east": {"uv": [4, 12.25, 3.4375, 12.75], "texture": "#0"},
				"south": {"uv": [3.4375, 12.25, 2.875, 12.75], "texture": "#0"},
				"west": {"uv": [4, 12.25, 4.5625, 12.75], "texture": "#0"},
				"up": {"uv": [3.4375, 12.75, 2.875, 13.3125], "texture": "#0"},
				"down": {"uv": [3.4375, 12.75, 2.875, 13.3125], "texture": "#0"}
			}
		},
		{
			"from": [4.04954, -15.34132, 8.51209],
			"to": [5.29954, -12.84132, 10.96209],
			"rotation": {"angle": -22.5, "axis": "z", "origin": [5.29954, -15.34132, 9.71209]},
			"faces": {
				"north": {"uv": [0.9375, 15.25, 0.625, 15.875], "texture": "#0"},
				"east": {"uv": [0, 15.25, 0.625, 15.875], "texture": "#0"},
				"south": {"uv": [0.625, 15.25, 0.9375, 15.875], "texture": "#0"},
				"west": {"uv": [0, 15.25, 0.625, 15.875], "texture": "#0"},
				"up": {"uv": [1.25, 15.875, 0.9375, 15.25], "rotation": 180, "texture": "#0"},
				"down": {"uv": [1.25, 15.875, 0.9375, 15.25], "rotation": 180, "texture": "#0"}
			}
		},
		{
			"from": [5.29954, -15.34132, 10.96209],
			"to": [7.29954, -12.84132, 12.21209],
			"rotation": {"angle": -22.5, "axis": "x", "origin": [6.17454, -15.34132, 10.96209]},
			"faces": {
				"north": {"uv": [1.125, 14.1875, 1.625, 14.8125], "texture": "#0"},
				"east": {"uv": [1.625, 14.1875, 1.9375, 14.8125], "texture": "#0"},
				"south": {"uv": [1.125, 14.1875, 1.625, 14.8125], "texture": "#0"},
				"west": {"uv": [1.9375, 14.1875, 1.625, 14.8125], "texture": "#0"},
				"up": {"uv": [2, 14.0625, 2.5, 13.75], "rotation": 180, "texture": "#0"},
				"down": {"uv": [2, 14.0625, 2.5, 13.75], "rotation": 180, "texture": "#0"}
			}
		},
		{
			"from": [9.79954, -15.34132, 8.51209],
			"to": [11.04954, -12.84132, 10.96209],
			"rotation": {"angle": 22.5, "axis": "z", "origin": [9.79954, -15.34132, 9.71209]},
			"faces": {
				"north": {"uv": [0.625, 15.25, 0.9375, 15.875], "texture": "#0"},
				"east": {"uv": [0.625, 15.25, 0, 15.875], "texture": "#0"},
				"south": {"uv": [0.9375, 15.25, 0.625, 15.875], "texture": "#0"},
				"west": {"uv": [0.625, 15.25, 0, 15.875], "texture": "#0"},
				"up": {"uv": [0.9375, 15.875, 1.25, 15.25], "rotation": 180, "texture": "#0"},
				"down": {"uv": [0.9375, 15.875, 1.25, 15.25], "rotation": 180, "texture": "#0"}
			}
		},
		{
			"from": [7.79954, -15.34132, 10.96209],
			"to": [9.79954, -12.84132, 12.21209],
			"rotation": {"angle": -22.5, "axis": "x", "origin": [8.92454, -15.34132, 10.96209]},
			"faces": {
				"north": {"uv": [1.625, 14.1875, 1.125, 14.8125], "texture": "#0"},
				"east": {"uv": [1.625, 14.1875, 1.9375, 14.8125], "texture": "#0"},
				"south": {"uv": [1.625, 14.1875, 1.125, 14.8125], "texture": "#0"},
				"west": {"uv": [1.9375, 14.1875, 1.625, 14.8125], "texture": "#0"},
				"up": {"uv": [2.5, 14.0625, 2, 13.75], "rotation": 180, "texture": "#0"},
				"down": {"uv": [2.5, 14.0625, 2, 13.75], "rotation": 180, "texture": "#0"}
			}
		},
		{
			"from": [6.92454, -11.84132, 10.96209],
			"to": [8.17454, -10.34132, 11.96209],
			"rotation": {"angle": -22.5, "axis": "x", "origin": [7.64954, -11.34132, 11.46209]},
			"faces": {
				"north": {"uv": [3.4375, 12.75, 3.75, 13.125], "texture": "#0"},
				"east": {"uv": [3.75, 12.75, 4, 13.125], "texture": "#0"},
				"south": {"uv": [3.4375, 12.75, 3.75, 13.125], "texture": "#0"},
				"west": {"uv": [3.75, 12.75, 4, 13.125], "texture": "#0"},
				"up": {"uv": [1.5625, 12, 1.875, 12.25], "texture": "#0"},
				"down": {"uv": [1.25, 12, 1.5625, 12.25], "texture": "#0"}
			}
		},
		{
			"from": [4.29954, -11.94132, 9.46209],
			"to": [4.29954, -8.44132, 10.96209],
			"rotation": {"angle": 0, "axis": "y", "origin": [0.29954, -13.44132, 1.96209]},
			"faces": {
				"north": {"uv": [0, 0, 0, 256], "texture": "#missing"},
				"east": {"uv": [3.75, 0.4375, 3.375, 1.3125], "texture": "#0"},
				"south": {"uv": [0, 0, 0, 256], "texture": "#missing"},
				"west": {"uv": [3.375, 0.4375, 3.75, 1.3125], "texture": "#0"},
				"up": {"uv": [0, 0, 0, 96], "texture": "#missing"},
				"down": {"uv": [0, 0, 0, 96], "texture": "#missing"}
			}
		},
		{
			"from": [3.79954, -12.19132, 9.46209],
			"to": [4.79954, -11.44132, 10.46209],
			"rotation": {"angle": 0, "axis": "y", "origin": [0.29954, -13.44132, 1.96209]},
			"faces": {
				"north": {"uv": [1.6875, 3.9375, 1.9375, 4.125], "texture": "#0"},
				"east": {"uv": [1.6875, 3.9375, 1.9375, 4.125], "texture": "#0"},
				"south": {"uv": [1.6875, 3.9375, 1.9375, 4.125], "texture": "#0"},
				"west": {"uv": [1.6875, 3.9375, 1.9375, 4.125], "texture": "#0"},
				"up": {"uv": [1.6875, 4.125, 1.9375, 4.375], "texture": "#0"},
				"down": {"uv": [1.6875, 4.125, 1.9375, 4.375], "texture": "#0"}
			}
		},
		{
			"from": [4.29954, -14.19132, 7.96209],
			"to": [4.29954, -12.19132, 11.96209],
			"rotation": {"angle": 0, "axis": "y", "origin": [3.29954, -12.19132, 8.46209]},
			"faces": {
				"north": {"uv": [0, 0, 0, 14], "texture": "#5"},
				"east": {"uv": [16, 6, 0, 14], "texture": "#5"},
				"south": {"uv": [0, 0, 0, 14], "texture": "#5"},
				"west": {"uv": [0, 6, 16, 14], "texture": "#5"},
				"up": {"uv": [0, 10, 0, 0], "texture": "#5"},
				"down": {"uv": [0, 0, 0, 10], "texture": "#5"}
			}
		},
		{
			"from": [6.73442, -9.68559, 10.73968],
			"to": [8.73442, -8.68559, 10.73968],
			"rotation": {"angle": 22.5, "axis": "x", "origin": [7.60942, -8.69215, 10.78709]},
			"faces": {
				"north": {"uv": [4.375, 0.25, 3.875, 0], "texture": "#0"},
				"east": {"uv": [0, 192, 0, 0], "texture": "#missing"},
				"south": {"uv": [3.875, 0.25, 4.375, 0], "texture": "#0"},
				"west": {"uv": [0, 192, 0, 0], "texture": "#missing"},
				"up": {"uv": [0, 0, 0, 96], "rotation": 90, "texture": "#missing"},
				"down": {"uv": [0, 0, 0, 96], "rotation": 270, "texture": "#missing"}
			}
		},
		{
			"from": [6.73442, -8.70614, 10.73121],
			"to": [8.73442, -7.20614, 10.73121],
			"rotation": {"angle": 45, "axis": "x", "origin": [7.60942, -8.69215, 10.78709]},
			"faces": {
				"north": {"uv": [4.375, 0.625, 3.875, 0.25], "texture": "#0"},
				"east": {"uv": [0, 192, 0, 0], "texture": "#missing"},
				"south": {"uv": [3.875, 0.625, 4.375, 0.25], "texture": "#0"},
				"west": {"uv": [0, 192, 0, 0], "texture": "#missing"},
				"up": {"uv": [0, 0, 0, 96], "rotation": 90, "texture": "#missing"},
				"down": {"uv": [0, 0, 0, 96], "rotation": 270, "texture": "#missing"}
			}
		},
		{
			"from": [6.73442, -8.07911, 12.13667],
			"to": [8.73442, -8.07911, 13.13667],
			"rotation": {"angle": -22.5, "axis": "x", "origin": [7.60942, -8.69215, 10.78709]},
			"faces": {
				"north": {"uv": [0, 0, 0, 96], "rotation": 90, "texture": "#missing"},
				"east": {"uv": [0, 0, 0, 192], "rotation": 90, "texture": "#missing"},
				"south": {"uv": [0, 0, 0, 96], "rotation": 90, "texture": "#missing"},
				"west": {"uv": [0, 0, 0, 192], "rotation": 270, "texture": "#missing"},
				"up": {"uv": [4.375, 0.875, 3.875, 0.625], "rotation": 180, "texture": "#0"},
				"down": {"uv": [3.875, 0.875, 4.375, 0.625], "texture": "#0"}
			}
		},
		{
			"from": [8.34283, -7.59132, 9.56209],
			"to": [8.34283, -6.34132, 11.06209],
			"rotation": {"angle": -45, "axis": "z", "origin": [7.85942, -8.19215, 10.18709]},
			"faces": {
				"north": {"uv": [0, 128, 0, 0], "texture": "#missing"},
				"east": {"uv": [4.8125, 0.625, 4.4375, 0.3125], "texture": "#0"},
				"south": {"uv": [0, 128, 0, 0], "texture": "#missing"},
				"west": {"uv": [4.4375, 0.625, 4.8125, 0.3125], "texture": "#0"},
				"up": {"uv": [0, 96, 0, 0], "texture": "#missing"},
				"down": {"uv": [0, 96, 0, 0], "texture": "#missing"}
			}
		},
		{
			"from": [8.52556, -9.2944, 9.56209],
			"to": [8.52556, -7.7944, 11.06209],
			"rotation": {"angle": -22.5, "axis": "z", "origin": [7.85942, -8.19215, 10.18709]},
			"faces": {
				"north": {"uv": [0, 128, 0, 0], "texture": "#missing"},
				"east": {"uv": [4.8125, 0.375, 4.4375, 0], "texture": "#0"},
				"south": {"uv": [0, 128, 0, 0], "texture": "#missing"},
				"west": {"uv": [4.4375, 0.375, 4.8125, 0], "texture": "#0"},
				"up": {"uv": [0, 96, 0, 0], "texture": "#missing"},
				"down": {"uv": [0, 96, 0, 0], "texture": "#missing"}
			}
		}
	],
	"gui_light": "front",
	"display": {
		"thirdperson_righthand": {
			"rotation": [55, 0, 0],
			"translation": [0, 2, 1.75],
			"scale": [0.4, 0.4, 0.4]
		},
		"thirdperson_lefthand": {
			"rotation": [67.5, 0, 0],
			"translation": [-5.75, -7.75, 7.25]
		},
		"firstperson_righthand": {
			"rotation": [0, -70, 0],
			"translation": [9.75, -2.25, -11.25]
		},
		"firstperson_lefthand": {
			"scale": [0, 0, 0]
		},
		"ground": {
			"rotation": [80, 180, 0],
			"translation": [0, 0.5, -1.25],
			"scale": [0.6, 0.6, 0.6]
		},
		"gui": {
			"rotation": [7, -19, 0],
			"translation": [0, -2.5, 0],
			"scale": [0.8, 0.8, 0.8]
		},
		"head": {
			"rotation": [6, 0, 0],
			"translation": [0, -43.75, 7.5],
			"scale": [3.2, 3.2, 3.2]
		},
		"fixed": {
			"rotation": [0, 180, 0],
			"translation": [0, -3.75, -2.5],
			"scale": [1.4, 1.4, 1.4]
		}
	}
}