{
	"credit": "Made with Blockbench",
	"texture_size": [128, 128],
	"textures": {
		"0": "elitecreatures:witchcaster_animated/witchcaster_texture",
		"3": "elitecreatures:witchcaster_animated/witchcaster_animation_01",
		"4": "elitecreatures:witchcaster_animated/witchcaster_animation_03",
		"5": "elitecreatures:witchcaster_animated/witchcaster_animation_002-export",
		"particle": "elitecreatures:witchcaster_animated/witchcaster_texture"
	},
	"elements": [
		{
			"from": [-9, 10, 10.5],
			"to": [-3, 18, 12],
			"rotation": {"angle": -22.5, "axis": "y", "origin": [-3, 11, 12]},
			"faces": {
				"north": {"uv": [1.25, 14.875, 2, 15.875], "texture": "#0"},
				"east": {"uv": [2.9375, 14.875, 2.75, 15.875], "texture": "#0"},
				"south": {"uv": [2, 14.875, 2.75, 15.875], "texture": "#0"},
				"west": {"uv": [2.75, 14.875, 2.9375, 15.875], "texture": "#0"},
				"up": {"uv": [2, 14.6875, 2.75, 14.875], "texture": "#0"},
				"down": {"uv": [2, 14.875, 2.75, 14.6875], "texture": "#0"}
			}
		},
		{
			"from": [-3, 10.05, 10.5],
			"to": [3, 17.95, 12],
			"rotation": {"angle": 22.5, "axis": "y", "origin": [-3, 14, 12]},
			"faces": {
				"north": {"uv": [2.9375, 14.875, 3.6875, 15.875], "texture": "#0"},
				"east": {"uv": [4.4375, 14.875, 4.625, 15.875], "texture": "#0"},
				"south": {"uv": [3.6875, 14.875, 4.4375, 15.875], "texture": "#0"},
				"west": {"uv": [4.4375, 14.875, 4.625, 15.875], "texture": "#0"},
				"up": {"uv": [2, 14.5, 2.75, 14.6875], "texture": "#0"},
				"down": {"uv": [2, 14.6875, 2.75, 14.5], "texture": "#0"}
			}
		},
		{
			"from": [-4.25, 13, 12.6],
			"to": [-1.75, 15.5, 12.6],
			"rotation": {"angle": -45, "axis": "z", "origin": [-3, 14.25, 11.6]},
			"faces": {
				"north": {"uv": [0, 0, 5, 5], "texture": "#4"},
				"east": {"uv": [0, 0, 0, 5], "texture": "#4"},
				"south": {"uv": [5, 0, 0, 5], "texture": "#4"},
				"west": {"uv": [0, 0, 0, 5], "texture": "#4"},
				"up": {"uv": [0, 5, 0, 0], "rotation": 90, "texture": "#4"},
				"down": {"uv": [0, 0, 0, 5], "rotation": 270, "texture": "#4"}
			}
		},
		{
			"from": [-4.75, 12.5, 11],
			"to": [-1.25, 16, 12],
			"rotation": {"angle": -45, "axis": "z", "origin": [-3, 14.25, 11.5]},
			"faces": {
				"north": {"uv": [0.4375, 5.1875, 0, 4.75], "texture": "#0"},
				"east": {"uv": [0.4375, 5.1875, 0.5625, 4.75], "texture": "#0"},
				"south": {"uv": [0.4375, 5.1875, 0, 4.75], "texture": "#0"},
				"west": {"uv": [0.5625, 4.75, 0.4375, 5.1875], "texture": "#0"},
				"up": {"uv": [0.5625, 5.1875, 0.4375, 4.75], "rotation": 90, "texture": "#0"},
				"down": {"uv": [0.5625, 5.1875, 0.4375, 4.75], "rotation": 270, "texture": "#0"}
			}
		},
		{
			"from": [-4.25, 13, 11.5],
			"to": [-1.75, 15.5, 12.5],
			"rotation": {"angle": -45, "axis": "z", "origin": [-3, 14.25, 11.5]},
			"faces": {
				"north": {"uv": [0.875, 4.75, 1.1875, 4.4375], "texture": "#0"},
				"east": {"uv": [1.5625, 4.75, 1.4375, 4.4375], "texture": "#0"},
				"south": {"uv": [1.1875, 4.75, 0.875, 4.4375], "texture": "#0"},
				"west": {"uv": [1.3125, 4.4375, 1.1875, 4.75], "texture": "#0"},
				"up": {"uv": [1.3125, 4.75, 1.1875, 4.4375], "rotation": 90, "texture": "#0"},
				"down": {"uv": [1.5625, 4.75, 1.4375, 4.4375], "rotation": 270, "texture": "#0"}
			}
		},
		{
			"from": [19, 10, 10.5],
			"to": [25, 18, 12],
			"rotation": {"angle": 22.5, "axis": "y", "origin": [19, 11, 12]},
			"faces": {
				"north": {"uv": [2, 14.875, 1.25, 15.875], "texture": "#0"},
				"east": {"uv": [2.9375, 14.875, 2.75, 15.875], "texture": "#0"},
				"south": {"uv": [2.75, 14.875, 2, 15.875], "texture": "#0"},
				"west": {"uv": [2.75, 14.875, 2.9375, 15.875], "texture": "#0"},
				"up": {"uv": [2.75, 14.6875, 2, 14.875], "texture": "#0"},
				"down": {"uv": [2.75, 14.875, 2, 14.6875], "texture": "#0"}
			}
		},
		{
			"from": [13, 10.05, 10.5],
			"to": [19, 17.95, 12],
			"rotation": {"angle": -22.5, "axis": "y", "origin": [19, 14, 12]},
			"faces": {
				"north": {"uv": [3.6875, 14.875, 2.9375, 15.875], "texture": "#0"},
				"east": {"uv": [4.625, 14.875, 4.4375, 15.875], "texture": "#0"},
				"south": {"uv": [4.4375, 14.875, 3.6875, 15.875], "texture": "#0"},
				"west": {"uv": [4.625, 14.875, 4.4375, 15.875], "texture": "#0"},
				"up": {"uv": [2.75, 14.5, 2, 14.6875], "texture": "#0"},
				"down": {"uv": [2.75, 14.6875, 2, 14.5], "texture": "#0"}
			}
		},
		{
			"from": [17.75, 13, 11.5],
			"to": [20.25, 15.5, 12.5],
			"rotation": {"angle": 45, "axis": "z", "origin": [19, 14.25, 11.5]},
			"faces": {
				"north": {"uv": [1.1875, 4.75, 0.875, 4.4375], "texture": "#0"},
				"east": {"uv": [1.1875, 4.4375, 1.3125, 4.75], "texture": "#0"},
				"south": {"uv": [0.875, 4.75, 1.1875, 4.4375], "texture": "#0"},
				"west": {"uv": [1.4375, 4.75, 1.5625, 4.4375], "texture": "#0"},
				"up": {"uv": [1.3125, 4.4375, 1.1875, 4.75], "rotation": 90, "texture": "#0"},
				"down": {"uv": [1.5625, 4.4375, 1.4375, 4.75], "rotation": 270, "texture": "#0"}
			}
		},
		{
			"from": [17.25, 12.5, 11],
			"to": [20.75, 16, 12],
			"rotation": {"angle": 45, "axis": "z", "origin": [19, 14.25, 11.5]},
			"faces": {
				"north": {"uv": [0, 5.1875, 0.4375, 4.75], "texture": "#0"},
				"east": {"uv": [0.4375, 4.75, 0.5625, 5.1875], "texture": "#0"},
				"south": {"uv": [0, 5.1875, 0.4375, 4.75], "texture": "#0"},
				"west": {"uv": [0.5625, 5.1875, 0.4375, 4.75], "texture": "#0"},
				"up": {"uv": [0.5625, 4.75, 0.4375, 5.1875], "rotation": 90, "texture": "#0"},
				"down": {"uv": [0.5625, 4.75, 0.4375, 5.1875], "rotation": 270, "texture": "#0"}
			}
		},
		{
			"from": [17.75, 13, 12.6],
			"to": [20.25, 15.5, 12.6],
			"rotation": {"angle": 45, "axis": "z", "origin": [19, 14.25, 11.6]},
			"faces": {
				"north": {"uv": [5, 0, 0, 5], "texture": "#4"},
				"east": {"uv": [0, 0, 0, 5], "texture": "#4"},
				"south": {"uv": [0, 0, 5, 5], "texture": "#4"},
				"west": {"uv": [0, 0, 0, 5], "texture": "#4"},
				"up": {"uv": [0, 0, 0, 5], "rotation": 90, "texture": "#4"},
				"down": {"uv": [0, 5, 0, 0], "rotation": 270, "texture": "#4"}
			}
		},
		{
			"from": [16, 12, 8],
			"to": [22, 23, 8],
			"rotation": {"angle": 22.5, "axis": "y", "origin": [19, 17, 8]},
			"faces": {
				"north": {"uv": [0, 0, 6, 11], "texture": "#3"},
				"east": {"uv": [0, 0, 0, 8], "texture": "#3"},
				"south": {"uv": [6, 0, 0, 11], "texture": "#3"},
				"west": {"uv": [0, 0, 0, 8], "texture": "#3"},
				"up": {"uv": [0, 6, 0, 0], "rotation": 90, "texture": "#3"},
				"down": {"uv": [0, 0, 0, 6], "rotation": 270, "texture": "#3"}
			}
		},
		{
			"from": [16, 12, 8],
			"to": [22, 23, 8],
			"rotation": {"angle": -22.5, "axis": "y", "origin": [19, 17, 8]},
			"faces": {
				"north": {"uv": [0, 0, 6, 11], "texture": "#3"},
				"east": {"uv": [0, 0, 0, 8], "texture": "#3"},
				"south": {"uv": [6, 0, 0, 11], "texture": "#3"},
				"west": {"uv": [0, 0, 0, 8], "texture": "#3"},
				"up": {"uv": [0, 6, 0, 0], "rotation": 90, "texture": "#3"},
				"down": {"uv": [0, 0, 0, 6], "rotation": 270, "texture": "#3"}
			}
		},
		{
			"from": [17.75, 13, 7],
			"to": [20.25, 15.5, 9],
			"rotation": {"angle": -45, "axis": "z", "origin": [19, 14.25, 8]},
			"faces": {
				"north": {"uv": [0.875, 4.4375, 1.1875, 4.125], "texture": "#0"},
				"east": {"uv": [1.4375, 4.4375, 1.6875, 4.125], "texture": "#0"},
				"south": {"uv": [1.1875, 4.4375, 0.875, 4.125], "texture": "#0"},
				"west": {"uv": [1.1875, 4.125, 1.4375, 4.4375], "texture": "#0"},
				"up": {"uv": [1.1875, 4.4375, 1.4375, 4.125], "rotation": 90, "texture": "#0"},
				"down": {"uv": [1.4375, 4.4375, 1.6875, 4.125], "rotation": 270, "texture": "#0"}
			}
		},
		{
			"from": [-6, 12, 8],
			"to": [0, 23, 8],
			"rotation": {"angle": -22.5, "axis": "y", "origin": [-3, 17, 8]},
			"faces": {
				"north": {"uv": [6, 0, 0, 11], "texture": "#3"},
				"east": {"uv": [0, 0, 0, 8], "texture": "#3"},
				"south": {"uv": [0, 0, 6, 11], "texture": "#3"},
				"west": {"uv": [0, 0, 0, 8], "texture": "#3"},
				"up": {"uv": [0, 0, 0, 6], "rotation": 90, "texture": "#3"},
				"down": {"uv": [0, 6, 0, 0], "rotation": 270, "texture": "#3"}
			}
		},
		{
			"from": [-6, 12, 8],
			"to": [0, 23, 8],
			"rotation": {"angle": 22.5, "axis": "y", "origin": [-3, 17, 8]},
			"faces": {
				"north": {"uv": [6, 0, 0, 11], "texture": "#3"},
				"east": {"uv": [0, 0, 0, 8], "texture": "#3"},
				"south": {"uv": [0, 0, 6, 11], "texture": "#3"},
				"west": {"uv": [0, 0, 0, 8], "texture": "#3"},
				"up": {"uv": [0, 0, 0, 6], "rotation": 90, "texture": "#3"},
				"down": {"uv": [0, 6, 0, 0], "rotation": 270, "texture": "#3"}
			}
		},
		{
			"from": [-4.25, 13, 7],
			"to": [-1.75, 15.5, 9],
			"rotation": {"angle": 45, "axis": "z", "origin": [-3, 14.25, 8]},
			"faces": {
				"north": {"uv": [1.1875, 4.4375, 0.875, 4.125], "texture": "#0"},
				"east": {"uv": [1.4375, 4.125, 1.1875, 4.4375], "texture": "#0"},
				"south": {"uv": [0.875, 4.4375, 1.1875, 4.125], "texture": "#0"},
				"west": {"uv": [1.6875, 4.4375, 1.4375, 4.125], "texture": "#0"},
				"up": {"uv": [1.1875, 4.125, 1.4375, 4.4375], "rotation": 90, "texture": "#0"},
				"down": {"uv": [1.4375, 4.125, 1.6875, 4.4375], "rotation": 270, "texture": "#0"}
			}
		},
		{
			"from": [5, 20, 8],
			"to": [11, 31, 8],
			"rotation": {"angle": -22.5, "axis": "y", "origin": [8, 25, 8]},
			"faces": {
				"north": {"uv": [6, 0, 0, 11], "texture": "#3"},
				"east": {"uv": [0, 0, 0, 8], "texture": "#3"},
				"south": {"uv": [0, 0, 6, 11], "texture": "#3"},
				"west": {"uv": [0, 0, 0, 8], "texture": "#3"},
				"up": {"uv": [0, 0, 0, 6], "rotation": 90, "texture": "#3"},
				"down": {"uv": [0, 6, 0, 0], "rotation": 270, "texture": "#3"}
			}
		},
		{
			"from": [5, 20, 8],
			"to": [11, 31, 8],
			"rotation": {"angle": 22.5, "axis": "y", "origin": [8, 25, 8]},
			"faces": {
				"north": {"uv": [6, 0, 0, 11], "texture": "#3"},
				"east": {"uv": [0, 0, 0, 8], "texture": "#3"},
				"south": {"uv": [0, 0, 6, 11], "texture": "#3"},
				"west": {"uv": [0, 0, 0, 8], "texture": "#3"},
				"up": {"uv": [0, 0, 0, 6], "rotation": 90, "texture": "#3"},
				"down": {"uv": [0, 6, 0, 0], "rotation": 270, "texture": "#3"}
			}
		},
		{
			"from": [6.75, 21, 7],
			"to": [9.25, 23.5, 9],
			"rotation": {"angle": 45, "axis": "z", "origin": [8, 22.25, 8]},
			"faces": {
				"north": {"uv": [1.1875, 4.4375, 0.875, 4.125], "texture": "#0"},
				"east": {"uv": [1.4375, 4.125, 1.1875, 4.4375], "texture": "#0"},
				"south": {"uv": [0.875, 4.4375, 1.1875, 4.125], "texture": "#0"},
				"west": {"uv": [1.6875, 4.4375, 1.4375, 4.125], "texture": "#0"},
				"up": {"uv": [1.1875, 4.125, 1.4375, 4.4375], "rotation": 90, "texture": "#0"},
				"down": {"uv": [1.4375, 4.125, 1.6875, 4.4375], "rotation": 270, "texture": "#0"}
			}
		},
		{
			"from": [-8.05653, 3.5, 9.44347],
			"to": [-5.05653, 10.5, 9.44347],
			"rotation": {"angle": -22.5, "axis": "y", "origin": [-6.30653, 4, 9.44347]},
			"faces": {
				"north": {"uv": [3.375, 0.4375, 3.75, 1.3125], "texture": "#0"},
				"east": {"uv": [0, 0, 0, 256], "texture": "#missing"},
				"south": {"uv": [3.75, 0.4375, 3.375, 1.3125], "texture": "#0"},
				"west": {"uv": [0, 0, 0, 256], "texture": "#missing"},
				"up": {"uv": [0, 0, 0, 96], "rotation": 90, "texture": "#missing"},
				"down": {"uv": [0, 0, 0, 96], "rotation": 270, "texture": "#missing"}
			}
		},
		{
			"from": [-7.05653, 3, 8.44347],
			"to": [-5.05653, 4.5, 10.44347],
			"rotation": {"angle": -22.5, "axis": "y", "origin": [-6.30653, 4, 9.44347]},
			"faces": {
				"north": {"uv": [1.6875, 3.9375, 1.9375, 4.125], "texture": "#0"},
				"east": {"uv": [1.6875, 3.9375, 1.9375, 4.125], "texture": "#0"},
				"south": {"uv": [1.6875, 3.9375, 1.9375, 4.125], "texture": "#0"},
				"west": {"uv": [1.6875, 3.9375, 1.9375, 4.125], "texture": "#0"},
				"up": {"uv": [1.6875, 4.125, 1.9375, 4.375], "rotation": 90, "texture": "#0"},
				"down": {"uv": [1.6875, 4.125, 1.9375, 4.375], "rotation": 270, "texture": "#0"}
			}
		},
		{
			"from": [-10.05653, -1, 9.44347],
			"to": [-2.05653, 3, 9.44347],
			"rotation": {"angle": -22.5, "axis": "y", "origin": [-6.30653, 4, 9.44347]},
			"faces": {
				"north": {"uv": [0, 6, 16, 14], "texture": "#5"},
				"east": {"uv": [0, 0, 0, 14], "texture": "#5"},
				"south": {"uv": [16, 6, 0, 14], "texture": "#5"},
				"west": {"uv": [0, 0, 0, 14], "texture": "#5"},
				"up": {"uv": [0, 10, 0, 0], "rotation": 90, "texture": "#5"},
				"down": {"uv": [0, 0, 0, 10], "rotation": 270, "texture": "#5"}
			}
		},
		{
			"from": [19.05653, 5.5, 10.44347],
			"to": [22.05653, 12.5, 10.44347],
			"rotation": {"angle": 22.5, "axis": "y", "origin": [20.30653, 6, 10.44347]},
			"faces": {
				"north": {"uv": [3.75, 0.4375, 3.375, 1.3125], "texture": "#0"},
				"east": {"uv": [0, 0, 0, 256], "texture": "#missing"},
				"south": {"uv": [3.375, 0.4375, 3.75, 1.3125], "texture": "#0"},
				"west": {"uv": [0, 0, 0, 256], "texture": "#missing"},
				"up": {"uv": [0, 96, 0, 0], "rotation": 90, "texture": "#missing"},
				"down": {"uv": [0, 96, 0, 0], "rotation": 270, "texture": "#missing"}
			}
		},
		{
			"from": [16.05653, 1, 10.44347],
			"to": [24.05653, 5, 10.44347],
			"rotation": {"angle": 22.5, "axis": "y", "origin": [20.30653, 6, 10.44347]},
			"faces": {
				"north": {"uv": [16, 6, 0, 14], "texture": "#5"},
				"east": {"uv": [0, 0, 0, 14], "texture": "#5"},
				"south": {"uv": [0, 6, 16, 14], "texture": "#5"},
				"west": {"uv": [0, 0, 0, 14], "texture": "#5"},
				"up": {"uv": [0, 0, 0, 10], "rotation": 90, "texture": "#5"},
				"down": {"uv": [0, 10, 0, 0], "rotation": 270, "texture": "#5"}
			}
		},
		{
			"from": [19.05653, 5, 9.44347],
			"to": [21.05653, 6.5, 11.44347],
			"rotation": {"angle": 22.5, "axis": "y", "origin": [20.30653, 6, 10.44347]},
			"faces": {
				"north": {"uv": [1.9375, 3.9375, 1.6875, 4.125], "texture": "#0"},
				"east": {"uv": [1.9375, 3.9375, 1.6875, 4.125], "texture": "#0"},
				"south": {"uv": [1.9375, 3.9375, 1.6875, 4.125], "texture": "#0"},
				"west": {"uv": [1.9375, 3.9375, 1.6875, 4.125], "texture": "#0"},
				"up": {"uv": [1.6875, 4.375, 1.9375, 4.125], "rotation": 90, "texture": "#0"},
				"down": {"uv": [1.6875, 4.375, 1.9375, 4.125], "rotation": 270, "texture": "#0"}
			}
		},
		{
			"from": [18.36976, 18.52441, 15.34915],
			"to": [22.36976, 18.52441, 17.34915],
			"rotation": {"angle": -22.5, "axis": "x", "origin": [20.11976, 17.29834, 12.65]},
			"faces": {
				"north": {"uv": [0, 0, 0, 96], "rotation": 90, "texture": "#missing"},
				"east": {"uv": [0, 0, 0, 192], "rotation": 90, "texture": "#missing"},
				"south": {"uv": [0, 0, 0, 96], "rotation": 90, "texture": "#missing"},
				"west": {"uv": [0, 0, 0, 192], "rotation": 270, "texture": "#missing"},
				"up": {"uv": [4.375, 0.875, 3.875, 0.625], "rotation": 180, "texture": "#0"},
				"down": {"uv": [3.875, 0.875, 4.375, 0.625], "texture": "#0"}
			}
		},
		{
			"from": [18.36976, 17.27035, 12.53824],
			"to": [22.36976, 20.27035, 12.53824],
			"rotation": {"angle": 45, "axis": "x", "origin": [20.11976, 17.29834, 12.65]},
			"faces": {
				"north": {"uv": [4.375, 0.625, 3.875, 0.25], "texture": "#0"},
				"east": {"uv": [0, 192, 0, 0], "texture": "#missing"},
				"south": {"uv": [3.875, 0.625, 4.375, 0.25], "texture": "#0"},
				"west": {"uv": [0, 192, 0, 0], "texture": "#missing"},
				"up": {"uv": [0, 0, 0, 96], "rotation": 90, "texture": "#missing"},
				"down": {"uv": [0, 0, 0, 96], "rotation": 270, "texture": "#missing"}
			}
		},
		{
			"from": [18.36976, 15.31145, 12.55517],
			"to": [22.36976, 17.31145, 12.55517],
			"rotation": {"angle": 22.5, "axis": "x", "origin": [20.11976, 17.29834, 12.65]},
			"faces": {
				"north": {"uv": [4.375, 0.25, 3.875, 0], "texture": "#0"},
				"east": {"uv": [0, 192, 0, 0], "texture": "#missing"},
				"south": {"uv": [3.875, 0.25, 4.375, 0], "texture": "#0"},
				"west": {"uv": [0, 192, 0, 0], "texture": "#missing"},
				"up": {"uv": [0, 0, 0, 96], "rotation": 90, "texture": "#missing"},
				"down": {"uv": [0, 0, 0, 96], "rotation": 270, "texture": "#missing"}
			}
		},
		{
			"from": [21.58658, 19.5, 10.2],
			"to": [21.58658, 22, 13.2],
			"rotation": {"angle": -45, "axis": "z", "origin": [20.61976, 18.29834, 11.45]},
			"faces": {
				"north": {"uv": [0, 128, 0, 0], "texture": "#missing"},
				"east": {"uv": [4.8125, 0.625, 4.4375, 0.3125], "texture": "#0"},
				"south": {"uv": [0, 128, 0, 0], "texture": "#missing"},
				"west": {"uv": [4.4375, 0.625, 4.8125, 0.3125], "texture": "#0"},
				"up": {"uv": [0, 96, 0, 0], "texture": "#missing"},
				"down": {"uv": [0, 96, 0, 0], "texture": "#missing"}
			}
		},
		{
			"from": [21.95205, 16.09383, 10.2],
			"to": [21.95205, 19.09383, 13.2],
			"rotation": {"angle": -22.5, "axis": "z", "origin": [20.61976, 18.29834, 11.45]},
			"faces": {
				"north": {"uv": [0, 128, 0, 0], "texture": "#missing"},
				"east": {"uv": [4.8125, 0.375, 4.4375, 0], "texture": "#0"},
				"south": {"uv": [0, 128, 0, 0], "texture": "#missing"},
				"west": {"uv": [4.4375, 0.375, 4.8125, 0], "texture": "#0"},
				"up": {"uv": [0, 96, 0, 0], "texture": "#missing"},
				"down": {"uv": [0, 96, 0, 0], "texture": "#missing"}
			}
		}
	],
	"gui_light": "front",
	"display": {
		"thirdperson_righthand": {
			"rotation": [55, 0, 0],
			"translation": [0, 2, 1.75],
			"scale": [0.4, 0.4, 0.4]
		},
		"thirdperson_lefthand": {
			"rotation": [77, 0, 0],
			"translation": [-5.75, -6.5, 9]
		},
		"firstperson_righthand": {
			"rotation": [0, 134, 0],
			"translation": [10, -4, -17.5]
		},
		"firstperson_lefthand": {
			"scale": [0, 0, 0]
		},
		"ground": {
			"rotation": [80, 0, 0],
			"translation": [0, 0.5, -1.25],
			"scale": [0.6, 0.6, 0.6]
		},
		"gui": {
			"rotation": [20, 159, 0],
			"translation": [-0.325, -3.5, -1.5],
			"scale": [0.52, 0.52, 0.52]
		},
		"head": {
			"rotation": [6, 0, 0],
			"translation": [0, -46.25, 7.25],
			"scale": [1.6, 1.6, 1.6]
		},
		"fixed": {
			"translation": [0, 1.5, -2],
			"scale": [1.4, 1.4, 1.4]
		}
	}
}