{
	"credit": "Made with Blockbench",
	"texture_size": [128, 128],
	"textures": {
		"0": "elitecreatures:witchcaster_animated/witchcaster_texture",
		"3": "elitecreatures:witchcaster_animated/witchcaster_animation_01",
		"5": "elitecreatures:witchcaster_animated/witchcaster_animation_002-export",
		"particle": "elitecreatures:witchcaster_animated/witchcaster_texture"
	},
	"elements": [
		{
			"from": [-1, 2, 0],
			"to": [17, 13, 16],
			"rotation": {"angle": 0, "axis": "y", "origin": [-0.5, 1, -1]},
			"faces": {
				"north": {"uv": [0.625, 7.75, 2.875, 9.125], "texture": "#0"},
				"east": {"uv": [0.625, 9.125, 2.625, 10.5], "texture": "#0"},
				"south": {"uv": [0.625, 7.75, 2.875, 9.125], "texture": "#0"},
				"west": {"uv": [0.625, 9.125, 2.625, 10.5], "texture": "#0"},
				"up": {"uv": [2.875, 7.75, 5.125, 9.75], "texture": "#0"},
				"down": {"uv": [2.875, 7.75, 5.125, 9.75], "texture": "#0"}
			}
		},
		{
			"from": [5.5, 16.3, 8],
			"to": [10.5, 20.8, 8],
			"rotation": {"angle": -45, "axis": "y", "origin": [8, 16, 8]},
			"faces": {
				"north": {"uv": [3.1875, 1.3125, 3.8125, 1.875], "texture": "#0"},
				"east": {"uv": [2.25, 2.25, 1.875, 2.5], "texture": "#0"},
				"south": {"uv": [3.8125, 1.3125, 3.1875, 1.875], "texture": "#0"},
				"west": {"uv": [2.25, 2.25, 1.875, 2.5], "texture": "#0"},
				"up": {"uv": [1.875, 1.875, 2.25, 2.25], "rotation": 90, "texture": "#0"},
				"down": {"uv": [1.875, 1.875, 2.25, 2.25], "rotation": 270, "texture": "#0"}
			}
		},
		{
			"from": [5.5, 16.3, 8],
			"to": [10.5, 20.8, 8],
			"rotation": {"angle": 45, "axis": "y", "origin": [8, 16, 8]},
			"faces": {
				"north": {"uv": [3.1875, 1.3125, 3.8125, 1.875], "texture": "#0"},
				"east": {"uv": [2.25, 2.25, 1.875, 2.5], "texture": "#0"},
				"south": {"uv": [3.8125, 1.3125, 3.1875, 1.875], "texture": "#0"},
				"west": {"uv": [2.25, 2.25, 1.875, 2.5], "texture": "#0"},
				"up": {"uv": [1.875, 1.875, 2.25, 2.25], "rotation": 90, "texture": "#0"},
				"down": {"uv": [1.875, 1.875, 2.25, 2.25], "rotation": 270, "texture": "#0"}
			}
		},
		{
			"from": [6.5, 16, 6.5],
			"to": [9.5, 17, 9.5],
			"rotation": {"angle": 45, "axis": "y", "origin": [8, 16, 8]},
			"faces": {
				"north": {"uv": [1.875, 2.25, 2.25, 2.375], "texture": "#0"},
				"east": {"uv": [2.25, 2.25, 1.875, 2.375], "texture": "#0"},
				"south": {"uv": [1.875, 2.25, 2.25, 2.375], "texture": "#0"},
				"west": {"uv": [2.25, 2.25, 1.875, 2.375], "texture": "#0"},
				"up": {"uv": [1.875, 1.875, 2.25, 2.25], "rotation": 90, "texture": "#0"},
				"down": {"uv": [1.875, 1.875, 2.25, 2.25], "rotation": 270, "texture": "#0"}
			}
		},
		{
			"from": [6.75, 16.5, 7],
			"to": [9.25, 19, 9],
			"rotation": {"angle": -45, "axis": "z", "origin": [8, 17.75, 8]},
			"faces": {
				"north": {"uv": [0.875, 4.4375, 1.1875, 4.125], "texture": "#0"},
				"east": {"uv": [1.4375, 4.4375, 1.6875, 4.125], "texture": "#0"},
				"south": {"uv": [1.1875, 4.4375, 0.875, 4.125], "texture": "#0"},
				"west": {"uv": [1.1875, 4.125, 1.4375, 4.4375], "texture": "#0"},
				"up": {"uv": [1.1875, 4.4375, 1.4375, 4.125], "rotation": 90, "texture": "#0"},
				"down": {"uv": [1.4375, 4.4375, 1.6875, 4.125], "rotation": 270, "texture": "#0"}
			}
		},
		{
			"from": [5, 18, 8],
			"to": [11, 27, 8],
			"rotation": {"angle": -22.5, "axis": "y", "origin": [8, 23, 8]},
			"faces": {
				"north": {"uv": [0, 1, 6, 10], "texture": "#3"},
				"east": {"uv": [0, 0, 0, 8], "texture": "#3"},
				"south": {"uv": [6, 0, 0, 11], "texture": "#3"},
				"west": {"uv": [0, 0, 0, 8], "texture": "#3"},
				"up": {"uv": [0, 6, 0, 0], "rotation": 90, "texture": "#3"},
				"down": {"uv": [0, 0, 0, 6], "rotation": 270, "texture": "#3"}
			}
		},
		{
			"from": [5, 17, 8],
			"to": [11, 26, 8],
			"rotation": {"angle": 22.5, "axis": "y", "origin": [8, 22, 8]},
			"faces": {
				"north": {"uv": [0, 1, 6, 10], "texture": "#3"},
				"east": {"uv": [0, 0, 0, 8], "texture": "#3"},
				"south": {"uv": [6, 0, 0, 11], "texture": "#3"},
				"west": {"uv": [0, 0, 0, 8], "texture": "#3"},
				"up": {"uv": [0, 6, 0, 0], "rotation": 90, "texture": "#3"},
				"down": {"uv": [0, 0, 0, 6], "rotation": 270, "texture": "#3"}
			}
		},
		{
			"from": [-2.2, 13, 3],
			"to": [2.2, 18, 13],
			"rotation": {"angle": 0, "axis": "y", "origin": [15, 2, -8]},
			"faces": {
				"north": {"uv": [7.6875, 7.375, 7.125, 8], "texture": "#0"},
				"east": {"uv": [7.125, 8, 5.875, 7.375], "texture": "#0"},
				"south": {"uv": [7.6875, 7.375, 7.125, 8], "texture": "#0"},
				"west": {"uv": [7.125, 7.375, 5.875, 8], "texture": "#0"},
				"up": {"uv": [5.6875, 8.25, 5.125, 9.5], "texture": "#0"},
				"down": {"uv": [5.6875, 9.5, 5.125, 8.25], "texture": "#0"}
			}
		},
		{
			"from": [13.9, 11.3, -1.9],
			"to": [18.1, 18.3, 3.1],
			"rotation": {"angle": 45, "axis": "x", "origin": [15, 12.3, 0.1]},
			"faces": {
				"north": {"uv": [6.3125, 8.25, 6.8125, 9.125], "texture": "#0"},
				"east": {"uv": [10.625, 8.625, 10, 7.75], "texture": "#0"},
				"south": {"uv": [6.3125, 8.25, 6.8125, 9.125], "texture": "#0"},
				"west": {"uv": [6.3125, 8.25, 5.6875, 9.125], "texture": "#0"},
				"up": {"uv": [7.6875, 7.375, 8.1875, 8], "texture": "#0"},
				"down": {"uv": [7.6875, 7.375, 8.1875, 8], "texture": "#0"}
			}
		},
		{
			"from": [14, 7, -2],
			"to": [18, 13, 3],
			"rotation": {"angle": 0, "axis": "y", "origin": [1, 2, -8]},
			"faces": {
				"north": {"uv": [7.4375, 8, 7.9375, 8.75], "texture": "#0"},
				"east": {"uv": [11.25, 7.75, 10.625, 8.5], "texture": "#0"},
				"south": {"uv": [7.4375, 8, 7.9375, 8.75], "texture": "#0"},
				"west": {"uv": [7.4375, 8, 6.8125, 8.75], "texture": "#0"},
				"up": {"uv": [7.9375, 8, 8.4375, 8.625], "texture": "#0"},
				"down": {"uv": [7.9375, 8, 8.4375, 8.625], "texture": "#0"}
			}
		},
		{
			"from": [13.9, 11.3, 12.9],
			"to": [18.1, 18.3, 17.9],
			"rotation": {"angle": -45, "axis": "x", "origin": [15, 12.3, 15.9]},
			"faces": {
				"north": {"uv": [6.8125, 8.25, 6.3125, 9.125], "texture": "#0"},
				"east": {"uv": [10, 8.625, 10.625, 7.75], "texture": "#0"},
				"south": {"uv": [6.8125, 8.25, 6.3125, 9.125], "texture": "#0"},
				"west": {"uv": [5.6875, 8.25, 6.3125, 9.125], "texture": "#0"},
				"up": {"uv": [7.6875, 8, 8.1875, 7.375], "texture": "#0"},
				"down": {"uv": [7.6875, 8, 8.1875, 7.375], "texture": "#0"}
			}
		},
		{
			"from": [14, 7, 13],
			"to": [18, 13, 18],
			"rotation": {"angle": 0, "axis": "y", "origin": [1, 2, 24]},
			"faces": {
				"north": {"uv": [7.9375, 8, 7.4375, 8.75], "texture": "#0"},
				"east": {"uv": [10.625, 7.75, 11.25, 8.5], "texture": "#0"},
				"south": {"uv": [7.9375, 8, 7.4375, 8.75], "texture": "#0"},
				"west": {"uv": [6.8125, 8, 7.4375, 8.75], "texture": "#0"},
				"up": {"uv": [7.9375, 8.625, 8.4375, 8], "texture": "#0"},
				"down": {"uv": [7.9375, 8.625, 8.4375, 8], "texture": "#0"}
			}
		},
		{
			"from": [-2, 7, -2],
			"to": [2, 13, 3],
			"rotation": {"angle": 0, "axis": "y", "origin": [15, 2, -8]},
			"faces": {
				"north": {"uv": [7.9375, 8, 7.4375, 8.75], "texture": "#0"},
				"east": {"uv": [6.8125, 8, 7.4375, 8.75], "texture": "#0"},
				"south": {"uv": [7.9375, 8, 7.4375, 8.75], "texture": "#0"},
				"west": {"uv": [10.625, 7.75, 11.25, 8.5], "texture": "#0"},
				"up": {"uv": [8.4375, 8, 7.9375, 8.625], "texture": "#0"},
				"down": {"uv": [8.4375, 8, 7.9375, 8.625], "texture": "#0"}
			}
		},
		{
			"from": [-2.1, 11.3, -1.9],
			"to": [2.1, 18.3, 3.1],
			"rotation": {"angle": 45, "axis": "x", "origin": [1, 12.3, 0.1]},
			"faces": {
				"north": {"uv": [6.8125, 8.25, 6.3125, 9.125], "texture": "#0"},
				"east": {"uv": [5.6875, 8.25, 6.3125, 9.125], "texture": "#0"},
				"south": {"uv": [6.8125, 8.25, 6.3125, 9.125], "texture": "#0"},
				"west": {"uv": [10, 8.625, 10.625, 7.75], "texture": "#0"},
				"up": {"uv": [8.1875, 7.375, 7.6875, 8], "texture": "#0"},
				"down": {"uv": [8.1875, 7.375, 7.6875, 8], "texture": "#0"}
			}
		},
		{
			"from": [-2.1, 11.3, 12.9],
			"to": [2.1, 18.3, 17.9],
			"rotation": {"angle": -45, "axis": "x", "origin": [1, 12.3, 15.9]},
			"faces": {
				"north": {"uv": [6.3125, 8.25, 6.8125, 9.125], "texture": "#0"},
				"east": {"uv": [6.3125, 8.25, 5.6875, 9.125], "texture": "#0"},
				"south": {"uv": [6.3125, 8.25, 6.8125, 9.125], "texture": "#0"},
				"west": {"uv": [10.625, 8.625, 10, 7.75], "texture": "#0"},
				"up": {"uv": [8.1875, 8, 7.6875, 7.375], "texture": "#0"},
				"down": {"uv": [8.1875, 8, 7.6875, 7.375], "texture": "#0"}
			}
		},
		{
			"from": [-2, 7, 13],
			"to": [2, 13, 18],
			"rotation": {"angle": 0, "axis": "y", "origin": [15, 2, 24]},
			"faces": {
				"north": {"uv": [7.4375, 8, 7.9375, 8.75], "texture": "#0"},
				"east": {"uv": [7.4375, 8, 6.8125, 8.75], "texture": "#0"},
				"south": {"uv": [7.4375, 8, 7.9375, 8.75], "texture": "#0"},
				"west": {"uv": [11.25, 7.75, 10.625, 8.5], "texture": "#0"},
				"up": {"uv": [8.4375, 8.625, 7.9375, 8], "texture": "#0"},
				"down": {"uv": [8.4375, 8.625, 7.9375, 8], "texture": "#0"}
			}
		},
		{
			"from": [13.8, 13, 3],
			"to": [18.2, 18, 13],
			"rotation": {"angle": 0, "axis": "y", "origin": [1, 2, -8]},
			"faces": {
				"north": {"uv": [7.125, 7.375, 7.6875, 8], "texture": "#0"},
				"east": {"uv": [5.875, 7.375, 7.125, 8], "texture": "#0"},
				"south": {"uv": [7.6875, 7.375, 7.125, 8], "texture": "#0"},
				"west": {"uv": [5.875, 8, 7.125, 7.375], "texture": "#0"},
				"up": {"uv": [5.125, 8.25, 5.6875, 9.5], "texture": "#0"},
				"down": {"uv": [5.125, 9.5, 5.6875, 8.25], "texture": "#0"}
			}
		},
		{
			"from": [2, 8, -0.5],
			"to": [14.5, 13, 2.5],
			"rotation": {"angle": 0, "axis": "y", "origin": [0, 2, -8.5]},
			"faces": {
				"north": {"uv": [8.4125, 8.875, 9.975, 9.5], "texture": "#0"},
				"east": {"uv": [2.25, 3.8125, 1.875, 4.4375], "texture": "#0"},
				"south": {"uv": [8.375, 8.875, 9.9375, 9.5], "texture": "#0"},
				"west": {"uv": [1.875, 3.8125, 2.25, 4.4375], "texture": "#0"},
				"up": {"uv": [5.125, 9.5, 6.6875, 9.875], "texture": "#0"},
				"down": {"uv": [5.125, 9.5, 6.6875, 9.875], "texture": "#0"}
			}
		},
		{
			"from": [1.8, 13, -0.5],
			"to": [14.3, 17.2, 2.5],
			"rotation": {"angle": 45, "axis": "x", "origin": [14, 13, -0.5]},
			"faces": {
				"north": {"uv": [6.8125, 8.75, 8.375, 9.275], "texture": "#0"},
				"south": {"uv": [6.8125, 8.75, 8.375, 9.275], "texture": "#0"},
				"up": {"uv": [6.8125, 9.3125, 8.3375, 9.6875], "texture": "#0"},
				"down": {"uv": [6.8125, 9.3125, 8.3375, 9.6875], "texture": "#0"}
			}
		},
		{
			"from": [1.8, 13, 13.5],
			"to": [14.3, 17.2, 16.5],
			"rotation": {"angle": -45, "axis": "x", "origin": [14, 13, 16.5]},
			"faces": {
				"north": {"uv": [8.375, 8.75, 6.8125, 9.275], "texture": "#0"},
				"south": {"uv": [8.375, 8.75, 6.8125, 9.275], "texture": "#0"},
				"up": {"uv": [6.8125, 9.6875, 8.3375, 9.3125], "texture": "#0"},
				"down": {"uv": [6.8125, 9.6875, 8.3375, 9.3125], "texture": "#0"}
			}
		},
		{
			"from": [2, 8, 13.5],
			"to": [14.5, 13, 16.5],
			"rotation": {"angle": 0, "axis": "y", "origin": [0, 2, 24.5]},
			"faces": {
				"north": {"uv": [9.9375, 8.875, 8.375, 9.5], "texture": "#0"},
				"east": {"uv": [1.875, 3.8125, 2.25, 4.4375], "texture": "#0"},
				"south": {"uv": [9.975, 8.875, 8.4125, 9.5], "texture": "#0"},
				"west": {"uv": [2.25, 3.8125, 1.875, 4.4375], "texture": "#0"},
				"up": {"uv": [5.125, 9.875, 6.6875, 9.5], "texture": "#0"},
				"down": {"uv": [5.125, 9.875, 6.6875, 9.5], "texture": "#0"}
			}
		},
		{
			"from": [1.8, 13, 2.5],
			"to": [14.3, 16, 13.5],
			"rotation": {"angle": 0, "axis": "y", "origin": [0, 2, -8.5]},
			"faces": {
				"north": {"uv": [8.4375, 8.5, 9.9875, 8.875], "texture": "#0"},
				"south": {"uv": [8.4375, 8.5, 9.9875, 8.875], "texture": "#0"},
				"up": {"uv": [8.4375, 7.125, 10, 8.5], "texture": "#0"},
				"down": {"uv": [8.4375, 7.125, 9.9875, 8.5], "texture": "#0"}
			}
		},
		{
			"from": [-1, 0, 0],
			"to": [2, 2, 3],
			"rotation": {"angle": 0, "axis": "y", "origin": [-1.5, 0, -2]},
			"faces": {
				"north": {"uv": [5, 7.25, 5.375, 7.5], "texture": "#0"},
				"east": {"uv": [5.375, 7.25, 5, 7.5], "texture": "#0"},
				"south": {"uv": [5, 7.25, 5.375, 7.5], "texture": "#0"},
				"west": {"uv": [5.375, 7.25, 5, 7.5], "texture": "#0"},
				"up": {"uv": [4.625, 7.25, 5, 7.625], "texture": "#0"},
				"down": {"uv": [4.625, 7.25, 5, 7.625], "texture": "#0"}
			}
		},
		{
			"from": [-1, 0, 13],
			"to": [2, 2, 16],
			"rotation": {"angle": 0, "axis": "y", "origin": [-1.5, 0, 18]},
			"faces": {
				"north": {"uv": [5.375, 7.25, 5, 7.5], "texture": "#0"},
				"east": {"uv": [5, 7.25, 5.375, 7.5], "texture": "#0"},
				"south": {"uv": [5.375, 7.25, 5, 7.5], "texture": "#0"},
				"west": {"uv": [5, 7.25, 5.375, 7.5], "texture": "#0"},
				"up": {"uv": [4.625, 7.625, 5, 7.25], "texture": "#0"},
				"down": {"uv": [4.625, 7.625, 5, 7.25], "texture": "#0"}
			}
		},
		{
			"from": [14, 0, 13],
			"to": [17, 2, 16],
			"rotation": {"angle": 0, "axis": "y", "origin": [17.5, 0, 18]},
			"faces": {
				"north": {"uv": [5, 7.25, 5.375, 7.5], "texture": "#0"},
				"east": {"uv": [5.375, 7.25, 5, 7.5], "texture": "#0"},
				"south": {"uv": [5, 7.25, 5.375, 7.5], "texture": "#0"},
				"west": {"uv": [5, 7.25, 5.375, 7.5], "texture": "#0"},
				"up": {"uv": [5, 7.625, 4.625, 7.25], "texture": "#0"},
				"down": {"uv": [5, 7.625, 4.625, 7.25], "texture": "#0"}
			}
		},
		{
			"from": [14, 0, 0],
			"to": [17, 2, 3],
			"rotation": {"angle": 0, "axis": "y", "origin": [17.5, 0, -2]},
			"faces": {
				"north": {"uv": [5.375, 7.25, 5, 7.5], "texture": "#0"},
				"east": {"uv": [5, 7.25, 5.375, 7.5], "texture": "#0"},
				"south": {"uv": [5.375, 7.25, 5, 7.5], "texture": "#0"},
				"west": {"uv": [5, 7.25, 5.375, 7.5], "texture": "#0"},
				"up": {"uv": [5, 7.25, 4.625, 7.625], "texture": "#0"},
				"down": {"uv": [5, 7.25, 4.625, 7.625], "texture": "#0"}
			}
		},
		{
			"from": [6, 6.5, -2],
			"to": [10, 10.5, 0],
			"rotation": {"angle": 0, "axis": "y", "origin": [0, 1, -9]},
			"faces": {
				"north": {"uv": [5.125, 7.75, 5.625, 8.25], "texture": "#0"},
				"east": {"uv": [5.625, 7.75, 5.875, 8.25], "texture": "#0"},
				"south": {"uv": [5.125, 7.75, 5.625, 8.25], "texture": "#0"},
				"west": {"uv": [5.875, 7.75, 5.625, 8.25], "texture": "#0"},
				"up": {"uv": [5, 7.5, 5.5, 7.75], "texture": "#0"},
				"down": {"uv": [5, 7.5, 5.5, 7.75], "texture": "#0"}
			}
		},
		{
			"from": [6, 9.3, -1.95],
			"to": [8.9, 12.2, 0.05],
			"rotation": {"angle": 45, "axis": "z", "origin": [8, 11.3, 0]},
			"faces": {
				"north": {"uv": [5.5, 7.375, 5.875, 7.75], "texture": "#0"},
				"east": {"uv": [2.875, 9.125, 2.625, 9.4875], "texture": "#0"},
				"south": {"uv": [5.5, 7.375, 5.875, 7.75], "texture": "#0"},
				"west": {"uv": [2.625, 9.125, 2.875, 9.4875], "texture": "#0"},
				"up": {"uv": [4.125, 7.6875, 4.5, 7.4375], "texture": "#0"},
				"down": {"uv": [4.125, 7.4375, 4.5, 7.6875], "texture": "#0"}
			}
		},
		{
			"from": [6.1, 5.2, -1.95],
			"to": [9, 8.1, 0.05],
			"rotation": {"angle": 45, "axis": "z", "origin": [8, 7.1, 0]},
			"faces": {
				"north": {"uv": [5.5, 7.375, 5.875, 7.75], "texture": "#0"},
				"east": {"uv": [2.875, 9.125, 2.625, 9.4875], "texture": "#0"},
				"south": {"uv": [5.5, 7.375, 5.875, 7.75], "texture": "#0"},
				"west": {"uv": [2.625, 9.125, 2.875, 9.4875], "texture": "#0"},
				"up": {"uv": [4.125, 7.6875, 4.5, 7.4375], "texture": "#0"},
				"down": {"uv": [4.125, 7.4375, 4.5, 7.6875], "texture": "#0"}
			}
		},
		{
			"from": [1.96976, 20, 9.01681],
			"to": [4.96976, 22.5, 9.01681],
			"rotation": {"angle": 45, "axis": "x", "origin": [3.71976, 18.79834, 8.05]},
			"faces": {
				"north": {"uv": [4.4375, 0.625, 4.8125, 0.3125], "texture": "#0"},
				"east": {"uv": [0, 128, 0, 0], "texture": "#missing"},
				"south": {"uv": [4.8125, 0.625, 4.4375, 0.3125], "texture": "#0"},
				"west": {"uv": [0, 128, 0, 0], "texture": "#missing"},
				"up": {"uv": [0, 96, 0, 0], "rotation": 90, "texture": "#missing"},
				"down": {"uv": [0, 96, 0, 0], "rotation": 270, "texture": "#missing"}
			}
		},
		{
			"from": [1.96976, 16.59383, 9.38229],
			"to": [4.96976, 19.59383, 9.38229],
			"rotation": {"angle": 22.5, "axis": "x", "origin": [3.71976, 18.79834, 8.05]},
			"faces": {
				"north": {"uv": [4.4375, 0.375, 4.8125, 0], "texture": "#0"},
				"east": {"uv": [0, 128, 0, 0], "texture": "#missing"},
				"south": {"uv": [4.8125, 0.375, 4.4375, 0], "texture": "#0"},
				"west": {"uv": [0, 128, 0, 0], "texture": "#missing"},
				"up": {"uv": [0, 96, 0, 0], "rotation": 90, "texture": "#missing"},
				"down": {"uv": [0, 96, 0, 0], "rotation": 270, "texture": "#missing"}
			}
		},
		{
			"from": [-2.57938, 19.22441, 5.7],
			"to": [-0.57938, 19.22441, 9.7],
			"rotation": {"angle": -22.5, "axis": "z", "origin": [2.11976, 17.99834, 7.45]},
			"faces": {
				"north": {"uv": [0, 0, 0, 192], "rotation": 270, "texture": "#missing"},
				"east": {"uv": [0, 0, 0, 96], "rotation": 90, "texture": "#missing"},
				"south": {"uv": [0, 0, 0, 192], "rotation": 90, "texture": "#missing"},
				"west": {"uv": [0, 0, 0, 96], "rotation": 90, "texture": "#missing"},
				"up": {"uv": [4.375, 0.875, 3.875, 0.625], "rotation": 270, "texture": "#0"},
				"down": {"uv": [3.875, 0.875, 4.375, 0.625], "rotation": 270, "texture": "#0"}
			}
		},
		{
			"from": [2.23153, 17.97035, 5.7],
			"to": [2.23153, 20.97035, 9.7],
			"rotation": {"angle": 45, "axis": "z", "origin": [2.11976, 17.99834, 7.45]},
			"faces": {
				"north": {"uv": [0, 192, 0, 0], "texture": "#missing"},
				"east": {"uv": [4.375, 0.625, 3.875, 0.25], "texture": "#0"},
				"south": {"uv": [0, 192, 0, 0], "texture": "#missing"},
				"west": {"uv": [3.875, 0.625, 4.375, 0.25], "texture": "#0"},
				"up": {"uv": [0, 0, 0, 96], "rotation": 180, "texture": "#missing"},
				"down": {"uv": [0, 0, 0, 96], "rotation": 180, "texture": "#missing"}
			}
		},
		{
			"from": [2.2146, 16.01145, 5.7],
			"to": [2.2146, 18.01145, 9.7],
			"rotation": {"angle": 22.5, "axis": "z", "origin": [2.11976, 17.99834, 7.45]},
			"faces": {
				"north": {"uv": [0, 192, 0, 0], "texture": "#missing"},
				"east": {"uv": [4.375, 0.25, 3.875, 0], "texture": "#0"},
				"south": {"uv": [0, 192, 0, 0], "texture": "#missing"},
				"west": {"uv": [3.875, 0.25, 4.375, 0], "texture": "#0"},
				"up": {"uv": [0, 0, 0, 96], "rotation": 180, "texture": "#missing"},
				"down": {"uv": [0, 0, 0, 96], "rotation": 180, "texture": "#missing"}
			}
		},
		{
			"from": [11.03024, 20, 9.01681],
			"to": [14.03024, 22.5, 9.01681],
			"rotation": {"angle": 45, "axis": "x", "origin": [12.28024, 18.79834, 8.05]},
			"faces": {
				"north": {"uv": [4.8125, 0.625, 4.4375, 0.3125], "texture": "#0"},
				"east": {"uv": [0, 128, 0, 0], "texture": "#missing"},
				"south": {"uv": [4.4375, 0.625, 4.8125, 0.3125], "texture": "#0"},
				"west": {"uv": [0, 128, 0, 0], "texture": "#missing"},
				"up": {"uv": [0, 0, 0, 96], "rotation": 90, "texture": "#missing"},
				"down": {"uv": [0, 0, 0, 96], "rotation": 270, "texture": "#missing"}
			}
		},
		{
			"from": [11.03024, 16.59383, 9.38229],
			"to": [14.03024, 19.59383, 9.38229],
			"rotation": {"angle": 22.5, "axis": "x", "origin": [12.28024, 18.79834, 8.05]},
			"faces": {
				"north": {"uv": [4.8125, 0.375, 4.4375, 0], "texture": "#0"},
				"east": {"uv": [0, 128, 0, 0], "texture": "#missing"},
				"south": {"uv": [4.4375, 0.375, 4.8125, 0], "texture": "#0"},
				"west": {"uv": [0, 128, 0, 0], "texture": "#missing"},
				"up": {"uv": [0, 0, 0, 96], "rotation": 90, "texture": "#missing"},
				"down": {"uv": [0, 0, 0, 96], "rotation": 270, "texture": "#missing"}
			}
		},
		{
			"from": [16.57938, 19.22441, 5.7],
			"to": [18.57938, 19.22441, 9.7],
			"rotation": {"angle": 22.5, "axis": "z", "origin": [13.88024, 17.99834, 7.45]},
			"faces": {
				"north": {"uv": [0, 192, 0, 0], "rotation": 270, "texture": "#missing"},
				"east": {"uv": [0, 96, 0, 0], "rotation": 90, "texture": "#missing"},
				"south": {"uv": [0, 192, 0, 0], "rotation": 90, "texture": "#missing"},
				"west": {"uv": [0, 96, 0, 0], "rotation": 90, "texture": "#missing"},
				"up": {"uv": [4.375, 0.625, 3.875, 0.875], "rotation": 270, "texture": "#0"},
				"down": {"uv": [3.875, 0.625, 4.375, 0.875], "rotation": 270, "texture": "#0"}
			}
		},
		{
			"from": [13.76847, 17.97035, 5.7],
			"to": [13.76847, 20.97035, 9.7],
			"rotation": {"angle": -45, "axis": "z", "origin": [13.88024, 17.99834, 7.45]},
			"faces": {
				"north": {"uv": [0, 192, 0, 0], "texture": "#missing"},
				"east": {"uv": [4.375, 0.625, 3.875, 0.25], "texture": "#0"},
				"south": {"uv": [0, 192, 0, 0], "texture": "#missing"},
				"west": {"uv": [3.875, 0.625, 4.375, 0.25], "texture": "#0"},
				"up": {"uv": [0, 0, 0, 96], "rotation": 180, "texture": "#missing"},
				"down": {"uv": [0, 0, 0, 96], "rotation": 180, "texture": "#missing"}
			}
		},
		{
			"from": [13.7854, 16.01145, 5.7],
			"to": [13.7854, 18.01145, 9.7],
			"rotation": {"angle": -22.5, "axis": "z", "origin": [13.88024, 17.99834, 7.45]},
			"faces": {
				"north": {"uv": [0, 192, 0, 0], "texture": "#missing"},
				"east": {"uv": [4.375, 0.25, 3.875, 0], "texture": "#0"},
				"south": {"uv": [0, 192, 0, 0], "texture": "#missing"},
				"west": {"uv": [3.875, 0.25, 4.375, 0], "texture": "#0"},
				"up": {"uv": [0, 0, 0, 96], "rotation": 180, "texture": "#missing"},
				"down": {"uv": [0, 0, 0, 96], "rotation": 180, "texture": "#missing"}
			}
		},
		{
			"from": [18, 6.8, 6.5],
			"to": [18, 13.8, 9.5],
			"rotation": {"angle": 0, "axis": "y", "origin": [10, 3.8, -8.5]},
			"faces": {
				"north": {"uv": [0, 0, 0, 256], "texture": "#missing"},
				"east": {"uv": [3.75, 0.4375, 3.375, 1.3125], "texture": "#0"},
				"south": {"uv": [0, 0, 0, 256], "texture": "#missing"},
				"west": {"uv": [3.375, 0.4375, 3.75, 1.3125], "texture": "#0"},
				"up": {"uv": [0, 0, 0, 96], "texture": "#missing"},
				"down": {"uv": [0, 0, 0, 96], "texture": "#missing"}
			}
		},
		{
			"from": [17, 6.3, 6.5],
			"to": [19, 7.8, 8.5],
			"rotation": {"angle": 0, "axis": "y", "origin": [10, 3.8, -8.5]},
			"faces": {
				"north": {"uv": [1.6875, 3.9375, 1.9375, 4.125], "texture": "#0"},
				"east": {"uv": [1.6875, 3.9375, 1.9375, 4.125], "texture": "#0"},
				"south": {"uv": [1.6875, 3.9375, 1.9375, 4.125], "texture": "#0"},
				"west": {"uv": [1.6875, 3.9375, 1.9375, 4.125], "texture": "#0"},
				"up": {"uv": [1.6875, 4.125, 1.9375, 4.375], "texture": "#0"},
				"down": {"uv": [1.6875, 4.125, 1.9375, 4.375], "texture": "#0"}
			}
		},
		{
			"from": [18, 2.3, 3.5],
			"to": [18, 6.3, 11.5],
			"rotation": {"angle": 0, "axis": "y", "origin": [16, 6.3, 4.5]},
			"faces": {
				"north": {"uv": [0, 0, 0, 14], "texture": "#5"},
				"east": {"uv": [16, 6, 0, 14], "texture": "#5"},
				"south": {"uv": [0, 0, 0, 14], "texture": "#5"},
				"west": {"uv": [0, 6, 16, 14], "texture": "#5"},
				"up": {"uv": [0, 10, 0, 0], "texture": "#5"},
				"down": {"uv": [0, 0, 0, 10], "texture": "#5"}
			}
		},
		{
			"from": [-2, 6.8, 6.5],
			"to": [-2, 13.8, 9.5],
			"rotation": {"angle": 0, "axis": "y", "origin": [6, 3.8, -8.5]},
			"faces": {
				"north": {"uv": [0, 0, 0, 256], "texture": "#missing"},
				"east": {"uv": [3.75, 0.4375, 3.375, 1.3125], "texture": "#0"},
				"south": {"uv": [0, 0, 0, 256], "texture": "#missing"},
				"west": {"uv": [3.375, 0.4375, 3.75, 1.3125], "texture": "#0"},
				"up": {"uv": [0, 0, 0, 96], "texture": "#missing"},
				"down": {"uv": [0, 0, 0, 96], "texture": "#missing"}
			}
		},
		{
			"from": [-3, 6.3, 6.5],
			"to": [-1, 7.8, 8.5],
			"rotation": {"angle": 0, "axis": "y", "origin": [6, 3.8, -8.5]},
			"faces": {
				"north": {"uv": [1.9375, 3.9375, 1.6875, 4.125], "texture": "#0"},
				"east": {"uv": [1.9375, 3.9375, 1.6875, 4.125], "texture": "#0"},
				"south": {"uv": [1.9375, 3.9375, 1.6875, 4.125], "texture": "#0"},
				"west": {"uv": [1.9375, 3.9375, 1.6875, 4.125], "texture": "#0"},
				"up": {"uv": [1.9375, 4.125, 1.6875, 4.375], "texture": "#0"},
				"down": {"uv": [1.9375, 4.125, 1.6875, 4.375], "texture": "#0"}
			}
		},
		{
			"from": [-2, 2.3, 3.5],
			"to": [-2, 6.3, 11.5],
			"rotation": {"angle": 0, "axis": "y", "origin": [0, 6.3, 4.5]},
			"faces": {
				"north": {"uv": [0, 0, 0, 14], "texture": "#5"},
				"east": {"uv": [16, 6, 0, 14], "texture": "#5"},
				"south": {"uv": [0, 0, 0, 14], "texture": "#5"},
				"west": {"uv": [0, 6, 16, 14], "texture": "#5"},
				"up": {"uv": [0, 10, 0, 0], "texture": "#5"},
				"down": {"uv": [0, 0, 0, 10], "texture": "#5"}
			}
		}
	],
	"gui_light": "front",
	"display": {
		"thirdperson_righthand": {
			"rotation": [60.75, 0, 0],
			"translation": [0, 2.5, 0],
			"scale": [0.42773, 0.42773, 0.42773]
		},
		"thirdperson_lefthand": {
			"rotation": [60.75, 0, 0],
			"translation": [0, 2.5, 0],
			"scale": [0.42773, 0.42773, 0.42773]
		},
		"firstperson_righthand": {
			"rotation": [-180, 41.75, -180],
			"translation": [12.25, -8, -18.5],
			"scale": [0.80469, 0.80469, 0.80469]
		},
		"firstperson_lefthand": {
			"rotation": [-180, 41.75, -180],
			"translation": [12.25, -8, -18.5],
			"scale": [0.80469, 0.80469, 0.80469]
		},
		"ground": {
			"translation": [0, 0.25, 0],
			"scale": [0.54492, 0.54492, 0.54492]
		},
		"gui": {
			"rotation": [16, 159, 0],
			"translation": [0, -2.5, 0],
			"scale": [0.5, 0.5, 0.5]
		},
		"head": {
			"translation": [0, -32.5, -0.75],
			"scale": [1.2, 1.2, 1.2]
		},
		"fixed": {
			"rotation": [-90, 0, 0],
			"translation": [0, 0, -13.75],
			"scale": [1.8, 1.8, 1.8]
		}
	}
}