{
	"credit": "Made with Blockbench",
	"texture_size": [128, 128],
	"textures": {
		"0": "elitecreatures:witchcaster_animated/witchcaster_texture",
		"3": "elitecreatures:witchcaster_animated/witchcaster_animation_01",
		"4": "elitecreatures:witchcaster_animated/witchcaster_animation_03",
		"5": "elitecreatures:witchcaster_animated/witchcaster_animation_002-export",
		"particle": "elitecreatures:witchcaster_animated/witchcaster_texture"
	},
	"elements": [
		{
			"from": [9, -1.9, -1],
			"to": [10, 12.1, 8],
			"rotation": {"angle": 22.5, "axis": "y", "origin": [10, 2.1, 8]},
			"faces": {
				"north": {"uv": [1.125, 12.25, 1.25, 10.5], "texture": "#0"},
				"east": {"uv": [0, 12.25, 1.125, 10.5], "texture": "#0"},
				"south": {"uv": [1.125, 12.25, 1.25, 10.5], "texture": "#0"},
				"west": {"uv": [1.125, 12.25, 0, 10.5], "texture": "#0"},
				"up": {"uv": [0.625, 9.1875, 0.5, 10.3125], "texture": "#0"},
				"down": {"uv": [0.625, 10.3125, 0.5, 9.1875], "texture": "#0"}
			}
		},
		{
			"from": [7.5, 16, 6.5],
			"to": [10.5, 17, 9.5],
			"rotation": {"angle": 45, "axis": "y", "origin": [9, 16, 8]},
			"faces": {
				"north": {"uv": [2.25, 2.25, 1.875, 2.375], "texture": "#0"},
				"east": {"uv": [1.875, 2.25, 2.25, 2.375], "texture": "#0"},
				"south": {"uv": [2.25, 2.25, 1.875, 2.375], "texture": "#0"},
				"west": {"uv": [1.875, 2.25, 2.25, 2.375], "texture": "#0"},
				"up": {"uv": [1.875, 1.875, 2.25, 2.25], "rotation": 180, "texture": "#0"},
				"down": {"uv": [1.875, 1.875, 2.25, 2.25], "rotation": 180, "texture": "#0"}
			}
		},
		{
			"from": [9, 16.3, 5.5],
			"to": [9, 20.8, 10.5],
			"rotation": {"angle": -45, "axis": "y", "origin": [9, 16, 8]},
			"faces": {
				"north": {"uv": [2.25, 2.25, 1.875, 2.5], "texture": "#0"},
				"east": {"uv": [3.1875, 1.3125, 3.8125, 1.875], "texture": "#0"},
				"south": {"uv": [2.25, 2.25, 1.875, 2.5], "texture": "#0"},
				"west": {"uv": [3.8125, 1.3125, 3.1875, 1.875], "texture": "#0"},
				"up": {"uv": [1.875, 1.875, 2.25, 2.25], "rotation": 180, "texture": "#0"},
				"down": {"uv": [1.875, 1.875, 2.25, 2.25], "rotation": 180, "texture": "#0"}
			}
		},
		{
			"from": [9, 16.3, 5.5],
			"to": [9, 20.8, 10.5],
			"rotation": {"angle": 45, "axis": "y", "origin": [9, 16, 8]},
			"faces": {
				"north": {"uv": [2.25, 2.25, 1.875, 2.5], "texture": "#0"},
				"east": {"uv": [3.1875, 1.3125, 3.8125, 1.875], "texture": "#0"},
				"south": {"uv": [2.25, 2.25, 1.875, 2.5], "texture": "#0"},
				"west": {"uv": [3.8125, 1.3125, 3.1875, 1.875], "texture": "#0"},
				"up": {"uv": [1.875, 1.875, 2.25, 2.25], "rotation": 180, "texture": "#0"},
				"down": {"uv": [1.875, 1.875, 2.25, 2.25], "rotation": 180, "texture": "#0"}
			}
		},
		{
			"from": [8, 16.5, 6.75],
			"to": [10, 19, 9.25],
			"rotation": {"angle": 45, "axis": "x", "origin": [9, 17.75, 8]},
			"faces": {
				"north": {"uv": [1.1875, 4.125, 1.4375, 4.4375], "texture": "#0"},
				"east": {"uv": [0.875, 4.4375, 1.1875, 4.125], "texture": "#0"},
				"south": {"uv": [1.4375, 4.4375, 1.6875, 4.125], "texture": "#0"},
				"west": {"uv": [1.1875, 4.4375, 0.875, 4.125], "texture": "#0"},
				"up": {"uv": [1.1875, 4.4375, 1.4375, 4.125], "rotation": 180, "texture": "#0"},
				"down": {"uv": [1.4375, 4.4375, 1.6875, 4.125], "rotation": 180, "texture": "#0"}
			}
		},
		{
			"from": [9, 18, 5],
			"to": [9, 27, 11],
			"rotation": {"angle": -22.5, "axis": "y", "origin": [9, 23, 8]},
			"faces": {
				"north": {"uv": [0, 0, 0, 8], "texture": "#3"},
				"east": {"uv": [0, 1, 6, 10], "texture": "#3"},
				"south": {"uv": [0, 0, 0, 8], "texture": "#3"},
				"west": {"uv": [6, 0, 0, 11], "texture": "#3"},
				"up": {"uv": [0, 6, 0, 0], "rotation": 180, "texture": "#3"},
				"down": {"uv": [0, 0, 0, 6], "rotation": 180, "texture": "#3"}
			}
		},
		{
			"from": [9, 17, 5],
			"to": [9, 26, 11],
			"rotation": {"angle": 22.5, "axis": "y", "origin": [9, 22, 8]},
			"faces": {
				"north": {"uv": [0, 0, 0, 8], "texture": "#3"},
				"east": {"uv": [0, 1, 6, 10], "texture": "#3"},
				"south": {"uv": [0, 0, 0, 8], "texture": "#3"},
				"west": {"uv": [6, 0, 0, 11], "texture": "#3"},
				"up": {"uv": [0, 6, 0, 0], "rotation": 180, "texture": "#3"},
				"down": {"uv": [0, 0, 0, 6], "rotation": 180, "texture": "#3"}
			}
		},
		{
			"from": [9, -1.9, 8],
			"to": [10, 12.1, 17],
			"rotation": {"angle": -22.5, "axis": "y", "origin": [10, 2.1, 8]},
			"faces": {
				"north": {"uv": [1.25, 12.25, 1.125, 10.5], "texture": "#0"},
				"east": {"uv": [1.125, 12.25, 0, 10.5], "texture": "#0"},
				"south": {"uv": [1.25, 12.25, 1.125, 10.5], "texture": "#0"},
				"west": {"uv": [0, 12.25, 1.125, 10.5], "texture": "#0"},
				"up": {"uv": [0.625, 10.3125, 0.5, 9.1875], "texture": "#0"},
				"down": {"uv": [0.625, 9.1875, 0.5, 10.3125], "texture": "#0"}
			}
		},
		{
			"from": [9.5, 0.5, 6.25],
			"to": [10.5, 4, 9.75],
			"rotation": {"angle": -45, "axis": "x", "origin": [10, 2.25, 8]},
			"faces": {
				"north": {"uv": [0.4375, 5.1875, 0.5625, 4.75], "texture": "#0"},
				"east": {"uv": [0.4375, 5.1875, 0, 4.75], "texture": "#0"},
				"south": {"uv": [0.5625, 4.75, 0.4375, 5.1875], "texture": "#0"},
				"west": {"uv": [0.4375, 5.1875, 0, 4.75], "texture": "#0"},
				"up": {"uv": [0.5625, 5.1875, 0.4375, 4.75], "texture": "#0"},
				"down": {"uv": [0.5625, 5.1875, 0.4375, 4.75], "texture": "#0"}
			}
		},
		{
			"from": [11.1, 1, 6.75],
			"to": [11.1, 3.5, 9.25],
			"rotation": {"angle": -45, "axis": "x", "origin": [10.1, 2.25, 8]},
			"faces": {
				"north": {"uv": [0, 0, 0, 5], "texture": "#4"},
				"east": {"uv": [5, 0, 0, 5], "texture": "#4"},
				"south": {"uv": [0, 0, 0, 5], "texture": "#4"},
				"west": {"uv": [0, 0, 5, 5], "texture": "#4"},
				"up": {"uv": [0, 5, 0, 0], "texture": "#4"},
				"down": {"uv": [0, 0, 0, 5], "texture": "#4"}
			}
		},
		{
			"from": [10, 1, 6.75],
			"to": [11, 3.5, 9.25],
			"rotation": {"angle": -45, "axis": "x", "origin": [10, 2.25, 8]},
			"faces": {
				"north": {"uv": [1.5625, 4.75, 1.4375, 4.4375], "texture": "#0"},
				"east": {"uv": [1.1875, 4.75, 0.875, 4.4375], "texture": "#0"},
				"south": {"uv": [1.3125, 4.4375, 1.1875, 4.75], "texture": "#0"},
				"west": {"uv": [0.875, 4.75, 1.1875, 4.4375], "texture": "#0"},
				"up": {"uv": [1.3125, 4.75, 1.1875, 4.4375], "texture": "#0"},
				"down": {"uv": [1.5625, 4.75, 1.4375, 4.4375], "texture": "#0"}
			}
		},
		{
			"from": [10, -7.9, -1],
			"to": [10, -1.9, 8],
			"rotation": {"angle": 22.5, "axis": "y", "origin": [10, 7.1, 8]},
			"faces": {
				"north": {"uv": [0.5, 10.375, 0.625, 7.75], "texture": "#0"},
				"east": {"uv": [1.25, 11.875, 2.375, 11.125], "texture": "#0"},
				"south": {"uv": [0.5, 10.375, 0.625, 7.75], "texture": "#0"},
				"west": {"uv": [2.375, 11.875, 1.25, 11.125], "texture": "#0"},
				"up": {"uv": [0.75, 7.625, 0.625, 8], "texture": "#0"},
				"down": {"uv": [0.75, 7.625, 0.625, 8], "texture": "#0"}
			}
		},
		{
			"from": [10, 11.9, -1],
			"to": [10, 15.9, 8],
			"rotation": {"angle": 22.5, "axis": "y", "origin": [10, 2.9, 8]},
			"faces": {
				"north": {"uv": [0.5, 7.75, 0.625, 10.375], "texture": "#0"},
				"east": {"uv": [1.25, 10.625, 2.375, 11.125], "texture": "#0"},
				"south": {"uv": [0.5, 7.75, 0.625, 10.375], "texture": "#0"},
				"west": {"uv": [2.375, 10.5, 1.25, 11.125], "texture": "#0"},
				"up": {"uv": [0.75, 8, 0.625, 7.625], "texture": "#0"},
				"down": {"uv": [0.75, 8, 0.625, 7.625], "texture": "#0"}
			}
		},
		{
			"from": [10, 11.9, 8],
			"to": [10, 15.9, 17],
			"rotation": {"angle": -22.5, "axis": "y", "origin": [10, 2.9, 8]},
			"faces": {
				"north": {"uv": [0.625, 7.75, 0.5, 10.375], "texture": "#0"},
				"east": {"uv": [2.375, 10.625, 1.25, 11.125], "texture": "#0"},
				"south": {"uv": [0.625, 7.75, 0.5, 10.375], "texture": "#0"},
				"west": {"uv": [1.25, 10.5, 2.375, 11.125], "texture": "#0"},
				"up": {"uv": [0.75, 7.625, 0.625, 8], "texture": "#0"},
				"down": {"uv": [0.75, 7.625, 0.625, 8], "texture": "#0"}
			}
		},
		{
			"from": [10, -7.9, 8],
			"to": [10, -1.9, 17],
			"rotation": {"angle": -22.5, "axis": "y", "origin": [10, 7.1, 8]},
			"faces": {
				"north": {"uv": [0.625, 10.375, 0.5, 7.75], "texture": "#0"},
				"east": {"uv": [2.375, 11.875, 1.25, 11.125], "texture": "#0"},
				"south": {"uv": [0.625, 10.375, 0.5, 7.75], "texture": "#0"},
				"west": {"uv": [1.25, 11.875, 2.375, 11.125], "texture": "#0"},
				"up": {"uv": [0.75, 8, 0.625, 7.625], "texture": "#0"},
				"down": {"uv": [0.75, 8, 0.625, 7.625], "texture": "#0"}
			}
		},
		{
			"from": [8.25205, 4.39383, 13.5],
			"to": [8.25205, 7.39383, 16.5],
			"rotation": {"angle": -22.5, "axis": "z", "origin": [6.91976, 6.59834, 14.75]},
			"faces": {
				"north": {"uv": [0, 128, 0, 0], "texture": "#missing"},
				"east": {"uv": [4.8125, 0.375, 4.4375, 0], "texture": "#0"},
				"south": {"uv": [0, 128, 0, 0], "texture": "#missing"},
				"west": {"uv": [4.4375, 0.375, 4.8125, 0], "texture": "#0"},
				"up": {"uv": [0, 96, 0, 0], "texture": "#missing"},
				"down": {"uv": [0, 96, 0, 0], "texture": "#missing"}
			}
		},
		{
			"from": [7.88658, 7.8, 13.5],
			"to": [7.88658, 10.3, 16.5],
			"rotation": {"angle": -45, "axis": "z", "origin": [6.91976, 6.59834, 14.75]},
			"faces": {
				"north": {"uv": [0, 128, 0, 0], "texture": "#missing"},
				"east": {"uv": [4.8125, 0.625, 4.4375, 0.3125], "texture": "#0"},
				"south": {"uv": [0, 128, 0, 0], "texture": "#missing"},
				"west": {"uv": [4.4375, 0.625, 4.8125, 0.3125], "texture": "#0"},
				"up": {"uv": [0, 96, 0, 0], "texture": "#missing"},
				"down": {"uv": [0, 96, 0, 0], "texture": "#missing"}
			}
		},
		{
			"from": [5.36976, 7.12441, 19.84915],
			"to": [9.36976, 7.12441, 21.84915],
			"rotation": {"angle": -22.5, "axis": "x", "origin": [7.11976, 5.89834, 17.15]},
			"faces": {
				"north": {"uv": [0, 0, 0, 96], "rotation": 90, "texture": "#missing"},
				"east": {"uv": [0, 0, 0, 192], "rotation": 90, "texture": "#missing"},
				"south": {"uv": [0, 0, 0, 96], "rotation": 90, "texture": "#missing"},
				"west": {"uv": [0, 0, 0, 192], "rotation": 270, "texture": "#missing"},
				"up": {"uv": [4.375, 0.875, 3.875, 0.625], "rotation": 180, "texture": "#0"},
				"down": {"uv": [3.875, 0.875, 4.375, 0.625], "texture": "#0"}
			}
		},
		{
			"from": [5.36976, 3.91145, 17.05517],
			"to": [9.36976, 5.91145, 17.05517],
			"rotation": {"angle": 22.5, "axis": "x", "origin": [7.11976, 5.89834, 17.15]},
			"faces": {
				"north": {"uv": [4.375, 0.25, 3.875, 0], "texture": "#0"},
				"east": {"uv": [0, 192, 0, 0], "texture": "#missing"},
				"south": {"uv": [3.875, 0.25, 4.375, 0], "texture": "#0"},
				"west": {"uv": [0, 192, 0, 0], "texture": "#missing"},
				"up": {"uv": [0, 0, 0, 96], "rotation": 90, "texture": "#missing"},
				"down": {"uv": [0, 0, 0, 96], "rotation": 270, "texture": "#missing"}
			}
		},
		{
			"from": [5.36976, 5.87035, 17.03824],
			"to": [9.36976, 8.87035, 17.03824],
			"rotation": {"angle": 45, "axis": "x", "origin": [7.11976, 5.89834, 17.15]},
			"faces": {
				"north": {"uv": [4.375, 0.625, 3.875, 0.25], "texture": "#0"},
				"east": {"uv": [0, 192, 0, 0], "texture": "#missing"},
				"south": {"uv": [3.875, 0.625, 4.375, 0.25], "texture": "#0"},
				"west": {"uv": [0, 192, 0, 0], "texture": "#missing"},
				"up": {"uv": [0, 0, 0, 96], "rotation": 90, "texture": "#missing"},
				"down": {"uv": [0, 0, 0, 96], "rotation": 270, "texture": "#missing"}
			}
		},
		{
			"from": [7.66976, 15.39383, 11.58229],
			"to": [10.66976, 18.39383, 11.58229],
			"rotation": {"angle": 22.5, "axis": "x", "origin": [8.91976, 17.59834, 10.25]},
			"faces": {
				"north": {"uv": [4.8125, 0.375, 4.4375, 0], "texture": "#0"},
				"east": {"uv": [0, 128, 0, 0], "texture": "#missing"},
				"south": {"uv": [4.4375, 0.375, 4.8125, 0], "texture": "#0"},
				"west": {"uv": [0, 128, 0, 0], "texture": "#missing"},
				"up": {"uv": [0, 0, 0, 96], "rotation": 90, "texture": "#missing"},
				"down": {"uv": [0, 0, 0, 96], "rotation": 270, "texture": "#missing"}
			}
		},
		{
			"from": [-4.64915, -4.52441, 6.56976],
			"to": [-2.64915, -4.52441, 10.56976],
			"rotation": {"angle": 22.5, "axis": "z", "origin": [0.05, -3.29834, 8.31976]},
			"faces": {
				"north": {"uv": [0, 0, 0, 192], "rotation": 270, "texture": "#missing"},
				"east": {"uv": [0, 0, 0, 96], "rotation": 90, "texture": "#missing"},
				"south": {"uv": [0, 0, 0, 192], "rotation": 90, "texture": "#missing"},
				"west": {"uv": [0, 0, 0, 96], "rotation": 90, "texture": "#missing"},
				"up": {"uv": [3.875, 0.625, 4.375, 0.875], "rotation": 90, "texture": "#0"},
				"down": {"uv": [4.375, 0.625, 3.875, 0.875], "rotation": 90, "texture": "#0"}
			}
		},
		{
			"from": [0.14483, -3.31145, 6.56976],
			"to": [0.14483, -1.31145, 10.56976],
			"rotation": {"angle": -22.5, "axis": "z", "origin": [0.05, -3.29834, 8.31976]},
			"faces": {
				"north": {"uv": [0, 0, 0, 192], "texture": "#missing"},
				"east": {"uv": [4.375, 0, 3.875, 0.25], "texture": "#0"},
				"south": {"uv": [0, 0, 0, 192], "texture": "#missing"},
				"west": {"uv": [3.875, 0, 4.375, 0.25], "texture": "#0"},
				"up": {"uv": [0, 0, 0, 96], "texture": "#missing"},
				"down": {"uv": [0, 0, 0, 96], "texture": "#missing"}
			}
		},
		{
			"from": [0.16176, -6.27035, 6.56976],
			"to": [0.16176, -3.27035, 10.56976],
			"rotation": {"angle": -45, "axis": "z", "origin": [0.05, -3.29834, 8.31976]},
			"faces": {
				"north": {"uv": [0, 0, 0, 192], "texture": "#missing"},
				"east": {"uv": [4.375, 0.25, 3.875, 0.625], "texture": "#0"},
				"south": {"uv": [0, 0, 0, 192], "texture": "#missing"},
				"west": {"uv": [3.875, 0.25, 4.375, 0.625], "texture": "#0"},
				"up": {"uv": [0, 0, 0, 96], "texture": "#missing"},
				"down": {"uv": [0, 0, 0, 96], "texture": "#missing"}
			}
		},
		{
			"from": [5.93974, -5.21897, 6.95],
			"to": [7.43974, -2.71897, 9.45],
			"rotation": {"angle": -22.5, "axis": "z", "origin": [5.00871, -2.86897, 8.2]},
			"faces": {
				"north": {"uv": [2.0625, 3.75, 2.375, 3.9375], "rotation": 90, "texture": "#0"},
				"east": {"uv": [2.25, 4.4375, 1.9375, 4.125], "rotation": 180, "texture": "#0"},
				"south": {"uv": [2.375, 3.75, 2.0625, 3.9375], "rotation": 270, "texture": "#0"},
				"west": {"uv": [2.25, 4.4375, 1.9375, 4.125], "texture": "#0"},
				"up": {"uv": [1.9375, 3.9375, 2.25, 4.125], "rotation": 270, "texture": "#0"},
				"down": {"uv": [1.9375, 4.125, 2.25, 3.9375], "rotation": 270, "texture": "#0"}
			}
		},
		{
			"from": [2.75871, -4.76897, 6.4],
			"to": [6.75871, -2.76897, 10],
			"rotation": {"angle": 45, "axis": "z", "origin": [5.00871, -2.86897, 8.2]},
			"faces": {
				"north": {"uv": [0, 4, 0.5, 4.25], "texture": "#0"},
				"east": {"uv": [2.25, 3.25, 2.7, 3.5], "texture": "#0"},
				"south": {"uv": [0.5, 4, 0, 4.25], "texture": "#0"},
				"west": {"uv": [2.7, 3.25, 2.25, 3.5], "texture": "#0"},
				"up": {"uv": [0.45, 4, 0, 3.5], "rotation": 90, "texture": "#0"},
				"down": {"uv": [0.45, 4.75, 0, 4.25], "rotation": 270, "texture": "#0"}
			}
		},
		{
			"from": [-0.5, -7, 9.28658],
			"to": [2.5, -4.5, 9.28658],
			"rotation": {"angle": -45, "axis": "x", "origin": [1.25, -3.29834, 8.31976]},
			"faces": {
				"north": {"uv": [4.4375, 0.3125, 4.8125, 0.625], "texture": "#0"},
				"east": {"uv": [0, 0, 0, 128], "texture": "#missing"},
				"south": {"uv": [4.8125, 0.3125, 4.4375, 0.625], "texture": "#0"},
				"west": {"uv": [0, 0, 0, 128], "texture": "#missing"},
				"up": {"uv": [0, 0, 0, 96], "rotation": 90, "texture": "#missing"},
				"down": {"uv": [0, 0, 0, 96], "rotation": 270, "texture": "#missing"}
			}
		},
		{
			"from": [-0.5, -4.09383, 9.65205],
			"to": [2.5, -1.09383, 9.65205],
			"rotation": {"angle": -22.5, "axis": "x", "origin": [1.25, -3.29834, 8.31976]},
			"faces": {
				"north": {"uv": [4.4375, 0, 4.8125, 0.375], "texture": "#0"},
				"east": {"uv": [0, 0, 0, 128], "texture": "#missing"},
				"south": {"uv": [4.8125, 0, 4.4375, 0.375], "texture": "#0"},
				"west": {"uv": [0, 0, 0, 128], "texture": "#missing"},
				"up": {"uv": [0, 0, 0, 96], "rotation": 90, "texture": "#missing"},
				"down": {"uv": [0, 0, 0, 96], "rotation": 270, "texture": "#missing"}
			}
		},
		{
			"from": [-0.06976, -1.5, 7.26976],
			"to": [1.93024, -0.5, 9.26976],
			"rotation": {"angle": 0, "axis": "y", "origin": [0.25, -3.29834, 8.51976]},
			"faces": {
				"north": {"uv": [2.375, 4.0625, 2.625, 4.1875], "texture": "#0"},
				"east": {"uv": [2.375, 4.0625, 2.625, 4.1875], "texture": "#0"},
				"south": {"uv": [2.375, 4.0625, 2.625, 4.1875], "texture": "#0"},
				"west": {"uv": [2.375, 4.0625, 2.625, 4.1875], "texture": "#0"},
				"up": {"uv": [2.375, 3.8125, 2.625, 4.0625], "texture": "#0"},
				"down": {"uv": [2.375, 3.8125, 2.625, 4.0625], "rotation": 180, "texture": "#0"}
			}
		},
		{
			"from": [0.23024, -0.5, 8.26976],
			"to": [2.23024, 2.5, 8.26976],
			"rotation": {"angle": 0, "axis": "y", "origin": [0.25, -3.29834, 8.51976]},
			"faces": {
				"north": {"uv": [4.875, 0, 5.125, 0.375], "texture": "#0"},
				"east": {"uv": [2.375, 4.0625, 2.625, 4.1875], "texture": "#0"},
				"south": {"uv": [5.125, 0, 4.875, 0.375], "texture": "#0"},
				"west": {"uv": [2.375, 4.0625, 2.625, 4.1875], "texture": "#0"},
				"up": {"uv": [2.375, 3.8125, 2.625, 4.0625], "texture": "#0"},
				"down": {"uv": [2.375, 3.8125, 2.625, 4.0625], "rotation": 180, "texture": "#0"}
			}
		},
		{
			"from": [2.2, -1.7, 6.2],
			"to": [6.2, -0.2, 10.2],
			"rotation": {"angle": 22.5, "axis": "z", "origin": [4.2, -1.05, 8.2]},
			"faces": {
				"north": {"uv": [1.375, 2.0625, 0.875, 2.25], "texture": "#0"},
				"east": {"uv": [1.375, 2.0625, 0.875, 2.25], "texture": "#0"},
				"south": {"uv": [1.375, 2.0625, 0.875, 2.25], "texture": "#0"},
				"west": {"uv": [1.375, 2.0625, 0.875, 2.25], "texture": "#0"},
				"up": {"uv": [0.375, 2.5625, 0.875, 2.0625], "rotation": 90, "texture": "#0"},
				"down": {"uv": [0.375, 2.5625, 0.875, 2.0625], "rotation": 270, "texture": "#0"}
			}
		},
		{
			"from": [2.7, -0.2, 6.7],
			"to": [5.7, 2.3, 9.7],
			"rotation": {"angle": 22.5, "axis": "z", "origin": [4.2, -1.05, 8.2]},
			"faces": {
				"north": {"uv": [0.375, 1.9375, 0, 2.25], "texture": "#0"},
				"east": {"uv": [0.375, 2.25, 0, 2.5625], "texture": "#0"},
				"south": {"uv": [0.375, 1.9375, 0, 2.25], "texture": "#0"},
				"west": {"uv": [0.375, 2.25, 0, 2.5625], "texture": "#0"}
			}
		},
		{
			"from": [2.2, 2.3, 6.2],
			"to": [6.2, 3.8, 10.2],
			"rotation": {"angle": 22.5, "axis": "z", "origin": [4.2, -1.05, 8.2]},
			"faces": {
				"north": {"uv": [1.375, 2.0625, 0.875, 2.25], "texture": "#0"},
				"east": {"uv": [1.375, 2.0625, 0.875, 2.25], "texture": "#0"},
				"south": {"uv": [1.375, 2.0625, 0.875, 2.25], "texture": "#0"},
				"west": {"uv": [1.375, 2.0625, 0.875, 2.25], "texture": "#0"},
				"up": {"uv": [0.375, 2.5625, 0.875, 2.0625], "rotation": 90, "texture": "#0"},
				"down": {"uv": [0.375, 2.5625, 0.875, 2.0625], "rotation": 270, "texture": "#0"}
			}
		},
		{
			"from": [-3.5, 3.6, 8.2],
			"to": [-0.5, 6.6, 8.2],
			"rotation": {"angle": 22.5, "axis": "z", "origin": [2, 9.5, 8.2]},
			"faces": {
				"north": {"uv": [3.375, 0, 3.75, 0.375], "rotation": 270, "texture": "#0"},
				"east": {"uv": [2.0625, 3.5, 2.4375, 3.75], "rotation": 180, "texture": "#0"},
				"south": {"uv": [3.375, 0.375, 3.75, 0], "rotation": 270, "texture": "#0"},
				"west": {"uv": [2.0625, 3.5, 2.4375, 3.75], "rotation": 180, "texture": "#0"},
				"up": {"uv": [2.75, 3.25, 3.125, 3.75], "rotation": 90, "texture": "#0"},
				"down": {"uv": [2.75, 3.25, 3.125, 3.75], "rotation": 270, "texture": "#0"}
			}
		},
		{
			"from": [1, -3.5, 6.9],
			"to": [3.5, 5, 9.5],
			"rotation": {"angle": 22.5, "axis": "z", "origin": [3.3, 4, 8.2]},
			"faces": {
				"north": {"uv": [2.875, 1.0625, 3.1875, 2.125], "texture": "#0"},
				"east": {"uv": [2.875, 2.125, 3.1875, 3.1875], "texture": "#0"},
				"south": {"uv": [3.1875, 1.0625, 2.875, 2.125], "texture": "#0"},
				"west": {"uv": [2.875, 0, 3.1875, 1.0625], "texture": "#0"},
				"up": {"uv": [2.4375, 3.5, 2.7625, 3.8125], "rotation": 90, "texture": "#0"},
				"down": {"uv": [2.4375, 3.5, 2.7625, 3.8125], "rotation": 270, "texture": "#0"}
			}
		},
		{
			"from": [0.75, 4, 6.95],
			"to": [3.25, 9, 9.45],
			"rotation": {"angle": 0, "axis": "y", "origin": [-13.3, 3.5, 0.2]},
			"faces": {
				"north": {"uv": [2.25, 2.8125, 1.9375, 3.4375], "texture": "#0"},
				"east": {"uv": [1.5, 3, 1.1875, 3.625], "texture": "#0"},
				"south": {"uv": [1.9375, 2.8125, 2.25, 3.4375], "texture": "#0"},
				"west": {"uv": [1.8125, 3, 1.5, 3.625], "texture": "#0"},
				"up": {"uv": [2.25, 2.8125, 1.9375, 3.125], "rotation": 90, "texture": "#0"},
				"down": {"uv": [2.25, 2.8125, 1.9375, 3.125], "rotation": 270, "texture": "#0"}
			}
		},
		{
			"from": [0.95, 8, 6.7],
			"to": [3.95, 12, 9.7],
			"rotation": {"angle": -22.5, "axis": "z", "origin": [2, 9.5, 8.2]},
			"faces": {
				"north": {"uv": [0.5, 3.5625, 0.875, 4.0625], "texture": "#0"},
				"east": {"uv": [0.875, 3.625, 1.25, 4.125], "texture": "#0"},
				"south": {"uv": [0.875, 3.5625, 0.5, 4.0625], "texture": "#0"},
				"west": {"uv": [0.5, 4.0625, 0.875, 4.5625], "texture": "#0"},
				"up": {"uv": [1.25, 3.625, 1.625, 4], "rotation": 90, "texture": "#0"},
				"down": {"uv": [1.25, 3.625, 1.625, 4], "rotation": 270, "texture": "#0"}
			}
		},
		{
			"from": [0.5, 8, 6.9],
			"to": [3, 13, 9.5],
			"rotation": {"angle": -22.5, "axis": "z", "origin": [2.9, 8, 8.2]},
			"faces": {
				"north": {"uv": [2.25, 2.625, 2.5625, 2], "texture": "#0"},
				"east": {"uv": [2.5625, 1.375, 2.875, 0.75], "texture": "#0"},
				"south": {"uv": [2.25, 2.625, 2.5625, 2], "texture": "#0"},
				"west": {"uv": [2.25, 3.25, 2.5625, 2.625], "texture": "#0"},
				"up": {"uv": [2.1875, 2.5, 1.875, 2.8125], "rotation": 90, "texture": "#0"},
				"down": {"uv": [2.1875, 2.5, 1.875, 2.8125], "rotation": 270, "texture": "#0"}
			}
		},
		{
			"from": [4, 10, 7],
			"to": [9, 12, 9],
			"rotation": {"angle": 0, "axis": "y", "origin": [7, 11, 8]},
			"faces": {
				"north": {"uv": [3.5625, 2, 3.3125, 2.625], "rotation": 90, "texture": "#0"},
				"east": {"uv": [4.1875, 4.125, 3.9375, 4.375], "rotation": 270, "texture": "#0"},
				"south": {"uv": [3.5625, 2, 3.8125, 2.625], "rotation": 270, "texture": "#0"},
				"west": {"uv": [2.1875, 2.8125, 1.9375, 3.0625], "rotation": 270, "texture": "#0"},
				"up": {"uv": [3.3125, 2, 3.5625, 2.625], "rotation": 270, "texture": "#0"},
				"down": {"uv": [3.8125, 2, 3.5625, 2.625], "rotation": 270, "texture": "#0"}
			}
		},
		{
			"from": [2.5, 8.6, 6.75],
			"to": [6.5, 10.6, 9.65],
			"rotation": {"angle": 22.5, "axis": "z", "origin": [2, 9.5, 8.2]},
			"faces": {
				"north": {"uv": [1.8125, 3.4375, 2.0625, 3.9375], "rotation": 270, "texture": "#0"},
				"east": {"uv": [2.0625, 3.5, 2.4375, 3.75], "rotation": 180, "texture": "#0"},
				"south": {"uv": [1.8125, 3.4375, 2.0625, 3.9375], "rotation": 270, "texture": "#0"},
				"west": {"uv": [2.0625, 3.5, 2.4375, 3.75], "rotation": 180, "texture": "#0"},
				"up": {"uv": [2.75, 3.25, 3.125, 3.75], "rotation": 90, "texture": "#0"},
				"down": {"uv": [2.75, 3.25, 3.125, 3.75], "rotation": 270, "texture": "#0"}
			}
		},
		{
			"from": [7.66976, 18.8, 4.78319],
			"to": [10.66976, 21.3, 4.78319],
			"rotation": {"angle": -45, "axis": "x", "origin": [8.91976, 17.59834, 5.75]},
			"faces": {
				"north": {"uv": [4.8125, 0.625, 4.4375, 0.3125], "texture": "#0"},
				"east": {"uv": [0, 128, 0, 0], "texture": "#missing"},
				"south": {"uv": [4.4375, 0.625, 4.8125, 0.3125], "texture": "#0"},
				"west": {"uv": [0, 128, 0, 0], "texture": "#missing"},
				"up": {"uv": [0, 0, 0, 96], "rotation": 90, "texture": "#missing"},
				"down": {"uv": [0, 0, 0, 96], "rotation": 270, "texture": "#missing"}
			}
		},
		{
			"from": [7.66976, 15.39383, 4.41771],
			"to": [10.66976, 18.39383, 4.41771],
			"rotation": {"angle": -22.5, "axis": "x", "origin": [8.91976, 17.59834, 5.75]},
			"faces": {
				"north": {"uv": [4.8125, 0.375, 4.4375, 0], "texture": "#0"},
				"east": {"uv": [0, 128, 0, 0], "texture": "#missing"},
				"south": {"uv": [4.4375, 0.375, 4.8125, 0], "texture": "#0"},
				"west": {"uv": [0, 128, 0, 0], "texture": "#missing"},
				"up": {"uv": [0, 0, 0, 96], "rotation": 90, "texture": "#missing"},
				"down": {"uv": [0, 0, 0, 96], "rotation": 270, "texture": "#missing"}
			}
		},
		{
			"from": [8, 0.1, -2],
			"to": [11, 4.1, 2],
			"rotation": {"angle": 22.5, "axis": "y", "origin": [11, 1.2, 8]},
			"faces": {
				"north": {"uv": [3.875, 10.25, 4.25, 9.75], "texture": "#0"},
				"east": {"uv": [2.625, 10.25, 3.125, 9.75], "texture": "#0"},
				"south": {"uv": [3.125, 10.25, 3.5, 9.75], "texture": "#0"},
				"west": {"uv": [3.125, 10.25, 2.625, 9.75], "texture": "#0"},
				"up": {"uv": [2.625, 10.75, 3, 10.25], "texture": "#0"},
				"down": {"uv": [2.625, 10.75, 3, 10.25], "texture": "#0"}
			}
		},
		{
			"from": [8, 0.1, 14],
			"to": [11, 4.1, 18],
			"rotation": {"angle": -22.5, "axis": "y", "origin": [11, 1.2, 8]},
			"faces": {
				"north": {"uv": [3.5, 10.25, 3.125, 9.75], "texture": "#0"},
				"east": {"uv": [3.125, 10.25, 2.625, 9.75], "texture": "#0"},
				"south": {"uv": [4.25, 10.25, 3.875, 9.75], "texture": "#0"},
				"west": {"uv": [2.625, 10.25, 3.125, 9.75], "texture": "#0"},
				"up": {"uv": [3, 10.25, 2.625, 10.75], "texture": "#0"},
				"down": {"uv": [2.625, 10.75, 3, 10.25], "texture": "#0"}
			}
		},
		{
			"from": [8, 14.5, 5],
			"to": [11, 16.45, 8],
			"rotation": {"angle": 22.5, "axis": "y", "origin": [11, 15.5, 8]},
			"faces": {
				"north": {"uv": [2.60625, 11.00625, 2.98125, 10.75625], "texture": "#0"},
				"east": {"uv": [3.5, 10, 3.875, 9.75], "texture": "#0"},
				"south": {"uv": [2.60625, 11.00625, 2.98125, 10.75625], "texture": "#0"},
				"west": {"uv": [3.875, 10, 3.5, 9.75], "texture": "#0"},
				"up": {"uv": [3.875, 10, 3.5, 10.375], "texture": "#0"},
				"down": {"uv": [3.875, 10, 3.5, 10.375], "texture": "#0"}
			}
		},
		{
			"from": [8, 12.5, 5.5],
			"to": [11, 14.5, 8],
			"rotation": {"angle": 22.5, "axis": "y", "origin": [11, 12.5, 8]},
			"faces": {
				"north": {"uv": [3.375, 10.75, 3, 10.5], "texture": "#0"},
				"east": {"uv": [3, 10.5, 3.3125, 10.25], "texture": "#0"},
				"south": {"uv": [3, 10.75, 3.375, 10.5], "texture": "#0"},
				"west": {"uv": [3.3125, 10.5, 3, 10.25], "texture": "#0"},
				"up": {"uv": [3.375, 10.75, 3, 11.0625], "texture": "#0"},
				"down": {"uv": [3.375, 10.75, 3, 11.0625], "texture": "#0"}
			}
		},
		{
			"from": [8, 12.5, 8],
			"to": [11, 14.5, 10.5],
			"rotation": {"angle": -22.5, "axis": "y", "origin": [11, 12.5, 8]},
			"faces": {
				"north": {"uv": [3.375, 10.75, 3, 10.5], "texture": "#0"},
				"east": {"uv": [3.3125, 10.5, 3, 10.25], "texture": "#0"},
				"south": {"uv": [3.375, 10.75, 3, 10.5], "texture": "#0"},
				"west": {"uv": [3, 10.5, 3.3125, 10.25], "texture": "#0"},
				"up": {"uv": [3.375, 11.0625, 3, 10.75], "texture": "#0"},
				"down": {"uv": [3.375, 11.0625, 3, 10.75], "texture": "#0"}
			}
		},
		{
			"from": [8, 14.5, 8],
			"to": [11, 16.5, 11],
			"rotation": {"angle": -22.5, "axis": "y", "origin": [11, 15.5, 8]},
			"faces": {
				"north": {"uv": [2.98125, 11.00625, 2.60625, 10.75625], "texture": "#0"},
				"east": {"uv": [3.875, 10, 3.5, 9.75], "texture": "#0"},
				"south": {"uv": [2.98125, 11.00625, 2.60625, 10.75625], "texture": "#0"},
				"west": {"uv": [3.5, 10, 3.875, 9.75], "texture": "#0"},
				"up": {"uv": [3.875, 10.375, 3.5, 10], "texture": "#0"},
				"down": {"uv": [3.875, 10.375, 3.5, 10], "texture": "#0"}
			}
		},
		{
			"from": [7.5, -9, -3.2],
			"to": [7.5, -5, 4.8],
			"rotation": {"angle": 22.5, "axis": "y", "origin": [7.53488, -4, 0.68488]},
			"faces": {
				"north": {"uv": [0, 0, 0, 14], "texture": "#5"},
				"east": {"uv": [0, 6, 16, 14], "texture": "#5"},
				"south": {"uv": [0, 0, 0, 14], "texture": "#5"},
				"west": {"uv": [16, 6, 0, 14], "texture": "#5"},
				"up": {"uv": [0, 0, 0, 10], "texture": "#5"},
				"down": {"uv": [0, 10, 0, 0], "texture": "#5"}
			}
		},
		{
			"from": [6.5, -5, -0.2],
			"to": [8.5, -3.5, 1.8],
			"rotation": {"angle": 22.5, "axis": "y", "origin": [7.53488, -4, 0.68488]},
			"faces": {
				"north": {"uv": [1.9375, 3.9375, 1.6875, 4.125], "texture": "#0"},
				"east": {"uv": [1.9375, 3.9375, 1.6875, 4.125], "texture": "#0"},
				"south": {"uv": [1.9375, 3.9375, 1.6875, 4.125], "texture": "#0"},
				"west": {"uv": [1.9375, 3.9375, 1.6875, 4.125], "texture": "#0"},
				"up": {"uv": [1.6875, 4.375, 1.9375, 4.125], "texture": "#0"},
				"down": {"uv": [1.6875, 4.375, 1.9375, 4.125], "texture": "#0"}
			}
		},
		{
			"from": [7.56976, -3.5, -0.43024],
			"to": [7.56976, 1.5, 1.56976],
			"rotation": {"angle": 22.5, "axis": "y", "origin": [7.53488, -4, 0.68488]},
			"faces": {
				"north": {"uv": [2.375, 4.0625, 2.625, 4.1875], "texture": "#0"},
				"east": {"uv": [5.125, 0, 4.875, 0.625], "texture": "#0"},
				"south": {"uv": [2.375, 4.0625, 2.625, 4.1875], "texture": "#0"},
				"west": {"uv": [4.875, 0, 5.125, 0.625], "texture": "#0"},
				"up": {"uv": [2.375, 3.8125, 2.625, 4.0625], "rotation": 270, "texture": "#0"},
				"down": {"uv": [2.375, 3.8125, 2.625, 4.0625], "rotation": 270, "texture": "#0"}
			}
		}
	],
	"gui_light": "front",
	"display": {
		"thirdperson_righthand": {
			"translation": [4, -1.75, 1.25],
			"scale": [0.7, 0.7, 0.7]
		},
		"thirdperson_lefthand": {
			"rotation": [0, 180, 0],
			"translation": [4, -1.75, 1.25],
			"scale": [0.7, 0.7, 0.7]
		},
		"firstperson_righthand": {
			"rotation": [10, 90, 0],
			"translation": [1.5, 1.25, -3.25],
			"scale": [0.6, 0.6, 0.6]
		},
		"firstperson_lefthand": {
			"rotation": [10, -90, 0],
			"translation": [-0.25, 2, -0.75],
			"scale": [0.6, 0.6, 0.6]
		},
		"ground": {
			"rotation": [0, 0, 75],
			"translation": [0, 2.5, 0],
			"scale": [0.6, 0.6, 0.6]
		},
		"gui": {
			"rotation": [6, -122, 18],
			"translation": [-0.25, 0.75, -1.5],
			"scale": [0.61328, 0.61328, 0.61328]
		},
		"head": {
			"rotation": [-180, 133, -143],
			"translation": [0, 16.5, 0],
			"scale": [0.6, 0.6, 0.6]
		},
		"fixed": {
			"rotation": [90, 90, -90],
			"translation": [0, 2.5, -5.25],
			"scale": [1.6, 1.6, 1.6]
		}
	}
}