{"parent":"item/handheld","textures":{"layer0":"item/stick"},"overrides":[{"predicate":{"custom_model_data":1},"model":"custom/left_button"},{"predicate":{"custom_model_data":2},"model":"custom/right_button"},{"predicate":{"custom_model_data":3},"model":"custom/claim_button"},{"predicate":{"custom_model_data":4},"model":"custom/hourglass_icon"},{"predicate":{"custom_model_data":5},"model":"custom/lock"},{"predicate":{"custom_model_data":6},"model":"custom/daily_rewards/wooden_chest"},{"predicate":{"custom_model_data":7},"model":"custom/daily_rewards/wooden_chest_ready"},{"predicate":{"custom_model_data":8},"model":"custom/daily_rewards/wooden_chest_opened"},{"predicate":{"custom_model_data":9},"model":"custom/daily_rewards/wooden_chest_waiting"},{"predicate":{"custom_model_data":10},"model":"custom/premium_store/gems_button"},{"predicate":{"custom_model_data":11},"model":"custom/info_icon"},{"predicate":{"custom_model_data":12},"model":"custom/purchase_button"},{"predicate":{"custom_model_data":13},"model":"custom/open_button"},{"predicate":{"custom_model_data":14},"model":"custom/claimed_button"},{"predicate":{"custom_model_data":15},"model":"custom/claim_button_unavailable"},{"predicate":{"custom_model_data":16},"model":"custom/close_button"},{"predicate":{"custom_model_data":17},"model":"custom/sort_button"},{"predicate":{"custom_model_data":18},"model":"custom/search_button"},{"predicate":{"custom_model_data":19},"model":"custom/auctions/browser_button"},{"predicate":{"custom_model_data":20},"model":"custom/auctions/bids_button"},{"predicate":{"custom_model_data":21},"model":"custom/quests/quest_locked"},{"predicate":{"custom_model_data":22},"model":"custom/quests/quest_in_progress"},{"predicate":{"custom_model_data":23},"model":"custom/quests/quest_completed"},{"predicate":{"custom_model_data":24},"model":"custom/quests/quest_icon"},{"predicate":{"custom_model_data":25},"model":"custom/claimed"},{"predicate":{"custom_model_data":31},"model":"custom/dungeons/dungeon_entrance"},{"predicate":{"custom_model_data":32},"model":"custom/dungeons/dungeon_entrance_locked"},{"predicate":{"custom_model_data":33},"model":"custom/dungeons/dungeon_entrance_boss"},{"predicate":{"custom_model_data":39},"model":"custom/auctions/10"},{"predicate":{"custom_model_data":40},"model":"custom/auctions/100"},{"predicate":{"custom_model_data":41},"model":"custom/auctions/1"},{"predicate":{"custom_model_data":42},"model":"custom/auctions/32"},{"predicate":{"custom_model_data":43},"model":"custom/auctions/64"},{"predicate":{"custom_model_data":44},"model":"custom/auctions/close"},{"predicate":{"custom_model_data":45},"model":"custom/auctions/categories"},{"predicate":{"custom_model_data":46},"model":"custom/auctions/refresh"},{"predicate":{"custom_model_data":47},"model":"custom/auctions/enter_amount"},{"predicate":{"custom_model_data":49},"model":"custom/auctions/manage_auctions_icon"},{"predicate":{"custom_model_data":50},"model":"custom/auctions/bid_history"},{"predicate":{"custom_model_data":51},"model":"custom/crates/adventure_crate"},{"predicate":{"custom_model_data":52},"model":"custom/crates/hero_crate"},{"predicate":{"custom_model_data":53},"model":"custom/crates/legendary_crate"},{"predicate":{"custom_model_data":61},"model":"custom/luck_booster"},{"predicate":{"custom_model_data":62},"model":"custom/protection_booster"},{"predicate":{"custom_model_data":63},"model":"custom/adventure_pass_booster"},{"predicate":{"custom_model_data":64},"model":"custom/pinata"},{"predicate":{"custom_model_data":81},"model":"custom/gold_icon"},{"predicate":{"custom_model_data":82},"model":"custom/gems_icon"},{"predicate":{"custom_model_data":91},"model":"custom/gold_item"},{"predicate":{"custom_model_data":92},"model":"custom/gems_item"},{"predicate":{"custom_model_data":100},"model":"custom/button_air"},{"predicate":{"custom_model_data":101},"model":"custom/rank_preview/tag_icon"},{"predicate":{"custom_model_data":102},"model":"custom/rank_preview/ultra_kit_icon"},{"predicate":{"custom_model_data":103},"model":"custom/rank_preview/hero_kit_icon"},{"predicate":{"custom_model_data":104},"model":"custom/rank_preview/legend_kit_icon"},{"predicate":{"custom_model_data":105},"model":"custom/rank_preview/backpack_icon"},{"predicate":{"custom_model_data":106},"model":"custom/rank_preview/home_icon"},{"predicate":{"custom_model_data":107},"model":"custom/rank_preview/job_icon"},{"predicate":{"custom_model_data":108},"model":"custom/rank_preview/settings_icon"},{"predicate":{"custom_model_data":109},"model":"custom/rank_preview/flight_icon"},{"predicate":{"custom_model_data":110},"model":"custom/rank_preview/crafting_icon"},{"predicate":{"custom_model_data":111},"model":"custom/rank_preview/trash_icon"},{"predicate":{"custom_model_data":112},"model":"custom/skills/stats"},{"predicate":{"custom_model_data":113},"model":"custom/skills/chart_icon"},{"predicate":{"custom_model_data":114},"model":"custom/skills/xp_sources"},{"predicate":{"custom_model_data":115},"model":"custom/skills/abilities"},{"predicate":{"custom_model_data":121},"model":"custom/skills/strength"},{"predicate":{"custom_model_data":122},"model":"custom/skills/health"},{"predicate":{"custom_model_data":123},"model":"custom/skills/regeneration"},{"predicate":{"custom_model_data":124},"model":"custom/skills/luck"},{"predicate":{"custom_model_data":125},"model":"custom/skills/wisdom"},{"predicate":{"custom_model_data":126},"model":"custom/skills/toughness"},{"predicate":{"custom_model_data":131},"model":"custom/skills/level_unlocked"},{"predicate":{"custom_model_data":132},"model":"custom/skills/level_progress"},{"predicate":{"custom_model_data":133},"model":"custom/skills/level_locked"},{"predicate":{"custom_model_data":134},"model":"custom/skills/level_claim"},{"predicate":{"custom_model_data":141},"model":"custom/profile/bossbar"},{"predicate":{"custom_model_data":142},"model":"custom/profile/sidebar"},{"predicate":{"custom_model_data":143},"model":"custom/profile/bp_pickup"},{"predicate":{"custom_model_data":144},"model":"custom/profile/auto_tool"},{"predicate":{"custom_model_data":145},"model":"custom/profile/lumberjack"},{"predicate":{"custom_model_data":146},"model":"custom/profile/tp_requests"},{"predicate":{"custom_model_data":147},"model":"custom/profile/auto_tp_accept"},{"predicate":{"custom_model_data":148},"model":"custom/profile/private_messages"},{"predicate":{"custom_model_data":151},"model":"custom/profile/bossbar_off"},{"predicate":{"custom_model_data":152},"model":"custom/profile/sidebar_off"},{"predicate":{"custom_model_data":153},"model":"custom/profile/bp_pickup_off"},{"predicate":{"custom_model_data":154},"model":"custom/profile/auto_tool_off"},{"predicate":{"custom_model_data":155},"model":"custom/profile/lumberjack_off"},{"predicate":{"custom_model_data":156},"model":"custom/profile/tp_requests_off"},{"predicate":{"custom_model_data":157},"model":"custom/profile/auto_tp_accept_off"},{"predicate":{"custom_model_data":158},"model":"custom/profile/private_messages_off"},{"predicate":{"custom_model_data":201},"model":"custom/skills/mining"},{"predicate":{"custom_model_data":202},"model":"custom/skills/foraging"},{"predicate":{"custom_model_data":203},"model":"custom/skills/farming"},{"predicate":{"custom_model_data":204},"model":"custom/skills/fishing"},{"predicate":{"custom_model_data":205},"model":"custom/skills/excavation"},{"predicate":{"custom_model_data":206},"model":"custom/skills/fighting"},{"predicate":{"custom_model_data":207},"model":"custom/skills/defense"},{"predicate":{"custom_model_data":208},"model":"custom/skills/archery"},{"predicate":{"custom_model_data":209},"model":"custom/skills/endurance"},{"predicate":{"custom_model_data":210},"model":"custom/skills/agility"},{"predicate":{"custom_model_data":211},"model":"custom/skills/alchemy"},{"predicate":{"custom_model_data":212},"model":"custom/skills/enchanting"},{"predicate":{"custom_model_data":213},"model":"custom/skills/sorcery"},{"predicate":{"custom_model_data":214},"model":"custom/skills/healing"},{"predicate":{"custom_model_data":215},"model":"custom/skills/forging"},{"predicate":{"custom_model_data":216},"model":"custom/jobs/explorer"},{"predicate":{"custom_model_data":217},"model":"custom/jobs/builder"},{"predicate":{"custom_model_data":218},"model":"custom/jobs/crafter"},{"predicate":{"custom_model_data":221},"model":"custom/reputation/filled"},{"predicate":{"custom_model_data":251},"model":"custom/badges/mining_wooden"},{"predicate":{"custom_model_data":252},"model":"custom/badges/mining_stone"},{"predicate":{"custom_model_data":253},"model":"custom/badges/mining_coal"},{"predicate":{"custom_model_data":254},"model":"custom/badges/mining_copper"},{"predicate":{"custom_model_data":255},"model":"custom/badges/mining_iron"},{"predicate":{"custom_model_data":256},"model":"custom/badges/mining_gold"},{"predicate":{"custom_model_data":257},"model":"custom/badges/mining_diamond"},{"predicate":{"custom_model_data":258},"model":"custom/badges/mining_emerald"},{"predicate":{"custom_model_data":259},"model":"custom/badges/mining_netherite"},{"predicate":{"custom_model_data":260},"model":"custom/badges/unknown_badge"},{"predicate":{"custom_model_data":261},"model":"custom/badges/crafting_wooden"},{"predicate":{"custom_model_data":262},"model":"custom/badges/crafting_stone"},{"predicate":{"custom_model_data":263},"model":"custom/badges/crafting_coal"},{"predicate":{"custom_model_data":264},"model":"custom/badges/crafting_copper"},{"predicate":{"custom_model_data":265},"model":"custom/badges/crafting_iron"},{"predicate":{"custom_model_data":266},"model":"custom/badges/crafting_gold"},{"predicate":{"custom_model_data":267},"model":"custom/badges/crafting_diamond"},{"predicate":{"custom_model_data":268},"model":"custom/badges/crafting_emerald"},{"predicate":{"custom_model_data":269},"model":"custom/badges/crafting_netherite"},{"predicate":{"custom_model_data":270},"model":"custom/badges/new_badge"},{"predicate":{"custom_model_data":271},"model":"custom/badges/survival_wooden"},{"predicate":{"custom_model_data":272},"model":"custom/badges/survival_stone"},{"predicate":{"custom_model_data":273},"model":"custom/badges/survival_coal"},{"predicate":{"custom_model_data":274},"model":"custom/badges/survival_copper"},{"predicate":{"custom_model_data":275},"model":"custom/badges/survival_iron"},{"predicate":{"custom_model_data":276},"model":"custom/badges/survival_gold"},{"predicate":{"custom_model_data":277},"model":"custom/badges/survival_diamond"},{"predicate":{"custom_model_data":278},"model":"custom/badges/survival_emerald"},{"predicate":{"custom_model_data":279},"model":"custom/badges/survival_netherite"},{"predicate":{"custom_model_data":281},"model":"custom/badges/caving_wooden"},{"predicate":{"custom_model_data":282},"model":"custom/badges/caving_stone"},{"predicate":{"custom_model_data":283},"model":"custom/badges/caving_coal"},{"predicate":{"custom_model_data":284},"model":"custom/badges/caving_copper"},{"predicate":{"custom_model_data":285},"model":"custom/badges/caving_iron"},{"predicate":{"custom_model_data":286},"model":"custom/badges/caving_gold"},{"predicate":{"custom_model_data":287},"model":"custom/badges/caving_diamond"},{"predicate":{"custom_model_data":288},"model":"custom/badges/caving_emerald"},{"predicate":{"custom_model_data":289},"model":"custom/badges/caving_netherite"},{"predicate":{"custom_model_data":291},"model":"custom/badges/hunting_wooden"},{"predicate":{"custom_model_data":292},"model":"custom/badges/hunting_stone"},{"predicate":{"custom_model_data":293},"model":"custom/badges/hunting_coal"},{"predicate":{"custom_model_data":294},"model":"custom/badges/hunting_copper"},{"predicate":{"custom_model_data":295},"model":"custom/badges/hunting_iron"},{"predicate":{"custom_model_data":296},"model":"custom/badges/hunting_gold"},{"predicate":{"custom_model_data":297},"model":"custom/badges/hunting_diamond"},{"predicate":{"custom_model_data":298},"model":"custom/badges/hunting_emerald"},{"predicate":{"custom_model_data":299},"model":"custom/badges/hunting_netherite"},{"predicate":{"custom_model_data":303},"model":"custom/claim_button2"},{"predicate":{"custom_model_data":304},"model":"custom/claimed_button2"},{"predicate":{"custom_model_data":311},"model":"custom/book"},{"predicate":{"custom_model_data":400},"model":"custom/reputation/level/0"},{"predicate":{"custom_model_data":401},"model":"custom/reputation/level/1"},{"predicate":{"custom_model_data":402},"model":"custom/reputation/level/2"},{"predicate":{"custom_model_data":403},"model":"custom/reputation/level/3"},{"predicate":{"custom_model_data":404},"model":"custom/reputation/level/4"},{"predicate":{"custom_model_data":405},"model":"custom/reputation/level/5"},{"predicate":{"custom_model_data":406},"model":"custom/reputation/level/6"},{"predicate":{"custom_model_data":407},"model":"custom/reputation/level/7"},{"predicate":{"custom_model_data":408},"model":"custom/reputation/level/8"},{"predicate":{"custom_model_data":409},"model":"custom/reputation/level/9"},{"predicate":{"custom_model_data":410},"model":"custom/reputation/level/10"},{"predicate":{"custom_model_data":411},"model":"custom/reputation/level/11"},{"predicate":{"custom_model_data":412},"model":"custom/reputation/level/12"},{"predicate":{"custom_model_data":413},"model":"custom/reputation/level/13"},{"predicate":{"custom_model_data":414},"model":"custom/reputation/level/14"},{"predicate":{"custom_model_data":415},"model":"custom/reputation/level/15"},{"predicate":{"custom_model_data":416},"model":"custom/reputation/level/16"},{"predicate":{"custom_model_data":417},"model":"custom/reputation/level/17"},{"predicate":{"custom_model_data":418},"model":"custom/reputation/level/18"},{"predicate":{"custom_model_data":419},"model":"custom/reputation/level/19"},{"predicate":{"custom_model_data":420},"model":"custom/reputation/level/20"},{"predicate":{"custom_model_data":421},"model":"custom/reputation/level/21"},{"predicate":{"custom_model_data":422},"model":"custom/reputation/level/22"},{"predicate":{"custom_model_data":423},"model":"custom/reputation/level/23"},{"predicate":{"custom_model_data":424},"model":"custom/reputation/level/24"},{"predicate":{"custom_model_data":425},"model":"custom/reputation/level/25"},{"predicate":{"custom_model_data":426},"model":"custom/reputation/level/26"},{"predicate":{"custom_model_data":427},"model":"custom/reputation/level/27"},{"predicate":{"custom_model_data":428},"model":"custom/reputation/level/28"},{"predicate":{"custom_model_data":429},"model":"custom/reputation/level/29"},{"predicate":{"custom_model_data":430},"model":"custom/reputation/level/30"},{"predicate":{"custom_model_data":431},"model":"custom/reputation/level/31"},{"predicate":{"custom_model_data":432},"model":"custom/reputation/level/32"},{"predicate":{"custom_model_data":433},"model":"custom/reputation/level/33"},{"predicate":{"custom_model_data":434},"model":"custom/reputation/level/34"},{"predicate":{"custom_model_data":435},"model":"custom/reputation/level/35"},{"predicate":{"custom_model_data":436},"model":"custom/reputation/level/36"},{"predicate":{"custom_model_data":437},"model":"custom/reputation/level/37"},{"predicate":{"custom_model_data":438},"model":"custom/reputation/level/38"},{"predicate":{"custom_model_data":439},"model":"custom/reputation/level/39"},{"predicate":{"custom_model_data":440},"model":"custom/reputation/level/40"},{"predicate":{"custom_model_data":441},"model":"custom/reputation/level/41"},{"predicate":{"custom_model_data":442},"model":"custom/reputation/level/42"},{"predicate":{"custom_model_data":443},"model":"custom/reputation/level/43"},{"predicate":{"custom_model_data":444},"model":"custom/reputation/level/44"},{"predicate":{"custom_model_data":445},"model":"custom/reputation/level/45"},{"predicate":{"custom_model_data":499},"model":"custom/reputation/reward_ready"},{"predicate":{"custom_model_data":501},"model":"custom/items/traveler_backpack_item"},{"predicate":{"custom_model_data":502},"model":"custom/items/adventure_backpack_item"},{"predicate":{"custom_model_data":503},"model":"custom/items/hero_backpack_item"},{"predicate":{"custom_model_data":601},"model":"custom/items/zombie_brain"},{"predicate":{"custom_model_data":602},"model":"custom/items/spider_venom"},{"predicate":{"custom_model_data":603},"model":"custom/items/dragonscale"},{"predicate":{"custom_model_data":651},"model":"custom/items/skeleton_key"},{"predicate":{"custom_model_data":652},"model":"custom/items/dracula_key"},{"predicate":{"custom_model_data":653},"model":"custom/items/desert_key"},{"predicate":{"custom_model_data":654},"model":"custom/items/jungle_key"},{"predicate":{"custom_model_data":701},"model":"custom/items/hermes_boots"},{"predicate":{"custom_model_data":702},"model":"custom/items/rocket_boots"},{"predicate":{"custom_model_data":703},"model":"custom/items/lightning_boots"},{"predicate":{"custom_model_data":704},"model":"custom/items/flashlight"},{"predicate":{"custom_model_data":705},"model":"custom/items/miner_helmet"},{"predicate":{"custom_model_data":706},"model":"custom/items/miner_helmet_lamp"},{"predicate":{"custom_model_data":707},"model":"custom/items/diving_mask"},{"predicate":{"custom_model_data":708},"model":"custom/items/ninja_cloak"},{"predicate":{"custom_model_data":709},"model":"custom/items/gold_tooth"},{"predicate":{"custom_model_data":711},"model":"custom/items/vitality_ring"},{"predicate":{"custom_model_data":712},"model":"custom/items/speed_ring"},{"predicate":{"custom_model_data":713},"model":"custom/items/wool_scarf"},{"predicate":{"custom_model_data":714},"model":"custom/items/magic_bracelet"},{"predicate":{"custom_model_data":715},"model":"custom/items/knight_shield"},{"predicate":{"custom_model_data":716},"model":"custom/items/philosopher_stone"},{"predicate":{"custom_model_data":717},"model":"custom/items/silver_chain"},{"predicate":{"custom_model_data":718},"model":"custom/items/talisman_of_vitality"},{"predicate":{"custom_model_data":719},"model":"custom/items/dark_magic_necklace"},{"predicate":{"custom_model_data":720},"model":"custom/items/shiver_bracelet"},{"predicate":{"custom_model_data":721},"model":"custom/items/bone_necklace"},{"predicate":{"custom_model_data":722},"model":"custom/items/shackle"},{"predicate":{"custom_model_data":723},"model":"custom/items/gold_pouch"},{"predicate":{"custom_model_data":724},"model":"custom/items/magma_boots"},{"predicate":{"custom_model_data":725},"model":"custom/items/wither_crown"},{"predicate":{"custom_model_data":726},"model":"custom/items/sculk_shield"},{"predicate":{"custom_model_data":727},"model":"custom/items/ender_gauntlet"},{"predicate":{"custom_model_data":728},"model":"custom/items/blood_vial"},{"predicate":{"custom_model_data":729},"model":"custom/items/cloak_of_wrath"},{"predicate":{"custom_model_data":730},"model":"custom/items/molten_dice"},{"predicate":{"custom_model_data":731},"model":"custom/items/horseshoe"},{"predicate":{"custom_model_data":732},"model":"custom/items/sunstone_ring"},{"predicate":{"custom_model_data":733},"model":"custom/items/zephyr_veil"},{"predicate":{"custom_model_data":734},"model":"custom/items/jungle_amulet"},{"predicate":{"custom_model_data":735},"model":"custom/items/golem_heart"},{"predicate":{"custom_model_data":736},"model":"custom/items/ankh_charm"},{"predicate":{"custom_model_data":737},"model":"custom/items/vampire_signet"},{"predicate":{"custom_model_data":741},"model":"custom/items/random_teleportation_scroll"},{"predicate":{"custom_model_data":742},"model":"custom/items/home_teleportation_scroll"},{"predicate":{"custom_model_data":743},"model":"custom/items/portal_stone"}]}