{
	"credit": "Made with Blockbench",
	"texture_size": [128, 128],
	"textures": {
		"0": "elitecreatures:witchcaster_animated/witchcaster_texture",
		"3": "elitecreatures:witchcaster_animated/witchcaster_animation_01",
		"5": "elitecreatures:witchcaster_animated/witchcaster_animation_002-export",
		"particle": "elitecreatures:witchcaster_animated/witchcaster_texture"
	},
	"elements": [
		{
			"from": [6.75, 6, 5.45],
			"to": [9.25, 11, 7.95],
			"rotation": {"angle": 0, "axis": "y", "origin": [8, 6.89609, 6.57014]},
			"faces": {
				"north": {"uv": [1.5, 3, 1.1875, 3.625], "texture": "#0"},
				"east": {"uv": [1.9375, 2.8125, 2.25, 3.4375], "texture": "#0"},
				"south": {"uv": [1.8125, 3, 1.5, 3.625], "texture": "#0"},
				"west": {"uv": [2.25, 2.8125, 1.9375, 3.4375], "texture": "#0"},
				"up": {"uv": [2.25, 2.8125, 1.9375, 3.125], "texture": "#0"},
				"down": {"uv": [2.25, 2.8125, 1.9375, 3.125], "texture": "#0"}
			}
		},
		{
			"from": [6.7, -1.87958, 5.63199],
			"to": [9.3, 6.62042, 8.13199],
			"rotation": {"angle": 22.5, "axis": "x", "origin": [8, 6.89609, 6.57014]},
			"faces": {
				"north": {"uv": [2.875, 2.125, 3.1875, 3.1875], "texture": "#0"},
				"east": {"uv": [3.1875, 1.0625, 2.875, 2.125], "texture": "#0"},
				"south": {"uv": [2.875, 0, 3.1875, 1.0625], "texture": "#0"},
				"west": {"uv": [2.875, 1.0625, 3.1875, 2.125], "texture": "#0"},
				"up": {"uv": [2.4375, 3.5, 2.7625, 3.8125], "texture": "#0"},
				"down": {"uv": [2.4375, 3.5, 2.7625, 3.8125], "texture": "#0"}
			}
		},
		{
			"from": [7.75, -10, 14],
			"to": [8.25, 8, 14.5],
			"rotation": {"angle": 0, "axis": "y", "origin": [8, -9.5, 14.25]},
			"faces": {
				"north": {"uv": [0, 10, 0.0625, 7.75], "texture": "#0"},
				"east": {"uv": [0, 10, 0.0625, 7.75], "texture": "#0"},
				"south": {"uv": [0, 10, 0.0625, 7.75], "texture": "#0"},
				"west": {"uv": [0, 10, 0.0625, 7.75], "texture": "#0"},
				"up": {"uv": [0, 7.8125, 0.0625, 7.75], "texture": "#0"},
				"down": {"uv": [0, 7.8125, 0.0625, 7.75], "texture": "#0"}
			}
		},
		{
			"from": [7.75, 8, 14],
			"to": [8.25, 26, 14.5],
			"rotation": {"angle": 0, "axis": "y", "origin": [8, 25.5, 14.25]},
			"faces": {
				"north": {"uv": [0, 7.75, 0.0625, 10], "texture": "#0"},
				"east": {"uv": [0, 7.75, 0.0625, 10], "texture": "#0"},
				"south": {"uv": [0, 7.75, 0.0625, 10], "texture": "#0"},
				"west": {"uv": [0, 7.75, 0.0625, 10], "texture": "#0"},
				"up": {"uv": [0, 7.75, 0.0625, 7.8125], "texture": "#0"},
				"down": {"uv": [0, 7.75, 0.0625, 7.8125], "texture": "#0"}
			}
		},
		{
			"from": [5.5, 11.03417, 2.76583],
			"to": [10.5, 21.03417, 6.76583],
			"rotation": {"angle": 22.5, "axis": "x", "origin": [8.2, 20.06168, 6.28682]},
			"faces": {
				"north": {"uv": [7.8125, 4.25, 9.0625, 4.875], "rotation": 90, "texture": "#0"},
				"east": {"uv": [8.1875, 1.5625, 6.9375, 2.0625], "rotation": 90, "texture": "#0"},
				"south": {"uv": [7.3125, 2.0625, 8.5625, 2.6875], "rotation": 90, "texture": "#0"},
				"west": {"uv": [8.1875, 2.0625, 6.9375, 1.5625], "rotation": 90, "texture": "#0"},
				"up": {"uv": [7.3125, 2.6875, 7.9375, 3.1875], "rotation": 180, "texture": "#0"},
				"down": {"uv": [8.1875, 1.5625, 8.8125, 2.0625], "rotation": 180, "texture": "#0"}
			}
		},
		{
			"from": [6, 10, 3.1],
			"to": [10, 18, 6.1],
			"rotation": {"angle": 45, "axis": "x", "origin": [7.7, 19.36168, 6.48682]},
			"faces": {
				"north": {"uv": [8, 5.5625, 9, 6.0625], "rotation": 90, "texture": "#0"},
				"east": {"uv": [8.8125, 4.875, 7.8125, 5.25], "rotation": 90, "texture": "#0"},
				"south": {"uv": [8, 5.5625, 9, 6.0625], "rotation": 90, "texture": "#0"},
				"west": {"uv": [8.8125, 5.25, 7.8125, 4.875], "rotation": 90, "texture": "#0"},
				"up": {"uv": [8.3125, 3.875, 8.8125, 4.25], "rotation": 180, "texture": "#0"},
				"down": {"uv": [8.3125, 3.875, 8.8125, 4.25], "rotation": 180, "texture": "#0"}
			}
		},
		{
			"from": [6, -2, 3.1],
			"to": [10, 6, 6.1],
			"rotation": {"angle": -45, "axis": "x", "origin": [7.7, -3.36168, 6.48682]},
			"faces": {
				"north": {"uv": [9, 5.5625, 8, 6.0625], "rotation": 90, "texture": "#0"},
				"east": {"uv": [7.8125, 4.875, 8.8125, 5.25], "rotation": 90, "texture": "#0"},
				"south": {"uv": [9, 5.5625, 8, 6.0625], "rotation": 90, "texture": "#0"},
				"west": {"uv": [7.8125, 5.25, 8.8125, 4.875], "rotation": 90, "texture": "#0"},
				"up": {"uv": [8.3125, 4.25, 8.8125, 3.875], "rotation": 180, "texture": "#0"},
				"down": {"uv": [8.3125, 4.25, 8.8125, 3.875], "rotation": 180, "texture": "#0"}
			}
		},
		{
			"from": [6, 15, 2],
			"to": [10, 21, 4.5],
			"rotation": {"angle": 45, "axis": "x", "origin": [1, 15, 11.5]},
			"faces": {
				"north": {"uv": [9.0625, 2.8125, 9.5625, 2.0625], "texture": "#0"},
				"east": {"uv": [8.375, 3.5625, 8.6875, 2.8125], "texture": "#0"},
				"south": {"uv": [8.5625, 2.8125, 9.0625, 2.0625], "texture": "#0"},
				"west": {"uv": [8.375, 3.5625, 8.6875, 2.8125], "texture": "#0"},
				"up": {"uv": [8.3125, 3.875, 8.8125, 3.5625], "texture": "#0"},
				"down": {"uv": [8.3125, 3.875, 8.8125, 3.5625], "texture": "#0"}
			}
		},
		{
			"from": [6, -5, 2],
			"to": [10, 1, 4.5],
			"rotation": {"angle": -45, "axis": "x", "origin": [1, 1, 11.5]},
			"faces": {
				"north": {"uv": [9.0625, 2.0625, 9.5625, 2.8125], "texture": "#0"},
				"east": {"uv": [8.375, 2.8125, 8.6875, 3.5625], "texture": "#0"},
				"south": {"uv": [8.5625, 2.0625, 9.0625, 2.8125], "texture": "#0"},
				"west": {"uv": [8.375, 2.8125, 8.6875, 3.5625], "texture": "#0"},
				"up": {"uv": [8.3125, 3.5625, 8.8125, 3.875], "texture": "#0"},
				"down": {"uv": [8.3125, 3.5625, 8.8125, 3.875], "texture": "#0"}
			}
		},
		{
			"from": [5.5, -5.03417, 2.76583],
			"to": [10.5, 4.96583, 6.76583],
			"rotation": {"angle": -22.5, "axis": "x", "origin": [8.2, -4.06168, 6.28682]},
			"faces": {
				"north": {"uv": [9.0625, 4.25, 7.8125, 4.875], "rotation": 90, "texture": "#0"},
				"east": {"uv": [6.9375, 1.5625, 8.1875, 2.0625], "rotation": 90, "texture": "#0"},
				"south": {"uv": [8.5625, 2.0625, 7.3125, 2.6875], "rotation": 90, "texture": "#0"},
				"west": {"uv": [6.9375, 2.0625, 8.1875, 1.5625], "rotation": 90, "texture": "#0"},
				"up": {"uv": [8.1875, 2.0625, 8.8125, 1.5625], "rotation": 180, "texture": "#0"},
				"down": {"uv": [7.3125, 3.1875, 7.9375, 2.6875], "rotation": 180, "texture": "#0"}
			}
		},
		{
			"from": [6.75, 24.8, 12.6],
			"to": [9.25, 26.3, 17.6],
			"rotation": {"angle": -22.5, "axis": "x", "origin": [0.2, 17.8, 13.6]},
			"faces": {
				"east": {"uv": [8.125, 4.25, 8.3125, 3.625], "rotation": 90, "texture": "#0"},
				"west": {"uv": [8.125, 4.25, 8.3125, 3.625], "rotation": 90, "texture": "#0"},
				"up": {"uv": [8.6875, 3.4375, 9, 2.8125], "rotation": 180, "texture": "#0"},
				"down": {"uv": [7.8125, 4.25, 8.125, 3.625], "rotation": 180, "texture": "#0"}
			}
		},
		{
			"from": [6.25, 23.8, 17.5],
			"to": [9.75, 27.3, 19.5],
			"rotation": {"angle": -22.5, "axis": "x", "origin": [0.7, 17.8, 12.5]},
			"faces": {
				"north": {"uv": [7.3125, 3.625, 7.75, 3.1875], "rotation": 180, "texture": "#0"},
				"east": {"uv": [7.3125, 3.625, 7.75, 3.875], "rotation": 90, "texture": "#0"},
				"south": {"uv": [7.75, 3.625, 8.1875, 3.1875], "rotation": 180, "texture": "#0"},
				"west": {"uv": [7.3125, 3.875, 7.75, 3.625], "rotation": 90, "texture": "#0"},
				"up": {"uv": [7.9375, 2.6875, 8.375, 2.9375], "rotation": 180, "texture": "#0"},
				"down": {"uv": [7.9375, 2.9375, 8.375, 2.6875], "rotation": 180, "texture": "#0"}
			}
		},
		{
			"from": [6.25, -11.3, 17.5],
			"to": [9.75, -7.8, 19.5],
			"rotation": {"angle": 22.5, "axis": "x", "origin": [0.7, -1.8, 12.5]},
			"faces": {
				"north": {"uv": [7.3125, 3.1875, 7.75, 3.625], "rotation": 180, "texture": "#0"},
				"east": {"uv": [7.75, 3.625, 7.3125, 3.875], "rotation": 90, "texture": "#0"},
				"south": {"uv": [7.75, 3.1875, 8.1875, 3.625], "rotation": 180, "texture": "#0"},
				"west": {"uv": [7.75, 3.875, 7.3125, 3.625], "rotation": 90, "texture": "#0"},
				"up": {"uv": [7.9375, 2.6875, 8.375, 2.9375], "rotation": 180, "texture": "#0"},
				"down": {"uv": [7.9375, 2.9375, 8.375, 2.6875], "rotation": 180, "texture": "#0"}
			}
		},
		{
			"from": [6.75, -10.3, 12.6],
			"to": [9.25, -8.8, 17.6],
			"rotation": {"angle": 22.5, "axis": "x", "origin": [0.2, -1.8, 13.6]},
			"faces": {
				"east": {"uv": [8.3125, 4.25, 8.125, 3.625], "rotation": 90, "texture": "#0"},
				"west": {"uv": [8.3125, 4.25, 8.125, 3.625], "rotation": 90, "texture": "#0"},
				"up": {"uv": [7.8125, 3.625, 8.125, 4.25], "rotation": 180, "texture": "#0"},
				"down": {"uv": [8.6875, 2.8125, 9, 3.4375], "rotation": 180, "texture": "#0"}
			}
		},
		{
			"from": [6.7, 10.08, 6.94644],
			"to": [9.3, 15.08, 9.44644],
			"rotation": {"angle": -22.5, "axis": "x", "origin": [8, 6.89609, 6.57014]},
			"faces": {
				"north": {"uv": [2.5625, 1.375, 2.875, 0.75], "texture": "#0"},
				"east": {"uv": [2.5625, 2.625, 2.25, 2], "texture": "#0"},
				"south": {"uv": [2.25, 3.25, 2.5625, 2.625], "texture": "#0"},
				"west": {"uv": [2.25, 2.625, 2.5625, 2], "texture": "#0"},
				"up": {"uv": [2.1875, 2.5, 1.875, 2.8125], "texture": "#0"},
				"down": {"uv": [2.1875, 2.5, 1.875, 2.8125], "texture": "#0"}
			}
		},
		{
			"from": [6.7, 14.7, 5.04644],
			"to": [9.3, 16.7, 7.54644],
			"rotation": {"angle": -22.5, "axis": "x", "origin": [8, 11.49609, 4.67014]},
			"faces": {
				"north": {"uv": [2.5625, 1, 2.8875, 0.75], "texture": "#0"},
				"east": {"uv": [2.5625, 3.125, 2.25, 3.375], "texture": "#0"},
				"south": {"uv": [2.25, 3.0625, 2.5625, 3.3125], "texture": "#0"},
				"west": {"uv": [2.25, 3.125, 2.5625, 3.375], "texture": "#0"},
				"up": {"uv": [2.2, 2.5, 1.875, 2.8125], "texture": "#0"},
				"down": {"uv": [2.2, 2.5, 1.875, 2.8125], "texture": "#0"}
			}
		},
		{
			"from": [6, 3.96041, 4.83305],
			"to": [10, 5.46041, 8.83305],
			"rotation": {"angle": 22.5, "axis": "x", "origin": [8, 6.89609, 6.47014]},
			"faces": {
				"north": {"uv": [1.375, 2.0625, 0.875, 2.25], "texture": "#0"},
				"east": {"uv": [1.375, 2.0625, 0.875, 2.25], "texture": "#0"},
				"south": {"uv": [1.375, 2.0625, 0.875, 2.25], "texture": "#0"},
				"west": {"uv": [1.375, 2.0625, 0.875, 2.25], "texture": "#0"},
				"up": {"uv": [0.375, 2.5625, 0.875, 2.0625], "texture": "#0"},
				"down": {"uv": [0.375, 2.5625, 0.875, 2.0625], "texture": "#0"}
			}
		},
		{
			"from": [6, -0.03959, 4.83305],
			"to": [10, 1.46041, 8.83305],
			"rotation": {"angle": 22.5, "axis": "x", "origin": [8, 6.89609, 6.47014]},
			"faces": {
				"north": {"uv": [1.375, 2.0625, 0.875, 2.25], "texture": "#0"},
				"east": {"uv": [1.375, 2.0625, 0.875, 2.25], "texture": "#0"},
				"south": {"uv": [1.375, 2.0625, 0.875, 2.25], "texture": "#0"},
				"west": {"uv": [1.375, 2.0625, 0.875, 2.25], "texture": "#0"},
				"up": {"uv": [0.375, 2.5625, 0.875, 2.0625], "texture": "#0"},
				"down": {"uv": [0.375, 2.5625, 0.875, 2.0625], "texture": "#0"}
			}
		},
		{
			"from": [6.5, 1.46041, 5.33305],
			"to": [9.5, 3.96041, 8.33305],
			"rotation": {"angle": 22.5, "axis": "x", "origin": [8, 6.89609, 6.47014]},
			"faces": {
				"north": {"uv": [0.375, 2.25, 0, 2.5625], "texture": "#0"},
				"east": {"uv": [0.375, 1.9375, 0, 2.25], "texture": "#0"},
				"south": {"uv": [0.375, 2.25, 0, 2.5625], "texture": "#0"},
				"west": {"uv": [0.375, 1.9375, 0, 2.25], "texture": "#0"}
			}
		},
		{
			"from": [6.5, 9.59985, 6.50196],
			"to": [9.5, 13.59985, 9.50196],
			"rotation": {"angle": -22.5, "axis": "x", "origin": [8, 6.89609, 6.57014]},
			"faces": {
				"north": {"uv": [0.875, 3.625, 1.25, 4.125], "texture": "#0"},
				"east": {"uv": [0.875, 3.5625, 0.5, 4.0625], "texture": "#0"},
				"south": {"uv": [0.5, 4.0625, 0.875, 4.5625], "texture": "#0"},
				"west": {"uv": [0.5, 3.5625, 0.875, 4.0625], "texture": "#0"},
				"up": {"uv": [1.25, 3.625, 1.625, 4], "texture": "#0"},
				"down": {"uv": [1.25, 3.625, 1.625, 4], "texture": "#0"}
			}
		},
		{
			"from": [6.55, 10.29924, 0.42827],
			"to": [9.45, 12.29924, 4.42827],
			"rotation": {"angle": 22.5, "axis": "x", "origin": [8, 6.89609, 6.57014]},
			"faces": {
				"north": {"uv": [2.0625, 3.5, 2.4375, 3.75], "rotation": 180, "texture": "#0"},
				"east": {"uv": [1.8125, 3.4375, 2.0625, 3.9375], "rotation": 270, "texture": "#0"},
				"south": {"uv": [2.0625, 3.5, 2.4375, 3.75], "rotation": 180, "texture": "#0"},
				"west": {"uv": [1.8125, 3.4375, 2.0625, 3.9375], "rotation": 270, "texture": "#0"},
				"up": {"uv": [2.75, 3.25, 3.125, 3.75], "texture": "#0"},
				"down": {"uv": [2.75, 3.25, 3.125, 3.75], "texture": "#0"}
			}
		},
		{
			"from": [8, 5.29924, 7.42827],
			"to": [8, 8.29924, 10.42827],
			"rotation": {"angle": 22.5, "axis": "x", "origin": [8, 6.89609, 6.57014]},
			"faces": {
				"north": {"uv": [2.0625, 3.5, 2.4375, 3.75], "rotation": 180, "texture": "#0"},
				"east": {"uv": [3.375, 0.375, 3.75, 0], "rotation": 270, "texture": "#0"},
				"south": {"uv": [2.0625, 3.5, 2.4375, 3.75], "rotation": 180, "texture": "#0"},
				"west": {"uv": [3.375, 0, 3.75, 0.375], "rotation": 270, "texture": "#0"},
				"up": {"uv": [2.75, 3.25, 3.125, 3.75], "texture": "#0"},
				"down": {"uv": [2.75, 3.25, 3.125, 3.75], "texture": "#0"}
			}
		},
		{
			"from": [7.06976, -4.5, -2.23024],
			"to": [9.06976, -3.5, -0.23024],
			"rotation": {"angle": 0, "axis": "y", "origin": [8.31976, -6.29834, -0.55]},
			"faces": {
				"north": {"uv": [2.375, 4.0625, 2.625, 4.1875], "texture": "#0"},
				"east": {"uv": [2.375, 4.0625, 2.625, 4.1875], "texture": "#0"},
				"south": {"uv": [2.375, 4.0625, 2.625, 4.1875], "texture": "#0"},
				"west": {"uv": [2.375, 4.0625, 2.625, 4.1875], "texture": "#0"},
				"up": {"uv": [2.375, 3.8125, 2.625, 4.0625], "rotation": 270, "texture": "#0"},
				"down": {"uv": [2.375, 3.8125, 2.625, 4.0625], "rotation": 270, "texture": "#0"}
			}
		},
		{
			"from": [8.06976, -3.5, -2.53024],
			"to": [8.06976, -0.5, -0.53024],
			"rotation": {"angle": 0, "axis": "y", "origin": [8.31976, -6.29834, -0.55]},
			"faces": {
				"north": {"uv": [2.375, 4.0625, 2.625, 4.1875], "texture": "#0"},
				"east": {"uv": [5.125, 0, 4.875, 0.375], "texture": "#0"},
				"south": {"uv": [2.375, 4.0625, 2.625, 4.1875], "texture": "#0"},
				"west": {"uv": [4.875, 0, 5.125, 0.375], "texture": "#0"},
				"up": {"uv": [2.375, 3.8125, 2.625, 4.0625], "rotation": 270, "texture": "#0"},
				"down": {"uv": [2.375, 3.8125, 2.625, 4.0625], "rotation": 270, "texture": "#0"}
			}
		},
		{
			"from": [6.36976, -6.31145, -0.44483],
			"to": [10.36976, -4.31145, -0.44483],
			"rotation": {"angle": -22.5, "axis": "x", "origin": [8.11976, -6.29834, -0.35]},
			"faces": {
				"north": {"uv": [4.375, 0, 3.875, 0.25], "texture": "#0"},
				"east": {"uv": [0, 0, 0, 192], "texture": "#missing"},
				"south": {"uv": [3.875, 0, 4.375, 0.25], "texture": "#0"},
				"west": {"uv": [0, 0, 0, 192], "texture": "#missing"},
				"up": {"uv": [0, 0, 0, 96], "rotation": 270, "texture": "#missing"},
				"down": {"uv": [0, 0, 0, 96], "rotation": 90, "texture": "#missing"}
			}
		},
		{
			"from": [6.36976, -9.27035, -0.46176],
			"to": [10.36976, -6.27035, -0.46176],
			"rotation": {"angle": -45, "axis": "x", "origin": [8.11976, -6.29834, -0.35]},
			"faces": {
				"north": {"uv": [4.375, 0.25, 3.875, 0.625], "texture": "#0"},
				"east": {"uv": [0, 0, 0, 192], "texture": "#missing"},
				"south": {"uv": [3.875, 0.25, 4.375, 0.625], "texture": "#0"},
				"west": {"uv": [0, 0, 0, 192], "texture": "#missing"},
				"up": {"uv": [0, 0, 0, 96], "rotation": 270, "texture": "#missing"},
				"down": {"uv": [0, 0, 0, 96], "rotation": 90, "texture": "#missing"}
			}
		},
		{
			"from": [6.36976, -7.52441, 2.34915],
			"to": [10.36976, -7.52441, 4.34915],
			"rotation": {"angle": 22.5, "axis": "x", "origin": [8.11976, -6.29834, -0.35]},
			"faces": {
				"north": {"uv": [0, 0, 0, 96], "rotation": 90, "texture": "#missing"},
				"east": {"uv": [0, 0, 0, 192], "rotation": 90, "texture": "#missing"},
				"south": {"uv": [0, 0, 0, 96], "rotation": 90, "texture": "#missing"},
				"west": {"uv": [0, 0, 0, 192], "rotation": 270, "texture": "#missing"},
				"up": {"uv": [3.875, 0.625, 4.375, 0.875], "texture": "#0"},
				"down": {"uv": [4.375, 0.625, 3.875, 0.875], "rotation": 180, "texture": "#0"}
			}
		},
		{
			"from": [9.45205, -7.09383, -2.8],
			"to": [9.45205, -4.09383, 0.2],
			"rotation": {"angle": 22.5, "axis": "z", "origin": [8.11976, -6.29834, -1.55]},
			"faces": {
				"north": {"uv": [0, 0, 0, 128], "texture": "#missing"},
				"east": {"uv": [4.8125, 0, 4.4375, 0.375], "texture": "#0"},
				"south": {"uv": [0, 0, 0, 128], "texture": "#missing"},
				"west": {"uv": [4.4375, 0, 4.8125, 0.375], "texture": "#0"},
				"up": {"uv": [0, 0, 0, 96], "texture": "#missing"},
				"down": {"uv": [0, 0, 0, 96], "texture": "#missing"}
			}
		},
		{
			"from": [9.08658, -10, -2.8],
			"to": [9.08658, -7.5, 0.2],
			"rotation": {"angle": 45, "axis": "z", "origin": [8.11976, -6.29834, -1.55]},
			"faces": {
				"north": {"uv": [0, 0, 0, 128], "texture": "#missing"},
				"east": {"uv": [4.8125, 0.3125, 4.4375, 0.625], "texture": "#0"},
				"south": {"uv": [0, 0, 0, 128], "texture": "#missing"},
				"west": {"uv": [4.4375, 0.3125, 4.8125, 0.625], "texture": "#0"},
				"up": {"uv": [0, 0, 0, 96], "texture": "#missing"},
				"down": {"uv": [0, 0, 0, 96], "texture": "#missing"}
			}
		},
		{
			"from": [6.36976, 5.71145, 4.44483],
			"to": [10.36976, 7.71145, 4.44483],
			"rotation": {"angle": -22.5, "axis": "x", "origin": [8.11976, 7.69834, 4.35]},
			"faces": {
				"north": {"uv": [4.375, 0.25, 3.875, 0], "texture": "#0"},
				"east": {"uv": [0, 192, 0, 0], "texture": "#missing"},
				"south": {"uv": [3.875, 0.25, 4.375, 0], "texture": "#0"},
				"west": {"uv": [0, 192, 0, 0], "texture": "#missing"},
				"up": {"uv": [0, 0, 0, 96], "rotation": 90, "texture": "#missing"},
				"down": {"uv": [0, 0, 0, 96], "rotation": 270, "texture": "#missing"}
			}
		},
		{
			"from": [6.36976, 7.67035, 4.46176],
			"to": [10.36976, 10.67035, 4.46176],
			"rotation": {"angle": -45, "axis": "x", "origin": [8.11976, 7.69834, 4.35]},
			"faces": {
				"north": {"uv": [4.375, 0.625, 3.875, 0.25], "texture": "#0"},
				"east": {"uv": [0, 192, 0, 0], "texture": "#missing"},
				"south": {"uv": [3.875, 0.625, 4.375, 0.25], "texture": "#0"},
				"west": {"uv": [0, 192, 0, 0], "texture": "#missing"},
				"up": {"uv": [0, 0, 0, 96], "rotation": 90, "texture": "#missing"},
				"down": {"uv": [0, 0, 0, 96], "rotation": 270, "texture": "#missing"}
			}
		},
		{
			"from": [6.36976, 8.92441, -0.34915],
			"to": [10.36976, 8.92441, 1.65085],
			"rotation": {"angle": 22.5, "axis": "x", "origin": [8.11976, 7.69834, 4.35]},
			"faces": {
				"north": {"uv": [0, 96, 0, 0], "rotation": 90, "texture": "#missing"},
				"east": {"uv": [0, 192, 0, 0], "rotation": 90, "texture": "#missing"},
				"south": {"uv": [0, 96, 0, 0], "rotation": 90, "texture": "#missing"},
				"west": {"uv": [0, 192, 0, 0], "rotation": 270, "texture": "#missing"},
				"up": {"uv": [4.375, 0.625, 3.875, 0.875], "rotation": 180, "texture": "#0"},
				"down": {"uv": [3.875, 0.625, 4.375, 0.875], "texture": "#0"}
			}
		},
		{
			"from": [10.25205, 6.09383, 3.8],
			"to": [10.25205, 9.09383, 6.8],
			"rotation": {"angle": -22.5, "axis": "z", "origin": [8.91976, 8.29834, 5.55]},
			"faces": {
				"north": {"uv": [0, 128, 0, 0], "texture": "#missing"},
				"east": {"uv": [4.4375, 0.375, 4.8125, 0], "texture": "#0"},
				"south": {"uv": [0, 128, 0, 0], "texture": "#missing"},
				"west": {"uv": [4.8125, 0.375, 4.4375, 0], "texture": "#0"},
				"up": {"uv": [0, 0, 0, 96], "texture": "#missing"},
				"down": {"uv": [0, 0, 0, 96], "texture": "#missing"}
			}
		},
		{
			"from": [9.88658, 9.5, 3.8],
			"to": [9.88658, 12, 6.8],
			"rotation": {"angle": -45, "axis": "z", "origin": [8.91976, 8.29834, 5.55]},
			"faces": {
				"north": {"uv": [0, 128, 0, 0], "texture": "#missing"},
				"east": {"uv": [4.4375, 0.625, 4.8125, 0.3125], "texture": "#0"},
				"south": {"uv": [0, 128, 0, 0], "texture": "#missing"},
				"west": {"uv": [4.8125, 0.625, 4.4375, 0.3125], "texture": "#0"},
				"up": {"uv": [0, 0, 0, 96], "texture": "#missing"},
				"down": {"uv": [0, 0, 0, 96], "texture": "#missing"}
			}
		},
		{
			"from": [6.61342, 7.5, 4.8],
			"to": [6.61342, 10, 7.8],
			"rotation": {"angle": 45, "axis": "z", "origin": [7.58024, 6.29834, 6.55]},
			"faces": {
				"north": {"uv": [0, 128, 0, 0], "texture": "#missing"},
				"east": {"uv": [4.4375, 0.625, 4.8125, 0.3125], "texture": "#0"},
				"south": {"uv": [0, 128, 0, 0], "texture": "#missing"},
				"west": {"uv": [4.8125, 0.625, 4.4375, 0.3125], "texture": "#0"},
				"up": {"uv": [0, 0, 0, 96], "texture": "#missing"},
				"down": {"uv": [0, 0, 0, 96], "texture": "#missing"}
			}
		},
		{
			"from": [6.24795, 4.09383, 4.8],
			"to": [6.24795, 7.09383, 7.8],
			"rotation": {"angle": 22.5, "axis": "z", "origin": [7.58024, 6.29834, 6.55]},
			"faces": {
				"north": {"uv": [0, 128, 0, 0], "texture": "#missing"},
				"east": {"uv": [4.4375, 0.375, 4.8125, 0], "texture": "#0"},
				"south": {"uv": [0, 128, 0, 0], "texture": "#missing"},
				"west": {"uv": [4.8125, 0.375, 4.4375, 0], "texture": "#0"},
				"up": {"uv": [0, 0, 0, 96], "texture": "#missing"},
				"down": {"uv": [0, 0, 0, 96], "texture": "#missing"}
			}
		},
		{
			"from": [6.75, -12.41897, 15.93974],
			"to": [9.25, -9.91897, 17.43974],
			"rotation": {"angle": 22.5, "axis": "x", "origin": [8, -10.06897, 15.00871]},
			"faces": {
				"north": {"uv": [1.9375, 4.4375, 2.25, 4.125], "texture": "#0"},
				"east": {"uv": [2.375, 3.9375, 2.0625, 3.75], "rotation": 270, "texture": "#0"},
				"south": {"uv": [1.9375, 4.4375, 2.25, 4.125], "rotation": 180, "texture": "#0"},
				"west": {"uv": [2.0625, 3.9375, 2.375, 3.75], "rotation": 90, "texture": "#0"},
				"up": {"uv": [5.3125, 1.5625, 5.625, 1.375], "rotation": 180, "texture": "#0"},
				"down": {"uv": [1.9375, 3.9375, 2.25, 4.125], "texture": "#0"}
			}
		},
		{
			"from": [6.75, 25.91897, 15.93974],
			"to": [9.25, 28.41897, 17.43974],
			"rotation": {"angle": -22.5, "axis": "x", "origin": [8, 26.06897, 15.00871]},
			"faces": {
				"north": {"uv": [1.9375, 4.125, 2.25, 4.4375], "texture": "#0"},
				"east": {"uv": [2.0625, 3.9375, 2.375, 3.75], "rotation": 270, "texture": "#0"},
				"south": {"uv": [1.9375, 4.125, 2.25, 4.4375], "rotation": 180, "texture": "#0"},
				"west": {"uv": [2.375, 3.9375, 2.0625, 3.75], "rotation": 90, "texture": "#0"},
				"up": {"uv": [1.9375, 4.125, 2.25, 3.9375], "texture": "#0"},
				"down": {"uv": [5.3125, 1.375, 5.625, 1.5625], "rotation": 180, "texture": "#0"}
			}
		},
		{
			"from": [5, 18.5, 0],
			"to": [11, 29.5, 0],
			"rotation": {"angle": 22.5, "axis": "y", "origin": [8, 23.5, 0]},
			"faces": {
				"north": {"uv": [0, 0, 6, 11], "texture": "#3"},
				"east": {"uv": [0, 0, 0, 8], "texture": "#3"},
				"south": {"uv": [6, 0, 0, 11], "texture": "#3"},
				"west": {"uv": [0, 0, 0, 8], "texture": "#3"},
				"up": {"uv": [0, 6, 0, 0], "rotation": 90, "texture": "#3"},
				"down": {"uv": [0, 0, 0, 6], "rotation": 270, "texture": "#3"}
			}
		},
		{
			"from": [5.5, 17.8, 0],
			"to": [10.5, 22.3, 0],
			"rotation": {"angle": 45, "axis": "y", "origin": [8, 17.5, 0]},
			"faces": {
				"north": {"uv": [3.1875, 1.3125, 3.8125, 1.875], "texture": "#0"},
				"east": {"uv": [2.25, 2.25, 1.875, 2.5], "texture": "#0"},
				"south": {"uv": [3.8125, 1.3125, 3.1875, 1.875], "texture": "#0"},
				"west": {"uv": [2.25, 2.25, 1.875, 2.5], "texture": "#0"},
				"up": {"uv": [1.875, 1.875, 2.25, 2.25], "rotation": 90, "texture": "#0"},
				"down": {"uv": [1.875, 1.875, 2.25, 2.25], "rotation": 270, "texture": "#0"}
			}
		},
		{
			"from": [5.5, 17.8, 0],
			"to": [10.5, 22.3, 0],
			"rotation": {"angle": -45, "axis": "y", "origin": [8, 17.5, 0]},
			"faces": {
				"north": {"uv": [3.1875, 1.3125, 3.8125, 1.875], "texture": "#0"},
				"east": {"uv": [2.25, 2.25, 1.875, 2.5], "texture": "#0"},
				"south": {"uv": [3.8125, 1.3125, 3.1875, 1.875], "texture": "#0"},
				"west": {"uv": [2.25, 2.25, 1.875, 2.5], "texture": "#0"},
				"up": {"uv": [1.875, 1.875, 2.25, 2.25], "rotation": 90, "texture": "#0"},
				"down": {"uv": [1.875, 1.875, 2.25, 2.25], "rotation": 270, "texture": "#0"}
			}
		},
		{
			"from": [6.5, 17.5, -1.5],
			"to": [9.5, 18.5, 1.5],
			"rotation": {"angle": 45, "axis": "y", "origin": [8, 17.5, 0]},
			"faces": {
				"north": {"uv": [1.875, 2.25, 2.25, 2.375], "texture": "#0"},
				"east": {"uv": [2.25, 2.25, 1.875, 2.375], "texture": "#0"},
				"south": {"uv": [1.875, 2.25, 2.25, 2.375], "texture": "#0"},
				"west": {"uv": [2.25, 2.25, 1.875, 2.375], "texture": "#0"},
				"up": {"uv": [1.875, 1.875, 2.25, 2.25], "rotation": 90, "texture": "#0"},
				"down": {"uv": [1.875, 1.875, 2.25, 2.25], "rotation": 270, "texture": "#0"}
			}
		},
		{
			"from": [6.75, 18, -1],
			"to": [9.25, 20.5, 1],
			"rotation": {"angle": -45, "axis": "z", "origin": [8, 19.25, 0]},
			"faces": {
				"north": {"uv": [0.875, 4.4375, 1.1875, 4.125], "texture": "#0"},
				"east": {"uv": [1.4375, 4.4375, 1.6875, 4.125], "texture": "#0"},
				"south": {"uv": [1.1875, 4.4375, 0.875, 4.125], "texture": "#0"},
				"west": {"uv": [1.1875, 4.125, 1.4375, 4.4375], "texture": "#0"},
				"up": {"uv": [1.1875, 4.4375, 1.4375, 4.125], "rotation": 90, "texture": "#0"},
				"down": {"uv": [1.4375, 4.4375, 1.6875, 4.125], "rotation": 270, "texture": "#0"}
			}
		},
		{
			"from": [7, 16.5, -1],
			"to": [9, 17.5, 1],
			"rotation": {"angle": 45, "axis": "y", "origin": [8, 17, 0]},
			"faces": {
				"north": {"uv": [2.625, 4.0625, 2.375, 4.1875], "texture": "#0"},
				"east": {"uv": [2.375, 4.0625, 2.625, 4.1875], "texture": "#0"},
				"south": {"uv": [2.375, 4.0625, 2.625, 4.1875], "texture": "#0"},
				"west": {"uv": [2.625, 4.0625, 2.375, 4.1875], "texture": "#0"},
				"up": {"uv": [2.375, 3.8125, 2.625, 4.0625], "rotation": 270, "texture": "#0"},
				"down": {"uv": [2.375, 3.8125, 2.625, 4.0625], "rotation": 270, "texture": "#0"}
			}
		},
		{
			"from": [8, 19.5, 15],
			"to": [8, 26.5, 18],
			"rotation": {"angle": 0, "axis": "y", "origin": [0, 16.5, 0]},
			"faces": {
				"north": {"uv": [0, 0, 0, 256], "texture": "#missing"},
				"east": {"uv": [3.75, 0.4375, 3.375, 1.3125], "texture": "#0"},
				"south": {"uv": [0, 0, 0, 256], "texture": "#missing"},
				"west": {"uv": [3.375, 0.4375, 3.75, 1.3125], "texture": "#0"},
				"up": {"uv": [0, 0, 0, 96], "texture": "#missing"},
				"down": {"uv": [0, 0, 0, 96], "texture": "#missing"}
			}
		},
		{
			"from": [7, 19, 15],
			"to": [9, 20.5, 17],
			"rotation": {"angle": 0, "axis": "y", "origin": [0, 16.5, 0]},
			"faces": {
				"north": {"uv": [1.6875, 3.9375, 1.9375, 4.125], "texture": "#0"},
				"east": {"uv": [1.6875, 3.9375, 1.9375, 4.125], "texture": "#0"},
				"south": {"uv": [1.6875, 3.9375, 1.9375, 4.125], "texture": "#0"},
				"west": {"uv": [1.6875, 3.9375, 1.9375, 4.125], "texture": "#0"},
				"up": {"uv": [1.6875, 4.125, 1.9375, 4.375], "texture": "#0"},
				"down": {"uv": [1.6875, 4.125, 1.9375, 4.375], "texture": "#0"}
			}
		},
		{
			"from": [8, 15, 12],
			"to": [8, 19, 20],
			"rotation": {"angle": 0, "axis": "y", "origin": [6, 19, 13]},
			"faces": {
				"north": {"uv": [0, 0, 0, 14], "texture": "#5"},
				"east": {"uv": [16, 6, 0, 14], "texture": "#5"},
				"south": {"uv": [0, 0, 0, 14], "texture": "#5"},
				"west": {"uv": [0, 6, 16, 14], "texture": "#5"},
				"up": {"uv": [0, 10, 0, 0], "texture": "#5"},
				"down": {"uv": [0, 0, 0, 10], "texture": "#5"}
			}
		},
		{
			"from": [7.5, 15.1, 12.1],
			"to": [8.5, 28.2, 13.6],
			"rotation": {"angle": 22.5, "axis": "x", "origin": [0.4, 29.7, 4.6]},
			"faces": {
				"north": {"uv": [9.1875, 2.8125, 9.0625, 4.4375], "texture": "#0"},
				"east": {"uv": [7.25, 1.5625, 5.625, 1.375], "rotation": 90, "texture": "#0"},
				"south": {"uv": [9.0625, 2.8125, 9.1875, 4.4375], "texture": "#0"},
				"west": {"uv": [5.625, 1.375, 7.25, 1.5625], "rotation": 90, "texture": "#0"},
				"up": {"uv": [9.0625, 2.8125, 9.1875, 3], "texture": "#0"},
				"down": {"uv": [9.0625, 2.8125, 9.1875, 3], "texture": "#0"}
			}
		},
		{
			"from": [7.5, -12.2, 12.1],
			"to": [8.5, 0.9, 13.6],
			"rotation": {"angle": -22.5, "axis": "x", "origin": [0.4, -13.7, 4.6]},
			"faces": {
				"north": {"uv": [9.1875, 4.4375, 9.0625, 2.8125], "texture": "#0"},
				"east": {"uv": [5.625, 1.5625, 7.25, 1.375], "rotation": 90, "texture": "#0"},
				"south": {"uv": [9.0625, 4.4375, 9.1875, 2.8125], "texture": "#0"},
				"west": {"uv": [7.25, 1.375, 5.625, 1.5625], "rotation": 90, "texture": "#0"},
				"up": {"uv": [9.0625, 3, 9.1875, 2.8125], "texture": "#0"},
				"down": {"uv": [9.0625, 3, 9.1875, 2.8125], "texture": "#0"}
			}
		}
	],
	"gui_light": "front",
	"display": {
		"thirdperson_righthand": {
			"rotation": [0, -3, 0],
			"translation": [-1, -1.75, 2],
			"scale": [0.5, 0.5, 0.5]
		},
		"thirdperson_lefthand": {
			"rotation": [0, -3, 0],
			"translation": [-1, -1.75, 2],
			"scale": [0.5, 0.5, 0.5]
		},
		"firstperson_righthand": {
			"rotation": [14.13, 5.29, 5.32],
			"translation": [8.5, 1.75, -6.5],
			"scale": [0.54883, 0.54883, 0.54883]
		},
		"firstperson_lefthand": {
			"rotation": [14.13, 5.29, 5.32],
			"translation": [8.5, 1.75, -6.5],
			"scale": [0.54883, 0.54883, 0.54883]
		},
		"ground": {
			"rotation": [94, 85, 0],
			"translation": [0, 0, 0.25],
			"scale": [0.5, 0.5, 0.5]
		},
		"gui": {
			"rotation": [-57, 135, 71],
			"translation": [-1, 1, 0],
			"scale": [0.4, 0.4, 0.4]
		},
		"head": {
			"rotation": [91, -1, 90],
			"translation": [0, 10.5, 0.25],
			"scale": [0.7, 0.7, 0.7]
		},
		"fixed": {
			"rotation": [0, 90, 0],
			"translation": [0.25, 0.25, -2.25],
			"scale": [1.2, 1.2, 1.2]
		}
	}
}