{
	"credit": "Made with Blockbench",
	"texture_size": [128, 128],
	"textures": {
		"0": "elitecreatures:witchcaster_animated/witchcaster_texture",
		"3": "elitecreatures:witchcaster_animated/witchcaster_animation_01",
		"5": "elitecreatures:witchcaster_animated/witchcaster_animation_002-export",
		"particle": "elitecreatures:witchcaster_animated/witchcaster_texture"
	},
	"elements": [
		{
			"from": [8, 6, 10.3],
			"to": [8, 10, 18.3],
			"rotation": {"angle": 0, "axis": "y", "origin": [6, 10, 17.3]},
			"faces": {
				"north": {"uv": [0, 0, 0, 14], "texture": "#5"},
				"east": {"uv": [0, 6, 16, 14], "texture": "#5"},
				"south": {"uv": [0, 0, 0, 14], "texture": "#5"},
				"west": {"uv": [16, 6, 0, 14], "texture": "#5"},
				"up": {"uv": [0, 0, 0, 10], "texture": "#5"},
				"down": {"uv": [0, 10, 0, 0], "texture": "#5"}
			}
		},
		{
			"from": [7, 10, 13.3],
			"to": [9, 11.5, 15.3],
			"rotation": {"angle": 0, "axis": "y", "origin": [0, 7.5, 30.3]},
			"faces": {
				"north": {"uv": [1.9375, 3.9375, 1.6875, 4.125], "texture": "#0"},
				"east": {"uv": [1.9375, 3.9375, 1.6875, 4.125], "texture": "#0"},
				"south": {"uv": [1.9375, 3.9375, 1.6875, 4.125], "texture": "#0"},
				"west": {"uv": [1.9375, 3.9375, 1.6875, 4.125], "texture": "#0"},
				"up": {"uv": [1.6875, 4.375, 1.9375, 4.125], "texture": "#0"},
				"down": {"uv": [1.6875, 4.375, 1.9375, 4.125], "texture": "#0"}
			}
		},
		{
			"from": [8, 10.5, 13.3],
			"to": [8, 17.5, 16.3],
			"rotation": {"angle": 0, "axis": "y", "origin": [0, 7.5, 31.3]},
			"faces": {
				"north": {"uv": [0, 0, 0, 256], "texture": "#missing"},
				"east": {"uv": [3.75, 0.4375, 3.375, 1.3125], "texture": "#0"},
				"south": {"uv": [0, 0, 0, 256], "texture": "#missing"},
				"west": {"uv": [3.375, 0.4375, 3.75, 1.3125], "texture": "#0"},
				"up": {"uv": [0, 96, 0, 0], "texture": "#missing"},
				"down": {"uv": [0, 96, 0, 0], "texture": "#missing"}
			}
		},
		{
			"from": [8, 22.5, 5],
			"to": [8, 31.5, 11],
			"rotation": {"angle": 22.5, "axis": "y", "origin": [8, 27.5, 8]},
			"faces": {
				"north": {"uv": [0, 0, 0, 8], "texture": "#3"},
				"east": {"uv": [6, 0, 0, 11], "texture": "#3"},
				"south": {"uv": [0, 0, 0, 8], "texture": "#3"},
				"west": {"uv": [0, 1, 6, 10], "texture": "#3"},
				"up": {"uv": [0, 6, 0, 0], "texture": "#3"},
				"down": {"uv": [0, 0, 0, 6], "texture": "#3"}
			}
		},
		{
			"from": [8, 22.5, 5],
			"to": [8, 31.5, 11],
			"rotation": {"angle": -22.5, "axis": "y", "origin": [8, 27.5, 8]},
			"faces": {
				"north": {"uv": [0, 0, 0, 8], "texture": "#3"},
				"east": {"uv": [6, 0, 0, 11], "texture": "#3"},
				"south": {"uv": [0, 0, 0, 8], "texture": "#3"},
				"west": {"uv": [0, 1, 6, 10], "texture": "#3"},
				"up": {"uv": [0, 6, 0, 0], "texture": "#3"},
				"down": {"uv": [0, 0, 0, 6], "texture": "#3"}
			}
		},
		{
			"from": [7, 22, 6.75],
			"to": [9, 24.5, 9.25],
			"rotation": {"angle": -45, "axis": "x", "origin": [8, 23.25, 8]},
			"faces": {
				"north": {"uv": [1.4375, 4.4375, 1.6875, 4.125], "texture": "#0"},
				"east": {"uv": [1.1875, 4.4375, 0.875, 4.125], "texture": "#0"},
				"south": {"uv": [1.1875, 4.125, 1.4375, 4.4375], "texture": "#0"},
				"west": {"uv": [0.875, 4.4375, 1.1875, 4.125], "texture": "#0"},
				"up": {"uv": [1.1875, 4.4375, 1.4375, 4.125], "texture": "#0"},
				"down": {"uv": [1.4375, 4.4375, 1.6875, 4.125], "texture": "#0"}
			}
		},
		{
			"from": [8, 21.8, 5.5],
			"to": [8, 26.3, 10.5],
			"rotation": {"angle": -45, "axis": "y", "origin": [8, 21.5, 8]},
			"faces": {
				"north": {"uv": [2.25, 2.25, 1.875, 2.5], "texture": "#0"},
				"east": {"uv": [3.8125, 1.3125, 3.1875, 1.875], "texture": "#0"},
				"south": {"uv": [2.25, 2.25, 1.875, 2.5], "texture": "#0"},
				"west": {"uv": [3.1875, 1.3125, 3.8125, 1.875], "texture": "#0"},
				"up": {"uv": [1.875, 1.875, 2.25, 2.25], "texture": "#0"},
				"down": {"uv": [1.875, 1.875, 2.25, 2.25], "texture": "#0"}
			}
		},
		{
			"from": [8, 21.8, 5.5],
			"to": [8, 26.3, 10.5],
			"rotation": {"angle": 45, "axis": "y", "origin": [8, 21.5, 8]},
			"faces": {
				"north": {"uv": [2.25, 2.25, 1.875, 2.5], "texture": "#0"},
				"east": {"uv": [3.8125, 1.3125, 3.1875, 1.875], "texture": "#0"},
				"south": {"uv": [2.25, 2.25, 1.875, 2.5], "texture": "#0"},
				"west": {"uv": [3.1875, 1.3125, 3.8125, 1.875], "texture": "#0"},
				"up": {"uv": [1.875, 1.875, 2.25, 2.25], "texture": "#0"},
				"down": {"uv": [1.875, 1.875, 2.25, 2.25], "texture": "#0"}
			}
		},
		{
			"from": [6.5, 21.5, 6.5],
			"to": [9.5, 22.5, 9.5],
			"rotation": {"angle": 45, "axis": "y", "origin": [8, 21.5, 8]},
			"faces": {
				"north": {"uv": [2.25, 2.25, 1.875, 2.375], "texture": "#0"},
				"east": {"uv": [1.875, 2.25, 2.25, 2.375], "texture": "#0"},
				"south": {"uv": [2.25, 2.25, 1.875, 2.375], "texture": "#0"},
				"west": {"uv": [1.875, 2.25, 2.25, 2.375], "texture": "#0"},
				"up": {"uv": [1.875, 1.875, 2.25, 2.25], "texture": "#0"},
				"down": {"uv": [1.875, 1.875, 2.25, 2.25], "texture": "#0"}
			}
		},
		{
			"from": [6.25, 7, 6.25],
			"to": [9.75, 9, 9.75],
			"rotation": {"angle": 45, "axis": "y", "origin": [8, 15.25, 8]},
			"faces": {
				"north": {"uv": [1.0625, 6.5625, 1.5, 6.8125], "texture": "#0"},
				"east": {"uv": [1.0625, 6.5625, 1.5, 6.8125], "texture": "#0"},
				"south": {"uv": [1.0625, 6.5625, 1.5, 6.8125], "texture": "#0"},
				"west": {"uv": [1.5, 6.5625, 1.0625, 6.8125], "texture": "#0"},
				"up": {"uv": [1.0625, 6.8125, 1.5, 7.25], "texture": "#0"},
				"down": {"uv": [1.0625, 6.8125, 1.5, 7.25], "texture": "#0"}
			}
		},
		{
			"from": [4.5, 8.5, 4.5],
			"to": [11.5, 14.5, 11.5],
			"rotation": {"angle": 45, "axis": "y", "origin": [8, 15.25, 8]},
			"faces": {
				"north": {"uv": [1.5625, 4.75, 2.4375, 5.5], "texture": "#0"},
				"east": {"uv": [1.5625, 4.75, 2.4375, 5.5], "texture": "#0"},
				"south": {"uv": [1.5625, 4.75, 2.4375, 5.5], "texture": "#0"},
				"west": {"uv": [1.5625, 4.75, 2.4375, 5.5], "texture": "#0"},
				"up": {"uv": [1.5625, 5.5, 2.4375, 6.375], "texture": "#0"},
				"down": {"uv": [1.5625, 5.5, 2.4375, 6.375], "texture": "#0"}
			}
		},
		{
			"from": [5.5, 14.5, 5.5],
			"to": [10.5, 15.5, 10.5],
			"rotation": {"angle": 45, "axis": "y", "origin": [8, 15.25, 8]},
			"faces": {
				"north": {"uv": [0.875, 7.3125, 1.5, 7.4375], "texture": "#0"},
				"east": {"uv": [0.875, 7.3125, 1.5, 7.4375], "texture": "#0"},
				"south": {"uv": [0.875, 7.3125, 1.5, 7.4375], "texture": "#0"},
				"west": {"uv": [1.5, 7.3125, 0.875, 7.4375], "texture": "#0"}
			}
		},
		{
			"from": [3.5, 15.5, 3.5],
			"to": [12.5, 19.5, 12.5],
			"rotation": {"angle": 45, "axis": "y", "origin": [8, 15.25, 8]},
			"faces": {
				"north": {"uv": [2.4375, 4.75, 3.5625, 5.25], "texture": "#0"},
				"east": {"uv": [2.4375, 4.75, 3.5625, 5.25], "texture": "#0"},
				"south": {"uv": [2.4375, 4.75, 3.5625, 5.25], "texture": "#0"},
				"west": {"uv": [2.4375, 4.75, 3.5625, 5.25], "texture": "#0"},
				"up": {"uv": [2.4375, 5.25, 3.5625, 6.375], "texture": "#0"},
				"down": {"uv": [2.4375, 5.25, 3.5625, 6.375], "texture": "#0"}
			}
		},
		{
			"from": [2.5, 19.5, 2.5],
			"to": [13.5, 21.5, 13.5],
			"rotation": {"angle": 45, "axis": "y", "origin": [8, 15.25, 8]},
			"faces": {
				"north": {"uv": [3.4375, 4.375, 4.8125, 4.625], "texture": "#0"},
				"east": {"uv": [3.4375, 4.375, 4.8125, 4.625], "texture": "#0"},
				"south": {"uv": [3.4375, 4.375, 4.8125, 4.625], "texture": "#0"},
				"west": {"uv": [3.4375, 4.375, 4.8125, 4.625], "texture": "#0"},
				"up": {"uv": [5.0625, 4.1875, 6.4375, 5.5625], "texture": "#0"},
				"down": {"uv": [3.5625, 4.625, 4.9375, 6], "texture": "#0"}
			}
		},
		{
			"from": [2.5, 21.5, 2.5],
			"to": [2.5, 23.5, 13.5],
			"rotation": {"angle": 45, "axis": "y", "origin": [8, 15.25, 8]},
			"faces": {
				"north": {"uv": [0, 0, 0, 0.25], "texture": "#missing"},
				"east": {"uv": [5.25, 0.9375, 3.875, 1.1875], "texture": "#0"},
				"south": {"uv": [0, 0, 0, 0.25], "texture": "#missing"},
				"west": {"uv": [3.875, 0.9375, 5.25, 1.1875], "texture": "#0"},
				"up": {"uv": [0, 0, 0, 1.375], "texture": "#missing"},
				"down": {"uv": [0, 0, 0, 1.375], "texture": "#missing"}
			}
		},
		{
			"from": [2.5, 21.5, 2.5],
			"to": [13.5, 23.5, 2.5],
			"rotation": {"angle": 45, "axis": "y", "origin": [8, 15.25, 8]},
			"faces": {
				"north": {"uv": [3.875, 1.1875, 5.25, 1.4375], "texture": "#0"},
				"east": {"uv": [0, 0, 0, 0.25], "texture": "#missing"},
				"south": {"uv": [5.25, 1.1875, 3.875, 1.4375], "texture": "#0"},
				"west": {"uv": [0, 0, 0, 0.25], "texture": "#missing"},
				"up": {"uv": [0, 0, 1.375, 0], "texture": "#missing"},
				"down": {"uv": [0, 0, 1.375, 0], "texture": "#missing"}
			}
		},
		{
			"from": [2.5, 21.5, 2.5],
			"to": [13.5, 23.5, 2.5],
			"rotation": {"angle": -45, "axis": "y", "origin": [8, 15.25, 8]},
			"faces": {
				"north": {"uv": [5.25, 1.1875, 3.875, 1.4375], "texture": "#0"},
				"east": {"uv": [0, 0, 0, 0.25], "texture": "#missing"},
				"south": {"uv": [3.875, 1.1875, 5.25, 1.4375], "texture": "#0"},
				"west": {"uv": [0, 0, 0, 0.25], "texture": "#missing"},
				"up": {"uv": [1.375, 0, 0, 0], "texture": "#missing"},
				"down": {"uv": [1.375, 0, 0, 0], "texture": "#missing"}
			}
		},
		{
			"from": [13.5, 21.5, 2.5],
			"to": [13.5, 23.5, 13.5],
			"rotation": {"angle": -45, "axis": "y", "origin": [8, 15.25, 8]},
			"faces": {
				"north": {"uv": [0, 0, 0, 0.25], "texture": "#missing"},
				"east": {"uv": [5.25, 0.9375, 3.875, 1.1875], "texture": "#0"},
				"south": {"uv": [0, 0, 0, 0.25], "texture": "#missing"},
				"west": {"uv": [3.875, 0.9375, 5.25, 1.1875], "texture": "#0"},
				"up": {"uv": [0, 0, 0, 1.375], "texture": "#missing"},
				"down": {"uv": [0, 0, 0, 1.375], "texture": "#missing"}
			}
		},
		{
			"from": [6.7, -1, 8.7],
			"to": [9.3, 4, 11.2],
			"rotation": {"angle": -22.5, "axis": "x", "origin": [8, -1, 8.8]},
			"faces": {
				"north": {"uv": [2.5625, 1.375, 2.875, 0.75], "texture": "#0"},
				"east": {"uv": [2.25, 2.625, 2.5625, 2], "texture": "#0"},
				"south": {"uv": [2.25, 3.25, 2.5625, 2.625], "texture": "#0"},
				"west": {"uv": [2.25, 2.625, 2.5625, 2], "texture": "#0"},
				"up": {"uv": [2.1875, 2.5, 1.875, 2.8125], "texture": "#0"},
				"down": {"uv": [2.1875, 2.5, 1.875, 2.8125], "texture": "#0"}
			}
		},
		{
			"from": [6.75, 3.5, 6.75],
			"to": [9.25, 7, 9.25],
			"rotation": {"angle": 0, "axis": "y", "origin": [0, -5.5, 23.3]},
			"faces": {
				"north": {"uv": [2.875, 1.9375, 2.5625, 2.375], "texture": "#0"},
				"east": {"uv": [2.5625, 1.375, 2.25, 1.8125], "texture": "#0"},
				"south": {"uv": [2.875, 2.875, 2.5625, 3.3125], "texture": "#0"},
				"west": {"uv": [2.5625, 1.3125, 2.25, 1.75], "texture": "#0"},
				"up": {"uv": [2.5625, 1.6875, 2.25, 2], "texture": "#0"},
				"down": {"uv": [2.5625, 1.6875, 2.25, 2], "texture": "#0"}
			}
		},
		{
			"from": [6.5, -1, 7.75],
			"to": [9.5, 3, 10.75],
			"rotation": {"angle": -22.5, "axis": "x", "origin": [8, 0.5, 9.7]},
			"faces": {
				"north": {"uv": [0.875, 3.625, 1.25, 4.125], "texture": "#0"},
				"east": {"uv": [0.875, 3.5625, 0.5, 4.0625], "texture": "#0"},
				"south": {"uv": [0.5, 4.0625, 0.875, 4.5625], "texture": "#0"},
				"west": {"uv": [0.5, 3.5625, 0.875, 4.0625], "texture": "#0"},
				"up": {"uv": [1.25, 3.625, 1.625, 4], "texture": "#0"},
				"down": {"uv": [1.25, 3.625, 1.625, 4], "texture": "#0"}
			}
		},
		{
			"from": [6.55, -0.4, 5.2],
			"to": [9.45, 1.6, 9.2],
			"rotation": {"angle": 22.5, "axis": "x", "origin": [8, 0.5, 9.7]},
			"faces": {
				"north": {"uv": [2.0625, 3.5, 2.4375, 3.75], "rotation": 180, "texture": "#0"},
				"east": {"uv": [1.8125, 3.4375, 2.0625, 3.9375], "rotation": 270, "texture": "#0"},
				"south": {"uv": [2.0625, 3.5, 2.4375, 3.75], "rotation": 180, "texture": "#0"},
				"west": {"uv": [1.8125, 3.4375, 2.0625, 3.9375], "rotation": 270, "texture": "#0"},
				"up": {"uv": [2.75, 3.25, 3.125, 3.75], "texture": "#0"},
				"down": {"uv": [2.75, 3.25, 3.125, 3.75], "texture": "#0"}
			}
		},
		{
			"from": [6.75, -5, 8.45],
			"to": [9.25, 0, 10.95],
			"rotation": {"angle": 0, "axis": "y", "origin": [0, -5.5, 25]},
			"faces": {
				"north": {"uv": [1.5, 3, 1.1875, 3.625], "texture": "#0"},
				"east": {"uv": [1.9375, 2.8125, 2.25, 3.4375], "texture": "#0"},
				"south": {"uv": [1.8125, 3, 1.5, 3.625], "texture": "#0"},
				"west": {"uv": [2.25, 2.8125, 1.9375, 3.4375], "texture": "#0"},
				"up": {"uv": [2.25, 2.8125, 1.9375, 3.125], "texture": "#0"},
				"down": {"uv": [2.25, 2.8125, 1.9375, 3.125], "texture": "#0"}
			}
		},
		{
			"from": [6.7, -12.5, 8.2],
			"to": [9.3, -4, 10.7],
			"rotation": {"angle": 22.5, "axis": "x", "origin": [8, -5, 8.4]},
			"faces": {
				"north": {"uv": [2.875, 2.125, 3.1875, 3.1875], "texture": "#0"},
				"east": {"uv": [3.1875, 1.0625, 2.875, 2.125], "texture": "#0"},
				"south": {"uv": [2.875, 0, 3.1875, 1.0625], "texture": "#0"},
				"west": {"uv": [2.875, 1.0625, 3.1875, 2.125], "texture": "#0"},
				"up": {"uv": [2.4375, 3.5, 2.7625, 3.8125], "texture": "#0"},
				"down": {"uv": [2.4375, 3.5, 2.7625, 3.8125], "texture": "#0"}
			}
		},
		{
			"from": [6, -6.7, 5.5],
			"to": [10, -5.2, 9.5],
			"rotation": {"angle": 22.5, "axis": "x", "origin": [8, -10.05, 7.5]},
			"faces": {
				"north": {"uv": [1.375, 2.0625, 0.875, 2.25], "texture": "#0"},
				"east": {"uv": [1.375, 2.0625, 0.875, 2.25], "texture": "#0"},
				"south": {"uv": [1.375, 2.0625, 0.875, 2.25], "texture": "#0"},
				"west": {"uv": [1.375, 2.0625, 0.875, 2.25], "texture": "#0"},
				"up": {"uv": [0.375, 2.5625, 0.875, 2.0625], "texture": "#0"},
				"down": {"uv": [0.375, 2.5625, 0.875, 2.0625], "texture": "#0"}
			}
		},
		{
			"from": [6.5, -9.2, 6],
			"to": [9.5, -6.7, 9],
			"rotation": {"angle": 22.5, "axis": "x", "origin": [8, -10.05, 7.5]},
			"faces": {
				"north": {"uv": [0.375, 2.25, 0, 2.5625], "texture": "#0"},
				"east": {"uv": [0.375, 1.9375, 0, 2.25], "texture": "#0"},
				"south": {"uv": [0.375, 2.25, 0, 2.5625], "texture": "#0"},
				"west": {"uv": [0.375, 1.9375, 0, 2.25], "texture": "#0"}
			}
		},
		{
			"from": [6, -10.7, 5.5],
			"to": [10, -9.2, 9.5],
			"rotation": {"angle": 22.5, "axis": "x", "origin": [8, -10.05, 7.5]},
			"faces": {
				"north": {"uv": [1.375, 2.0625, 0.875, 2.25], "texture": "#0"},
				"east": {"uv": [1.375, 2.0625, 0.875, 2.25], "texture": "#0"},
				"south": {"uv": [1.375, 2.0625, 0.875, 2.25], "texture": "#0"},
				"west": {"uv": [1.375, 2.0625, 0.875, 2.25], "texture": "#0"},
				"up": {"uv": [0.375, 2.5625, 0.875, 2.0625], "texture": "#0"},
				"down": {"uv": [0.375, 2.5625, 0.875, 2.0625], "texture": "#0"}
			}
		},
		{
			"from": [6.2, -13.76897, 4.94129],
			"to": [9.8, -11.76897, 8.94129],
			"rotation": {"angle": 45, "axis": "x", "origin": [8, -11.86897, 6.69129]},
			"faces": {
				"north": {"uv": [2.25, 3.25, 2.7, 3.5], "texture": "#0"},
				"east": {"uv": [0.5, 4, 0, 4.25], "texture": "#0"},
				"south": {"uv": [2.7, 3.25, 2.25, 3.5], "texture": "#0"},
				"west": {"uv": [0, 4, 0.5, 4.25], "texture": "#0"},
				"up": {"uv": [0.45, 4, 0, 3.5], "texture": "#0"},
				"down": {"uv": [0.45, 4.75, 0, 4.25], "texture": "#0"}
			}
		},
		{
			"from": [6.75, -14.21897, 4.26026],
			"to": [9.25, -11.71897, 5.76026],
			"rotation": {"angle": -22.5, "axis": "x", "origin": [8, -11.86897, 6.69129]},
			"faces": {
				"north": {"uv": [2.25, 4.4375, 1.9375, 4.125], "rotation": 180, "texture": "#0"},
				"east": {"uv": [2.375, 3.75, 2.0625, 3.9375], "rotation": 270, "texture": "#0"},
				"south": {"uv": [2.25, 4.4375, 1.9375, 4.125], "texture": "#0"},
				"west": {"uv": [2.0625, 3.75, 2.375, 3.9375], "rotation": 90, "texture": "#0"},
				"up": {"uv": [1.9375, 3.9375, 2.25, 4.125], "rotation": 180, "texture": "#0"},
				"down": {"uv": [1.9375, 4.125, 2.25, 3.9375], "texture": "#0"}
			}
		},
		{
			"from": [8, -5.4, 12.2],
			"to": [8, -2.4, 15.2],
			"rotation": {"angle": 22.5, "axis": "x", "origin": [8, 0.5, 9.7]},
			"faces": {
				"north": {"uv": [2.0625, 3.5, 2.4375, 3.75], "rotation": 180, "texture": "#0"},
				"east": {"uv": [3.375, 0.375, 3.75, 0], "rotation": 270, "texture": "#0"},
				"south": {"uv": [2.0625, 3.5, 2.4375, 3.75], "rotation": 180, "texture": "#0"},
				"west": {"uv": [3.375, 0, 3.75, 0.375], "rotation": 270, "texture": "#0"},
				"up": {"uv": [2.75, 3.25, 3.125, 3.75], "texture": "#0"},
				"down": {"uv": [2.75, 3.25, 3.125, 3.75], "texture": "#0"}
			}
		},
		{
			"from": [8.06976, -9.5, 9.46976],
			"to": [8.06976, -6.5, 11.46976],
			"rotation": {"angle": 0, "axis": "y", "origin": [8.31976, -12.29834, 11.45]},
			"faces": {
				"north": {"uv": [2.375, 4.0625, 2.625, 4.1875], "texture": "#0"},
				"east": {"uv": [5.125, 0, 4.875, 0.375], "texture": "#0"},
				"south": {"uv": [2.375, 4.0625, 2.625, 4.1875], "texture": "#0"},
				"west": {"uv": [4.875, 0, 5.125, 0.375], "texture": "#0"},
				"up": {"uv": [2.375, 3.8125, 2.625, 4.0625], "rotation": 270, "texture": "#0"},
				"down": {"uv": [2.375, 3.8125, 2.625, 4.0625], "rotation": 270, "texture": "#0"}
			}
		},
		{
			"from": [7.06976, -10.5, 9.76976],
			"to": [9.06976, -9.5, 11.76976],
			"rotation": {"angle": 0, "axis": "y", "origin": [8.31976, -12.29834, 11.45]},
			"faces": {
				"north": {"uv": [2.375, 4.0625, 2.625, 4.1875], "texture": "#0"},
				"east": {"uv": [2.375, 4.0625, 2.625, 4.1875], "texture": "#0"},
				"south": {"uv": [2.375, 4.0625, 2.625, 4.1875], "texture": "#0"},
				"west": {"uv": [2.375, 4.0625, 2.625, 4.1875], "texture": "#0"},
				"up": {"uv": [2.375, 3.8125, 2.625, 4.0625], "rotation": 270, "texture": "#0"},
				"down": {"uv": [2.375, 3.8125, 2.625, 4.0625], "rotation": 270, "texture": "#0"}
			}
		},
		{
			"from": [9.45205, -13.09383, 9.2],
			"to": [9.45205, -10.09383, 12.2],
			"rotation": {"angle": 22.5, "axis": "z", "origin": [8.11976, -12.29834, 10.45]},
			"faces": {
				"north": {"uv": [0, 0, 0, 128], "texture": "#missing"},
				"east": {"uv": [4.8125, 0, 4.4375, 0.375], "texture": "#0"},
				"south": {"uv": [0, 0, 0, 128], "texture": "#missing"},
				"west": {"uv": [4.4375, 0, 4.8125, 0.375], "texture": "#0"},
				"up": {"uv": [0, 0, 0, 96], "texture": "#missing"},
				"down": {"uv": [0, 0, 0, 96], "texture": "#missing"}
			}
		},
		{
			"from": [9.08658, -16, 9.2],
			"to": [9.08658, -13.5, 12.2],
			"rotation": {"angle": 45, "axis": "z", "origin": [8.11976, -12.29834, 10.45]},
			"faces": {
				"north": {"uv": [0, 0, 0, 128], "texture": "#missing"},
				"east": {"uv": [4.8125, 0.3125, 4.4375, 0.625], "texture": "#0"},
				"south": {"uv": [0, 0, 0, 128], "texture": "#missing"},
				"west": {"uv": [4.4375, 0.3125, 4.8125, 0.625], "texture": "#0"},
				"up": {"uv": [0, 0, 0, 96], "texture": "#missing"},
				"down": {"uv": [0, 0, 0, 96], "texture": "#missing"}
			}
		},
		{
			"from": [6.36976, -15.27035, 11.53824],
			"to": [10.36976, -12.27035, 11.53824],
			"rotation": {"angle": -45, "axis": "x", "origin": [8.11976, -12.29834, 11.65]},
			"faces": {
				"north": {"uv": [4.375, 0.25, 3.875, 0.625], "texture": "#0"},
				"east": {"uv": [0, 0, 0, 192], "texture": "#missing"},
				"south": {"uv": [3.875, 0.25, 4.375, 0.625], "texture": "#0"},
				"west": {"uv": [0, 0, 0, 192], "texture": "#missing"},
				"up": {"uv": [0, 0, 0, 96], "rotation": 270, "texture": "#missing"},
				"down": {"uv": [0, 0, 0, 96], "rotation": 90, "texture": "#missing"}
			}
		},
		{
			"from": [6.36976, -13.52441, 14.34915],
			"to": [10.36976, -13.52441, 16.34915],
			"rotation": {"angle": 22.5, "axis": "x", "origin": [8.11976, -12.29834, 11.65]},
			"faces": {
				"north": {"uv": [0, 0, 0, 96], "rotation": 90, "texture": "#missing"},
				"east": {"uv": [0, 0, 0, 192], "rotation": 90, "texture": "#missing"},
				"south": {"uv": [0, 0, 0, 96], "rotation": 90, "texture": "#missing"},
				"west": {"uv": [0, 0, 0, 192], "rotation": 270, "texture": "#missing"},
				"up": {"uv": [3.875, 0.625, 4.375, 0.875], "texture": "#0"},
				"down": {"uv": [4.375, 0.625, 3.875, 0.875], "rotation": 180, "texture": "#0"}
			}
		},
		{
			"from": [6.36976, -12.31145, 11.55517],
			"to": [10.36976, -10.31145, 11.55517],
			"rotation": {"angle": -22.5, "axis": "x", "origin": [8.11976, -12.29834, 11.65]},
			"faces": {
				"north": {"uv": [4.375, 0, 3.875, 0.25], "texture": "#0"},
				"east": {"uv": [0, 0, 0, 192], "texture": "#missing"},
				"south": {"uv": [3.875, 0, 4.375, 0.25], "texture": "#0"},
				"west": {"uv": [0, 0, 0, 192], "texture": "#missing"},
				"up": {"uv": [0, 0, 0, 96], "rotation": 270, "texture": "#missing"},
				"down": {"uv": [0, 0, 0, 96], "rotation": 90, "texture": "#missing"}
			}
		}
	],
	"gui_light": "front",
	"display": {
		"thirdperson_righthand": {
			"translation": [0, 3.25, 0.75],
			"scale": [0.6, 0.6, 0.6]
		},
		"thirdperson_lefthand": {
			"translation": [0, 3.25, 0.75],
			"scale": [0.6, 0.6, 0.6]
		},
		"firstperson_righthand": {
			"rotation": [-4, 16, 9],
			"translation": [7.75, 1.75, -7.5],
			"scale": [0.6, 0.6, 0.6]
		},
		"firstperson_lefthand": {
			"rotation": [-4, 16, 9],
			"translation": [7.75, 1.75, -7.5],
			"scale": [0.6, 0.6, 0.6]
		},
		"ground": {
			"rotation": [0, 0, 88],
			"translation": [-2, 2.5, 0.25],
			"scale": [0.45, 0.45, 0.45]
		},
		"gui": {
			"rotation": [-90, -135, -90],
			"translation": [-0.75, 0.75, -1.5],
			"scale": [0.45, 0.45, 0.45]
		},
		"head": {
			"rotation": [90, -156, 90],
			"translation": [-6.5, 10.5, 1.75],
			"scale": [0.6, 0.6, 0.6]
		},
		"fixed": {
			"rotation": [-90, -90, -90],
			"translation": [0, 2.75, -1.75],
			"scale": [1.2, 1.2, 1.2]
		}
	}
}