{
	"credit": "Made with Blockbench",
	"texture_size": [128, 128],
	"textures": {
		"0": "elitecreatures:witchcaster_animated/witchcaster_texture",
		"3": "elitecreatures:witchcaster_animated/witchcaster_animation_01",
		"4": "elitecreatures:witchcaster_animated/witchcaster_animation_03",
		"5": "elitecreatures:witchcaster_animated/witchcaster_animation_002-export",
		"particle": "elitecreatures:witchcaster_animated/witchcaster_texture"
	},
	"elements": [
		{
			"from": [-0.37513, -10.375, 11.14959],
			"to": [2.62487, -6.375, 11.89959],
			"rotation": {"angle": -22.5, "axis": "y", "origin": [2.62487, -9.875, 11.89959]},
			"faces": {
				"north": {"uv": [1.25, 14.875, 2, 15.875], "texture": "#0"},
				"east": {"uv": [2.9375, 14.875, 2.75, 15.875], "texture": "#0"},
				"south": {"uv": [2, 14.875, 2.75, 15.875], "texture": "#0"},
				"west": {"uv": [2.75, 14.875, 2.9375, 15.875], "texture": "#0"},
				"up": {"uv": [2, 14.6875, 2.75, 14.875], "texture": "#0"},
				"down": {"uv": [2, 14.875, 2.75, 14.6875], "texture": "#0"}
			}
		},
		{
			"from": [2.62487, -10.35, 11.14959],
			"to": [5.62487, -6.4, 11.89959],
			"rotation": {"angle": 22.5, "axis": "y", "origin": [2.62487, -8.375, 11.89959]},
			"faces": {
				"north": {"uv": [2.9375, 14.875, 3.6875, 15.875], "texture": "#0"},
				"east": {"uv": [4.4375, 14.875, 4.625, 15.875], "texture": "#0"},
				"south": {"uv": [3.6875, 14.875, 4.4375, 15.875], "texture": "#0"},
				"west": {"uv": [4.4375, 14.875, 4.625, 15.875], "texture": "#0"},
				"up": {"uv": [2, 14.5, 2.75, 14.6875], "texture": "#0"},
				"down": {"uv": [2, 14.6875, 2.75, 14.5], "texture": "#0"}
			}
		},
		{
			"from": [1.99987, -8.875, 12.19959],
			"to": [3.24987, -7.625, 12.19959],
			"rotation": {"angle": -45, "axis": "z", "origin": [2.62487, -8.25, 11.69959]},
			"faces": {
				"north": {"uv": [0, 0, 5, 5], "texture": "#4"},
				"east": {"uv": [0, 0, 0, 5], "texture": "#4"},
				"south": {"uv": [5, 0, 0, 5], "texture": "#4"},
				"west": {"uv": [0, 0, 0, 5], "texture": "#4"},
				"up": {"uv": [0, 5, 0, 0], "rotation": 90, "texture": "#4"},
				"down": {"uv": [0, 0, 0, 5], "rotation": 270, "texture": "#4"}
			}
		},
		{
			"from": [1.74987, -9.125, 11.39959],
			"to": [3.49987, -7.375, 11.89959],
			"rotation": {"angle": -45, "axis": "z", "origin": [2.62487, -8.25, 11.64959]},
			"faces": {
				"north": {"uv": [0.4375, 5.1875, 0, 4.75], "texture": "#0"},
				"east": {"uv": [0.4375, 5.1875, 0.5625, 4.75], "texture": "#0"},
				"south": {"uv": [0.4375, 5.1875, 0, 4.75], "texture": "#0"},
				"west": {"uv": [0.5625, 4.75, 0.4375, 5.1875], "texture": "#0"},
				"up": {"uv": [0.5625, 5.1875, 0.4375, 4.75], "rotation": 90, "texture": "#0"},
				"down": {"uv": [0.5625, 5.1875, 0.4375, 4.75], "rotation": 270, "texture": "#0"}
			}
		},
		{
			"from": [1.99987, -8.875, 11.64959],
			"to": [3.24987, -7.625, 12.14959],
			"rotation": {"angle": -45, "axis": "z", "origin": [2.62487, -8.25, 11.64959]},
			"faces": {
				"north": {"uv": [0.875, 4.75, 1.1875, 4.4375], "texture": "#0"},
				"east": {"uv": [1.5625, 4.75, 1.4375, 4.4375], "texture": "#0"},
				"south": {"uv": [1.1875, 4.75, 0.875, 4.4375], "texture": "#0"},
				"west": {"uv": [1.3125, 4.4375, 1.1875, 4.75], "texture": "#0"},
				"up": {"uv": [1.3125, 4.75, 1.1875, 4.4375], "rotation": 90, "texture": "#0"},
				"down": {"uv": [1.5625, 4.75, 1.4375, 4.4375], "rotation": 270, "texture": "#0"}
			}
		},
		{
			"from": [13.62487, -10.375, 11.14959],
			"to": [16.62487, -6.375, 11.89959],
			"rotation": {"angle": 22.5, "axis": "y", "origin": [13.62487, -9.875, 11.89959]},
			"faces": {
				"north": {"uv": [2, 14.875, 1.25, 15.875], "texture": "#0"},
				"east": {"uv": [2.9375, 14.875, 2.75, 15.875], "texture": "#0"},
				"south": {"uv": [2.75, 14.875, 2, 15.875], "texture": "#0"},
				"west": {"uv": [2.75, 14.875, 2.9375, 15.875], "texture": "#0"},
				"up": {"uv": [2.75, 14.6875, 2, 14.875], "texture": "#0"},
				"down": {"uv": [2.75, 14.875, 2, 14.6875], "texture": "#0"}
			}
		},
		{
			"from": [10.62487, -10.35, 11.14959],
			"to": [13.62487, -6.4, 11.89959],
			"rotation": {"angle": -22.5, "axis": "y", "origin": [13.62487, -8.375, 11.89959]},
			"faces": {
				"north": {"uv": [3.6875, 14.875, 2.9375, 15.875], "texture": "#0"},
				"east": {"uv": [4.625, 14.875, 4.4375, 15.875], "texture": "#0"},
				"south": {"uv": [4.4375, 14.875, 3.6875, 15.875], "texture": "#0"},
				"west": {"uv": [4.625, 14.875, 4.4375, 15.875], "texture": "#0"},
				"up": {"uv": [2.75, 14.5, 2, 14.6875], "texture": "#0"},
				"down": {"uv": [2.75, 14.6875, 2, 14.5], "texture": "#0"}
			}
		},
		{
			"from": [12.99987, -8.875, 11.64959],
			"to": [14.24987, -7.625, 12.14959],
			"rotation": {"angle": 45, "axis": "z", "origin": [13.62487, -8.25, 11.64959]},
			"faces": {
				"north": {"uv": [1.1875, 4.75, 0.875, 4.4375], "texture": "#0"},
				"east": {"uv": [1.1875, 4.4375, 1.3125, 4.75], "texture": "#0"},
				"south": {"uv": [0.875, 4.75, 1.1875, 4.4375], "texture": "#0"},
				"west": {"uv": [1.4375, 4.75, 1.5625, 4.4375], "texture": "#0"},
				"up": {"uv": [1.3125, 4.4375, 1.1875, 4.75], "rotation": 90, "texture": "#0"},
				"down": {"uv": [1.5625, 4.4375, 1.4375, 4.75], "rotation": 270, "texture": "#0"}
			}
		},
		{
			"from": [12.74987, -9.125, 11.39959],
			"to": [14.49987, -7.375, 11.89959],
			"rotation": {"angle": 45, "axis": "z", "origin": [13.62487, -8.25, 11.64959]},
			"faces": {
				"north": {"uv": [0, 5.1875, 0.4375, 4.75], "texture": "#0"},
				"east": {"uv": [0.4375, 4.75, 0.5625, 5.1875], "texture": "#0"},
				"south": {"uv": [0, 5.1875, 0.4375, 4.75], "texture": "#0"},
				"west": {"uv": [0.5625, 5.1875, 0.4375, 4.75], "texture": "#0"},
				"up": {"uv": [0.5625, 4.75, 0.4375, 5.1875], "rotation": 90, "texture": "#0"},
				"down": {"uv": [0.5625, 4.75, 0.4375, 5.1875], "rotation": 270, "texture": "#0"}
			}
		},
		{
			"from": [12.99987, -8.875, 12.19959],
			"to": [14.24987, -7.625, 12.19959],
			"rotation": {"angle": 45, "axis": "z", "origin": [13.62487, -8.25, 11.69959]},
			"faces": {
				"north": {"uv": [5, 0, 0, 5], "texture": "#4"},
				"east": {"uv": [0, 0, 0, 5], "texture": "#4"},
				"south": {"uv": [0, 0, 5, 5], "texture": "#4"},
				"west": {"uv": [0, 0, 0, 5], "texture": "#4"},
				"up": {"uv": [0, 0, 0, 5], "rotation": 90, "texture": "#4"},
				"down": {"uv": [0, 5, 0, 0], "rotation": 270, "texture": "#4"}
			}
		},
		{
			"from": [12.12487, -9.375, 9.89959],
			"to": [15.12487, -3.875, 9.89959],
			"rotation": {"angle": 22.5, "axis": "y", "origin": [13.62487, -6.875, 9.89959]},
			"faces": {
				"north": {"uv": [0, 0, 6, 11], "texture": "#3"},
				"east": {"uv": [0, 0, 0, 8], "texture": "#3"},
				"south": {"uv": [6, 0, 0, 11], "texture": "#3"},
				"west": {"uv": [0, 0, 0, 8], "texture": "#3"},
				"up": {"uv": [0, 6, 0, 0], "rotation": 90, "texture": "#3"},
				"down": {"uv": [0, 0, 0, 6], "rotation": 270, "texture": "#3"}
			}
		},
		{
			"from": [12.12487, -9.375, 9.89959],
			"to": [15.12487, -3.875, 9.89959],
			"rotation": {"angle": -22.5, "axis": "y", "origin": [13.62487, -6.875, 9.89959]},
			"faces": {
				"north": {"uv": [0, 0, 6, 11], "texture": "#3"},
				"east": {"uv": [0, 0, 0, 8], "texture": "#3"},
				"south": {"uv": [6, 0, 0, 11], "texture": "#3"},
				"west": {"uv": [0, 0, 0, 8], "texture": "#3"},
				"up": {"uv": [0, 6, 0, 0], "rotation": 90, "texture": "#3"},
				"down": {"uv": [0, 0, 0, 6], "rotation": 270, "texture": "#3"}
			}
		},
		{
			"from": [12.99987, -8.875, 9.39959],
			"to": [14.24987, -7.625, 10.39959],
			"rotation": {"angle": -45, "axis": "z", "origin": [13.62487, -8.25, 9.89959]},
			"faces": {
				"north": {"uv": [0.875, 4.4375, 1.1875, 4.125], "texture": "#0"},
				"east": {"uv": [1.4375, 4.4375, 1.6875, 4.125], "texture": "#0"},
				"south": {"uv": [1.1875, 4.4375, 0.875, 4.125], "texture": "#0"},
				"west": {"uv": [1.1875, 4.125, 1.4375, 4.4375], "texture": "#0"},
				"up": {"uv": [1.1875, 4.4375, 1.4375, 4.125], "rotation": 90, "texture": "#0"},
				"down": {"uv": [1.4375, 4.4375, 1.6875, 4.125], "rotation": 270, "texture": "#0"}
			}
		},
		{
			"from": [1.12487, -9.375, 9.89959],
			"to": [4.12487, -3.875, 9.89959],
			"rotation": {"angle": -22.5, "axis": "y", "origin": [2.62487, -6.875, 9.89959]},
			"faces": {
				"north": {"uv": [6, 0, 0, 11], "texture": "#3"},
				"east": {"uv": [0, 0, 0, 8], "texture": "#3"},
				"south": {"uv": [0, 0, 6, 11], "texture": "#3"},
				"west": {"uv": [0, 0, 0, 8], "texture": "#3"},
				"up": {"uv": [0, 0, 0, 6], "rotation": 90, "texture": "#3"},
				"down": {"uv": [0, 6, 0, 0], "rotation": 270, "texture": "#3"}
			}
		},
		{
			"from": [1.12487, -9.375, 9.89959],
			"to": [4.12487, -3.875, 9.89959],
			"rotation": {"angle": 22.5, "axis": "y", "origin": [2.62487, -6.875, 9.89959]},
			"faces": {
				"north": {"uv": [6, 0, 0, 11], "texture": "#3"},
				"east": {"uv": [0, 0, 0, 8], "texture": "#3"},
				"south": {"uv": [0, 0, 6, 11], "texture": "#3"},
				"west": {"uv": [0, 0, 0, 8], "texture": "#3"},
				"up": {"uv": [0, 0, 0, 6], "rotation": 90, "texture": "#3"},
				"down": {"uv": [0, 6, 0, 0], "rotation": 270, "texture": "#3"}
			}
		},
		{
			"from": [1.99987, -8.875, 9.39959],
			"to": [3.24987, -7.625, 10.39959],
			"rotation": {"angle": 45, "axis": "z", "origin": [2.62487, -8.25, 9.89959]},
			"faces": {
				"north": {"uv": [1.1875, 4.4375, 0.875, 4.125], "texture": "#0"},
				"east": {"uv": [1.4375, 4.125, 1.1875, 4.4375], "texture": "#0"},
				"south": {"uv": [0.875, 4.4375, 1.1875, 4.125], "texture": "#0"},
				"west": {"uv": [1.6875, 4.4375, 1.4375, 4.125], "texture": "#0"},
				"up": {"uv": [1.1875, 4.125, 1.4375, 4.4375], "rotation": 90, "texture": "#0"},
				"down": {"uv": [1.4375, 4.125, 1.6875, 4.4375], "rotation": 270, "texture": "#0"}
			}
		},
		{
			"from": [6.62487, -5.375, 9.89959],
			"to": [9.62487, 0.125, 9.89959],
			"rotation": {"angle": -22.5, "axis": "y", "origin": [8.12487, -2.875, 9.89959]},
			"faces": {
				"north": {"uv": [6, 0, 0, 11], "texture": "#3"},
				"east": {"uv": [0, 0, 0, 8], "texture": "#3"},
				"south": {"uv": [0, 0, 6, 11], "texture": "#3"},
				"west": {"uv": [0, 0, 0, 8], "texture": "#3"},
				"up": {"uv": [0, 0, 0, 6], "rotation": 90, "texture": "#3"},
				"down": {"uv": [0, 6, 0, 0], "rotation": 270, "texture": "#3"}
			}
		},
		{
			"from": [6.62487, -5.375, 9.89959],
			"to": [9.62487, 0.125, 9.89959],
			"rotation": {"angle": 22.5, "axis": "y", "origin": [8.12487, -2.875, 9.89959]},
			"faces": {
				"north": {"uv": [6, 0, 0, 11], "texture": "#3"},
				"east": {"uv": [0, 0, 0, 8], "texture": "#3"},
				"south": {"uv": [0, 0, 6, 11], "texture": "#3"},
				"west": {"uv": [0, 0, 0, 8], "texture": "#3"},
				"up": {"uv": [0, 0, 0, 6], "rotation": 90, "texture": "#3"},
				"down": {"uv": [0, 6, 0, 0], "rotation": 270, "texture": "#3"}
			}
		},
		{
			"from": [7.49987, -4.875, 9.39959],
			"to": [8.74987, -3.625, 10.39959],
			"rotation": {"angle": 45, "axis": "z", "origin": [8.12487, -4.25, 9.89959]},
			"faces": {
				"north": {"uv": [1.1875, 4.4375, 0.875, 4.125], "texture": "#0"},
				"east": {"uv": [1.4375, 4.125, 1.1875, 4.4375], "texture": "#0"},
				"south": {"uv": [0.875, 4.4375, 1.1875, 4.125], "texture": "#0"},
				"west": {"uv": [1.6875, 4.4375, 1.4375, 4.125], "texture": "#0"},
				"up": {"uv": [1.1875, 4.125, 1.4375, 4.4375], "rotation": 90, "texture": "#0"},
				"down": {"uv": [1.4375, 4.125, 1.6875, 4.4375], "rotation": 270, "texture": "#0"}
			}
		},
		{
			"from": [0.09661, -13.625, 10.62133],
			"to": [1.59661, -10.125, 10.62133],
			"rotation": {"angle": -22.5, "axis": "y", "origin": [0.97161, -13.375, 10.62133]},
			"faces": {
				"north": {"uv": [3.375, 0.4375, 3.75, 1.3125], "texture": "#0"},
				"east": {"uv": [0, 0, 0, 256], "texture": "#missing"},
				"south": {"uv": [3.75, 0.4375, 3.375, 1.3125], "texture": "#0"},
				"west": {"uv": [0, 0, 0, 256], "texture": "#missing"},
				"up": {"uv": [0, 0, 0, 96], "rotation": 90, "texture": "#missing"},
				"down": {"uv": [0, 0, 0, 96], "rotation": 270, "texture": "#missing"}
			}
		},
		{
			"from": [0.59661, -13.875, 10.12133],
			"to": [1.59661, -13.125, 11.12133],
			"rotation": {"angle": -22.5, "axis": "y", "origin": [0.97161, -13.375, 10.62133]},
			"faces": {
				"north": {"uv": [1.6875, 3.9375, 1.9375, 4.125], "texture": "#0"},
				"east": {"uv": [1.6875, 3.9375, 1.9375, 4.125], "texture": "#0"},
				"south": {"uv": [1.6875, 3.9375, 1.9375, 4.125], "texture": "#0"},
				"west": {"uv": [1.6875, 3.9375, 1.9375, 4.125], "texture": "#0"},
				"up": {"uv": [1.6875, 4.125, 1.9375, 4.375], "rotation": 90, "texture": "#0"},
				"down": {"uv": [1.6875, 4.125, 1.9375, 4.375], "rotation": 270, "texture": "#0"}
			}
		},
		{
			"from": [-0.90339, -15.875, 10.62133],
			"to": [3.09661, -13.875, 10.62133],
			"rotation": {"angle": -22.5, "axis": "y", "origin": [0.97161, -13.375, 10.62133]},
			"faces": {
				"north": {"uv": [0, 6, 16, 14], "texture": "#5"},
				"east": {"uv": [0, 0, 0, 14], "texture": "#5"},
				"south": {"uv": [16, 6, 0, 14], "texture": "#5"},
				"west": {"uv": [0, 0, 0, 14], "texture": "#5"},
				"up": {"uv": [0, 10, 0, 0], "rotation": 90, "texture": "#5"},
				"down": {"uv": [0, 0, 0, 10], "rotation": 270, "texture": "#5"}
			}
		},
		{
			"from": [13.65314, -12.625, 11.12133],
			"to": [15.15314, -9.125, 11.12133],
			"rotation": {"angle": 22.5, "axis": "y", "origin": [14.27814, -12.375, 11.12133]},
			"faces": {
				"north": {"uv": [3.75, 0.4375, 3.375, 1.3125], "texture": "#0"},
				"east": {"uv": [0, 0, 0, 256], "texture": "#missing"},
				"south": {"uv": [3.375, 0.4375, 3.75, 1.3125], "texture": "#0"},
				"west": {"uv": [0, 0, 0, 256], "texture": "#missing"},
				"up": {"uv": [0, 96, 0, 0], "rotation": 90, "texture": "#missing"},
				"down": {"uv": [0, 96, 0, 0], "rotation": 270, "texture": "#missing"}
			}
		},
		{
			"from": [12.15314, -14.875, 11.12133],
			"to": [16.15314, -12.875, 11.12133],
			"rotation": {"angle": 22.5, "axis": "y", "origin": [14.27814, -12.375, 11.12133]},
			"faces": {
				"north": {"uv": [16, 6, 0, 14], "texture": "#5"},
				"east": {"uv": [0, 0, 0, 14], "texture": "#5"},
				"south": {"uv": [0, 6, 16, 14], "texture": "#5"},
				"west": {"uv": [0, 0, 0, 14], "texture": "#5"},
				"up": {"uv": [0, 0, 0, 10], "rotation": 90, "texture": "#5"},
				"down": {"uv": [0, 10, 0, 0], "rotation": 270, "texture": "#5"}
			}
		},
		{
			"from": [13.65314, -12.875, 10.62133],
			"to": [14.65314, -12.125, 11.62133],
			"rotation": {"angle": 22.5, "axis": "y", "origin": [14.27814, -12.375, 11.12133]},
			"faces": {
				"north": {"uv": [1.9375, 3.9375, 1.6875, 4.125], "texture": "#0"},
				"east": {"uv": [1.9375, 3.9375, 1.6875, 4.125], "texture": "#0"},
				"south": {"uv": [1.9375, 3.9375, 1.6875, 4.125], "texture": "#0"},
				"west": {"uv": [1.9375, 3.9375, 1.6875, 4.125], "texture": "#0"},
				"up": {"uv": [1.6875, 4.375, 1.9375, 4.125], "rotation": 90, "texture": "#0"},
				"down": {"uv": [1.6875, 4.375, 1.9375, 4.125], "rotation": 270, "texture": "#0"}
			}
		},
		{
			"from": [13.30975, -6.11279, 13.57417],
			"to": [15.30975, -6.11279, 14.57417],
			"rotation": {"angle": -22.5, "axis": "x", "origin": [14.18475, -6.72583, 12.22459]},
			"faces": {
				"north": {"uv": [0, 0, 0, 96], "rotation": 90, "texture": "#missing"},
				"east": {"uv": [0, 0, 0, 192], "rotation": 90, "texture": "#missing"},
				"south": {"uv": [0, 0, 0, 96], "rotation": 90, "texture": "#missing"},
				"west": {"uv": [0, 0, 0, 192], "rotation": 270, "texture": "#missing"},
				"up": {"uv": [4.375, 0.875, 3.875, 0.625], "rotation": 180, "texture": "#0"},
				"down": {"uv": [3.875, 0.875, 4.375, 0.625], "texture": "#0"}
			}
		},
		{
			"from": [13.30975, -6.73982, 12.16871],
			"to": [15.30975, -5.23982, 12.16871],
			"rotation": {"angle": 45, "axis": "x", "origin": [14.18475, -6.72583, 12.22459]},
			"faces": {
				"north": {"uv": [4.375, 0.625, 3.875, 0.25], "texture": "#0"},
				"east": {"uv": [0, 192, 0, 0], "texture": "#missing"},
				"south": {"uv": [3.875, 0.625, 4.375, 0.25], "texture": "#0"},
				"west": {"uv": [0, 192, 0, 0], "texture": "#missing"},
				"up": {"uv": [0, 0, 0, 96], "rotation": 90, "texture": "#missing"},
				"down": {"uv": [0, 0, 0, 96], "rotation": 270, "texture": "#missing"}
			}
		},
		{
			"from": [13.30975, -7.71927, 12.17718],
			"to": [15.30975, -6.71927, 12.17718],
			"rotation": {"angle": 22.5, "axis": "x", "origin": [14.18475, -6.72583, 12.22459]},
			"faces": {
				"north": {"uv": [4.375, 0.25, 3.875, 0], "texture": "#0"},
				"east": {"uv": [0, 192, 0, 0], "texture": "#missing"},
				"south": {"uv": [3.875, 0.25, 4.375, 0], "texture": "#0"},
				"west": {"uv": [0, 192, 0, 0], "texture": "#missing"},
				"up": {"uv": [0, 0, 0, 96], "rotation": 90, "texture": "#missing"},
				"down": {"uv": [0, 0, 0, 96], "rotation": 270, "texture": "#missing"}
			}
		},
		{
			"from": [14.91816, -5.625, 10.99959],
			"to": [14.91816, -4.375, 12.49959],
			"rotation": {"angle": -45, "axis": "z", "origin": [14.43475, -6.22583, 11.62459]},
			"faces": {
				"north": {"uv": [0, 128, 0, 0], "texture": "#missing"},
				"east": {"uv": [4.8125, 0.625, 4.4375, 0.3125], "texture": "#0"},
				"south": {"uv": [0, 128, 0, 0], "texture": "#missing"},
				"west": {"uv": [4.4375, 0.625, 4.8125, 0.3125], "texture": "#0"},
				"up": {"uv": [0, 96, 0, 0], "texture": "#missing"},
				"down": {"uv": [0, 96, 0, 0], "texture": "#missing"}
			}
		},
		{
			"from": [15.1009, -7.32808, 10.99959],
			"to": [15.1009, -5.82809, 12.49959],
			"rotation": {"angle": -22.5, "axis": "z", "origin": [14.43475, -6.22583, 11.62459]},
			"faces": {
				"north": {"uv": [0, 128, 0, 0], "texture": "#missing"},
				"east": {"uv": [4.8125, 0.375, 4.4375, 0], "texture": "#0"},
				"south": {"uv": [0, 128, 0, 0], "texture": "#missing"},
				"west": {"uv": [4.4375, 0.375, 4.8125, 0], "texture": "#0"},
				"up": {"uv": [0, 96, 0, 0], "texture": "#missing"},
				"down": {"uv": [0, 96, 0, 0], "texture": "#missing"}
			}
		}
	],
	"gui_light": "front",
	"display": {
		"thirdperson_righthand": {
			"rotation": [55, 0, 0],
			"translation": [0, 2, 1.75],
			"scale": [0.4, 0.4, 0.4]
		},
		"thirdperson_lefthand": {
			"rotation": [77, 0, 0],
			"translation": [-5.75, -6.5, 9]
		},
		"firstperson_righthand": {
			"rotation": [0, 134, 0],
			"translation": [10, -4, -17.5]
		},
		"firstperson_lefthand": {
			"scale": [0, 0, 0]
		},
		"ground": {
			"rotation": [80, 0, 0],
			"translation": [0, 0.5, -1.25],
			"scale": [0.6, 0.6, 0.6]
		},
		"gui": {
			"rotation": [20, 159, 0],
			"translation": [-0.325, -3.5, -1.5],
			"scale": [0.52, 0.52, 0.52]
		},
		"head": {
			"rotation": [6, 0, 0],
			"translation": [0, -43, 7.25],
			"scale": [3.2, 3.2, 3.2]
		},
		"fixed": {
			"translation": [0, 1.5, -2],
			"scale": [1.4, 1.4, 1.4]
		}
	}
}