{
	"credit": "Made with Blockbench",
	"texture_size": [128, 128],
	"textures": {
		"0": "elitecreatures:witchcaster_animated/witchcaster_texture",
		"4": "elitecreatures:witchcaster_animated/witchcaster_animation_03",
		"5": "elitecreatures:witchcaster_animated/witchcaster_animation_002-export",
		"particle": "elitecreatures:witchcaster_animated/witchcaster_texture"
	},
	"elements": [
		{
			"from": [6.75, -5, 8.45],
			"to": [9.25, 0, 10.95],
			"rotation": {"angle": 0, "axis": "y", "origin": [0, -5.5, 25]},
			"faces": {
				"north": {"uv": [1.5, 3, 1.1875, 3.625], "texture": "#0"},
				"east": {"uv": [1.9375, 2.8125, 2.25, 3.4375], "texture": "#0"},
				"south": {"uv": [1.8125, 3, 1.5, 3.625], "texture": "#0"},
				"west": {"uv": [2.25, 2.8125, 1.9375, 3.4375], "texture": "#0"},
				"up": {"uv": [2.25, 2.8125, 1.9375, 3.125], "texture": "#0"},
				"down": {"uv": [2.25, 2.8125, 1.9375, 3.125], "texture": "#0"}
			}
		},
		{
			"from": [6.7, -12.5, 8.2],
			"to": [9.3, -4, 10.7],
			"rotation": {"angle": 22.5, "axis": "x", "origin": [8, -5, 8.4]},
			"faces": {
				"north": {"uv": [2.875, 2.125, 3.1875, 3.1875], "texture": "#0"},
				"east": {"uv": [3.1875, 1.0625, 2.875, 2.125], "texture": "#0"},
				"south": {"uv": [2.875, 0, 3.1875, 1.0625], "texture": "#0"},
				"west": {"uv": [2.875, 1.0625, 3.1875, 2.125], "texture": "#0"},
				"up": {"uv": [2.4375, 3.5, 2.7625, 3.8125], "texture": "#0"},
				"down": {"uv": [2.4375, 3.5, 2.7625, 3.8125], "texture": "#0"}
			}
		},
		{
			"from": [6.2, -13.76897, 4.94129],
			"to": [9.8, -11.76897, 8.94129],
			"rotation": {"angle": 45, "axis": "x", "origin": [8, -11.86897, 6.69129]},
			"faces": {
				"north": {"uv": [2.25, 3.25, 2.7, 3.5], "texture": "#0"},
				"east": {"uv": [0.5, 4, 0, 4.25], "texture": "#0"},
				"south": {"uv": [2.7, 3.25, 2.25, 3.5], "texture": "#0"},
				"west": {"uv": [0, 4, 0.5, 4.25], "texture": "#0"},
				"up": {"uv": [0.45, 4, 0, 3.5], "texture": "#0"},
				"down": {"uv": [0.45, 4.75, 0, 4.25], "texture": "#0"}
			}
		},
		{
			"from": [6.75, -14.21897, 4.26026],
			"to": [9.25, -11.71897, 5.76026],
			"rotation": {"angle": -22.5, "axis": "x", "origin": [8, -11.86897, 6.69129]},
			"faces": {
				"north": {"uv": [2.25, 4.4375, 1.9375, 4.125], "rotation": 180, "texture": "#0"},
				"east": {"uv": [2.375, 3.75, 2.0625, 3.9375], "rotation": 270, "texture": "#0"},
				"south": {"uv": [2.25, 4.4375, 1.9375, 4.125], "texture": "#0"},
				"west": {"uv": [2.0625, 3.75, 2.375, 3.9375], "rotation": 90, "texture": "#0"},
				"up": {"uv": [1.9375, 3.9375, 2.25, 4.125], "rotation": 180, "texture": "#0"},
				"down": {"uv": [1.9375, 4.125, 2.25, 3.9375], "texture": "#0"}
			}
		},
		{
			"from": [6.7, 2, 8.7],
			"to": [9.3, 7, 11.2],
			"rotation": {"angle": -22.5, "axis": "x", "origin": [8, -1, 8.8]},
			"faces": {
				"north": {"uv": [7.625, 6.0625, 7.9375, 5.4375], "texture": "#0"},
				"east": {"uv": [7.625, 6.6875, 7.9375, 6.0625], "texture": "#0"},
				"south": {"uv": [7.9375, 6.6875, 8.25, 6.0625], "texture": "#0"},
				"west": {"uv": [7.625, 6.6875, 7.9375, 6.0625], "texture": "#0"},
				"up": {"uv": [7.625, 6.375, 7.9375, 6.0625], "texture": "#0"},
				"down": {"uv": [7.625, 6.375, 7.9375, 6.0625], "texture": "#0"}
			}
		},
		{
			"from": [6, -6.7, 5.5],
			"to": [10, -5.2, 9.5],
			"rotation": {"angle": 22.5, "axis": "x", "origin": [8, -10.05, 7.5]},
			"faces": {
				"north": {"uv": [1.375, 2.0625, 0.875, 2.25], "texture": "#0"},
				"east": {"uv": [1.375, 2.0625, 0.875, 2.25], "texture": "#0"},
				"south": {"uv": [1.375, 2.0625, 0.875, 2.25], "texture": "#0"},
				"west": {"uv": [1.375, 2.0625, 0.875, 2.25], "texture": "#0"},
				"up": {"uv": [0.375, 2.5625, 0.875, 2.0625], "texture": "#0"},
				"down": {"uv": [0.375, 2.5625, 0.875, 2.0625], "texture": "#0"}
			}
		},
		{
			"from": [6, -10.7, 5.5],
			"to": [10, -9.2, 9.5],
			"rotation": {"angle": 22.5, "axis": "x", "origin": [8, -10.05, 7.5]},
			"faces": {
				"north": {"uv": [1.375, 2.0625, 0.875, 2.25], "texture": "#0"},
				"east": {"uv": [1.375, 2.0625, 0.875, 2.25], "texture": "#0"},
				"south": {"uv": [1.375, 2.0625, 0.875, 2.25], "texture": "#0"},
				"west": {"uv": [1.375, 2.0625, 0.875, 2.25], "texture": "#0"},
				"up": {"uv": [0.375, 2.5625, 0.875, 2.0625], "texture": "#0"},
				"down": {"uv": [0.375, 2.5625, 0.875, 2.0625], "texture": "#0"}
			}
		},
		{
			"from": [6.5, -9.2, 6],
			"to": [9.5, -6.7, 9],
			"rotation": {"angle": 22.5, "axis": "x", "origin": [8, -10.05, 7.5]},
			"faces": {
				"north": {"uv": [0.375, 2.25, 0, 2.5625], "texture": "#0"},
				"east": {"uv": [0.375, 1.9375, 0, 2.25], "texture": "#0"},
				"south": {"uv": [0.375, 2.25, 0, 2.5625], "texture": "#0"},
				"west": {"uv": [0.375, 1.9375, 0, 2.25], "texture": "#0"}
			}
		},
		{
			"from": [6.5, -1, 7.75],
			"to": [9.5, 3, 10.75],
			"rotation": {"angle": -22.5, "axis": "x", "origin": [8, 0.5, 9.7]},
			"faces": {
				"north": {"uv": [0.875, 3.625, 1.25, 4.125], "texture": "#0"},
				"east": {"uv": [0.875, 3.5625, 0.5, 4.0625], "texture": "#0"},
				"south": {"uv": [0.5, 4.0625, 0.875, 4.5625], "texture": "#0"},
				"west": {"uv": [0.5, 3.5625, 0.875, 4.0625], "texture": "#0"},
				"up": {"uv": [1.25, 3.625, 1.625, 4], "texture": "#0"},
				"down": {"uv": [1.25, 3.625, 1.625, 4], "texture": "#0"}
			}
		},
		{
			"from": [5.9, 3, 2],
			"to": [9.9, 5, 10],
			"rotation": {"angle": 0, "axis": "y", "origin": [8, 12, 2.5]},
			"faces": {
				"north": {"uv": [8.8125, 1.5625, 9.3125, 1.8125], "texture": "#0"},
				"east": {"uv": [8.8125, 1.8125, 9.8125, 2.0625], "texture": "#0"},
				"south": {"uv": [8.8125, 1.5625, 9.3125, 1.8125], "texture": "#0"},
				"west": {"uv": [8.8125, 1.8125, 9.8125, 2.0625], "texture": "#0"},
				"up": {"uv": [8.4375, 6.0625, 8.9375, 7.0625], "texture": "#0"},
				"down": {"uv": [8.4375, 6.0625, 8.9375, 7.0625], "texture": "#0"}
			}
		},
		{
			"from": [5.7, 3, 5.25],
			"to": [6.7, 6.5, 8.75],
			"rotation": {"angle": -45, "axis": "x", "origin": [6.2, 4.75, 7]},
			"faces": {
				"north": {"uv": [0.5625, 5.1875, 0.4375, 4.75], "texture": "#0"},
				"east": {"uv": [0, 5.1875, 0.4375, 4.75], "texture": "#0"},
				"south": {"uv": [0.4375, 4.75, 0.5625, 5.1875], "texture": "#0"},
				"west": {"uv": [0, 5.1875, 0.4375, 4.75], "texture": "#0"},
				"up": {"uv": [0.4375, 5.1875, 0.5625, 4.75], "texture": "#0"},
				"down": {"uv": [0.4375, 5.1875, 0.5625, 4.75], "texture": "#0"}
			}
		},
		{
			"from": [5.2, 3.5, 5.75],
			"to": [6.2, 6, 8.25],
			"rotation": {"angle": -45, "axis": "x", "origin": [6.2, 4.75, 7]},
			"faces": {
				"north": {"uv": [1.4375, 4.75, 1.5625, 4.4375], "texture": "#0"},
				"east": {"uv": [1.1875, 4.75, 0.875, 4.4375], "texture": "#0"},
				"south": {"uv": [1.1875, 4.4375, 1.3125, 4.75], "texture": "#0"},
				"west": {"uv": [0.875, 4.75, 1.1875, 4.4375], "texture": "#0"},
				"up": {"uv": [1.1875, 4.75, 1.3125, 4.4375], "texture": "#0"},
				"down": {"uv": [1.4375, 4.75, 1.5625, 4.4375], "texture": "#0"}
			}
		},
		{
			"from": [5.1, 3.5, 5.75],
			"to": [5.1, 6, 8.25],
			"rotation": {"angle": -45, "axis": "x", "origin": [6.1, 4.75, 7]},
			"faces": {
				"north": {"uv": [0, 0, 0, 5], "texture": "#4"},
				"east": {"uv": [5, 0, 0, 5], "texture": "#4"},
				"south": {"uv": [0, 0, 0, 5], "texture": "#4"},
				"west": {"uv": [0, 0, 5, 5], "texture": "#4"},
				"up": {"uv": [0, 5, 0, 0], "texture": "#4"},
				"down": {"uv": [0, 0, 0, 5], "texture": "#4"}
			}
		},
		{
			"from": [9.3, 3, 5.25],
			"to": [10.3, 6.5, 8.75],
			"rotation": {"angle": -45, "axis": "x", "origin": [9.8, 4.75, 7]},
			"faces": {
				"north": {"uv": [0.4375, 5.1875, 0.5625, 4.75], "texture": "#0"},
				"east": {"uv": [0.4375, 5.1875, 0, 4.75], "texture": "#0"},
				"south": {"uv": [0.5625, 4.75, 0.4375, 5.1875], "texture": "#0"},
				"west": {"uv": [0.4375, 5.1875, 0, 4.75], "texture": "#0"},
				"up": {"uv": [0.5625, 5.1875, 0.4375, 4.75], "texture": "#0"},
				"down": {"uv": [0.5625, 5.1875, 0.4375, 4.75], "texture": "#0"}
			}
		},
		{
			"from": [9.8, 3.5, 5.75],
			"to": [10.8, 6, 8.25],
			"rotation": {"angle": -45, "axis": "x", "origin": [9.8, 4.75, 7]},
			"faces": {
				"north": {"uv": [1.5625, 4.75, 1.4375, 4.4375], "texture": "#0"},
				"east": {"uv": [1.1875, 4.75, 0.875, 4.4375], "texture": "#0"},
				"south": {"uv": [1.3125, 4.4375, 1.1875, 4.75], "texture": "#0"},
				"west": {"uv": [0.875, 4.75, 1.1875, 4.4375], "texture": "#0"},
				"up": {"uv": [1.3125, 4.75, 1.1875, 4.4375], "texture": "#0"},
				"down": {"uv": [1.5625, 4.75, 1.4375, 4.4375], "texture": "#0"}
			}
		},
		{
			"from": [10.9, 3.5, 5.75],
			"to": [10.9, 6, 8.25],
			"rotation": {"angle": -45, "axis": "x", "origin": [9.9, 4.75, 7]},
			"faces": {
				"north": {"uv": [0, 0, 0, 5], "texture": "#4"},
				"east": {"uv": [5, 0, 0, 5], "texture": "#4"},
				"south": {"uv": [0, 0, 0, 5], "texture": "#4"},
				"west": {"uv": [0, 0, 5, 5], "texture": "#4"},
				"up": {"uv": [0, 5, 0, 0], "texture": "#4"},
				"down": {"uv": [0, 0, 0, 5], "texture": "#4"}
			}
		},
		{
			"from": [6.75, 1.5, 0.5],
			"to": [9.25, 6.5, 5.5],
			"rotation": {"angle": 0, "axis": "y", "origin": [8, 6, 2.5]},
			"faces": {
				"north": {"uv": [9.8125, 5.375, 10.125, 6], "texture": "#0"},
				"east": {"uv": [9.5, 6, 10.125, 6.625], "texture": "#0"},
				"south": {"uv": [9.8125, 6, 10.125, 5.375], "texture": "#0"},
				"west": {"uv": [9.5, 6, 10.125, 6.625], "texture": "#0"},
				"up": {"uv": [9.8125, 4.75, 10.125, 5.375], "texture": "#0"},
				"down": {"uv": [9.8125, 4.75, 10.125, 5.375], "texture": "#0"}
			}
		},
		{
			"from": [6.55, -0.4, 5.2],
			"to": [9.45, 1.6, 9.2],
			"rotation": {"angle": 22.5, "axis": "x", "origin": [8, 0.5, 9.7]},
			"faces": {
				"north": {"uv": [2.0625, 3.5, 2.4375, 3.75], "rotation": 180, "texture": "#0"},
				"east": {"uv": [1.8125, 3.4375, 2.0625, 3.9375], "rotation": 270, "texture": "#0"},
				"south": {"uv": [2.0625, 3.5, 2.4375, 3.75], "rotation": 180, "texture": "#0"},
				"west": {"uv": [1.8125, 3.4375, 2.0625, 3.9375], "rotation": 270, "texture": "#0"},
				"up": {"uv": [2.75, 3.25, 3.125, 3.75], "texture": "#0"},
				"down": {"uv": [2.75, 3.25, 3.125, 3.75], "texture": "#0"}
			}
		},
		{
			"from": [8, -5.4, 12.2],
			"to": [8, -2.4, 15.2],
			"rotation": {"angle": 22.5, "axis": "x", "origin": [8, 0.5, 9.7]},
			"faces": {
				"north": {"uv": [2.0625, 3.5, 2.4375, 3.75], "rotation": 180, "texture": "#0"},
				"east": {"uv": [3.375, 0.375, 3.75, 0], "rotation": 270, "texture": "#0"},
				"south": {"uv": [2.0625, 3.5, 2.4375, 3.75], "rotation": 180, "texture": "#0"},
				"west": {"uv": [3.375, 0, 3.75, 0.375], "rotation": 270, "texture": "#0"},
				"up": {"uv": [2.75, 3.25, 3.125, 3.75], "texture": "#0"},
				"down": {"uv": [2.75, 3.25, 3.125, 3.75], "texture": "#0"}
			}
		},
		{
			"from": [7.06976, -10.5, 9.76976],
			"to": [9.06976, -9.5, 11.76976],
			"rotation": {"angle": 0, "axis": "y", "origin": [8.31976, -12.29834, 11.45]},
			"faces": {
				"north": {"uv": [2.375, 4.0625, 2.625, 4.1875], "texture": "#0"},
				"east": {"uv": [2.375, 4.0625, 2.625, 4.1875], "texture": "#0"},
				"south": {"uv": [2.375, 4.0625, 2.625, 4.1875], "texture": "#0"},
				"west": {"uv": [2.375, 4.0625, 2.625, 4.1875], "texture": "#0"},
				"up": {"uv": [2.375, 3.8125, 2.625, 4.0625], "rotation": 270, "texture": "#0"},
				"down": {"uv": [2.375, 3.8125, 2.625, 4.0625], "rotation": 270, "texture": "#0"}
			}
		},
		{
			"from": [8.06976, -9.5, 9.46976],
			"to": [8.06976, -6.5, 11.46976],
			"rotation": {"angle": 0, "axis": "y", "origin": [8.31976, -12.29834, 11.45]},
			"faces": {
				"north": {"uv": [2.375, 4.0625, 2.625, 4.1875], "texture": "#0"},
				"east": {"uv": [5.125, 0, 4.875, 0.375], "texture": "#0"},
				"south": {"uv": [2.375, 4.0625, 2.625, 4.1875], "texture": "#0"},
				"west": {"uv": [4.875, 0, 5.125, 0.375], "texture": "#0"},
				"up": {"uv": [2.375, 3.8125, 2.625, 4.0625], "rotation": 270, "texture": "#0"},
				"down": {"uv": [2.375, 3.8125, 2.625, 4.0625], "rotation": 270, "texture": "#0"}
			}
		},
		{
			"from": [6.36976, -12.31145, 11.55517],
			"to": [10.36976, -10.31145, 11.55517],
			"rotation": {"angle": -22.5, "axis": "x", "origin": [8.11976, -12.29834, 11.65]},
			"faces": {
				"north": {"uv": [4.375, 0, 3.875, 0.25], "texture": "#0"},
				"east": {"uv": [0, 0, 0, 192], "texture": "#missing"},
				"south": {"uv": [3.875, 0, 4.375, 0.25], "texture": "#0"},
				"west": {"uv": [0, 0, 0, 192], "texture": "#missing"},
				"up": {"uv": [0, 0, 0, 96], "rotation": 270, "texture": "#missing"},
				"down": {"uv": [0, 0, 0, 96], "rotation": 90, "texture": "#missing"}
			}
		},
		{
			"from": [6.36976, -15.27035, 11.53824],
			"to": [10.36976, -12.27035, 11.53824],
			"rotation": {"angle": -45, "axis": "x", "origin": [8.11976, -12.29834, 11.65]},
			"faces": {
				"north": {"uv": [4.375, 0.25, 3.875, 0.625], "texture": "#0"},
				"east": {"uv": [0, 0, 0, 192], "texture": "#missing"},
				"south": {"uv": [3.875, 0.25, 4.375, 0.625], "texture": "#0"},
				"west": {"uv": [0, 0, 0, 192], "texture": "#missing"},
				"up": {"uv": [0, 0, 0, 96], "rotation": 270, "texture": "#missing"},
				"down": {"uv": [0, 0, 0, 96], "rotation": 90, "texture": "#missing"}
			}
		},
		{
			"from": [6.36976, -13.52441, 14.34915],
			"to": [10.36976, -13.52441, 16.34915],
			"rotation": {"angle": 22.5, "axis": "x", "origin": [8.11976, -12.29834, 11.65]},
			"faces": {
				"north": {"uv": [0, 0, 0, 96], "rotation": 90, "texture": "#missing"},
				"east": {"uv": [0, 0, 0, 192], "rotation": 90, "texture": "#missing"},
				"south": {"uv": [0, 0, 0, 96], "rotation": 90, "texture": "#missing"},
				"west": {"uv": [0, 0, 0, 192], "rotation": 270, "texture": "#missing"},
				"up": {"uv": [3.875, 0.625, 4.375, 0.875], "texture": "#0"},
				"down": {"uv": [4.375, 0.625, 3.875, 0.875], "rotation": 180, "texture": "#0"}
			}
		},
		{
			"from": [9.45205, -13.09383, 9.2],
			"to": [9.45205, -10.09383, 12.2],
			"rotation": {"angle": 22.5, "axis": "z", "origin": [8.11976, -12.29834, 10.45]},
			"faces": {
				"north": {"uv": [0, 0, 0, 128], "texture": "#missing"},
				"east": {"uv": [4.8125, 0, 4.4375, 0.375], "texture": "#0"},
				"south": {"uv": [0, 0, 0, 128], "texture": "#missing"},
				"west": {"uv": [4.4375, 0, 4.8125, 0.375], "texture": "#0"},
				"up": {"uv": [0, 0, 0, 96], "texture": "#missing"},
				"down": {"uv": [0, 0, 0, 96], "texture": "#missing"}
			}
		},
		{
			"from": [9.08658, -16, 9.2],
			"to": [9.08658, -13.5, 12.2],
			"rotation": {"angle": 45, "axis": "z", "origin": [8.11976, -12.29834, 10.45]},
			"faces": {
				"north": {"uv": [0, 0, 0, 128], "texture": "#missing"},
				"east": {"uv": [4.8125, 0.3125, 4.4375, 0.625], "texture": "#0"},
				"south": {"uv": [0, 0, 0, 128], "texture": "#missing"},
				"west": {"uv": [4.4375, 0.3125, 4.8125, 0.625], "texture": "#0"},
				"up": {"uv": [0, 0, 0, 96], "texture": "#missing"},
				"down": {"uv": [0, 0, 0, 96], "texture": "#missing"}
			}
		},
		{
			"from": [10.05205, 23.09383, 8.8],
			"to": [10.05205, 26.09383, 11.8],
			"rotation": {"angle": -22.5, "axis": "z", "origin": [8.71976, 25.29834, 10.05]},
			"faces": {
				"north": {"uv": [0, 128, 0, 0], "texture": "#missing"},
				"east": {"uv": [4.8125, 0.375, 4.4375, 0], "texture": "#0"},
				"south": {"uv": [0, 128, 0, 0], "texture": "#missing"},
				"west": {"uv": [4.4375, 0.375, 4.8125, 0], "texture": "#0"},
				"up": {"uv": [0, 96, 0, 0], "texture": "#missing"},
				"down": {"uv": [0, 96, 0, 0], "texture": "#missing"}
			}
		},
		{
			"from": [9.68658, 26.5, 8.8],
			"to": [9.68658, 29, 11.8],
			"rotation": {"angle": -45, "axis": "z", "origin": [8.71976, 25.29834, 10.05]},
			"faces": {
				"north": {"uv": [0, 128, 0, 0], "texture": "#missing"},
				"east": {"uv": [4.8125, 0.625, 4.4375, 0.3125], "texture": "#0"},
				"south": {"uv": [0, 128, 0, 0], "texture": "#missing"},
				"west": {"uv": [4.4375, 0.625, 4.8125, 0.3125], "texture": "#0"},
				"up": {"uv": [0, 96, 0, 0], "texture": "#missing"},
				"down": {"uv": [0, 96, 0, 0], "texture": "#missing"}
			}
		},
		{
			"from": [6.36976, 24.47035, 11.53824],
			"to": [10.36976, 27.47035, 11.53824],
			"rotation": {"angle": 45, "axis": "x", "origin": [8.11976, 24.49834, 11.65]},
			"faces": {
				"north": {"uv": [4.375, 0.625, 3.875, 0.25], "texture": "#0"},
				"east": {"uv": [0, 192, 0, 0], "texture": "#missing"},
				"south": {"uv": [3.875, 0.625, 4.375, 0.25], "texture": "#0"},
				"west": {"uv": [0, 192, 0, 0], "texture": "#missing"},
				"up": {"uv": [0, 0, 0, 96], "rotation": 90, "texture": "#missing"},
				"down": {"uv": [0, 0, 0, 96], "rotation": 270, "texture": "#missing"}
			}
		},
		{
			"from": [6.36976, 22.51145, 11.55517],
			"to": [10.36976, 24.51145, 11.55517],
			"rotation": {"angle": 22.5, "axis": "x", "origin": [8.11976, 24.49834, 11.65]},
			"faces": {
				"north": {"uv": [4.375, 0.25, 3.875, 0], "texture": "#0"},
				"east": {"uv": [0, 192, 0, 0], "texture": "#missing"},
				"south": {"uv": [3.875, 0.25, 4.375, 0], "texture": "#0"},
				"west": {"uv": [0, 192, 0, 0], "texture": "#missing"},
				"up": {"uv": [0, 0, 0, 96], "rotation": 90, "texture": "#missing"},
				"down": {"uv": [0, 0, 0, 96], "rotation": 270, "texture": "#missing"}
			}
		},
		{
			"from": [6.36976, 25.72441, 14.34915],
			"to": [10.36976, 25.72441, 16.34915],
			"rotation": {"angle": -22.5, "axis": "x", "origin": [8.11976, 24.49834, 11.65]},
			"faces": {
				"north": {"uv": [0, 0, 0, 96], "rotation": 90, "texture": "#missing"},
				"east": {"uv": [0, 0, 0, 192], "rotation": 90, "texture": "#missing"},
				"south": {"uv": [0, 0, 0, 96], "rotation": 90, "texture": "#missing"},
				"west": {"uv": [0, 0, 0, 192], "rotation": 270, "texture": "#missing"},
				"up": {"uv": [4.375, 0.875, 3.875, 0.625], "rotation": 180, "texture": "#0"},
				"down": {"uv": [3.875, 0.875, 4.375, 0.625], "texture": "#0"}
			}
		},
		{
			"from": [6.8, 16.1, 6.05],
			"to": [9.2, 24.6, 8.35],
			"rotation": {"angle": 22.5, "axis": "x", "origin": [8, 17.25, 8]},
			"faces": {
				"north": {"uv": [9.5, 4.9375, 9.8125, 6], "texture": "#0"},
				"east": {"uv": [9.5, 2.8125, 9.8125, 3.875], "texture": "#0"},
				"south": {"uv": [9.5, 3.875, 9.8125, 4.9375], "texture": "#0"},
				"west": {"uv": [9.8125, 2.8125, 9.5, 3.875], "texture": "#0"},
				"up": {"uv": [8.8125, 5.1875, 9.125, 5.5], "texture": "#0"},
				"down": {"uv": [8.8125, 5.1875, 9.125, 5.5], "texture": "#0"}
			}
		},
		{
			"from": [6.5, 20.5, 7.5],
			"to": [9.5, 23.5, 11.5],
			"rotation": {"angle": 22.5, "axis": "x", "origin": [8, 23, 9.5]},
			"faces": {
				"north": {"uv": [9.4375, 6.75, 9.8125, 7.125], "texture": "#0"},
				"east": {"uv": [8.9375, 6.75, 9.4375, 7.125], "texture": "#0"},
				"south": {"uv": [10.1875, 6.75, 10.5625, 7.125], "texture": "#0"},
				"west": {"uv": [8.9375, 6.75, 9.4375, 7.125], "texture": "#0"},
				"up": {"uv": [9.8125, 6.625, 10.1875, 7.125], "texture": "#0"},
				"down": {"uv": [9.8125, 6.625, 10.1875, 7.125], "texture": "#0"}
			}
		},
		{
			"from": [6.5, 18, 7.5],
			"to": [9.5, 19.5, 11.5],
			"rotation": {"angle": 22.5, "axis": "x", "origin": [8, 23, 9.5]},
			"faces": {
				"north": {"uv": [9.8125, 3.875, 10.1875, 4.0625], "texture": "#0"},
				"east": {"uv": [10.3125, 4.0625, 9.8125, 4.25], "texture": "#0"},
				"south": {"uv": [9.8125, 3.875, 10.1875, 4.0625], "texture": "#0"},
				"west": {"uv": [9.8125, 4.0625, 10.3125, 4.25], "texture": "#0"},
				"up": {"uv": [9.8125, 4.25, 10.1875, 4.75], "texture": "#0"},
				"down": {"uv": [9.8125, 4.25, 10.1875, 4.75], "texture": "#0"}
			}
		},
		{
			"from": [8, 20.7, -5.5],
			"to": [8, 25.7, 0],
			"rotation": {"angle": -22.5, "axis": "x", "origin": [7.05313, 6.14936, 12]},
			"faces": {
				"north": {"uv": [7.5625, 6.875, 8.1875, 6.875], "rotation": 90, "texture": "#0"},
				"east": {"uv": [6.9375, 0.5625, 6.25, 1.1875], "texture": "#0"},
				"south": {"uv": [7.5625, 6.875, 8.1875, 6.875], "rotation": 90, "texture": "#0"},
				"west": {"uv": [6.25, 0.5625, 6.9375, 1.1875], "texture": "#0"},
				"up": {"uv": [0, 6.875, 0.6875, 6.875], "rotation": 270, "texture": "#0"},
				"down": {"uv": [0, 6.875, 0.6875, 6.875], "rotation": 270, "texture": "#0"}
			}
		},
		{
			"from": [7.25, 17.81449, -6.80014],
			"to": [8.75, 20.31449, -4.30014],
			"rotation": {"angle": 22.5, "axis": "x", "origin": [8, 16.06449, -8.55014]},
			"faces": {
				"north": {"uv": [9.5625, 2.375, 9.875, 2.5625], "rotation": 90, "texture": "#0"},
				"east": {"uv": [9.5625, 2.0625, 9.875, 2.375], "texture": "#0"},
				"south": {"uv": [9.875, 2.375, 10.1875, 2.5625], "rotation": 90, "texture": "#0"},
				"west": {"uv": [9.5625, 2.0625, 9.875, 2.375], "texture": "#0"},
				"up": {"uv": [10.1875, 2.375, 9.875, 2.5625], "rotation": 270, "texture": "#0"},
				"down": {"uv": [9.5625, 2.375, 9.875, 2.5625], "rotation": 90, "texture": "#0"}
			}
		},
		{
			"from": [7, 16.4, -3.5],
			"to": [9, 18.9, 0],
			"rotation": {"angle": -22.5, "axis": "x", "origin": [8, 17.5, -5]},
			"faces": {
				"north": {"uv": [9.8125, 2.6875, 10.0625, 3], "texture": "#0"},
				"east": {"uv": [9.8125, 3.4375, 10.125, 3.875], "rotation": 90, "texture": "#0"},
				"south": {"uv": [9.8125, 2.6875, 10.0625, 3], "texture": "#0"},
				"west": {"uv": [9.8125, 3.4375, 10.125, 3.875], "rotation": 90, "texture": "#0"},
				"up": {"uv": [9.8125, 3, 10.0625, 3.4375], "rotation": 180, "texture": "#0"},
				"down": {"uv": [9.8125, 3, 10.0625, 3.4375], "rotation": 180, "texture": "#0"}
			}
		},
		{
			"from": [8, 22.34888, 4.44411],
			"to": [8, 23.34888, 16.44411],
			"rotation": {"angle": -22.5, "axis": "x", "origin": [7.05313, 6.24936, 11]},
			"faces": {
				"north": {"uv": [7.5625, 0, 7.6875, 0], "rotation": 90, "texture": "#0"},
				"east": {"uv": [0.1875, 9.25, 0.0625, 7.75], "rotation": 90, "texture": "#0"},
				"south": {"uv": [7.5625, 0, 7.6875, 0], "rotation": 90, "texture": "#0"},
				"west": {"uv": [0.0625, 7.75, 0.1875, 9.25], "rotation": 90, "texture": "#0"},
				"up": {"uv": [0, 0, 1.5, 0], "rotation": 270, "texture": "#0"},
				"down": {"uv": [0, 0, 1.5, 0], "rotation": 270, "texture": "#0"}
			}
		},
		{
			"from": [6.75, 6.4, 5.75],
			"to": [9.25, 16.9, 8.25],
			"rotation": {"angle": 0, "axis": "y", "origin": [8, 12.15, 7]},
			"faces": {
				"north": {"uv": [9.1875, 5.4375, 9.5, 6.75], "texture": "#0"},
				"east": {"uv": [9.1875, 2.8125, 9.5, 4.125], "texture": "#0"},
				"south": {"uv": [9.1875, 4.125, 9.5, 5.4375], "texture": "#0"},
				"west": {"uv": [9.5, 2.8125, 9.1875, 4.125], "texture": "#0"},
				"up": {"uv": [8.8125, 4.875, 9.125, 5.1875], "texture": "#0"},
				"down": {"uv": [8.8125, 4.875, 9.125, 5.1875], "texture": "#0"}
			}
		},
		{
			"from": [5.75, 20.9755, 7.6],
			"to": [10.25, 22.9755, 9.6],
			"rotation": {"angle": 45, "axis": "x", "origin": [8, 21.4755, 9.12046]},
			"faces": {
				"north": {"uv": [9.8125, 1.8125, 10.375, 2.0625], "texture": "#0"},
				"east": {"uv": [8.5625, 5.25, 8.8125, 5.5], "texture": "#0"},
				"south": {"uv": [9.8125, 1.8125, 10.375, 2.0625], "texture": "#0"},
				"west": {"uv": [8.5625, 5.25, 8.8125, 5.5], "texture": "#0"},
				"up": {"uv": [9.5625, 1.5625, 10.125, 1.8125], "texture": "#0"},
				"down": {"uv": [9.5625, 1.5625, 10.125, 1.8125], "texture": "#0"}
			}
		},
		{
			"from": [7, 9.5, 3.7],
			"to": [9, 11, 5.7],
			"rotation": {"angle": 45, "axis": "y", "origin": [8, 10.25, 4.7]},
			"faces": {
				"north": {"uv": [9.875, 2.1875, 10.125, 2.375], "texture": "#0"},
				"east": {"uv": [9.875, 2.1875, 10.125, 2.375], "texture": "#0"},
				"south": {"uv": [9.875, 2.1875, 10.125, 2.375], "texture": "#0"},
				"west": {"uv": [9.875, 2.1875, 10.125, 2.375], "texture": "#0"},
				"up": {"uv": [9.3125, 1.5625, 9.5625, 1.8125], "texture": "#0"},
				"down": {"uv": [9.3125, 1.5625, 9.5625, 1.8125], "texture": "#0"}
			}
		},
		{
			"from": [7, 14.5, 3.7],
			"to": [9, 16, 5.7],
			"rotation": {"angle": 45, "axis": "y", "origin": [8, 15.25, 4.7]},
			"faces": {
				"north": {"uv": [9.875, 2.1875, 10.125, 2.375], "texture": "#0"},
				"east": {"uv": [9.875, 2.1875, 10.125, 2.375], "texture": "#0"},
				"south": {"uv": [9.875, 2.1875, 10.125, 2.375], "texture": "#0"},
				"west": {"uv": [9.875, 2.1875, 10.125, 2.375], "texture": "#0"},
				"up": {"uv": [9.3125, 1.5625, 9.5625, 1.8125], "texture": "#0"},
				"down": {"uv": [9.3125, 1.5625, 9.5625, 1.8125], "texture": "#0"}
			}
		},
		{
			"from": [8, 6, 2],
			"to": [8, 20, 6.5],
			"rotation": {"angle": 0, "axis": "y", "origin": [0, 0, -2]},
			"faces": {
				"north": {"uv": [0, 0, 0, 1.125], "texture": "#missing"},
				"east": {"uv": [14.1875, 1.75, 13.625, 0], "texture": "#0"},
				"south": {"uv": [0, 0, 0, 1.125], "texture": "#missing"},
				"west": {"uv": [13.625, 1.75, 14.1875, 0], "texture": "#0"},
				"up": {"uv": [0, 0, 0, 0.375], "texture": "#missing"},
				"down": {"uv": [0, 0, 0, 0.375], "texture": "#missing"}
			}
		},
		{
			"from": [8, 14.8, 10],
			"to": [8, 21.8, 13],
			"rotation": {"angle": 0, "axis": "y", "origin": [0, 11.8, -5]},
			"faces": {
				"north": {"uv": [0, 0, 0, 256], "texture": "#missing"},
				"east": {"uv": [3.75, 0.4375, 3.375, 1.3125], "texture": "#0"},
				"south": {"uv": [0, 0, 0, 256], "texture": "#missing"},
				"west": {"uv": [3.375, 0.4375, 3.75, 1.3125], "texture": "#0"},
				"up": {"uv": [0, 0, 0, 96], "texture": "#missing"},
				"down": {"uv": [0, 0, 0, 96], "texture": "#missing"}
			}
		},
		{
			"from": [7, 14.3, 10],
			"to": [9, 15.8, 12],
			"rotation": {"angle": 0, "axis": "y", "origin": [0, 11.8, -5]},
			"faces": {
				"north": {"uv": [1.6875, 3.9375, 1.9375, 4.125], "texture": "#0"},
				"east": {"uv": [1.6875, 3.9375, 1.9375, 4.125], "texture": "#0"},
				"south": {"uv": [1.6875, 3.9375, 1.9375, 4.125], "texture": "#0"},
				"west": {"uv": [1.6875, 3.9375, 1.9375, 4.125], "texture": "#0"},
				"up": {"uv": [1.6875, 4.125, 1.9375, 4.375], "texture": "#0"},
				"down": {"uv": [1.6875, 4.125, 1.9375, 4.375], "texture": "#0"}
			}
		},
		{
			"from": [8, 10.3, 7],
			"to": [8, 14.3, 15],
			"rotation": {"angle": 0, "axis": "y", "origin": [6, 14.3, 8]},
			"faces": {
				"north": {"uv": [0, 0, 0, 14], "texture": "#5"},
				"east": {"uv": [16, 6, 0, 14], "texture": "#5"},
				"south": {"uv": [0, 0, 0, 14], "texture": "#5"},
				"west": {"uv": [0, 6, 16, 14], "texture": "#5"},
				"up": {"uv": [0, 10, 0, 0], "texture": "#5"},
				"down": {"uv": [0, 0, 0, 10], "texture": "#5"}
			}
		}
	],
	"gui_light": "front",
	"display": {
		"thirdperson_righthand": {
			"translation": [0, 5, 1.75],
			"scale": [0.5, 0.5, 0.5]
		},
		"thirdperson_lefthand": {
			"translation": [0, 5, 1.75],
			"scale": [0.5, 0.5, 0.5]
		},
		"firstperson_righthand": {
			"rotation": [-53, 0, -8],
			"translation": [6, 2.5, -6],
			"scale": [0.6, 0.6, 0.6]
		},
		"firstperson_lefthand": {
			"rotation": [-53, 0, -8],
			"translation": [6, 2.5, -6],
			"scale": [0.6, 0.6, 0.6]
		},
		"ground": {
			"rotation": [0, 0, 88],
			"translation": [-2, 2.5, 0.25],
			"scale": [0.45, 0.45, 0.45]
		},
		"gui": {
			"rotation": [-90, 45, 90],
			"translation": [-0.5, 0.25, -1.5],
			"scale": [0.5, 0.5, 0.5]
		},
		"head": {
			"rotation": [90, -156, 90],
			"translation": [1, 10.5, 1.75],
			"scale": [0.6, 0.6, 0.6]
		},
		"fixed": {
			"rotation": [-90, -90, -90],
			"translation": [0, 5.5, 0.25],
			"scale": [1.2, 1.2, 1.2]
		}
	}
}