{"elements":[{"from":[8.0,2.0,8.0],"to":[16.0,2.0,16.0],"faces":{"up":{"texture":"#flowerbed"},"down":{"uv":[8.0,16.0,16.0,8.0],"texture":"#flowerbed"}}},{"from":[17.65,0.0,1.9],"to":[18.65,2.0,1.9],"rotation":{"origin":[0.5,0.0,0.5],"axis":"y","angle":-45.0},"faces":{"north":{"uv":[0.0,5.0,1.0,7.0],"texture":"#stem","tintindex":1},"south":{"uv":[0.0,5.0,1.0,7.0],"texture":"#stem","tintindex":1}}},{"from":[18.15,0.0,1.4],"to":[18.15,2.0,2.4],"rotation":{"origin":[0.5,0.0,0.5],"axis":"y","angle":-45.0},"faces":{"east":{"uv":[0.0,5.0,1.0,7.0],"texture":"#stem","tintindex":1},"west":{"uv":[0.0,5.0,1.0,7.0],"texture":"#stem","tintindex":1}}},{"from":[17.65,0.0,-3.35],"to":[17.65,2.0,-2.35],"rotation":{"origin":[0.0,0.0,0.0],"axis":"y","angle":-45.0},"faces":{"east":{"uv":[0.0,5.0,1.0,7.0],"texture":"#stem","tintindex":1},"west":{"uv":[0.0,5.0,1.0,7.0],"texture":"#stem","tintindex":1}}},{"from":[17.15,0.0,-2.85],"to":[18.15,2.0,-2.85],"rotation":{"origin":[0.0,0.0,0.0],"axis":"y","angle":-45.0},"faces":{"north":{"uv":[0.0,5.0,1.0,7.0],"texture":"#stem","tintindex":1},"south":{"uv":[0.0,5.0,1.0,7.0],"texture":"#stem","tintindex":1}}},{"from":[13.4,0.0,-0.5],"to":[13.4,2.0,0.5],"rotation":{"origin":[0.0,0.0,0.0],"axis":"y","angle":-45.0},"faces":{"east":{"uv":[0.0,5.0,1.0,7.0],"texture":"#stem","tintindex":1},"west":{"uv":[0.0,5.0,1.0,7.0],"texture":"#stem","tintindex":1}}},{"from":[12.9,0.0,0.0],"to":[13.9,2.0,0.0],"rotation":{"origin":[0.0,0.0,0.0],"axis":"y","angle":-45.0},"faces":{"north":{"uv":[0.0,5.0,1.0,7.0],"texture":"#stem","tintindex":1},"south":{"uv":[0.0,5.0,1.0,7.0],"texture":"#stem","tintindex":1}}},{"from":[8.0,0.25,8.0],"to":[16.0,0.25,16.0],"faces":{"up":{"texture":"#2","tintindex":0},"down":{"uv":[8.0,16.0,16.0,8.0],"texture":"#2","tintindex":0}}}],"ambientocclusion":false,"textures":{"particle":"block/wildflowers","2":"block/wildflower_litter","flowerbed":"block/wildflowers","stem":"block/wildflowers_stem"}}