{"parent":"block/block","elements":[{"from":[0.0,0.0,0.0],"to":[16.0,16.0,16.0],"faces":{"north":{"texture":"#1","cullface":"north","tintindex":0},"east":{"texture":"#1","cullface":"east","tintindex":0},"south":{"texture":"#1","cullface":"south","tintindex":0},"west":{"texture":"#1","cullface":"west","tintindex":0},"up":{"texture":"#1","cullface":"up","tintindex":0},"down":{"texture":"#1","cullface":"down","tintindex":0}}},{"from":[8.07071,-8.0,0.07071],"to":[8.07071,0.0,16.07071],"rotation":{"origin":[8.0,8.0,8.0],"axis":"y","angle":45.0,"rescale":true},"shade":false,"faces":{"east":{"uv":[0.0,0.0,16.0,8.0],"texture":"#3","cullface":"down","tintindex":0},"west":{"uv":[0.0,0.0,16.0,8.0],"texture":"#3","cullface":"down","tintindex":0}}},{"from":[8.0,0.0,-8.0],"to":[8.0,16.0,0.0],"rotation":{"origin":[8.0,8.0,8.0],"axis":"z","angle":45.0,"rescale":true},"shade":false,"faces":{"east":{"uv":[0.0,0.0,16.0,8.0],"texture":"#0","cullface":"north","rotation":270,"tintindex":0},"west":{"uv":[0.0,0.0,16.0,8.0],"texture":"#0","cullface":"north","rotation":90,"tintindex":0}}},{"from":[16.0,0.0,8.0],"to":[24.0,16.0,8.0],"rotation":{"origin":[8.0,8.0,8.0],"axis":"x","angle":-45.0,"rescale":true},"shade":false,"faces":{"north":{"uv":[0.0,0.0,16.0,8.0],"texture":"#3","cullface":"east","rotation":90,"tintindex":0},"south":{"uv":[0.0,0.0,16.0,8.0],"texture":"#3","cullface":"east","rotation":270,"tintindex":0}}},{"from":[8.07071,16.0,0.07071],"to":[8.07071,24.0,16.07071],"rotation":{"origin":[8.0,8.0,8.0],"axis":"y","angle":45.0,"rescale":true},"shade":false,"faces":{"east":{"uv":[0.0,0.0,16.0,8.0],"texture":"#0","cullface":"up","rotation":180,"tintindex":0},"west":{"uv":[0.0,0.0,16.0,8.0],"texture":"#0","cullface":"up","rotation":180,"tintindex":0}}},{"from":[8.0,0.0,16.0],"to":[8.0,16.0,24.0],"rotation":{"origin":[8.0,8.0,8.0],"axis":"z","angle":45.0,"rescale":true},"shade":false,"faces":{"east":{"uv":[0.0,0.0,16.0,8.0],"texture":"#0","cullface":"south","rotation":90,"tintindex":0},"west":{"uv":[0.0,0.0,16.0,8.0],"texture":"#0","cullface":"south","rotation":270,"tintindex":0}}},{"from":[-8.0,0.0,8.0],"to":[0.0,16.0,8.0],"rotation":{"origin":[8.0,8.0,8.0],"axis":"x","angle":-45.0,"rescale":true},"shade":false,"faces":{"north":{"uv":[0.0,0.0,16.0,8.0],"texture":"#3","cullface":"west","rotation":270,"tintindex":0},"south":{"uv":[0.0,0.0,16.0,8.0],"texture":"#3","cullface":"west","rotation":90,"tintindex":0}}},{"from":[8.07071,-16.0,-0.07071],"to":[8.07071,0.0,15.92929],"rotation":{"origin":[8.0,8.0,8.0],"axis":"y","angle":-45.0,"rescale":true},"shade":false,"faces":{"east":{"uv":[0.0,0.0,16.0,16.0],"texture":"#2","cullface":"down","tintindex":0},"west":{"uv":[0.0,0.0,16.0,16.0],"texture":"#2","cullface":"down","tintindex":0}}},{"from":[8.0,0.0,-8.0],"to":[8.0,16.0,0.0],"rotation":{"origin":[8.0,8.0,8.0],"axis":"z","angle":-45.0,"rescale":true},"shade":false,"faces":{"east":{"uv":[0.0,0.0,16.0,8.0],"texture":"#0","cullface":"north","rotation":270,"tintindex":0},"west":{"uv":[0.0,0.0,16.0,8.0],"texture":"#0","cullface":"north","rotation":90,"tintindex":0}}},{"from":[16.0,0.0,8.0],"to":[24.0,16.0,8.0],"rotation":{"origin":[8.0,8.0,8.0],"axis":"x","angle":45.0,"rescale":true},"shade":false,"faces":{"north":{"uv":[0.0,0.0,16.0,8.0],"texture":"#3","cullface":"east","rotation":90,"tintindex":0},"south":{"uv":[0.0,0.0,16.0,8.0],"texture":"#3","cullface":"east","rotation":270,"tintindex":0}}},{"from":[8.07071,16.0,-0.07071],"to":[8.07071,24.0,15.92929],"rotation":{"origin":[8.0,8.0,8.0],"axis":"y","angle":-45.0,"rescale":true},"shade":false,"faces":{"east":{"uv":[0.0,0.0,16.0,8.0],"texture":"#0","cullface":"up","rotation":180,"tintindex":0},"west":{"uv":[0.0,0.0,16.0,8.0],"texture":"#0","cullface":"up","rotation":180,"tintindex":0}}},{"from":[8.0,0.0,16.0],"to":[8.0,16.0,24.0],"rotation":{"origin":[8.0,8.0,8.0],"axis":"z","angle":-45.0,"rescale":true},"shade":false,"faces":{"east":{"uv":[0.0,0.0,16.0,8.0],"texture":"#0","cullface":"south","rotation":90,"tintindex":0},"west":{"uv":[0.0,0.0,16.0,8.0],"texture":"#0","cullface":"south","rotation":270,"tintindex":0}}},{"from":[-8.0,0.0,8.0],"to":[0.0,16.0,8.0],"rotation":{"origin":[8.0,8.0,8.0],"axis":"x","angle":45.0,"rescale":true},"shade":false,"faces":{"north":{"uv":[0.0,0.0,16.0,8.0],"texture":"#3","cullface":"west","rotation":270,"tintindex":0},"south":{"uv":[0.0,0.0,16.0,8.0],"texture":"#3","cullface":"west","rotation":90,"tintindex":0}}}],"textures":{"particle":"#all","0":"#bush","1":"#all","2":"#bush_down","3":"#dark_bush"}}