{"display":{"thirdperson_righthand":{"rotation":[77.5,0.0,0.0],"translation":[0.0,0.25,0.75],"scale":[0.6,0.6,0.6]},"thirdperson_lefthand":{"rotation":[67.0,0.0,0.0],"translation":[-5.5,-4.75,3.25]},"firstperson_righthand":{"rotation":[134.5,0.0,-180.0],"translation":[2.5,-0.5,-1.75],"scale":[0.7,0.7,0.7]},"firstperson_lefthand":{"rotation":[134.5,0.0,-180.0],"translation":[2.5,-0.5,-1.75],"scale":[0.0,0.0,0.0]},"ground":{"translation":[0.0,5.0,0.0],"scale":[0.7,0.7,0.7]},"gui":{"rotation":[35.0,135.0,0.0],"translation":[0.0,31.0,0.0],"scale":[1.62,1.62,1.62]},"head":{"translation":[0.0,-49.25,-1.0],"scale":[3.2,3.2,3.2]},"fixed":{"rotation":[-90.0,0.0,0.0],"translation":[0.0,0.0,-7.0],"scale":[2.0,2.0,2.0]}},"elements":[{"from":[4.0,-15.5625,4.0],"to":[12.0,-14.0625,5.5],"rotation":{"origin":[4.0,-15.5625,4.0],"axis":"y","angle":0.0},"faces":{"north":{"uv":[0.0,0.0,5.33333,1.0],"texture":"#1"},"east":{"uv":[11.33333,0.0,12.33333,1.0],"texture":"#1"},"south":{"uv":[0.0,1.33333,5.33333,2.33333],"texture":"#1"},"west":{"uv":[11.33333,1.33333,12.33333,2.33333],"texture":"#1"},"up":{"uv":[5.33333,3.66667,0.0,2.66667],"texture":"#1"},"down":{"uv":[5.33333,4.0,0.0,5.0],"texture":"#1"}}},{"from":[4.0,-15.5625,10.5],"to":[12.0,-14.0625,12.0],"rotation":{"origin":[4.0,-15.5625,4.0],"axis":"y","angle":0.0},"faces":{"north":{"uv":[0.0,5.33333,5.33333,6.33333],"texture":"#1"},"east":{"uv":[2.66667,11.33333,3.66667,12.33333],"texture":"#1"},"south":{"uv":[5.66667,0.0,11.0,1.0],"texture":"#1"},"west":{"uv":[11.33333,2.66667,12.33333,3.66667],"texture":"#1"},"up":{"uv":[11.0,2.33333,5.66667,1.33333],"texture":"#1"},"down":{"uv":[11.0,2.66667,5.66667,3.66667],"texture":"#1"}}},{"from":[10.5,-15.5625,5.5],"to":[12.0,-14.0625,10.5],"rotation":{"origin":[4.0,-15.5625,4.0],"axis":"y","angle":0.0},"faces":{"north":{"uv":[4.0,11.33333,5.0,12.33333],"texture":"#1"},"east":{"uv":[4.66667,8.66667,8.0,9.66667],"texture":"#1"},"south":{"uv":[5.33333,11.33333,6.33333,12.33333],"texture":"#1"},"west":{"uv":[8.33333,8.66667,11.66667,9.66667],"texture":"#1"},"up":{"uv":[1.0,12.33333,0.0,9.0],"texture":"#1"},"down":{"uv":[2.33333,9.0,1.33333,12.33333],"texture":"#1"}}},{"from":[4.0,-15.5625,5.5],"to":[5.5,-14.0625,10.5],"rotation":{"origin":[4.0,-15.5625,4.0],"axis":"y","angle":0.0},"faces":{"north":{"uv":[6.66667,11.33333,7.66667,12.33333],"texture":"#1"},"east":{"uv":[2.66667,10.0,6.0,11.0],"texture":"#1"},"south":{"uv":[8.0,11.33333,9.0,12.33333],"texture":"#1"},"west":{"uv":[6.33333,10.0,9.66667,11.0],"texture":"#1"},"up":{"uv":[11.0,13.33333,10.0,10.0],"texture":"#1"},"down":{"uv":[11.33333,4.0,10.33333,7.33333],"texture":"#1"}}},{"from":[6.5,-14.625,2.77903],"to":[9.5,-11.625,5.77903],"rotation":{"origin":[7.0,-10.125,5.77903],"axis":"y","angle":0.0},"faces":{"north":{"uv":[5.66667,4.0,7.66667,6.0],"texture":"#1"},"east":{"uv":[5.66667,6.33333,7.66667,8.33333],"texture":"#1"},"south":{"uv":[0.0,6.66667,2.0,8.66667],"texture":"#1"},"west":{"uv":[2.33333,6.66667,4.33333,8.66667],"texture":"#1"},"up":{"uv":[10.0,6.0,8.0,4.0],"texture":"#1"},"down":{"uv":[10.0,6.33333,8.0,8.33333],"texture":"#1"}}},{"from":[3.2,-15.625,7.15403],"to":[3.7,-14.125,8.65403],"rotation":{"origin":[3.45,-14.875,8.65403],"axis":"y","angle":-22.5},"faces":{"north":{"uv":[9.33333,11.33333,9.66667,12.33333],"texture":"#1"},"east":{"uv":[11.33333,10.0,12.33333,11.0],"texture":"#1"},"south":{"uv":[0.0,12.66667,0.33333,13.66667],"texture":"#1"},"west":{"uv":[11.33333,11.33333,12.33333,12.33333],"texture":"#1"},"up":{"uv":[13.0,1.0,12.66667,0.0],"texture":"#1"},"down":{"uv":[1.0,12.66667,0.66667,13.66667],"texture":"#1"}}},{"from":[7.0,-13.625,1.77903],"to":[9.0,-13.125,2.77903],"rotation":{"origin":[7.0,-9.125,2.77903],"axis":"y","angle":0.0},"faces":{"north":{"uv":[11.66667,6.33333,13.0,6.66667],"texture":"#1"},"east":{"uv":[4.66667,8.0,5.33333,8.33333],"texture":"#1"},"west":{"uv":[12.0,9.0,12.66667,9.33333],"texture":"#1"},"up":{"uv":[4.0,9.66667,2.66667,9.0],"texture":"#1"},"down":{"uv":[11.66667,7.66667,10.33333,8.33333],"texture":"#1"}}},{"from":[6.99875,-13.79289,11.25759],"to":[9.00125,-13.29289,11.75759],"rotation":{"origin":[7.99875,-13.29289,12.38259],"axis":"x","angle":-45.0},"faces":{"east":{"uv":[3.0,12.66667,3.33333,13.0],"texture":"#1"},"south":{"uv":[11.66667,7.0,13.0,7.33333],"texture":"#1"},"west":{"uv":[12.66667,3.0,13.0,3.33333],"texture":"#1"},"up":{"uv":[13.33333,8.0,12.0,7.66667],"texture":"#1"},"down":{"uv":[13.33333,8.33333,12.0,8.66667],"texture":"#1"}}},{"from":[6.99875,-13.79289,11.75759],"to":[9.00125,-13.29289,12.75759],"rotation":{"origin":[7.99875,-13.29289,12.38259],"axis":"x","angle":-45.0},"faces":{"east":{"uv":[1.33333,12.66667,2.0,13.0],"texture":"#1"},"west":{"uv":[12.66667,1.33333,13.33333,1.66667],"texture":"#1"},"up":{"uv":[13.0,4.66667,11.66667,4.0],"texture":"#1"}}},{"from":[3.2,-15.625,8.65403],"to":[3.7,-14.125,9.65403],"rotation":{"origin":[3.45,-14.875,8.65403],"axis":"y","angle":-22.5},"faces":{"east":{"uv":[4.66667,6.66667,5.33333,7.66667],"texture":"#1"},"west":{"uv":[11.66667,5.0,12.33333,6.0],"texture":"#1"},"up":{"uv":[13.0,2.66667,12.66667,2.0],"texture":"#1"},"down":{"uv":[2.66667,12.66667,2.33333,13.33333],"texture":"#1"}}},{"from":[9.00125,-13.29289,12.75759],"to":[6.99875,-13.79289,11.75759],"rotation":{"origin":[7.99875,-13.29289,12.38259],"axis":"x","angle":-45.0},"faces":{"east":{"uv":[12.66667,1.66667,13.33333,1.33333],"texture":"#1"},"west":{"uv":[1.33333,13.0,2.0,12.66667],"texture":"#1"},"down":{"uv":[11.66667,4.66667,13.0,4.0],"texture":"#1"}}},{"from":[3.7,-14.125,9.65403],"to":[3.2,-15.625,8.65403],"rotation":{"origin":[3.45,-14.875,8.65403],"axis":"y","angle":-22.5},"faces":{"east":{"uv":[11.66667,6.0,12.33333,5.0],"texture":"#1"},"west":{"uv":[4.66667,7.66667,5.33333,6.66667],"texture":"#1"},"up":{"uv":[2.33333,12.66667,2.66667,13.33333],"texture":"#1"},"down":{"uv":[12.66667,2.66667,13.0,2.0],"texture":"#1"}}},{"from":[12.3,-15.625,7.15403],"to":[12.8,-14.125,8.65403],"rotation":{"origin":[12.55,-14.875,8.65403],"axis":"y","angle":22.5},"faces":{"north":{"uv":[9.66667,11.33333,9.33333,12.33333],"texture":"#1"},"east":{"uv":[12.33333,11.33333,11.33333,12.33333],"texture":"#1"},"south":{"uv":[0.33333,12.66667,0.0,13.66667],"texture":"#1"},"west":{"uv":[12.33333,10.0,11.33333,11.0],"texture":"#1"},"up":{"uv":[12.66667,1.0,13.0,0.0],"texture":"#1"},"down":{"uv":[0.66667,12.66667,1.0,13.66667],"texture":"#1"}}},{"from":[12.3,-15.625,8.65403],"to":[12.8,-14.125,9.65403],"rotation":{"origin":[12.55,-14.875,8.65403],"axis":"y","angle":22.5},"faces":{"east":{"uv":[12.33333,5.0,11.66667,6.0],"texture":"#1"},"west":{"uv":[5.33333,6.66667,4.66667,7.66667],"texture":"#1"},"up":{"uv":[12.66667,2.66667,13.0,2.0],"texture":"#1"},"down":{"uv":[2.33333,12.66667,2.66667,13.33333],"texture":"#1"}}},{"from":[12.8,-14.125,9.65403],"to":[12.3,-15.625,8.65403],"rotation":{"origin":[12.55,-14.875,8.65403],"axis":"y","angle":22.5},"faces":{"east":{"uv":[5.33333,7.66667,4.66667,6.66667],"texture":"#1"},"west":{"uv":[12.33333,6.0,11.66667,5.0],"texture":"#1"},"up":{"uv":[2.66667,12.66667,2.33333,13.33333],"texture":"#1"},"down":{"uv":[13.0,2.66667,12.66667,2.0],"texture":"#1"}}}],"textures":{"1":"plny_summer2025cosmeticsset/duck_floatie"},"gui_light":"front"}