{"display":{"thirdperson_righthand":{"rotation":[90.0,0.0,0.0],"translation":[0.0,2.75,1.0],"scale":[0.7,0.7,0.7]},"thirdperson_lefthand":{"rotation":[90.0,0.0,0.0],"translation":[0.0,2.75,1.0],"scale":[0.7,0.7,0.7]},"firstperson_righthand":{"rotation":[47.0,0.0,0.0],"translation":[2.75,1.5,0.0],"scale":[0.7,0.7,0.7]},"firstperson_lefthand":{"rotation":[47.0,0.0,0.0],"translation":[2.75,1.5,0.0],"scale":[0.7,0.7,0.7]},"ground":{"translation":[0.0,5.0,0.0],"scale":[0.7,0.7,0.7]},"gui":{"rotation":[35.0,135.0,0.0],"scale":[1.29,1.29,1.29]},"head":{"translation":[0.0,3.25,0.0],"scale":[1.6,1.6,1.6]},"fixed":{"rotation":[-90.0,0.0,0.0],"translation":[0.0,0.0,-3.75],"scale":[2.0,2.0,2.0]}},"elements":[{"from":[2.975,7.0,2.975],"to":[13.025,9.0,13.025],"rotation":{"origin":[0.0,7.0,3.0],"axis":"y","angle":0.0},"faces":{"north":{"uv":[0.0,0.0,10.0,2.0],"texture":"#0"},"east":{"uv":[0.0,3.0,10.0,5.0],"texture":"#0"},"south":{"uv":[0.0,6.0,10.0,8.0],"texture":"#0"},"west":{"uv":[0.0,9.0,10.0,11.0],"texture":"#0"}}},{"from":[2.0,6.5,2.75],"to":[5.0,9.5,2.76],"rotation":{"origin":[3.5,8.0,2.755],"axis":"z","angle":22.5},"faces":{"north":{"uv":[11.0,0.0,14.0,3.0],"texture":"#0"},"south":{"uv":[14.0,0.0,11.0,3.0],"texture":"#0"}}},{"from":[4.5,7.5,2.65],"to":[6.5,9.5,2.66],"rotation":{"origin":[4.5,7.5,2.65],"axis":"z","angle":-22.5},"faces":{"north":{"uv":[11.0,4.0,13.0,6.0],"texture":"#0"},"south":{"uv":[13.0,4.0,11.0,6.0],"texture":"#0"}}},{"from":[12.75,8.25,8.0],"to":[14.75,10.25,8.01],"rotation":{"origin":[12.75,8.25,8.0],"axis":"z","angle":-22.5},"faces":{"north":{"uv":[11.0,7.0,13.0,9.0],"texture":"#0"},"south":{"uv":[13.0,7.0,11.0,9.0],"texture":"#0"}}},{"from":[12.75,6.0,4.0],"to":[14.75,8.0,4.01],"rotation":{"origin":[12.75,8.0,4.0],"axis":"z","angle":22.5},"faces":{"north":{"uv":[11.0,10.0,13.0,12.0],"texture":"#0","rotation":270},"south":{"uv":[13.0,10.0,11.0,12.0],"texture":"#0","rotation":90}}},{"from":[13.0,9.0,13.0],"to":[3.0,7.0,3.0],"rotation":{"origin":[0.0,7.0,3.0],"axis":"y","angle":0.0},"faces":{"north":{"uv":[0.0,8.0,10.0,6.0],"texture":"#0"},"east":{"uv":[0.0,11.0,10.0,9.0],"texture":"#0"},"south":{"uv":[0.0,2.0,10.0,0.0],"texture":"#0"},"west":{"uv":[0.0,5.0,10.0,3.0],"texture":"#0"}}},{"from":[1.25,8.25,7.99],"to":[3.25,10.25,8.0],"rotation":{"origin":[3.25,8.25,8.0],"axis":"z","angle":22.5},"faces":{"north":{"uv":[13.0,7.0,11.0,9.0],"texture":"#0"},"south":{"uv":[11.0,7.0,13.0,9.0],"texture":"#0"}}},{"from":[1.25,6.0,11.99],"to":[3.25,8.0,12.0],"rotation":{"origin":[3.25,8.0,12.0],"axis":"z","angle":-22.5},"faces":{"north":{"uv":[13.0,10.0,11.0,12.0],"texture":"#0","rotation":90},"south":{"uv":[11.0,10.0,13.0,12.0],"texture":"#0","rotation":270}}},{"from":[10.80656,7.0412,2.9],"to":[12.80656,9.0412,2.91],"rotation":{"origin":[11.80656,8.0412,2.905],"axis":"z","angle":22.5},"faces":{"north":{"uv":[11.0,4.0,13.0,6.0],"texture":"#0"},"south":{"uv":[13.0,4.0,11.0,6.0],"texture":"#0"}}},{"from":[13.245,6.75,9.255],"to":[13.255,9.75,12.255],"rotation":{"origin":[13.25,8.25,10.755],"axis":"x","angle":-22.5},"faces":{"east":{"uv":[11.0,0.0,14.0,3.0],"texture":"#0"},"west":{"uv":[14.0,0.0,11.0,3.0],"texture":"#0"}}},{"from":[2.745,6.75,4.505],"to":[2.755,9.75,7.505],"rotation":{"origin":[2.75,8.25,6.005],"axis":"x","angle":-22.5},"faces":{"east":{"uv":[11.0,0.0,14.0,3.0],"texture":"#0"},"west":{"uv":[14.0,0.0,11.0,3.0],"texture":"#0"}}},{"from":[3.19344,7.0412,13.09],"to":[5.19344,9.0412,13.1],"rotation":{"origin":[4.19344,8.0412,13.095],"axis":"z","angle":-22.5},"faces":{"north":{"uv":[13.0,4.0,11.0,6.0],"texture":"#0"},"south":{"uv":[11.0,4.0,13.0,6.0],"texture":"#0"}}}],"textures":{"particle":"plny_summer2025cosmeticsset/flower_crown","0":"plny_summer2025cosmeticsset/flower_crown"},"gui_light":"front"}