{"display":{"thirdperson_righthand":{"rotation":[92.0,0.0,0.0],"translation":[0.0,2.5,1.25],"scale":[0.7,0.7,0.7]},"thirdperson_lefthand":{"rotation":[92.0,0.0,0.0],"translation":[0.0,2.5,1.25],"scale":[0.7,0.7,0.7]},"firstperson_righthand":{"rotation":[119.0,0.0,-180.0],"translation":[0.0,1.75,0.0]},"firstperson_lefthand":{"rotation":[119.0,0.0,-180.0],"translation":[0.0,1.75,0.0]},"ground":{"translation":[0.0,5.0,0.0],"scale":[0.7,0.7,0.7]},"gui":{"rotation":[35.0,135.0,0.0],"translation":[0.0,3.5,0.0],"scale":[1.18,1.18,1.18]},"head":{"translation":[0.0,2.0,0.0],"scale":[1.6,1.6,1.6]},"fixed":{"rotation":[-64.0,0.0,0.0],"translation":[0.0,0.0,-7.5],"scale":[2.0,2.0,2.0]}},"elements":[{"from":[7.5,6.75,3.0],"to":[8.5,9.75,5.0],"rotation":{"origin":[6.5,5.75,3.0],"axis":"y","angle":0.0},"faces":{"north":{"uv":[12.0,6.0,12.5,7.5],"texture":"#0"},"south":{"uv":[12.0,8.0,12.5,9.5],"texture":"#0"},"up":{"uv":[12.5,4.0,12.0,3.0],"texture":"#0"},"down":{"uv":[12.5,10.0,12.0,11.0],"texture":"#0"}}},{"from":[2.5,5.75,3.0],"to":[7.5,9.75,5.0],"rotation":{"origin":[2.5,5.75,3.0],"axis":"y","angle":0.0},"faces":{"north":{"uv":[0.0,6.0,2.5,8.0],"texture":"#0"},"east":{"uv":[3.0,10.0,4.0,12.0],"texture":"#0"},"south":{"uv":[6.0,0.0,8.5,2.0],"texture":"#0"},"west":{"uv":[4.5,10.0,5.5,12.0],"texture":"#0"},"up":{"uv":[2.5,9.5,0.0,8.5],"texture":"#0"},"down":{"uv":[5.5,8.5,3.0,9.5],"texture":"#0"}}},{"from":[8.5,5.75,3.0],"to":[13.5,9.75,5.0],"rotation":{"origin":[9.5,5.75,3.0],"axis":"y","angle":0.0},"faces":{"north":{"uv":[6.0,2.5,8.5,4.5],"texture":"#0"},"east":{"uv":[10.5,6.5,11.5,8.5],"texture":"#0"},"south":{"uv":[3.0,6.0,5.5,8.0],"texture":"#0"},"west":{"uv":[6.0,11.0,7.0,13.0],"texture":"#0"},"up":{"uv":[11.5,1.0,9.0,0.0],"texture":"#0"},"down":{"uv":[11.5,1.5,9.0,2.5],"texture":"#0"}}},{"from":[3.025,7.0,5.025],"to":[12.975,9.0,12.975],"rotation":{"origin":[3.0,7.0,3.0],"axis":"y","angle":0.0},"faces":{"east":{"uv":[6.0,6.5,10.0,7.5],"texture":"#0"},"south":{"uv":[6.0,5.0,11.0,6.0],"texture":"#0"},"west":{"uv":[6.0,8.0,10.0,9.0],"texture":"#0"}}},{"from":[0.8,1.0,3.5],"to":[5.8,3.0,5.5],"rotation":{"origin":[4.05,8.5,5.0],"axis":"x","angle":22.5},"faces":{"north":{"uv":[9.0,3.0,11.5,4.0],"texture":"#0"},"east":{"uv":[1.5,11.5,2.5,12.5],"texture":"#0"},"south":{"uv":[6.0,9.5,8.5,10.5],"texture":"#0"},"west":{"uv":[11.5,4.5,12.5,5.5],"texture":"#0"},"up":{"uv":[11.5,10.5,9.0,9.5],"texture":"#0"},"down":{"uv":[2.5,10.0,0.0,11.0],"texture":"#0"}}},{"from":[0.8,3.0,3.5],"to":[2.8,14.0,5.5],"rotation":{"origin":[4.05,8.5,5.0],"axis":"x","angle":22.5},"faces":{"north":{"uv":[0.0,0.0,1.0,5.5],"texture":"#0"},"east":{"uv":[1.5,0.0,2.5,5.5],"texture":"#0"},"south":{"uv":[3.0,0.0,4.0,5.5],"texture":"#0"},"west":{"uv":[4.5,0.0,5.5,5.5],"texture":"#0"}}},{"from":[5.8,2.14806,1.74196],"to":[6.8,4.14806,2.74196],"rotation":{"origin":[6.3,3.14806,2.24196],"axis":"x","angle":0.0},"faces":{"north":{"uv":[12.0,11.5,12.5,12.5],"texture":"#0"},"east":{"uv":[3.0,12.5,3.5,13.5],"texture":"#0"},"south":{"uv":[4.0,12.5,4.5,13.5],"texture":"#0"},"west":{"uv":[5.0,12.5,5.5,13.5],"texture":"#0"},"up":{"uv":[2.0,13.5,1.5,13.0],"texture":"#0"},"down":{"uv":[13.5,3.0,13.0,3.5],"texture":"#0"}}},{"from":[0.8,14.0,3.5],"to":[2.8,16.0,7.5],"rotation":{"origin":[4.05,8.5,5.0],"axis":"x","angle":22.5},"faces":{"north":{"uv":[13.0,1.5,12.0,2.5],"texture":"#0","rotation":180},"east":{"uv":[9.0,11.0,10.0,13.0],"texture":"#0","rotation":270},"south":{"uv":[13.0,1.0,12.0,0.0],"texture":"#0"},"west":{"uv":[0.0,11.5,1.0,13.5],"texture":"#0","rotation":90},"up":{"uv":[7.5,11.0,8.5,13.0],"texture":"#0","rotation":180},"down":{"uv":[10.5,11.0,11.5,13.0],"texture":"#0"}}},{"from":[13.0,9.0,13.0],"to":[3.0,7.0,5.0],"rotation":{"origin":[3.0,7.0,3.0],"axis":"y","angle":0.0},"faces":{"north":{"uv":[6.0,6.0,11.0,5.0],"texture":"#0"},"east":{"uv":[6.0,9.0,10.0,8.0],"texture":"#0"},"west":{"uv":[6.0,7.5,10.0,6.5],"texture":"#0"}}}],"textures":{"particle":"plny_summer2025cosmeticsset/snorkel_mask","0":"plny_summer2025cosmeticsset/snorkel_mask"},"gui_light":"front"}