{"display":{"thirdperson_righthand":{"rotation":[0.0,-90.0,0.0],"translation":[-1.5,-3.0,1.75]},"thirdperson_lefthand":{"rotation":[0.0,-90.0,0.0],"translation":[-1.5,-3.0,1.75]},"firstperson_righthand":{"rotation":[-12.0,0.0,0.0],"translation":[3.0,-0.25,1.5],"scale":[0.7,0.7,0.7]},"firstperson_lefthand":{"rotation":[-12.0,0.0,0.0],"translation":[3.0,-0.25,1.5],"scale":[0.7,0.7,0.7]},"ground":{"rotation":[-45.0,0.0,0.0],"translation":[0.0,5.0,0.0],"scale":[0.7,0.7,0.7]},"gui":{"rotation":[0.0,0.0,-45.0],"translation":[16.75,16.75,0.0],"scale":[1.5,1.5,1.5]},"head":{"rotation":[0.0,180.0,50.0],"translation":[39.5,-78.25,5.5],"scale":[3.2,3.2,3.2]},"fixed":{"rotation":[0.0,180.0,0.0],"translation":[0.0,0.0,-2.25],"scale":[2.0,2.0,2.0]}},"elements":[{"from":[5.5,-14.0,7.75],"to":[10.5,-2.5,8.25],"rotation":{"origin":[5.0,-14.0,7.75],"axis":"y","angle":0.0},"faces":{"north":{"uv":[0.0,0.0,3.33333,7.66667],"texture":"#0"},"east":{"uv":[7.33333,0.0,7.66667,7.66667],"texture":"#0"},"south":{"uv":[3.66667,0.0,7.0,7.66667],"texture":"#0"},"west":{"uv":[0.0,8.0,0.33333,15.66667],"texture":"#0"},"up":{"uv":[7.0,8.33333,3.66667,8.0],"texture":"#0"},"down":{"uv":[11.33333,4.33333,8.0,4.66667],"texture":"#0"}}},{"from":[6.0,-2.5,7.75],"to":[10.0,-1.5,8.25],"rotation":{"origin":[5.0,-14.0,7.75],"axis":"y","angle":0.0},"faces":{"north":{"uv":[8.0,0.0,10.66667,0.66667],"texture":"#0"},"east":{"uv":[9.33333,2.33333,9.66667,3.0],"texture":"#0"},"south":{"uv":[0.66667,8.0,3.33333,8.66667],"texture":"#0"},"west":{"uv":[9.33333,3.33333,9.66667,4.0],"texture":"#0"},"up":{"uv":[10.66667,5.33333,8.0,5.0],"texture":"#0"}}},{"from":[7.0,-1.5,7.75],"to":[9.0,-0.5,8.25],"rotation":{"origin":[5.0,-14.0,7.75],"axis":"y","angle":0.0},"faces":{"north":{"uv":[8.0,5.66667,9.33333,6.33333],"texture":"#0"},"east":{"uv":[3.66667,9.33333,4.0,10.0],"texture":"#0"},"south":{"uv":[8.0,6.66667,9.33333,7.33333],"texture":"#0"},"west":{"uv":[4.33333,9.33333,4.66667,10.0],"texture":"#0"},"up":{"uv":[2.0,9.33333,0.66667,9.0],"texture":"#0"}}},{"from":[6.0,-14.5,7.75],"to":[10.0,-14.0,8.25],"rotation":{"origin":[5.0,-14.0,7.75],"axis":"y","angle":0.0},"faces":{"north":{"uv":[7.33333,8.0,10.0,8.33333],"texture":"#0"},"east":{"uv":[5.0,9.33333,5.33333,9.66667],"texture":"#0"},"south":{"uv":[3.66667,8.66667,6.33333,9.0],"texture":"#0"},"west":{"uv":[5.66667,9.33333,6.0,9.66667],"texture":"#0"},"down":{"uv":[9.33333,8.66667,6.66667,9.0],"texture":"#0"}}},{"from":[7.75,-11.375,6.6],"to":[8.25,-9.375,8.1],"rotation":{"origin":[7.75,-10.875,7.1],"axis":"x","angle":22.5},"faces":{"north":{"uv":[2.33333,9.0,2.66667,10.33333],"texture":"#0"},"east":{"uv":[8.0,1.0,9.0,2.33333],"texture":"#0"},"west":{"uv":[8.0,2.66667,9.0,4.0],"texture":"#0"},"up":{"uv":[3.33333,10.0,3.0,9.0],"texture":"#0"},"down":{"uv":[9.66667,1.0,9.33333,2.0],"texture":"#0"}}}],"textures":{"particle":"plny_summer2025cosmeticsset/surfboard","0":"plny_summer2025cosmeticsset/surfboard"},"gui_light":"front"}