{"display":{"thirdperson_righthand":{"translation":[0.0,0.25,-0.5]},"thirdperson_lefthand":{"translation":[0.0,0.25,-0.5]},"firstperson_righthand":{"translation":[-1.0,3.25,1.75],"scale":[0.7,0.7,0.7]},"firstperson_lefthand":{"translation":[-1.0,3.25,1.75],"scale":[0.7,0.7,0.7]},"ground":{"rotation":[30.0,0.0,0.0],"translation":[0.0,5.0,0.0],"scale":[0.7,0.7,0.7]},"gui":{"rotation":[35.0,135.0,0.0],"translation":[0.0,-3.75,0.0],"scale":[1.38,1.38,1.38]},"fixed":{"rotation":[-125.0,0.0,0.0],"translation":[0.0,-2.75,-4.0],"scale":[2.0,2.0,2.0]}},"elements":[{"from":[5.0,10.875,3.55806],"to":[11.0,16.875,9.55806],"rotation":{"origin":[6.0,10.875,3.55806],"axis":"y","angle":0.0},"faces":{"north":{"uv":[0.0,0.0,3.0,3.0],"texture":"#0"},"east":{"uv":[0.0,3.5,3.0,6.5],"texture":"#0"},"south":{"uv":[3.5,0.0,6.5,3.0],"texture":"#0"},"west":{"uv":[3.5,3.5,6.5,6.5],"texture":"#0"},"up":{"uv":[3.0,10.0,0.0,7.0],"texture":"#0"},"down":{"uv":[10.0,0.0,7.0,3.0],"texture":"#0"}}},{"from":[6.0,7.875,4.55806],"to":[10.0,11.875,12.55806],"rotation":{"origin":[6.0,7.875,4.55806],"axis":"y","angle":0.0},"faces":{"north":{"uv":[0.0,10.5,2.0,12.5],"texture":"#0"},"east":{"uv":[3.5,7.0,7.5,9.0],"texture":"#0"},"south":{"uv":[10.5,0.0,12.5,2.0],"texture":"#0"},"west":{"uv":[7.0,3.5,11.0,5.5],"texture":"#0"},"up":{"uv":[10.0,10.0,8.0,6.0],"texture":"#0"},"down":{"uv":[5.5,9.5,3.5,13.5],"texture":"#0"}}},{"from":[4.4,8.875,6.30806],"to":[5.4,11.875,9.30806],"rotation":{"origin":[4.9,10.375,9.30806],"axis":"y","angle":-22.5},"faces":{"north":{"uv":[13.5,5.5,14.0,7.0],"texture":"#0"},"east":{"uv":[7.5,10.5,9.0,12.0],"texture":"#0"},"south":{"uv":[11.5,13.5,12.0,15.0],"texture":"#0"},"west":{"uv":[9.5,10.5,11.0,12.0],"texture":"#0"},"up":{"uv":[0.5,15.5,0.0,14.0],"texture":"#0"},"down":{"uv":[1.5,14.0,1.0,15.5],"texture":"#0"}}},{"from":[6.0,12.875,1.55806],"to":[10.0,13.875,3.55806],"rotation":{"origin":[6.0,12.875,-2.44194],"axis":"y","angle":0.0},"faces":{"north":{"uv":[12.0,8.0,14.0,8.5],"texture":"#0"},"east":{"uv":[2.0,14.0,3.0,14.5],"texture":"#0"},"west":{"uv":[14.0,2.0,15.0,2.5],"texture":"#0"},"up":{"uv":[13.5,3.5,11.5,2.5],"texture":"#0"},"down":{"uv":[13.5,4.0,11.5,5.0],"texture":"#0"}}},{"from":[5.9975,12.28921,11.01517],"to":[10.0025,13.28921,12.01517],"rotation":{"origin":[7.9975,13.28921,13.26517],"axis":"x","angle":-45.0},"faces":{"east":{"uv":[7.0,6.0,7.5,6.5],"texture":"#0"},"south":{"uv":[0.0,13.0,2.0,13.5],"texture":"#0"},"west":{"uv":[10.5,2.5,11.0,3.0],"texture":"#0"},"up":{"uv":[15.0,0.5,13.0,0.0],"texture":"#0"},"down":{"uv":[15.0,1.0,13.0,1.5],"texture":"#0"}}},{"from":[5.9975,12.28921,12.01517],"to":[10.0025,13.28921,14.01517],"rotation":{"origin":[7.9975,13.28921,13.26517],"axis":"x","angle":-45.0},"faces":{"east":{"uv":[14.0,3.0,15.0,3.5],"texture":"#0"},"west":{"uv":[3.5,14.0,4.5,14.5],"texture":"#0"},"up":{"uv":[13.5,10.5,11.5,9.5],"texture":"#0"}}},{"from":[4.4,8.875,9.30806],"to":[5.4,11.875,11.30806],"rotation":{"origin":[4.9,10.375,9.30806],"axis":"y","angle":-22.5},"faces":{"east":{"uv":[7.5,12.5,8.5,14.0],"texture":"#0"},"west":{"uv":[9.0,12.5,10.0,14.0],"texture":"#0"},"up":{"uv":[14.5,5.0,14.0,4.0],"texture":"#0"},"down":{"uv":[5.5,14.0,5.0,15.0],"texture":"#0"}}},{"from":[7.5,3.625,9.55806],"to":[8.5,9.625,11.55806],"rotation":{"origin":[7.5,7.125,10.05806],"axis":"x","angle":-22.5},"faces":{"north":{"uv":[2.5,10.5,3.0,13.5],"texture":"#0"},"east":{"uv":[6.0,9.5,7.0,12.5],"texture":"#0"},"south":{"uv":[10.5,12.5,11.0,15.5],"texture":"#0"},"west":{"uv":[10.5,6.0,11.5,9.0],"texture":"#0"}}},{"from":[7.0,3.625,9.05806],"to":[9.0,4.625,13.05806],"rotation":{"origin":[8.0,6.125,11.55806],"axis":"x","angle":0.0},"faces":{"north":{"uv":[14.0,9.0,15.0,9.5],"texture":"#0"},"east":{"uv":[13.0,11.0,15.0,11.5],"texture":"#0"},"south":{"uv":[14.0,10.0,15.0,10.5],"texture":"#0"},"west":{"uv":[13.0,12.0,15.0,12.5],"texture":"#0"},"up":{"uv":[12.5,13.0,11.5,11.0],"texture":"#0"},"down":{"uv":[13.0,5.5,12.0,7.5],"texture":"#0"}}},{"from":[7.0,6.625,10.05806],"to":[9.0,8.625,11.05806],"rotation":{"origin":[7.0,7.125,10.05806],"axis":"x","angle":-22.5},"faces":{"north":{"uv":[6.0,13.0,7.0,14.0],"texture":"#0"},"east":{"uv":[14.5,5.5,15.0,6.5],"texture":"#0"},"south":{"uv":[13.0,13.0,14.0,14.0],"texture":"#0"},"west":{"uv":[6.0,14.5,6.5,15.5],"texture":"#0"},"down":{"uv":[8.0,14.5,7.0,15.0],"texture":"#0"}}},{"from":[7.75,6.125,8.55806],"to":[8.25,8.125,9.55806],"rotation":{"origin":[7.5,7.125,8.05806],"axis":"x","angle":-22.5},"faces":{"north":{"uv":[14.5,7.0,15.0,8.0],"texture":"#0"},"east":{"uv":[8.5,14.5,9.0,15.5],"texture":"#0"},"west":{"uv":[9.5,14.5,10.0,15.5],"texture":"#0"},"down":{"uv":[11.0,9.5,10.5,10.0],"texture":"#0"}}},{"from":[5.4,11.875,11.30806],"to":[4.4,8.875,9.30806],"rotation":{"origin":[4.9,10.375,9.30806],"axis":"y","angle":-22.5},"faces":{"east":{"uv":[9.0,14.0,10.0,12.5],"texture":"#0"},"west":{"uv":[7.5,14.0,8.5,12.5],"texture":"#0"},"up":{"uv":[5.0,14.0,5.5,15.0],"texture":"#0"},"down":{"uv":[14.0,5.0,14.5,4.0],"texture":"#0"}}},{"from":[10.0025,13.28921,14.01517],"to":[5.9975,12.28921,12.01517],"rotation":{"origin":[7.9975,13.28921,13.26517],"axis":"x","angle":-45.0},"faces":{"east":{"uv":[3.5,14.5,4.5,14.0],"texture":"#0"},"west":{"uv":[14.0,3.5,15.0,3.0],"texture":"#0"},"down":{"uv":[11.5,10.5,13.5,9.5],"texture":"#0"}}},{"from":[11.6,11.875,11.30806],"to":[10.6,8.875,9.30806],"rotation":{"origin":[11.1,10.375,9.30806],"axis":"y","angle":22.5},"faces":{"east":{"uv":[8.5,14.0,7.5,12.5],"texture":"#0"},"west":{"uv":[10.0,14.0,9.0,12.5],"texture":"#0"},"up":{"uv":[5.5,14.0,5.0,15.0],"texture":"#0"},"down":{"uv":[14.5,5.0,14.0,4.0],"texture":"#0"}}},{"from":[10.6,8.875,9.30806],"to":[11.6,11.875,11.30806],"rotation":{"origin":[11.1,10.375,9.30806],"axis":"y","angle":22.5},"faces":{"east":{"uv":[10.0,12.5,9.0,14.0],"texture":"#0"},"west":{"uv":[8.5,12.5,7.5,14.0],"texture":"#0"},"up":{"uv":[14.0,5.0,14.5,4.0],"texture":"#0"},"down":{"uv":[5.0,14.0,5.5,15.0],"texture":"#0"}}},{"from":[10.6,8.875,6.30806],"to":[11.6,11.875,9.30806],"rotation":{"origin":[11.1,10.375,9.30806],"axis":"y","angle":22.5},"faces":{"north":{"uv":[14.0,5.5,13.5,7.0],"texture":"#0"},"east":{"uv":[11.0,10.5,9.5,12.0],"texture":"#0"},"south":{"uv":[12.0,13.5,11.5,15.0],"texture":"#0"},"west":{"uv":[9.0,10.5,7.5,12.0],"texture":"#0"},"up":{"uv":[0.0,15.5,0.5,14.0],"texture":"#0"},"down":{"uv":[1.0,14.0,1.5,15.5],"texture":"#0"}}},{"from":[7.995,8.875,-3.44194],"to":[8.005,12.875,3.55806],"rotation":{"origin":[7.995,7.875,-3.44194],"axis":"y","angle":0.0},"faces":{"east":{"uv":[7.0,0.0,0.0,4.0],"texture":"#1"},"west":{"uv":[0.0,0.0,7.0,4.0],"texture":"#1"}}}],"textures":{"particle":"plny_summer2025cosmeticsset/water_gun","0":"plny_summer2025cosmeticsset/water_gun","1":"plny_summer2025cosmeticsset/water_gun_animated"},"gui_light":"front"}